{"IMU": [[-0.002529690265655518, 0.00474906712770462, 0.35], [-0.004669882357120514, -0.1582506275177002, 0.37], [0.005988566875457763, -0.20067596435546875, 0.44], [0.03926578521728516, -0.15021756172180176, 0.57], [0.07581444740295411, -0.08865748405456543, 0.72], [0.1319480800628662, -0.0566054630279541, 0.81], [0.29229137420654294, -0.03434849977493286, 0.89], [0.39400909423828123, -0.014187493324279786, 0.9], [0.4782685089111328, -0.020513334274291993, 0.93], [0.5936412048339844, -0.0227028751373291, 0.92], [0.695013427734375, -0.024741511344909668, 0.89], [0.8343436431884765, -0.028022286891937257, 0.85], [0.9946707153320312, -0.03204480886459351, 0.81], [1.4385572814941405, -0.03136665105819702, 0.73], [1.5857469177246093, -0.034078285694122315, 0.69], [1.6612274169921875, -0.029411048889160157, 0.67], [1.69047607421875, -0.0033539167046546937, 0.61], [1.5826028442382813, 0.02868328332901001, 0.54], [1.443556365966797, 0.05361343383789063, 0.5], [0.8866243743896485, 0.08965126037597657, 0.44], [-0.07759600639343261, 0.12002148628234863, 0.45], [-0.428973388671875, 0.08636913299560547, 0.45], [-0.879222640991211, 0.0629961633682251, 0.5], [-0.8283772277832031, 0.04448666572570801, 0.53], [-0.7117824554443359, 0.05766897201538086, 0.52], [-0.5625696182250977, 0.07926809787750244, 0.5], [-0.11687275886535645, 0.11688838958740234, 0.45], [0.1903700065612793, 0.14060483932495116, 0.45], [1.2219660186767578, 0.12262454986572266, 0.54], [1.4405032348632814, 0.11206100463867187, 0.52], [1.379530029296875, 0.1273346996307373, 0.48], [1.3618789672851563, 0.1298951244354248, 0.48], [1.3347100830078125, 0.1441814708709717, 0.55], [1.3071353149414062, 0.16264167785644532, 0.57]], "Kalman": [[4.269813140374961, 2.3605710389404044, 0.6760960354693188], [4.24898287763058, 2.1977657181003294, 0.7054263947571673], [4.133062508458361, 2.2186933863377334, 0.823574749844721], [4.248193220151876, 2.3344167157432536, 1.0802834233375886], [4.688605640996193, 2.505896253112784, 1.3991157297336587], [4.639865548799012, 2.458466936632044, 1.598705564407175], [4.995438966662846, 2.5249098999340798, 1.7703016414923003], [4.931675023640602, 2.172626913081703, 1.8018546541148477], [5.114932855053512, 2.3605017258949665, 1.8684696573714243], [5.3436681038033695, 2.325863729613201, 1.8515189289242389], [5.484923597895097, 2.3804287622234623, 1.7916933185142856], [5.672090574174339, 2.3771058856380645, 1.7139985757948641], [5.938533707245755, 2.3308240716334443, 1.6341936809832909], [6.440052101780127, 2.363536359615016, 1.4742594253342136], [6.6045622156040436, 2.3440882044555766, 1.392029360046371], [9.931289576532185, 2.458525119622294, 1.3491344326812857], [6.655863916164177, 2.4264686593755305, 1.2334692922252295], [6.750076632514724, 2.5016773726948642, 1.0941996580875673], [6.163752495299764, 2.436736630636942, 1.0130889140716555], [6.014774089993406, 2.669336635980915, 0.8918030124635435], [4.426596352660895, 2.3430016564951406, 0.8905173799187718], [4.080511423195294, 2.369541924086584, 0.8992797260517937], [3.783720123290891, 2.3930534592302775, 0.9904671309147524], [4.037090114018631, 2.3648096737047695, 1.0653949271119714], [4.205403928540607, 2.3608918605329277, 1.0488852730554163], [4.517327981157278, 2.266497936129009, 1.004877118161375], [4.939610106249441, 2.561822876990881, 0.9159506879178191], [5.460873584595421, 2.5037736915061717, 0.8949390931594081], [6.520408828543542, 2.414957542943345, 1.0757418505236362], [6.360731309248764, 2.4059451003217367, 1.04078233132594], [6.223678238070047, 2.464733832047252, 0.9589797085382277], [6.250400274077136, 2.452926290616463, 0.9611797810087085], [6.203204726366802, 2.4799573054538167, 1.0914932023432626], [5.915080882779624, 2.5159892659334298, 1.145589566364793]], "UWB": [[4.05078522, 2.33454303, 1.34932369], [4.00547002, 2.18997259, 1.26510227], [3.76788396, 2.1470874, 1.83703576], [3.96290833, 2.22421387, 1.54878538], [4.74889164, 2.5393977, 2.88774104], [4.45098332, 2.40812563, 2.89937779], [4.67238873, 2.46575633, 3.13476894], [4.84392499, 1.91051026, 3.78323763], [5.10258641, 2.25793136, 2.5927222], [5.40076315, 2.19253953, 2.73075045], [5.55715608, 2.29307066, 2.80288831], [5.78024806, 2.29248515, 2.55008804], [6.09285774, 2.21207937, 2.40333668], [6.66107941, 2.27117631, 2.13680427], [6.88197258, 2.27430376, 2.12734075], [12.86114647, 2.43385833, -0.75601017], [7.01432736, 2.34741732, 2.04226774], [6.82088013, 2.42333821, 2.05675549], [6.35976019, 2.24493983, 1.6988002], [6.82186809, 2.7274843, 1.62363267], [4.71626382, 2.13408149, 1.72934439], [4.3787791, 2.25448322, 1.58985434], [4.08619439, 2.25598886, 1.9561852], [4.21399781, 2.20643112, 1.93228222], [4.35382981, 2.16341575, 1.75289958], [4.71781514, 1.90913495, 0.82888994], [5.11009802, 2.48021729, 3.32537089], [5.74399526, 2.3253501, 0.52850326], [6.77576825, 2.23616598, 1.33880461], [6.60702, 2.22898839, 1.10770846], [6.50060087, 2.32100851, 1.09364676], [6.51947158, 2.30140329, 0.98460236], [6.47266909, 2.34221591, 0.83378685], [5.82828318, 2.39014337, -0.88286871]], "Distance": [[1.735795784186986], [1.7769092616074393], [1.8880119195105516], [1.759614962981136], [1.3114076142175537], [1.360768430224827], [1.0048698287908424], [1.1173591155719471], [0.8959930912356471], [0.6790397621857566], [0.5287730901896812], [0.3501821738611478], [0.17999611074586183], [0.46072570736635654], [0.6243428229153885], [3.931508349253878], [0.659972980189524], [0.7500785080401824], [0.17554809489158826], [0.1699799106378932], [1.5812170999971091], [1.9239167617271764], [2.2188587279248657], [1.96755981988025], [1.7999794815951315], [1.500946211325098], [1.0621905642999052], [0.5391396224862111], [0.5273116425116126], [0.3727913647414804], [0.22644128772861186], [0.2547866389217271], [0.2041907696799206], [0.08641130189146479]], "Time": [[0.6], [1.1], [1.7], [2.3], [2.9], [3.5], [4.0], [4.6], [5.2], [5.8], [6.4], [6.9], [7.4], [8.5], [9.2], [9.8], [10.8], [11.6], [12.3], [13.4], [14.6], [15.3], [16.1], [17.3], [17.9], [18.4], [19.1], [19.9], [21.5], [22.3], [23.3], [23.9], [24.7], [25.4]], "Title": [["ModelBasedAgendUWB_LQR"], ["ModelBasedAgendUWB_LQR"], ["ModelBasedAgendUWB_LQR"], ["ModelBasedAgendUWB_LQR"], ["ModelBasedAgendUWB_LQR"], ["ModelBasedAgendUWB_LQR"], ["ModelBasedAgendUWB_LQR"], ["ModelBasedAgendUWB_LQR"], ["ModelBasedAgendUWB_LQR"], ["ModelBasedAgendUWB_LQR"], ["ModelBasedAgendUWB_LQR"], ["ModelBasedAgendUWB_LQR"], ["ModelBasedAgendUWB_LQR"], ["ModelBasedAgendUWB_LQR"], ["ModelBasedAgendUWB_LQR"], ["ModelBasedAgendUWB_LQR"], ["ModelBasedAgendUWB_LQR"], ["ModelBasedAgendUWB_LQR"], ["ModelBasedAgendUWB_LQR"], ["ModelBasedAgendUWB_LQR"], ["ModelBasedAgendUWB_LQR"], ["ModelBasedAgendUWB_LQR"], ["ModelBasedAgendUWB_LQR"], ["ModelBasedAgendUWB_LQR"], ["ModelBasedAgendUWB_LQR"], ["ModelBasedAgendUWB_LQR"], ["ModelBasedAgendUWB_LQR"], ["ModelBasedAgendUWB_LQR"], ["ModelBasedAgendUWB_LQR"], ["ModelBasedAgendUWB_LQR"], ["ModelBasedAgendUWB_LQR"], ["ModelBasedAgendUWB_LQR"], ["ModelBasedAgendUWB_LQR"], ["ModelBasedAgendUWB_LQR"]], "Local": [[false], [false], [false], [false], [false], [false], [false], [false], [false], [false], [false], [false], [false], [false], [false], [false], [false], [false], [false], [false], [false], [false], [false], [false], [false], [false], [false], [false], [false], [false], [false], [false], [false], [false]]}