{"IMU": [[-0.01967516541481018, 0.003377726376056671, 0.66], [-0.0002692778967320919, 0.0024506743252277374, 0.65], [0.053217387199401854, -0.01146639347076416, 0.63], [0.13315296173095703, -0.041010985374450686, 0.62], [0.22769262313842772, -0.09597587585449219, 0.61], [0.3628463363647461, -0.17553216934204102, 0.59], [0.5488678359985352, -0.2740703010559082, 0.58], [1.0428775787353515, -0.5050975036621094, 0.55], [1.3319061279296875, -0.5695262145996094, 0.53], [1.6911245727539062, -0.6011915969848632, 0.52], [1.9750486755371093, -0.5897729873657227, 0.51], [2.287381591796875, -0.5395323181152344, 0.49], [2.549438018798828, -0.43607940673828127, 0.48], [2.7481094360351563, -0.2629846572875977, 0.5], [2.8573046875, 0.12874258041381836, 0.54], [2.8391943359375, 0.2765693664550781, 0.52], [2.7634591674804687, 0.38330631256103515, 0.5], [2.5989984130859374, 0.4469890975952148, 0.48], [2.1063966369628906, 0.46765239715576173, 0.52], [1.8013497924804687, 0.44647117614746096, 0.53], [1.5330369567871094, 0.3932522964477539, 0.5], [1.0971351623535157, 0.15909358978271484, 0.47], [0.9890919494628906, -0.02522670030593872, 0.44], [0.9695927429199219, -0.21323177337646484, 0.44], [1.015833969116211, -0.4268744659423828, 0.5], [1.1203299713134767, -0.6140487289428711, 0.51], [1.5611567687988281, -0.7515679931640625, 0.56], [1.8142985534667968, -0.7551606750488281, 0.57], [1.849959259033203, -0.7225792694091797, 0.55], [1.9664723205566406, -0.4663349914550781, 0.51], [1.9988063049316407, -0.22302209854125976, 0.49], [2.0394218444824217, 0.03970515251159668, 0.46], [2.0784127807617185, 0.3055659294128418, 0.46], [2.017121124267578, 0.7635711669921875, 0.52], [2.005034942626953, 0.7745670318603516, 0.52], [2.0244737243652344, 0.7674298095703125, 0.48], [2.0362197875976564, 0.7420854187011718, 0.45], [2.0558314514160156, 0.6674315643310547, 0.55], [2.0550596618652346, 0.6607968902587891, 0.53], [2.065815277099609, 0.6323162841796875, 0.48], [2.059908142089844, 0.6194534301757812, 0.5], [2.0353987121582033, 0.5781805419921875, 0.48], [2.0194317626953127, 0.5393125915527344, 0.51], [1.9993692016601563, 0.5318428421020508, 0.49], [1.9993692016601563, 0.5318428421020508, 0.49], [1.9993692016601563, 0.5318428421020508, 0.49], [1.9993692016601563, 0.5318428421020508, 0.49]], "Kalman": [[3.936130920613271, 2.6063768747574843, 1.3233900042103997], [4.042357492789704, 2.6343322101580733, 1.306463560098242], [4.203472511335225, 2.6534863093849466, 1.2673713712360901], [3.9930370999642317, 2.4536954315672856, 1.243303342778175], [4.149933348953295, 2.403543129704635, 1.2242501669569452], [4.330013210794898, 2.3124702296561175, 1.1840314534222462], [4.509654456099076, 2.204937642456033, 1.1663517724191064], [5.107647273146691, 2.0588750692736104, 1.104788371446575], [5.402898766074074, 1.7526177669435863, 1.0645779157296698], [5.8126268168969, 1.750954977776905, 1.0440880054168398], [6.0108642364346885, 1.9057011463123599, 1.0241369966407794], [6.26784578815367, 2.0425101965024046, 0.9862831352234686], [6.5387006076607435, 2.216244194573422, 0.9668212130332902], [6.666238217270064, 2.3965131734649945, 0.9938416525849162], [6.733908631160867, 2.771226547844347, 1.0726546821720753], [6.662841137821841, 2.9443662482519075, 1.048595379926036], [6.619173383224814, 3.031928017884534, 1.00935204048301], [6.150932308740897, 3.0187542932772704, 0.9611702660168004], [5.870268394652846, 3.0197933265915196, 1.032782777526267], [5.679962195556152, 2.9819010640812795, 1.0683326468568068], [5.25889191385983, 2.8006010743404737, 1.0082792058446024], [4.905889372182049, 2.648906170318475, 0.9432072077008199], [4.685347245008691, 2.3269071473067413, 0.876150752648314], [4.914582653146713, 2.2444317667310067, 0.8716810508448789], [4.806047862447048, 1.8214293175088798, 0.9929834514401263], [5.049839037019631, 1.809287763548614, 1.0077561942208035], [5.756771530329808, 1.4337770296202181, 1.1151475819421162], [5.751204035641783, 1.5973581594718302, 1.1446868890635853], [6.321015502436774, 0.9700975407034247, 1.1046946448457668], [5.917773687044467, 2.107597732211097, 1.0285517769282986], [6.401513185162264, 2.74557949362307, 0.9901048420742367], [6.098322125936955, 2.8748960142213384, 0.9279340680804041], [6.101449065957836, 3.2007107110725537, 0.9230266934485177], [5.938822989345951, 3.3486604649260574, 1.0416581609669764], [6.017970463840452, 3.3663747107447306, 1.0434472938281727], [5.9432147155001305, 3.3007781373262026, 0.9683455653358071], [6.020421860779597, 3.348044860512034, 0.9045438272536911], [5.710796019169502, 3.1442142173967866, 1.0974280651399149], [6.019429840943898, 3.3200136791916033, 1.068025210920237], [6.0117910090870845, 3.1964618937169336, 0.9628581753945756], [5.98812196602605, 3.1557742088448664, 1.000446245427273], [6.051689449235576, 3.1313822037722874, 0.9637106262225432], [6.0938226929191694, 3.12737788915784, 1.024080993923825], [6.306984875020596, 2.01721071771547, 0.9844112803624139], [6.306984875020596, 2.01721071771547, 0.9844112803624139], [6.306984875020596, 2.01721071771547, 0.9844112803624139], [6.306984875020596, 2.01721071771547, 0.9844112803624139]], "UWB": [[4.06866208, 2.58407073, 2.56523005], [4.18058511, 2.64712778, 2.93307759], [4.39920271, 2.70133384, 3.30723284], [3.93282082, 2.38419768, 1.13779514], [4.10927116, 2.36198635, 1.49466764], [4.27850738, 2.2863562, 1.55858263], [4.37123974, 2.18465488, 1.41428618], [5.04826049, 2.12613706, 1.23976324], [5.33634383, 1.54479774, 0.59962097], [5.72504551, 1.53755183, -0.02564286], [5.85544315, 1.76924958, 0.48753723], [6.09012313, 1.93444288, 1.12780909], [6.44344626, 2.09327935, 0.85603542], [6.52045759, 2.2600493, 1.27553911], [6.73464894, 2.57375458, 0.43998202], [6.4707644, 2.7884746, 1.68236076], [6.76328775, 2.95767247, 1.97651662], [6.14869597, 2.93273177, 1.97705775], [6.05596129, 2.96453026, 0.498768], [6.0245329, 2.96042506, 1.81042374], [5.44610761, 2.70782655, 1.40491929], [5.11956657, 2.66388552, 2.74036611], [4.65879147, 2.29147932, 1.4188928], [5.0104211, 2.32160809, 3.11780939], [4.69778679, 1.73479657, 1.49368497], [5.00738038, 1.79859537, 1.39724892], [5.81406585, 1.1220182, -0.00249063514], [5.73480028, 1.36167507, 0.38785171], [6.80893947, 0.15687756, -1.46080792], [5.95366414, 1.95804958, 0.75786963], [6.88624092, 2.78134101, 1.58822387], [6.23571675, 2.74946832, 1.37628855], [6.24289684, 3.2017281, 2.37535643], [6.07355747, 3.2569617, 1.78463261], [6.17869535, 3.35644697, 1.79006587], [5.98517347, 3.25911884, 0.62103867], [6.10658402, 3.47102871, 2.23406794], [5.55669203, 3.05082252, 2.86779431], [6.13211108, 3.40154403, 2.3123906], [6.07316701, 3.13265222, 0.35921146], [6.04390274, 3.09089022, -0.13839371], [6.24577518, 3.11907935, 1.81718726], [6.32293092, 3.1138016, 1.85902823], [6.70934164, 1.14508419, 2.16055312], [6.70934164, 1.14508419, 2.16055312], [6.70934164, 1.14508419, 2.16055312], [6.70934164, 1.14508419, 2.16055312]], "Distance": [[2.086485649659443], [1.9859864583591187], [1.8309733991652506], [2.0128393795344515], [1.8529618973481896], [1.67003334779496], [1.4933742638893834], [0.9243563281226251], [0.8100353033181266], [0.5801371787552894], [0.3944484980991761], [0.37154052960194095], [0.5451727979610768], [0.673192509467743], [0.8721676090555752], [0.9244275179132176], [0.9586940606149832], [0.734430592994577], [0.7313909504715217], [0.7532683834254694], [0.8943392147128418], [1.1483960908982997], [1.314928081981074], [1.0868388313814823], [1.2862937475193132], [1.0693943868259748], [0.8997234702238658], [0.7453891520150724], [1.368097768453634], [0.20923622820289509], [0.5997949007757052], [0.5832432319507393], [0.9064059234275463], [1.0504434289058602], [1.066526118426806], [1.002387873373294], [1.0482438084927523], [0.8923769312252958], [1.020198718121669], [0.8965394329207405], [0.85585663765326], [0.832987495651371], [0.8326805324816282], [0.4173841056705569], [0.4173841056705569], [0.4173841056705569], [0.4173841056705569]],