{"IMU": [[0.021812989711761474, -0.00034631550312042237, 0.6], [0.12559069633483888, -0.04191380500793457, 0.58], [0.337108268737793, -0.09477438926696777, 0.56], [1.1383887481689454, -0.2731154251098633, 0.47], [1.6190580749511718, -0.34624755859375, 0.53], [2.159810791015625, -0.3899203109741211, 0.51], [2.6680010986328124, -0.3954532241821289, 0.49], [3.1328219604492187, -0.36536243438720706, 0.54], [3.61989990234375, -0.3183255195617676, 0.6], [3.9972314453125, -0.28110694885253906, 0.62], [4.4018603515625, -0.2083978271484375, 0.6], [4.474488830566406, -0.13734126091003418, 0.56], [4.496207580566407, -0.08499409675598145, 0.44], [4.435709838867187, -0.04824133396148682, 0.2], [4.435709838867187, -0.04824133396148682, 0.2], [4.435709838867187, -0.04824133396148682, 0.2], [4.435709838867187, -0.04824133396148682, 0.2], [4.435709838867187, -0.04824133396148682, 0.2], [4.435709838867187, -0.04824133396148682, 0.2], [4.435709838867187, -0.04824133396148682, 0.2], [4.435709838867187, -0.04824133396148682, 0.2], [4.435709838867187, -0.04824133396148682, 0.2], [4.435709838867187, -0.04824133396148682, 0.2]], "Kalman": [[2.992383571266951, 2.3296125829275107, 1.2085043448823072], [3.592757400644459, 2.405772892698467, 1.1683026114162631], [3.77596890393428, 2.2852720579831463, 1.1338953180321116], [4.382708809773692, 2.032526595155478, 0.9521950506584214], [4.930532864562171, 2.0615659340262007, 1.054677769607093], [5.518851712449394, 2.0277223721693414, 1.0237973118770791], [5.99353247494533, 2.0594654081069907, 0.9809942174854975], [8.919148374055425, 2.828194309218387, 1.0562313426740015], [6.891740841963716, 2.207469239000207, 1.195057429090328], [7.263974901355921, 2.2767770613048106, 1.2421255340181576], [7.528739379078645, 2.3199251169958903, 1.205958453979061], [7.523756220272154, 2.45606115881211, 1.1473203705710782], [7.631164485516269, 2.457994609611435, 0.9355509491281622], [11.665378432010755, 3.767602394130443, 0.48158521794034326], [7.443363843452225, 2.576240010753876, 0.49525809399912935], [9.437308585669186, 3.152434123135024, 0.48770554103641867], [7.760156229004807, 2.6148164466780437, 0.49455646463315966], [7.529179065976921, 2.5534716685414187, 0.49532418829794694], [7.458079990963561, 2.5353759214640648, 0.4953247297960967], [7.458079990963561, 2.5353759214640648, 0.4953247297960967], [7.458079990963561, 2.5353759214640648, 0.4953247297960967], [7.458079990963561, 2.5353759214640648, 0.4953247297960967], [7.458079990963561, 2.5353759214640648, 0.4953247297960967]], "UWB": [[2.9155735, 2.33811045, 0.71703922], [3.78215692, 2.53958114, 2.76492117], [3.82251436, 2.3820239, 2.23149678], [4.13877927, 2.04877, 0.67348202], [4.61450147, 2.1378328, 1.46964439], [5.25494198, 2.05357433, 1.31430252], [5.76507303, 2.08705438, 1.28420242], [10.63895879, 3.43323286, -7.44304917], [6.62074048, 2.27891819, 0.73154805], [7.28448383, 2.47713507, 1.90990157], [7.40167348, 2.42441811, 1.77395348], [7.51338511, 2.58617177, 1.82855761], [7.74025241, 2.5786708, 0.44822164], [7.44044547, 2.61573545, 0.68136534], [7.53361471, 2.77309591, 0.1829652], [7.57823221, 2.73505801, -0.01114523], [7.66568699, 2.67771228, -0.14169571], [7.44589155, 2.66575893, 0.48841795], [7.55374262, 2.69581299, 0.25381792], [7.55374262, 2.69581299, 0.25381792], [7.55374262, 2.69581299, 0.25381792], [7.55374262, 2.69581299, 0.25381792], [7.55374262, 2.69581299, 0.25381792]], "Distance": [[3.007762205935266], [2.4095652796680613], [2.2240798610983687], [1.6392598379399008], [1.095723850976328], [0.5528460737221265], [0.24062152600602718], [2.966549587996317], [0.896528678268218], [1.264188220218552], [1.528869222475572], [1.53172716372984], [1.6387983022555963], [5.852381529356237], [1.4695603860088502], [3.541431101602864], [1.788088181719071], [1.5500440324633422], [1.476956019810121], [1.476956019810121], [1.476956019810121], [1.476956019810121], [1.476956019810121]], "Time": [[0.6], [1.3], [1.9], [2.5], [3.1], [3.6], [4.2], [4.7], [5.3], [5.9], [6.5], [7.2], [7.7], [8.3], [8.8], [9.4], [10.0], [10.6], [11.2], [11.7], [12.2], [12.8], [13.3]], "Title": [["ModelBasedAgendUWB_PID"], ["ModelBasedAgendUWB_PID"], ["ModelBasedAgendUWB_PID"], ["ModelBasedAgendUWB_PID"], ["ModelBasedAgendUWB_PID"], ["ModelBasedAgendUWB_PID"], ["ModelBasedAgendUWB_PID"], ["ModelBasedAgendUWB_PID"], ["ModelBasedAgendUWB_PID"], ["ModelBasedAgendUWB_PID"], ["ModelBasedAgendUWB_PID"], ["ModelBasedAgendUWB_PID"], ["ModelBasedAgendUWB_PID"], ["ModelBasedAgendUWB_PID"], ["ModelBasedAgendUWB_PID"], ["ModelBasedAgendUWB_PID"], ["ModelBasedAgendUWB_PID"], ["ModelBasedAgendUWB_PID"], ["ModelBasedAgendUWB_PID"], ["ModelBasedAgendUWB_PID"], ["ModelBasedAgendUWB_PID"], ["ModelBasedAgendUWB_PID"], ["ModelBasedAgendUWB_PID"]]}