{"IMU": [[], [], [], [], [], [], [], [], [], [], [], [], [], [], [], []], "Kalman": [[2.4389721228840235, 5.270289095475444, 0.811871115223205], [2.318407487612938, 5.300134050272888, 0.8372036039667515], [2.30487259008254, 5.504792606935192, 0.8669916680575044], [2.088250726618017, 5.735626520575227, 0.8959139743385454], [1.9851358113726267, 5.841001349776761, 0.8946831739759797], [1.7018921237629412, 5.873096518361254, 0.8961633589469236], [1.6262250670959881, 6.108491104386611, 0.8960938246171233], [1.6198956882052462, 5.918035844063029, 0.8961776946222425], [1.6198956882052462, 5.918035844063029, 0.8961776946222425], [1.6198956882052462, 5.918035844063029, 0.8961776946222425], [1.5909972675257908, 5.832619808348226, 0.8961321532228699], [1.5909972675257908, 5.832619808348226, 0.8961321532228699], [1.5909972675257908, 5.832619808348226, 0.8961321532228699], [1.5909972675257908, 5.832619808348226, 0.8961321532228699], [1.5909972675257908, 5.832619808348226, 0.8961321532228699], [1.5909972675257908, 5.832619808348226, 0.8961321532228699]], "UWB": [[2.29006411, 5.28048645, 0.90417164], [2.20490121, 5.48331809, 0.24471448], [2.0061384, 5.84648897, 0.67277838], [1.61820503, 6.1977139, -0.3527513], [0.50851917, 6.47392749, 2.98286692], [0.97740909, 6.24728921, 0.95420354], [0.78429938, 6.21477772, 0.92500682], [0.94129526, 6.10267522, 1.11087342], [1.02166808, 6.05839651, 1.42596745], [1.05093357, 6.11498686, 1.53582453], [0.90204288, 6.16960407, 1.1036181], [0.98370806, 6.09932416, 1.17681525], [0.8994191, 6.103946, 1.09286868], [1.27519574, 8.19826896, 1.27044471], [1.19236107, 8.37948679, 0.65041831], [1.26855682, 8.27895892, 0.90018119]], "Distance": [[5.031358139649118], [5.146505635793897], [5.279184561928787], [5.591695739224936], [5.73782965945058], [5.982378951682467], [6.185328333144123], [6.074998062791676], [6.074998062791676], [6.074998062791676], [6.047950937116926], [6.047950937116926], [6.047950937116926], [6.047950937116926], [6.047950937116926], [6.047950937116926]], "Time": [[0.5], [1.1], [1.6], [2.2], [2.8], [3.3], [3.8], [4.4], [4.9], [5.4], [6.1], [6.6], [7.1], [7.6], [8.1], [8.6]], "Title": [["ModelBasedAgendUWB_PID"], ["ModelBasedAgendUWB_PID"], ["ModelBasedAgendUWB_PID"], ["ModelBasedAgendUWB_PID"], ["ModelBasedAgendUWB_PID"], ["ModelBasedAgendUWB_PID"], ["ModelBasedAgendUWB_PID"], ["ModelBasedAgendUWB_PID"], ["ModelBasedAgendUWB_PID"], ["ModelBasedAgendUWB_PID"], ["ModelBasedAgendUWB_PID"], ["ModelBasedAgendUWB_PID"], ["ModelBasedAgendUWB_PID"], ["ModelBasedAgendUWB_PID"], ["ModelBasedAgendUWB_PID"], ["ModelBasedAgendUWB_PID"]]}