{"IMU": [[0.005246012806892395, -0.012199746370315552, 0.81], [0.015027298927307128, -0.0035044416785240174, 0.75], [0.013456698656082153, 0.009139269590377808, 0.81], [0.00704555630683899, 0.0030737936496734617, 0.77], [0.0243755841255188, 0.022381899356842042, 0.83], [0.03913184642791748, 0.04439766883850098, 0.84], [0.04945620059967041, 0.03553703069686889, 0.86], [0.08362488746643067, 0.05372515678405762, 0.87], [0.0846472454071045, 0.04070926666259766, 0.9], [0.13362760543823243, 0.04786545276641846, 0.91], [0.1313490104675293, 0.03816324472427368, 0.94], [0.19356678009033204, 0.03811634302139282, 0.94], [0.2582742881774902, 0.002506071627140045, 1.01], [0.2686740493774414, 0.0091111159324646, 0.99], [0.3578003311157227, -0.022115087509155272, 1.03], [0.3604727554321289, -0.034682981967926026, 1.02], [0.4675961685180664, -0.01004184126853943, 1.01], [0.45331687927246095, -0.04768747329711914, 1.04], [0.5880038833618164, 0.03075395107269287, 1.0], [0.5888440704345703, -0.018590396642684935, 1.04], [0.7235263061523437, 0.07450604438781738, 1.02], [0.6792861175537109, 0.018072012662887573, 1.03], [0.8588150024414063, 0.09688671112060547, 1.03], [0.8125254821777343, 0.0418048906326294, 1.0]], "Kalman": [[0.010976132367925062, -0.0038335413516533863, 0.81], [0.004704574848614585, -3.324799589179061e-05, 0.75], [0.0269604547721648, 0.025125821019787692, 0.81], [0.007546015133010034, 0.016021534243711805, 0.77], [0.04475952241479612, 0.03684421061559792, 0.83], [0.054326037015458316, 0.06963158782504947, 0.84], [0.08438591424179145, 0.039695014975132344, 0.86], [0.11845189826212968, 0.06315881457492521, 0.87], [0.13140938129428448, 0.0381683242173369, 0.9], [0.1881677296476137, 0.039814646328341426, 0.91], [0.1719708462181036, 0.025279303747636997, 0.94], [0.26242221643243263, 0.021019371068623973, 0.94], [0.30893067309387406, -0.023423835518483687, 1.01], [0.35083509152094894, -0.022916041169245442, 0.99], [0.46096726844277525, -0.05044328167200032, 1.03], [0.45487184488631627, -0.061727250018164204, 1.02], [0.586318932101316, -0.006230212888605892, 1.01], [0.5554465957706534, -0.04486691191040337, 1.04], [0.7178860560820617, 0.050135134764948956, 1.0], [0.7006515703750746, 0.02624376887910497, 1.04], [0.8622681685056459, 0.08354279878730445, 1.02], [0.7904193377741522, 0.06798932066933937, 1.03], [1.004167060034566, 0.08595211963505142, 1.03], [0.9698971143178882, 0.056963799254361236, 1.0]], "CMD": [[5, 7.161060169692533, 0, 5], [0, 7.123742489291609, 0, 5], [0, 7.122013874880499, 0, 5], [0, 7.164884051141401, 0, 5], [-5, 7.010118817630519, 0, 5], [-5, 7.144989557373514, 0, 5], [-5, 6.8855247883365625, 0, 5], [-5, 6.817508641986817, 0, 5], [-5, 6.608131215686681, 0, 5], [-5, 6.368619400267995, 0, 5], [-5, 6.278963597063306, 0, 5], [-5, 5.880606058367177, 0, 5], [-5, 5.995033368904484, 0, 5], [-5, 5.3608237836601225, 0, 5], [5, 5.036273438716584, 0, 0], [5, 5, 0, 5], [5, 5, 0, -5], [5, 5, 0, 0], [0, 5, 0, 0], [5, 5, 0, -5], [-5, 5, 0, 0], [-5, 5, 0, -5], [-5, 5, 0, -5], [-5, 5, 0, -5]], "Distance": [[1.00711613371309], [1.0262129332807621], [0.9917344722551046], [1.018882525926267], [0.9709489512189068], [0.9616380827993065], [0.927105629501146], [0.8933174640272922], [0.8751608331484776], [0.8177755445400413], [0.8305849280541568], [0.7403126371828094], [0.6915384954294901], [0.6496462293767934], [0.5422184157292003], [0.5489762826320035], [0.41384881477471086], [0.44859867253066715], [0.28653413250576837], [0.30314718821702563], [0.16232515712607576], [0.2223659184859568], [0.09113249288310878], [0.06442870596156235]], "Time": [[0.5], [0.5], [1.1], [1.0], [1.6], [1.6], [2.2], [2.1], [2.8], [2.6], [3.3], [3.2], [3.9], [3.7], [4.4], [4.2], [4.9], [4.8], [5.5], [5.4], [6.0], [5.9], [6.6], [6.5]], "Title": [["ModelBasedAgentPID"], ["ModelBasedAgentPID"], ["ModelBasedAgentPID"], ["ModelBasedAgentPID"], ["ModelBasedAgentPID"], ["ModelBasedAgentPID"], ["ModelBasedAgentPID"], ["ModelBasedAgentPID"], ["ModelBasedAgentPID"], ["ModelBasedAgentPID"], ["ModelBasedAgentPID"], ["ModelBasedAgentPID"], ["ModelBasedAgentPID"], ["ModelBasedAgentPID"], ["ModelBasedAgentPID"], ["ModelBasedAgentPID"], ["ModelBasedAgentPID"], ["ModelBasedAgentPID"], ["ModelBasedAgentPID"], ["ModelBasedAgentPID"], ["ModelBasedAgentPID"], ["ModelBasedAgentPID"], ["ModelBasedAgentPID"], ["ModelBasedAgentPID"]]}