{"IMU": [[-0.022105677127838133, -0.002780919075012207, 0.83], [0.02338716506958008, 0.05806666374206543, 0.83], [0.11055074691772461, 0.11621301651000976, 0.85], [0.25055078506469725, 0.15865951538085937, 0.9], [0.40637199401855467, 0.1631185531616211, 0.93], [0.7767716979980469, 0.09304325103759765, 0.99]], "Kalman": [[-0.0015645689901356563, 0.036141461064783574, 0.83], [0.08083133195596047, 0.13021858471983197, 0.83], [0.22960723136033864, 0.18467416573410092, 0.85], [0.39893641427396176, 0.18873402060813624, 0.9], [0.5776098662536289, 0.16139279216982438, 0.93], [0.9581284627697091, 0.0645488497593888, 0.99]], "CMD": [[5, 10.0, 0, 5], [-5, 10.0, 0, 5], [-5, 10.0, 0, 5], [-5, 9.522578314128896, 0, 5], [-5, 7.429554507571556, 0, 5], [-5, 5.221029183357427, 0, 5]], "Distance": [[1.0165322380841117], [0.9437838312454234], [0.8062937215815765], [0.6378855419436585], [0.4575598960252629], [0.0775872388688229]], "Time": [[0.6], [1.2], [1.7], [2.2], [2.8], [3.4]], "Title": [["ModelBasedAgentLQR"], ["ModelBasedAgentLQR"], ["ModelBasedAgentLQR"], ["ModelBasedAgentLQR"], ["ModelBasedAgentLQR"], ["ModelBasedAgentLQR"]]}