{"IMU": [[0.0, 0.0, -0.0], [0.0, 0.0, -0.0], [0.0, 0.0, -0.0], [0.0, 0.0, -0.0], [0.0, 0.0, -0.0], [0.0, 0.0, -0.0], [0.0, 0.0, -0.0], [0.0, 0.0, -0.0], [0.0, 0.0, -0.0], [0.0, 0.0, -0.0], [0.0, 0.0, -0.0], [0.0, 0.0, -0.0], [0.0, 0.0, -0.0]], "Kalman": [[3.8116679244118195, 2.3128940534075855, 0.0032106286050365175], [3.8116679244118195, 2.3128940534075855, 0.0032106286050365175], [3.8116679244118195, 2.3128940534075855, 0.0032106286050365175], [3.8116679244118195, 2.3128940534075855, 0.0032106286050365175], [3.8116679244118195, 2.3128940534075855, 0.0032106286050365175], [3.8116679244118195, 2.3128940534075855, 0.0032106286050365175], [3.8116679244118195, 2.3128940534075855, 0.0032106286050365175], [3.8116679244118195, 2.3128940534075855, 0.0032106286050365175], [3.8116679244118195, 2.3128940534075855, 0.0032106286050365175], [3.855253877841558, 2.3191047293029348, 0.0032394511880756887], [3.855253877841558, 2.3191047293029348, 0.0032394511880756887], [3.855253877841558, 2.3191047293029348, 0.0032394511880756887], [3.855253877841558, 2.3191047293029348, 0.0032394511880756887]], "UWB": [[4.00269584, 2.37008464, 3.52603818], [4.00269584, 2.37008464, 3.52603818], [4.00269584, 2.37008464, 3.52603818], [4.00269584, 2.37008464, 3.52603818], [4.00269584, 2.37008464, 3.52603818], [4.00269584, 2.37008464, 3.52603818], [4.00269584, 2.37008464, 3.52603818], [4.00269584, 2.37008464, 3.52603818], [4.00269584, 2.37008464, 3.52603818], [4.08105772, 2.38113447, 3.55485411], [4.08105772, 2.38113447, 3.55485411], [4.08105772, 2.38113447, 3.55485411], [4.08105772, 2.38113447, 3.55485411]], "Distance": [[2.188370062320665], [2.188370062320665], [2.188370062320665], [2.188370062320665], [2.188370062320665], [2.188370062320665], [2.188370062320665], [2.188370062320665], [2.188370062320665], [2.1448312099546234], [2.1448312099546234], [2.1448312099546234], [2.1448312099546234]], "Time": [[0.6], [1.1], [1.6], [2.1], [2.6], [3.1], [3.6], [4.1], [4.6], [5.2], [5.7], [6.2], [6.7]], "Title": [["ModelBasedAgendUWB_PID"], ["ModelBasedAgendUWB_PID"], ["ModelBasedAgendUWB_PID"], ["ModelBasedAgendUWB_PID"], ["ModelBasedAgendUWB_PID"], ["ModelBasedAgendUWB_PID"], ["ModelBasedAgendUWB_PID"], ["ModelBasedAgendUWB_PID"], ["ModelBasedAgendUWB_PID"], ["ModelBasedAgendUWB_PID"], ["ModelBasedAgendUWB_PID"], ["ModelBasedAgendUWB_PID"], ["ModelBasedAgendUWB_PID"]]}