{"IMU": [[], [], [], [], [], [], [], []], "Kalman": [[0.11290046313213287, 0.038383215769331465, 0.5703011353648004], [0.27061578819729903, 0.1851825026189719, 0.6340654342235448], [0.2933951359753864, 0.08549070590887992, 0.6827551461404552], [0.3624611450160675, 0.24743326634080187, 0.7354912553939756], [0.2514433688048914, 0.034798652386557286, 0.791228282663943], [0.5920853091745014, 0.11780420855133314, 0.8354273341884152], [1.0637799237026262, 0.24322880256835058, 0.872604886807434], [0.9377003109502708, 0.10067623664959506, 0.934097656279352]], "UWB": [[2.3188641, 5.18735432, 1.33157915], [2.62139225, 6.25489484, 0.98753618], [2.48919315, 5.64675717, 2.40742691], [2.2842662, 5.24204983, 1.23932356], [2.35833602, 5.40933652, 1.75814613], [2.45183965, 5.83811164, 1.20380943], [2.70496843, 6.6508207, 0.65132535], [2.51875937, 6.54361251, 0.52304955]], "Distance": [[0.8879295352470147], [0.7525250080251639], [0.711757749982423], [0.6838706112316144], [0.7493650487673483], [0.4245847695615895], [0.25145204128490684], [0.11839322565762878]], "Time": [[0.5], [1.1], [1.6], [2.2], [2.8], [3.4], [3.9], [4.5]], "Title": [["ModelBasedAgendUWB_PID"], ["ModelBasedAgendUWB_PID"], ["ModelBasedAgendUWB_PID"], ["ModelBasedAgendUWB_PID"], ["ModelBasedAgendUWB_PID"], ["ModelBasedAgendUWB_PID"], ["ModelBasedAgendUWB_PID"], ["ModelBasedAgendUWB_PID"]]}