{"IMU": [[-0.01397435188293457, -0.014701840877532958, 0.59], [-0.011898788213729859, -0.04681998252868652, 0.57], [0.025713462829589844, -0.11001442909240723, 0.57], [0.11351325035095215, -0.2066978073120117, 0.55], [0.2796013259887695, -0.3404803466796875, 0.55], [0.8396746826171875, -0.6440249633789062, 0.52], [1.2275979614257813, -0.7428022003173829, 0.45], [1.6037384033203126, -0.8085514068603515, 0.34], [1.960970916748047, -0.8509983062744141, 0.16], [2.257879333496094, -0.8712155151367188, -0.16], [2.257879333496094, -0.8712155151367188, -0.16], [2.257879333496094, -0.8712155151367188, -0.16], [2.257879333496094, -0.8712155151367188, -0.16], [2.257879333496094, -0.8712155151367188, -0.16], [2.257879333496094, -0.8712155151367188, -0.16], [2.257879333496094, -0.8712155151367188, -0.16], [2.257879333496094, -0.8712155151367188, -0.16], [2.257879333496094, -0.8712155151367188, -0.16], [2.257879333496094, -0.8712155151367188, -0.16], [2.257879333496094, -0.8712155151367188, -0.16], [2.257879333496094, -0.8712155151367188, -0.16], [2.257879333496094, -0.8712155151367188, -0.16]], "Kalman": [[4.200087476870571, 2.6658100957523336, 1.1869650450058258], [3.9637774663656327, 2.5065856302237384, 1.1449037861359241], [3.9974568764048297, 2.417158560264112, 1.1439585939072303], [4.329702369490662, 2.3678497641898177, 1.1053432103517402], [4.463678344989591, 2.1177982972146063, 1.1062711999155064], [4.96130775786351, 1.7114570656799977, 1.0458702158275817], [5.434609428893839, 1.7507765989576662, 0.9155630713805072], [5.787434420491874, 1.7638537684132594, 0.7217865952799372], [6.123482941820205, 1.7369854998990877, 0.3911248492263937], [6.492866940319807, 1.825762873551495, -0.218661418049473], [6.575002885559636, 1.747558437574517, -0.21927257906103267], [6.536308681543056, 1.7545206992262605, -0.21900353474423387], [6.52964762926616, 1.7786319037481102, -0.21879827828825624], [6.52964762926616, 1.7786319037481102, -0.21879827828825624], [6.52964762926616, 1.7786319037481102, -0.21879827828825624], [6.52964762926616, 1.7786319037481102, -0.21879827828825624], [6.52964762926616, 1.7786319037481102, -0.21879827828825624], [6.52964762926616, 1.7786319037481102, -0.21879827828825624], [6.52964762926616, 1.7786319037481102, -0.21879827828825624], [6.552083983790677, 1.7596414419805557, -0.21908427920369064], [6.552083983790677, 1.7596414419805557, -0.21908427920369064], [6.552083983790677, 1.7596414419805557, -0.21908427920369064]], "UWB": [[4.20723814, 2.66909555, 3.04400003], [3.74016266, 2.4451072, 1.22801916], [3.72781507, 2.36203727, 0.99333047], [3.99579118, 2.26972825, 1.38408969], [4.29806348, 2.01951237, 2.03878073], [4.59632535, 1.59105828, 1.02345573], [5.04678449, 1.67569424, 1.04482806], [5.35836775, 1.6803249, 0.96962146], [5.73664077, 1.64911249, 0.88694036], [6.2407067, 1.80889441, 0.50673846], [6.37962847, 1.65030673, -0.11471897], [6.26575745, 1.67424961, 0.25521802], [6.29118848, 1.73085501, 0.42292285], [6.29118848, 1.73085501, 0.42292285], [6.29118848, 1.73085501, 0.42292285], [6.29118848, 1.73085501, 0.42292285], [6.29118848, 1.73085501, 0.42292285], [6.29118848, 1.73085501, 0.42292285], [6.29118848, 1.73085501, 0.42292285], [6.33838239, 1.67205467, 0.07376762], [6.33838239, 1.67205467, 0.07376762], [6.33838239, 1.67205467, 0.07376762]], "Distance": [[1.8367095897480574], [2.0466753111070894], [2.005967370148742], [1.671675137395338], [1.5470881319924272], [1.1938443614695036], [0.7882340021518097], [0.5767468311454238], [0.5763968808420568], [0.6839727136095003], [0.7973832192221105], [0.7649671035221438], [0.743203406192802], [0.743203406192802], [0.743203406192802], [0.743203406192802], [0.743203406192802], [0.743203406192802], [0.743203406192802], [0.7725180233386387], [0.7725180233386387], [0.7725180233386387]], "Time": [[0.6], [1.2], [1.7], [2.3], [2.8], [3.4], [3.9], [4.4], [5.0], [5.6], [6.1], [6.7], [7.3], [7.8], [8.3], [8.8], [9.3], [9.9], [10.4], [11.0], [11.5], [12.0]], "Title": [["ModelBasedAgendUWB_PID"], ["ModelBasedAgendUWB_PID"], ["ModelBasedAgendUWB_PID"], ["ModelBasedAgendUWB_PID"], ["ModelBasedAgendUWB_PID"], ["ModelBasedAgendUWB_PID"], ["ModelBasedAgendUWB_PID"], ["ModelBasedAgendUWB_PID"], ["ModelBasedAgendUWB_PID"], ["ModelBasedAgendUWB_PID"], ["ModelBasedAgendUWB_PID"], ["ModelBasedAgendUWB_PID"], ["ModelBasedAgendUWB_PID"], ["ModelBasedAgendUWB_PID"], ["ModelBasedAgendUWB_PID"], ["ModelBasedAgendUWB_PID"], ["ModelBasedAgendUWB_PID"], ["ModelBasedAgendUWB_PID"], ["ModelBasedAgendUWB_PID"], ["ModelBasedAgendUWB_PID"], ["ModelBasedAgendUWB_PID"], ["ModelBasedAgendUWB_PID"]]}