{"IMU": [[-0.000127419363707304, -0.0029409950971603393, 0.65], [0.02230806589126587, 0.0168859338760376, 0.69], [0.04819019317626953, 0.029825499057769777, 0.74], [0.10873412132263184, 0.047167701721191405, 0.78], [0.2077999496459961, 0.07886287689208984, 0.82], [0.32939987182617186, 0.13480419158935547, 0.86], [0.6823358154296875, 0.2910792541503906, 0.95], [0.9072225952148437, 0.34552928924560544, 1.0], [1.1204264068603516, 0.3562646484375, 1.03], [1.3073554992675782, 0.33652931213378906, 1.03], [1.4947618103027345, 0.3023902702331543, 1.02], [1.716865234375, 0.1974700164794922, 1.01], [1.753505401611328, 0.13824070930480958, 0.96], [1.7543898010253907, 0.08714813232421875, 0.95], [1.7342575073242188, 0.036656360626220706, 0.96], [1.6938468933105468, 0.00866886019706726, 0.99], [1.6450003051757813, -0.000415273942053318, 1.02], [1.5656167602539062, 0.0038057196140289305, 1.05], [1.45743896484375, 0.03421356916427612, 1.04], [1.21003173828125, 0.15054193496704102, 1.03], [1.059427261352539, 0.271204776763916, 1.0], [1.027268524169922, 0.30197927474975583, 1.01], [1.0204096984863282, 0.3365264129638672, 1.0], [1.0528472900390624, 0.3522426986694336, 0.98], [1.0295416259765624, 0.2663731575012207, 0.97], [1.0447149658203125, 0.21023931503295898, 1.01], [1.2008991241455078, 0.20885782241821288, 1.02], [1.4428025817871093, 0.26595661163330075, 1.0], [1.4602548217773437, 0.28055217742919925, 1.0], [1.4481858825683593, 0.2822853660583496, 1.01], [1.3762307739257813, 0.2633451843261719, 1.01], [1.3335235595703125, 0.25374216079711914, 1.01], [1.3006617736816406, 0.2291634750366211, 1.0], [1.271943588256836, 0.19897483825683593, 1.0], [1.2625477600097657, 0.10434471130371094, 0.97], [1.28036865234375, 0.125902738571167, 0.98], [1.2962144470214845, 0.16136274337768555, 1.0], [1.306840362548828, 0.1653502655029297, 0.99], [1.3634097290039062, 0.17053686141967772, 1.01], [1.507540740966797, 0.11038148880004883, 1.05], [1.5003359985351563, 0.1342737102508545, 1.06], [1.5420838928222655, 0.22876422882080077, -0.0]], "Kalman": [[0.11291542645813044, 0.02332937118692563, 0.6378545658472716], [0.2703428501403351, -0.1155684814415999, 0.6782162477164954], [0.2485211924528326, -0.05459518441923043, 0.7274666622011664], [0.44285371809780505, -0.06551637518675771, 0.767897938633478], [0.6455204783816725, 0.04523321353972419, 0.8136530808793838], [1.0009854233519042, 1.7343665347601025, 0.8370264170504037], [1.2375263181088614, 0.39780802409738775, 0.9367772116525603], [1.492490613936823, 0.2693759717310868, 0.9903802796421541], [1.783619973609263, 0.398262409838414, 1.0279463346259872], [2.0338498849908144, 0.3419683380582029, 1.0343983658856404], [2.4033555102341055, 0.20259348194434001, 1.0268745141754632], [2.6631784648651062, 0.1532674564441902, 1.0174756603061528], [2.7456615547202516, 0.04022379512664214, 0.9698845196597278], [2.6465252565216852, -0.02816180992233868, 0.9611697006119938], [2.679998533569866, -0.06959790193271183, 0.9536022993341364], [2.5341688721744595, -0.1608102271567538, 0.9795370895723792], [2.4195833640339353, -0.155800646986192, 1.0126925953755208], [2.084427850152855, -0.15152430699913527, 1.0419698347001254], [1.8976281719023922, -0.06797655541473718, 1.037858007262076], [1.548025890866899, 0.02017020067313051, 1.0325505245985989], [0.8553226270857741, 1.8303922389469172, 0.9907366958283172], [1.2903824585318666, 0.23684487909274818, 1.0160350520525603], [1.351720012381893, 0.26358625692697385, 1.0016204018094987], [1.3667733273975269, 0.1346866648887258, 0.9834798450849724], [1.2157321187512211, -0.12337901935096315, 0.9670340055622678], [1.3436221463969755, -0.020537742007763676, 1.0074118277218644], [1.7462857472419961, 0.0968894135882941, 1.0141296491333003], [2.141986311660619, 0.26506961412970315, 1.0090359279556995], [2.113899981368983, 0.28676311778136643, 1.002310359721299], [2.0068997517563525, 0.2695104408009685, 1.0116696752448184], [1.8925965894183305, 0.23964380850647943, 1.0122591690875349], [1.8152300459775512, 0.1660270124074179, 1.0116918960930634], [1.8613561882717882, 0.15924195072942324, 1.0038683612100632], [1.723424816919599, 0.09925746583252854, 1.0009904115184032], [1.7079709328345825, -0.03542808035603305, 0.9789519448811853], [1.7705385781038456, 0.05860491053206729, 0.9775443952257115], [1.8698685990759532, 1.1718226554088527, 0.9918068619354533], [1.8203035022362772, 0.1406908395982832, 0.9947961532446274], [1.950127893388135, 0.12416147181903509, 1.004051415498456], [2.2889091286180316, -0.094398094433074, 1.0510533296844857], [2.1997487629286243, -0.005422331637282896, 1.0722326750353859], [2.0607046487439242, -0.024518244412074362, 0.006375328807296573]], "UWB": [[0.03978784000000246, 0.18955854999999988, -0.37242926000000004], [-0.23889445999999737, 0.4634729499999999, 1.531273], [-0.13575204999999757, 0.38622109999999976, 1.30910088], [-0.19996994999999718, 0.6485805499999997, 1.3857087099999998], [-0.006508249999997329, 0.9624638599999997, 1.42637357], [2.956044380000003, 1.4151406599999996, -8.6126937], [0.39024452000000265, 1.4878142799999998, 1.14242182], [0.16518201000000277, 1.7335846099999999, 3.11105829], [0.43019195000000243, 2.0916953499999997, 1.81001921], [0.3627404900000024, 2.4324967899999996, 1.5728293500000001], [0.14675969000000277, 2.9498688099999995, 1.65743967], [0.14034688000000273, 3.30145683, 1.8002310599999998], [0.028020040000002577, 3.4770504699999996, 1.9590220299999999], [-0.16603131999999743, 3.24856467, 1.23487451], [-0.11546058999999742, 3.4657106599999996, 2.0830146099999998], [-0.27789788999999754, 3.24876853, 2.01397576], [-0.25618402999999734, 3.08290262, 1.86853792], [-0.3351747499999975, 2.3959494799999996, 1.4110789799999999], [-0.18064882999999732, 2.3483344699999997, 1.5825625099999998], [-0.18704812999999731, 1.9291990499999998, 1.35527653], [3.4763252200000028, 0.6412801299999997, -13.66139495], [0.14564712000000268, 1.5482468999999996, 1.56739613], [0.17506963000000253, 1.6343893499999997, 1.4441513099999999], [-0.020573749999997393, 1.5563662099999998, 2.17462894], [-0.35115811999999735, 1.3601025, 0.62925553], [-0.18382752999999719, 1.55295147, 4.6337047], [0.010301040000002537, 2.09207574, 1.4324784499999998], [0.2220330500000025, 2.57508325, 1.8646832299999998], [0.2567592300000028, 2.5337068599999997, 1.6169593399999997], [0.2651752000000025, 2.4757545199999997, 1.7920277100000002], [0.22738395000000278, 2.33435757, 1.96806452], [0.10874905000000279, 2.2304604899999996, 1.5396874], [0.1327489400000026, 2.3410439299999997, 0.48685815], [0.031726130000002684, 2.14552159, 1.5619646], [-0.1343985599999975, 2.05206668, 1.5895839499999997], [0.004972730000002645, 2.1588142799999996, 1.9070740699999997], [2.068718670000002, 2.3322392799999996, -7.07048007], [0.08601070000000277, 2.2212574399999996, 2.03830071], [0.0938459200000028, 2.3863617199999996, 2.05172265], [-0.21615384999999732, 2.87239434, 2.56897959], [-0.13629482999999754, 2.7549966399999994, 2.45087881], [-0.24072146999999733, 2.5535891299999998, 0.46516526999999996]], "Distance": [[1.8872287744891123], [1.7335137524586808], [1.7523294916905945], [1.5585239615288053], [1.355234598912876], [2.0015137774322564], [0.8600100811112025], [0.5745687000596971], [0.4532474632153575], [0.34363957709812865], [0.4513754385902574], [0.6806589376961936], [0.7467456781811416], [0.64713831200025], [0.6835509297854868], [0.5578497227375315], [0.44757573769737546], [0.17345799921883437], [0.12288532570693296], [0.4524239519763015], [2.1588473860972486], [0.748099292815958], [0.6998175885092526], [0.6473920887638708], [0.793913403322084], [0.6566990829499391], [0.27158512573047106], [0.3007025324699745], [0.3085551676370767], [0.26959874679796203], [0.2626112098903336], [0.24840471967817104], [0.2111400137412137], [0.29384668863108354], [0.2941702312390183], [0.2368271092528821], [1.179026088445845], [0.22822082213377787], [0.13380320662141948], [0.3039399362233037], [0.19982234602741616], [0.06546906665115547]],