{"IMU": [[], [], [], [], [], [], [], [], [], [], [], [], [], [], [], [], [], [], [], [], [], [], [], [], [], [], [], [], [], [], [], []], "Kalman": [[4.945938315512691, 2.2367033729016157, 3.2593043445961967], [5.220488641318963, 2.3413199971770178, 3.179381511488322], [5.246847138514075, 2.363975442381758, 3.067548105040258], [5.600295034201803, 2.4683234725980934, 2.9829567221382534], [5.777219047853822, 2.462721436117468, 2.9151593534674483], [6.326116584598094, 2.34038929645199, 2.8052026948482585], [6.606007465532643, 2.186503056090517, 2.7489604409497264], [6.8157722838455435, 2.0943478220066147, 2.706632741656587], [6.934180377750359, 2.0977058374398787, 2.583205366684121], [7.052205117990969, 2.0682375325420668, 2.5499396492026434], [7.145859695645791, 2.1140512247325836, 2.6562420386045633], [6.889249679474773, 2.0216780460845785, 2.6828348315679316], [7.158346874782153, 2.231154336979458, 2.5483163414553243], [7.980655776752372, 2.5633437200414066, 2.5854084531822745], [7.098964053302225, 2.5636950806210526, 2.512387006683597], [7.3040193846432695, 2.6123823412033587, 2.3206890355433054], [7.2884939036956, 2.5328437868110023, 2.3210114469476646], [10.584323119391536, 2.8101332832880583, 2.3193825525076948], [8.382581331979342, 2.3789716957938016, 2.321312531681354], [8.382581331979342, 2.3789716957938016, 2.321312531681354], [7.618397004174875, 1.9113788364813193, 2.322233645734057], [7.618397004174875, 1.9113788364813193, 2.322233645734057], [7.618397004174875, 1.9113788364813193, 2.322233645734057], [7.618397004174875, 1.9113788364813193, 2.322233645734057], [7.618397004174875, 1.9113788364813193, 2.322233645734057], [7.618397004174875, 1.9113788364813193, 2.322233645734057], [7.618397004174875, 1.9113788364813193, 2.322233645734057], [7.618397004174875, 1.9113788364813193, 2.322233645734057], [7.618397004174875, 1.9113788364813193, 2.322233645734057], [7.618397004174875, 1.9113788364813193, 2.322233645734057], [7.618397004174875, 1.9113788364813193, 2.322233645734057], [7.618397004174875, 1.9113788364813193, 2.322233645734057]], "UWB": [[2.37192487, 5.12916522, 1.1067499], [2.61557223, 5.65242943, -0.05918827], [2.68405419, 5.58326675, 0.66167715], [2.63273116, 5.80245667, 0.77433965], [2.70709077, 6.27829979, -0.18626262], [2.54102761, 6.36297157, 0.40597288], [2.43899811, 6.57772492, 0.69284367], [2.30883613, 6.66390349, 0.82002575], [2.25931406, 6.91705886, 0.9546973], [2.18064454, 7.20242565, 0.07180808], [2.52703482, 9.29031383, -2.64903438], [2.41522023, 7.59199538, 0.20271559], [2.57238931, 7.59462724, 0.19207887], [2.87594205, 8.88537802, -4.3224006], [2.8449852, 7.32929545, 1.29844179], [3.04556459, 7.5595317, 0.99699948], [2.7436062, 7.62104042, 1.65984668], [3.31598548, 13.59899487, -0.50854247], [1.87398075, 12.88809361, -2.0915942], [1.42567683, 10.30763847, -1.6710845], [1.18284772, 7.46610322, 2.29848171], [1.27189475, 6.46468336, 1.63038983], [1.01672934, 7.9304946, 2.88115009], [1.01672934, 7.9304946, 2.88115009], [1.01672934, 7.9304946, 2.88115009], [1.01672934, 7.9304946, 2.88115009], [1.01672934, 7.9304946, 2.88115009], [1.01672934, 7.9304946, 2.88115009], [1.01672934, 7.9304946, 2.88115009], [1.01672934, 7.9304946, 2.88115009], [1.01672934, 7.9304946, 2.88115009], [1.01672934, 7.9304946, 2.88115009]], "Distance": [[1.0559604621889287], [0.7806057266504425], [0.7558651268529188], [0.43370133860897736], [0.27587971728869265], [0.32860815878156874], [0.6165440816017045], [0.8412949764523717], [0.9558325723575773], [1.077427237287316], [1.1608494256917723], [0.9317875844189405], [1.160390971885907], [1.9980858892619682], [1.1301579916074567], [1.3409135999836466], [1.3093634976266957], [4.612619042334409], [2.3838897483384174], [2.3838897483384174], [1.6644023767877842], [1.6644023767877842], [1.6644023767877842], [1.6644023767877842], [1.6644023767877842], [1.6644023767877842], [1.6644023767877842], [1.6644023767877842], [1.6644023767877842], [1.6644023767877842], [1.6644023767877842], [1.6644023767877842]], "Time": [[0.5], [1.1], [1.7], [2.2], [2.8], [3.3], [3.9], [4.5], [5.0], [5.6], [6.1], [6.7], [7.2], [7.9], [8.5], [9.2], [9.7], [10.5], [11.0], [11.5], [12.0], [12.5], [13.0], [13.6], [14.1], [14.6], [15.1], [15.6], [16.1], [16.6], [17.2], [17.7]], "Title": [["ModelBasedAgendUWB_PID"], ["ModelBasedAgendUWB_PID"], ["ModelBasedAgendUWB_PID"], ["ModelBasedAgendUWB_PID"], ["ModelBasedAgendUWB_PID"], ["ModelBasedAgendUWB_PID"], ["ModelBasedAgendUWB_PID"], ["ModelBasedAgendUWB_PID"], ["ModelBasedAgendUWB_PID"], ["ModelBasedAgendUWB_PID"], ["ModelBasedAgendUWB_PID"], ["ModelBasedAgendUWB_PID"], ["ModelBasedAgendUWB_PID"], ["ModelBasedAgendUWB_PID"], ["ModelBasedAgendUWB_PID"], ["ModelBasedAgendUWB_PID"], ["ModelBasedAgendUWB_PID"], ["ModelBasedAgendUWB_PID"], ["ModelBasedAgendUWB_PID"], ["ModelBasedAgendUWB_PID"], ["ModelBasedAgendUWB_PID"], ["ModelBasedAgendUWB_PID"], ["ModelBasedAgendUWB_PID"], ["ModelBasedAgendUWB_PID"], ["ModelBasedAgendUWB_PID"], ["ModelBasedAgendUWB_PID"], ["ModelBasedAgendUWB_PID"], ["ModelBasedAgendUWB_PID"], ["ModelBasedAgendUWB_PID"], ["ModelBasedAgendUWB_PID"], ["ModelBasedAgendUWB_PID"], ["ModelBasedAgendUWB_PID"]]}