{"IMU": [[-0.0009062416851520538, -0.00483794242143631, 0.67], [0.0017127420008182525, -0.025009667873382567, 0.65], [0.0391277265548706, -0.0813243579864502, 0.62], [0.05928909301757813, -0.10624683380126954, 0.61], [0.22234094619750977, -0.20823427200317382, 0.58], [0.35344017028808594, -0.22671369552612305, 0.57], [0.5410854721069336, -0.22086713790893556, 0.56], [0.7595986938476562, -0.23030513763427735, 0.55]], "Kalman": [[2.3979783986145216, 2.569827153667988, 1.3472307832297608], [2.4321122349147983, 2.567249324971288, 1.3075525598694269], [2.4322499195741534, 2.4843413507083345, 1.2483582668733604], [2.4917162927633645, 2.41322872109845, 1.2255206438701405], [2.736809582485542, 2.356665978277528, 1.1653884713318783], [3.1675768749566284, 2.7181939003797395, 1.1411510528595672], [3.268483648058251, 2.6588587330026967, 1.124659553420433], [3.5621166647254743, 2.4184654996242267, 1.1077798618225514]], "UWB": [[2.38408289, 2.5220332, 1.47801707], [2.44039348, 2.53235029, 1.55809065], [2.38718762, 2.43781643, 1.50097168], [2.45644843, 2.37875298, 1.37981336], [2.69636985, 2.28688519, 1.29708615], [3.31885497, 2.96380527, -2.07462159], [3.53400978, 2.37739021, 2.64917979], [3.67503265, 2.43783551, 2.61400375]], "Distance": [[1.2040480727889078], [1.169822338453494], [1.1678550610551854], [1.1116753260590033], [0.8750099077564336], [0.48435352505705903], [0.367612824389993], [0.08990562742703652]], "Time": [[0.6], [1.2], [1.8], [2.4], [3.0], [3.5], [4.1], [4.8]], "Title": [["ModelBasedAgendUWB_LQR"], ["ModelBasedAgendUWB_LQR"], ["ModelBasedAgendUWB_LQR"], ["ModelBasedAgendUWB_LQR"], ["ModelBasedAgendUWB_LQR"], ["ModelBasedAgendUWB_LQR"], ["ModelBasedAgendUWB_LQR"], ["ModelBasedAgendUWB_LQR"]]}