{"IMU": [[-0.015318909883499146, -0.011229479312896728, 0.59], [0.012085063457489014, 0.00464097261428833, 0.58], [0.11595260620117187, 0.039276368618011474, 0.56], [0.31977956771850585, 0.09597854614257813, 0.55], [0.5921357345581054, 0.1878580093383789, 0.54], [1.3397747802734374, 0.46553260803222657, 0.53], [1.767504425048828, 0.5392393493652343, 0.52], [2.1844049072265626, 0.5648805618286132, 0.51], [2.5898727416992187, 0.5781221389770508, 0.49], [2.950118408203125, 0.5552296066284179, 0.52], [3.260406188964844, 0.51402587890625, 0.52], [3.682882080078125, 0.393504753112793, 0.49], [3.7931011962890624, 0.3222405624389648, 0.47], [3.832769775390625, 0.25769987106323244, 0.5], [3.832846984863281, 0.19191370010375977, 0.51], [3.7896517944335937, 0.11202118873596191, 0.49], [3.710238037109375, 0.021856210231781005, 0.43], [3.6264462280273437, -0.056400513648986815, 0.3], [3.4932296752929686, -0.14756059646606445, 0.04], [3.4932296752929686, -0.14756059646606445, 0.04], [3.4932296752929686, -0.14756059646606445, 0.04], [3.4932296752929686, -0.14756059646606445, 0.04], [3.4932296752929686, -0.14756059646606445, 0.04], [3.4932296752929686, -0.14756059646606445, 0.04]], "Kalman": [[3.595879048269684, 2.111492097536755, 1.1881526996173644], [3.7103486203954623, 2.1712232109800014, 1.1677696281037344], [3.8199162781060516, 2.2410426991978807, 1.1268225584394327], [3.865020788294394, 2.187605681437894, 1.106416034038367], [4.413343676796289, 2.3643429445157023, 1.084848862938467], [5.275694506032645, 2.4836996387219488, 1.0647658945867922], [5.536050509470047, 2.687829581868097, 1.0431537228462466], [5.986703109673792, 2.850699057130434, 1.0244826544254233], [6.279733223617729, 2.934061300810435, 0.9858693639150229], [6.602179275286455, 2.833912301059455, 1.0464475670770046], [6.9212724685676985, 2.7879391633796864, 1.0416666024802823], [7.3315113259807, 2.6855219974847384, 0.9867031776463975], [7.412524940561886, 2.6141651239631245, 0.9497634616057372], [7.3742523973261545, 2.5331211614923084, 0.9993889144796724], [7.43210492898358, 2.4225979275644036, 1.0241166001862418], [7.263473021692167, 2.322298836591463, 0.9939511458694752], [12.035943212440925, 2.7261632781171126, 0.8766855936730258], [7.169360604554311, 2.142705022318835, 0.6650604385431694], [6.808848765703614, 1.9602389842159267, 0.18848903213070517], [6.780225509500153, 1.9532545830849295, 0.18825287688737263], [7.773505100612777, 2.0753955061272693, 0.1833301231619252], [7.137539741518129, 2.0037259757957724, 0.1873039625418258], [7.137539741518129, 2.0037259757957724, 0.1873039625418258], [7.137539741518129, 2.0037259757957724, 0.1873039625418258]], "UWB": [[3.67343986, 2.22487891, 1.38208541], [3.80042561, 2.29369073, 1.40678652], [3.82485769, 2.36576242, 1.22182007], [3.64879144, 2.17864228, 2.63089884], [4.42920981, 2.39398442, 0.3333606], [5.26286714, 2.33017195, 0.09871059], [5.32049805, 2.74655162, 0.94874731], [5.7883426, 3.05147786, 1.0779215], [6.04292752, 3.21712618, 0.97895831], [6.35840263, 3.0783017, 1.34194486], [6.79279409, 3.05171743, 1.58863033], [7.20472817, 2.96937745, 0.61914389], [7.34929057, 2.92374102, 0.69945773], [7.36557617, 2.82946644, 0.85947845], [7.519492, 2.70114357, 0.30441367], [7.29530888, 2.58647476, 1.03664318], [15.97424798, 3.40653833, -14.21099653], [7.22887492, 2.385002, 0.57536931], [6.89211147, 2.22216874, 0.49285077], [6.85405939, 2.216327, 0.20922573], [9.64256826, 2.55414993, -6.17897735], [6.83447372, 2.22727646, 0.52371904], [6.83447372, 2.22727646, 0.52371904], [6.83447372, 2.22727646, 0.52371904]], "Distance": [[2.411500109856886], [2.2932699146666673], [2.180880784863043], [2.1379356204666524], [1.587960422199266], [0.747237583274469], [0.6046990278932042], [0.5508595636064569], [0.6930255475673228], [0.804787067991977], [1.0425102342425658], [1.3861997048620032], [1.4470405774628865], [1.3938849046790793], [1.4373429581913115], [1.2636697807011399], [6.0509689805375135], [1.1798923397867034], [0.8773105913112439], [0.8538057330718617], [1.7876709765970251], [1.1754892432307915], [1.1754892432307915], [1.1754892432307915]], "Time": [[0.5], [1.1], [1.6], [2.2], [2.8], [3.4], [4.1], [4.6], [5.2], [5.7], [6.2], [6.9], [7.4], [8.1], [8.6], [9.2], [9.7], [10.3], [11.0], [11.6], [12.1], [12.6], [13.1], [13.7]], "Title": [["ModelBasedAgendUWB_PID"], ["ModelBasedAgendUWB_PID"], ["ModelBasedAgendUWB_PID"], ["ModelBasedAgendUWB_PID"], ["ModelBasedAgendUWB_PID"], ["ModelBasedAgendUWB_PID"], ["ModelBasedAgendUWB_PID"], ["ModelBasedAgendUWB_PID"], ["ModelBasedAgendUWB_PID"], ["ModelBasedAgendUWB_PID"], ["ModelBasedAgendUWB_PID"], ["ModelBasedAgendUWB_PID"], ["ModelBasedAgendUWB_PID"], ["ModelBasedAgendUWB_PID"], ["ModelBasedAgendUWB_PID"], ["ModelBasedAgendUWB_PID"], ["ModelBasedAgendUWB_PID"], ["ModelBasedAgendUWB_PID"], ["ModelBasedAgendUWB_PID"], ["ModelBasedAgendUWB_PID"], ["ModelBasedAgendUWB_PID"], ["ModelBasedAgendUWB_PID"], ["ModelBasedAgendUWB_PID"], ["ModelBasedAgendUWB_PID"]]}