{"IMU": [[-0.01722464680671692, 0.0060934871435165405, 0.67], [0.019400632381439208, 0.0015862984955310822, 0.65], [0.11115412712097168, -0.008625314831733703, 0.64], [0.2611667442321777, -0.02487396001815796, 0.62], [0.4401812744140625, -0.05152145385742188, 0.61], [0.889589614868164, -0.14974026679992675, 0.58], [1.1581954956054688, -0.22189916610717775, 0.56], [1.4164846801757813, -0.3087547111511231, 0.55], [1.6713374328613282, -0.35897048950195315, 0.54], [1.9422212219238282, -0.36925132751464845, 0.52], [2.14194580078125, -0.3519186019897461, 0.51], [2.430015869140625, -0.30806922912597656, 0.47], [2.46190185546875, -0.27457120895385745, 0.47], [2.4515147399902344, -0.22916271209716796, 0.51], [2.4010856628417967, -0.16207853317260743, 0.53], [2.311900634765625, -0.11656098365783692, 0.51], [2.1644998168945313, -0.10118148803710937, 0.48], [1.9689720153808594, -0.10952967643737793, 0.46], [1.5122569274902344, -0.2003228759765625, 0.53], [1.3122660827636718, -0.2747979164123535, 0.54], [1.179240493774414, -0.3760564041137695, 0.52], [1.0991480255126953, -0.46483421325683594, 0.49], [1.0586873626708984, -0.5106396484375, 0.45], [1.0663621520996094, -0.5206235122680664, 0.44], [1.1075221252441407, -0.49936832427978517, 0.52], [1.292262420654297, -0.3813314437866211, 0.52], [1.4750663757324218, -0.24558895111083984, 0.48], [1.8057489013671875, 0.12022770881652832, 0.48], [1.9608233642578126, 0.27717559814453124, 0.51], [2.1129986572265627, 0.3951591110229492, 0.53], [2.229262390136719, 0.476945686340332, 0.5], [2.290136413574219, 0.588202133178711, 0.43], [2.259657897949219, 0.6167355728149414, 0.45], [2.1878700256347656, 0.6237744140625, 0.48], [1.6948744201660155, 0.53746337890625, 0.52], [1.7027084350585937, 0.5427681732177735, 0.5], [1.7316249084472657, 0.5476531219482422, 0.47], [1.860252685546875, 0.5543457412719727, 0.45], [1.9641026306152343, 0.5546989440917969, 0.48], [2.214945068359375, 0.55621826171875, 0.52], [2.4243295288085935, 0.5729283142089844, 0.55], [2.415855712890625, 0.5806283950805664, 0.53], [2.371789855957031, 0.5583979034423828, 0.49], [2.342750244140625, 0.5650272369384766, 0.49], [2.379688720703125, 0.5668805313110351, 0.45], [2.374766540527344, 0.5725975799560546, 0.53], [2.358687438964844, 0.5357906723022461, 0.54], [2.309640197753906, 0.47705169677734377, 0.5], [2.2962832641601563, 0.4392185974121094, 0.46], [2.2962832641601563, 0.4392185974121094, 0.46], [2.2962832641601563, 0.4392185974121094, 0.46]], "Kalman": [[4.092959066767425, 2.6602591894386505, 1.3449106682816119], [4.218036114845446, 2.681549952710207, 1.3081440058069733], [5.280355017295724, 2.90741404374795, 1.285421033669349], [4.604959406052457, 2.6786112027622764, 1.2472875761631852], [4.792026331788885, 2.633827250365368, 1.22754158803766], [5.208393332957787, 2.524856667108969, 1.1681599586272107], [5.474663934342863, 1.983858236374513, 1.13018278189445], [5.457596704378138, 2.1640546238970675, 1.1055977258219558], [5.752334472280377, 2.1365095311548385, 1.0866656064203801], [6.817261480145655, 2.5610218508808473, 1.0460757314034872], [6.337781100671056, 2.117113221757904, 1.0256442449194088], [6.557499041350304, 2.1431909934459634, 0.9467367481345147], [6.50566983740525, 2.2485513501765744, 0.9333062637577312], [6.445509483974618, 2.3506847189387496, 1.014819854781989], [6.400857088689419, 2.477136193229188, 1.0660730839456964], [6.7788930718405735, 2.8198879945222863, 1.0293077862337978], [6.0875393078299105, 2.4986156977780722, 0.9679594574868984], [5.998861091532808, 2.5753062930395103, 0.915318921361164], [5.445712151143533, 2.4196411102232562, 1.0549296544379652], [5.090915061408851, 2.2511673392098013, 1.0862409352121636], [4.96004336920929, 2.1021389232720153, 1.0484727421148647], [4.919023225619711, 1.9865617750102995, 0.9890413008618926], [4.915033280512057, 2.0449563762875154, 0.9043640590775411], [4.912867081948687, 1.9210491080653305, 0.8734723330832961], [5.011884287370685, 2.0038570845084287, 1.035997894266204], [5.238585814322127, 2.193034293443, 1.037944911260012], [5.8710325160390315, 2.5125455869878013, 0.9735013593251499], [5.962438190493335, 2.8594867669017336, 0.9691620520192358], [6.171718348441843, 2.9935145183574474, 1.0203918664336933], [6.3254355504212745, 3.105945182459857, 1.0663780433830654], [6.475928422906433, 3.175447047977382, 1.013111471104465], [6.502867833026305, 3.2737941146373086, 0.8743753843311689], [6.225564070380206, 3.2895106589920173, 0.8963004682100163], [6.0964628334106665, 3.240787465118762, 0.9558869754114705], [5.372254628184591, 3.001069701734978, 1.039637879177336], [5.749618438315614, 3.2394787560041416, 1.0099309583616232], [5.684941815988351, 3.178474445831734, 0.9510781030870201], [5.92052135264092, 3.287532747196342, 0.9102644517227715], [6.085060319792451, 3.2502660132024506, 0.9546374140017623], [5.568695901440202, 2.8582979217069364, 1.039419649482773], [6.499100648426743, 3.416853735736792, 1.1014067667224179], [6.4404957662712174, 3.3317927978955977, 1.0638608949560282], [6.245957360315568, 3.1875723442387773, 0.9829122855158964], [5.622992805815963, 2.7873615436598107, 0.9828556002569675], [6.442236402094555, 3.4416915578540266, 0.8949376851802259], [6.732363993335666, 3.3669312412828427, 1.0570438598292782], [6.4270924741757485, 3.1984777580950348, 1.0838116364314243], [6.252816394279775, 3.1664555181982728, 1.0025046621682143], [6.4332617882418335, 2.1316530523829416, 0.925185641923625], [6.4332617882418335, 2.1316530523829416, 0.925185641923625], [6.4332617882418335, 2.1316530523829416, 0.925185641923625]], "UWB": [[4.0219766, 2.62101644, 2.69920344], [4.14164621, 2.68752919, 2.70600371], [5.90961686, 3.1097468, 1.28171108], [4.5389067, 2.72015266, 3.41342709], [4.71206699, 2.67487987, 3.31299446], [5.05162855, 2.57207116, 3.11500529], [5.28800327, 1.6851397, 5.51706593], [5.05923332, 2.09545151, 0.84930481], [5.38960829, 2.03000325, 1.35558574], [7.10104018, 2.76548599, 1.22694899], [6.10434506, 1.92506519, 0.45476626], [6.33471044, 1.94685376, -0.23958412], [6.34962425, 2.07974175, 0.17993567], [6.2690342, 2.22378133, 1.10537706], [6.28308664, 2.36085817, 0.90016556], [7.09752382, 2.98178778, 1.05877592], [6.034748, 2.40829354, -0.00756387], [5.726524, 2.31443865, 0.78549753], [5.47993999, 2.4029287, 2.62405744], [4.85612761, 2.1903462, 0.86754399], [4.71686044, 2.04242323, 0.84603159], [4.66161586, 1.86169579, 1.1867742], [4.60187546, 1.90997787, 0.49040461], [4.59106321, 1.71734366, 1.32322241], [4.74880284, 1.95027107, 0.63153325], [4.92400626, 2.07498185, 1.32990816], [5.8765606, 2.46065139, 2.56303611], [5.6642969, 2.70729087, 0.43194395], [5.99340625, 2.8773835, 1.9036929], [6.16072456, 3.03403702, 1.81611366], [6.40948556, 3.12257654, 1.86912032], [6.47226091, 3.22188619, 1.70906545], [6.03845653, 3.25363409, 1.40746046], [5.93189312, 3.18320019, 1.1767826], [5.46893702, 3.00315769, 1.53955248], [5.59151191, 3.24444335, 2.11945771], [5.43055182, 3.1325634, 1.65496722], [5.72685796, 3.33060303, 1.60593778], [5.89221779, 3.2693823, 1.77158322], [4.73017038, 2.56191699, 3.40852029], [6.39838718, 3.55060945, 2.50577058], [6.24299151, 3.3983468, 2.35300039], [5.99101313, 3.15419613, 1.33317144], [4.63164371, 2.26297289, 1.81629355], [6.3305086, 3.58155501, 2.27098909], [6.93262424, 3.4414132, 0.09740184], [6.3239751, 3.18221428, 1.80926742], [6.06539264, 3.18340352, 0.89713006], [6.32410799, 1.38575505, 2.15762403], [6.32410799, 1.38575505, 2.15762403], [6.32410799, 1.38575505, 2.15762403]],