{"IMU": [[0.021749222278594972, 0.018425045013427736, 0.64], [0.13399344444274902, 0.06769729614257812, 0.61], [0.3637834930419922, 0.1373404598236084, 0.59], [1.3799490356445312, 0.35958908081054686, 0.58], [2.075717010498047, 0.4872086715698242, 0.58], [2.7953897094726563, 0.6042449951171875, 0.57], [2.7953897094726563, 0.6042449951171875, 0.57], [2.7953897094726563, 0.6042449951171875, 0.57], [2.7953897094726563, 0.6042449951171875, 0.57], [2.7953897094726563, 0.6042449951171875, 0.57], [2.7953897094726563, 0.6042449951171875, 0.57], [2.7953897094726563, 0.6042449951171875, 0.57], [2.7953897094726563, 0.6042449951171875, 0.57], [2.7953897094726563, 0.6042449951171875, 0.57], [2.7953897094726563, 0.6042449951171875, 0.57], [2.7953897094726563, 0.6042449951171875, 0.57], [2.7953897094726563, 0.6042449951171875, 0.57], [2.7953897094726563, 0.6042449951171875, 0.57], [2.7953897094726563, 0.6042449951171875, 0.57], [2.7953897094726563, 0.6042449951171875, 0.57], [2.7953897094726563, 0.6042449951171875, 0.57], [2.7953897094726563, 0.6042449951171875, 0.57], [2.7953897094726563, 0.6042449951171875, 0.57], [2.7953897094726563, 0.6042449951171875, 0.57]], "Kalman": [[1.463169475728188, 2.6481260637992223, 1.2887479548248033], [1.8197178883668623, 2.7411147493499266, 1.2243195691378757], [1.9993765629935438, 2.781397329128681, 1.1841043952587633], [3.152542334684054, 2.975013968579548, 1.1638413666988452], [3.8456031855876676, 3.0367380365453824, 1.1631870880310056], [4.54807968312465, 3.081762037721494, 1.1437153545888004], [4.86993451293474, 3.1924993297212994, 1.1426834679594824], [4.86993451293474, 3.1924993297212994, 1.1426834679594824], [4.86993451293474, 3.1924993297212994, 1.1426834679594824], [4.737639262794242, 3.173571832147499, 1.143330226917562], [4.837943525384856, 3.0853699373794807, 1.143762951135867], [4.837943525384856, 3.0853699373794807, 1.143762951135867], [4.837943525384856, 3.0853699373794807, 1.143762951135867], [4.837943525384856, 3.0853699373794807, 1.143762951135867], [4.837943525384856, 3.0853699373794807, 1.143762951135867], [4.837943525384856, 3.0853699373794807, 1.143762951135867], [4.837943525384856, 3.0853699373794807, 1.143762951135867], [4.837943525384856, 3.0853699373794807, 1.143762951135867], [4.837943525384856, 3.0853699373794807, 1.143762951135867], [4.837943525384856, 3.0853699373794807, 1.143762951135867], [4.837943525384856, 3.0853699373794807, 1.143762951135867], [4.837943525384856, 3.0853699373794807, 1.143762951135867], [4.837943525384856, 3.0853699373794807, 1.143762951135867], [4.837943525384856, 3.0853699373794807, 1.143762951135867]], "UWB": [[1.47194342, 2.70344309, 0.42499123], [1.83813479, 2.85543197, 0.74714782], [1.83813479, 2.85543197, 0.74714782], [2.92479864, 3.0258353, 1.31901555], [3.48135537, 3.03580543, 1.30470321], [4.05273158, 3.02498843, 1.83029665], [4.67512275, 3.25439688, 0.68134224], [4.67512275, 3.25439688, 0.68134224], [4.67512275, 3.25439688, 0.68134224], [4.25840723, 3.17120263, 1.57975951], [4.61001869, 3.01866728, 1.83033885], [4.61001869, 3.01866728, 1.83033885], [4.61001869, 3.01866728, 1.83033885], [4.61001869, 3.01866728, 1.83033885], [4.61001869, 3.01866728, 1.83033885], [4.61001869, 3.01866728, 1.83033885], [4.61001869, 3.01866728, 1.83033885], [4.61001869, 3.01866728, 1.83033885], [4.61001869, 3.01866728, 1.83033885], [4.61001869, 3.01866728, 1.83033885], [4.61001869, 3.01866728, 1.83033885], [4.61001869, 3.01866728, 1.83033885], [4.61001869, 3.01866728, 1.83033885], [4.61001869, 3.01866728, 1.83033885]], "Distance": [[4.550167355412412], [4.203491495760881], [4.029482755046555], [2.926373013397993], [2.2768857170360466], [1.6490071225370375], [1.4400010620166266], [1.4400010620166266], [1.4400010620166266], [1.5351489754288352], [1.4025623653636323], [1.4025623653636323], [1.4025623653636323], [1.4025623653636323], [1.4025623653636323], [1.4025623653636323], [1.4025623653636323], [1.4025623653636323], [1.4025623653636323], [1.4025623653636323], [1.4025623653636323], [1.4025623653636323], [1.4025623653636323], [1.4025623653636323]], "Time": [[0.6], [1.2], [1.8], [2.4], [2.9], [3.5], [4.1], [4.6], [5.1], [5.6], [6.2], [6.7], [7.2], [7.7], [8.2], [8.7], [9.3], [9.8], [10.3], [10.8], [11.3], [11.8], [12.3], [12.8]], "Title": [["ModelBasedAgendUWB_PID"], ["ModelBasedAgendUWB_PID"], ["ModelBasedAgendUWB_PID"], ["ModelBasedAgendUWB_PID"], ["ModelBasedAgendUWB_PID"], ["ModelBasedAgendUWB_PID"], ["ModelBasedAgendUWB_PID"], ["ModelBasedAgendUWB_PID"], ["ModelBasedAgendUWB_PID"], ["ModelBasedAgendUWB_PID"], ["ModelBasedAgendUWB_PID"], ["ModelBasedAgendUWB_PID"], ["ModelBasedAgendUWB_PID"], ["ModelBasedAgendUWB_PID"], ["ModelBasedAgendUWB_PID"], ["ModelBasedAgendUWB_PID"], ["ModelBasedAgendUWB_PID"], ["ModelBasedAgendUWB_PID"], ["ModelBasedAgendUWB_PID"], ["ModelBasedAgendUWB_PID"], ["ModelBasedAgendUWB_PID"], ["ModelBasedAgendUWB_PID"], ["ModelBasedAgendUWB_PID"], ["ModelBasedAgendUWB_PID"]]}