{"IMU": [[], [], [], [], [], [], [], []], "Kalman": [[0.9664887001593967, 0.29988473098753754, 0.6394739219833944], [0.15441623660405013, 0.040298794847294026, 0.6577835520827034], [0.18195183425213712, 0.026670957921173636, 0.7066178668346476], [0.7054529035974085, 0.1574172529804881, 0.7458422740852506], [0.2749910782832983, -0.07473485585479742, 0.7858510056085171], [0.3431615296047971, -0.1310461559717782, 0.826229457685035], [0.6705297962047311, -0.0820455530645039, 0.9177036743028163], [0.8318246766178988, -0.03357057465706639, 0.9584466955666319]], "UWB": [[2.7325837, 6.59094714, 0.06097302], [2.27733324, 5.12479867, 0.99913784], [2.29326581, 5.24167296, 1.67224874], [2.2051339, 5.31352284, 1.2650123], [2.07842101, 5.33920022, 0.94741092], [2.12855398, 5.5625888, -0.14915811], [2.1745938, 5.82094093, 2.28286957], [2.23476366, 6.04477446, 2.44279539]], "Distance": [[0.30175131995813137], [0.8465434978694255], [0.8184828290684393], [0.333973327580393], [0.7288506261563146], [0.6697834509646303], [0.33953216043043166], [0.17149321525203257]], "Time": [[0.5], [1.1], [1.6], [2.1], [2.7], [3.3], [3.9], [4.4]], "Title": [["ModelBasedAgendUWB_PID"], ["ModelBasedAgendUWB_PID"], ["ModelBasedAgendUWB_PID"], ["ModelBasedAgendUWB_PID"], ["ModelBasedAgendUWB_PID"], ["ModelBasedAgendUWB_PID"], ["ModelBasedAgendUWB_PID"], ["ModelBasedAgendUWB_PID"]]}