{"IMU": [[-0.00819985032081604, -0.009510403275489807, 0.78], [0.045728263854980467, -0.0020559827983379366, 0.83], [0.1402783203125, 0.025022196769714355, 0.85], [0.26014047622680664, 0.0320893406867981, 0.88], [0.43757301330566406, 0.014553781747817993, 0.92], [0.648133773803711, -0.028310985565185548, 0.95], [0.8375601196289062, -0.07815132141113282, 1.0]], "Kalman": [[0.01964712084704014, -0.010516026178224239, 0.78], [0.12346034989825902, 0.014934597683414107, 0.83], [0.23980748731266693, 0.04885316017941895, 0.85], [0.4065639277450427, 0.023428790108409172, 0.88], [0.6371655516144339, -0.013646781938177595, 0.92], [0.8504620547880413, -0.09159167470201289, 0.95], [1.0248982883387923, -0.11169239626385709, 1.0]], "CMD": [[5, 10.0, 0, 5], [5, 10.0, 0, 5], [-5, 10.0, 0, 5], [-5, 9.39649621667915, 0, 5], [-5, 7.335273256076043, 0, 5], [5, 5, 0, 5], [5, 5, 0, 5]], "Distance": [[1.0047897065904283], [0.8929976486018583], [0.7763886189308785], [0.605900387901621], [0.3717997735240383], [0.182347558066825], [0.11443389421567422]], "Time": [[0.6], [1.1], [1.7], [2.2], [2.8], [3.4], [3.9]], "Title": [["ModelBasedAgentLQR"], ["ModelBasedAgentLQR"], ["ModelBasedAgentLQR"], ["ModelBasedAgentLQR"], ["ModelBasedAgentLQR"], ["ModelBasedAgentLQR"], ["ModelBasedAgentLQR"]]}