{"IMU": [[0.006568633913993835, 0.000178064052015543, 0.64], [0.022133755683898925, -0.0034227141737937926, 0.63], [0.05611863136291504, -0.014437727928161621, 0.63], [0.142100248336792, -0.03878592967987061, 0.64], [0.2369681739807129, -0.06838642120361328, 0.62], [0.36189697265625, -0.10971179008483886, 0.59], [0.5482632446289063, -0.17032838821411134, 0.56], [0.7906890106201172, -0.21632471084594726, 0.56], [1.09390869140625, -0.23517498016357422, 0.55], [1.7054766845703124, -0.20854286193847657, 0.53], [1.9887759399414062, -0.16952850341796874, 0.52], [2.164447021484375, -0.12632590293884277, 0.51], [2.237724609375, -0.1074311065673828, 0.49], [2.2586094665527345, -0.10016407966613769, 0.47], [2.185893096923828, -0.11151918411254882, 0.53], [2.0905995178222656, -0.13487929344177246, 0.53], [1.9447308349609376, -0.17127946853637696, 0.51], [1.7526763916015624, -0.20669761657714844, 0.49], [1.2815798950195312, -0.3092055892944336, 0.52], [1.0450144958496095, -0.3317884826660156, 0.56], [0.8951364898681641, -0.3336061477661133, 0.52], [0.8108972930908203, -0.31970930099487305, 0.48], [0.7772132873535156, -0.24118228912353515, 0.45], [0.8062944030761718, -0.16714494705200195, 0.47], [0.865601806640625, -0.12412918090820313, 0.5], [0.969979248046875, -0.08908308982849121, 0.52], [1.6216819763183594, -0.03384164333343506, 0.5], [1.6292579650878907, -0.023741557598114013, 0.51], [1.5095993041992188, -0.0032150360941886904, 0.48], [1.4153106689453125, -0.0011289966106414794, 0.47], [1.3071891784667968, -0.008197154998779297, 0.49], [1.1503234100341797, -0.042529940605163574, 0.52], [1.1365837860107422, -0.07195670127868653, 0.55], [1.1796160888671876, -0.09138113021850586, 0.49], [1.240453338623047, -0.10254302978515625, 0.5], [1.3477915954589843, -0.13055792808532715, 0.53], [1.4002790832519532, -0.14695313453674316, 0.53], [1.4871058654785156, -0.15136103630065917, 0.5], [1.5909500122070312, -0.11858108520507812, 0.48], [1.5467532348632813, -0.14450698852539062, 0.5], [1.5084736633300782, -0.1530588150024414, 0.49], [1.4802719116210938, -0.17803993225097656, 0.54], [1.4802719116210938, -0.17803993225097656, 0.54], [1.4802719116210938, -0.17803993225097656, 0.54]], "Kalman": [[1.6189189783925273, 2.6027456673521656, 1.2780477602203744], [1.6698717960739689, 2.5792957238690852, 1.2638262938602158], [1.6905979129657671, 2.5916334160650405, 1.2644917644150422], [1.9711667783672997, 2.5300758166852853, 1.2844919848699525], [1.7808496380199395, 2.7090825220176926, 1.2457171752534726], [2.3412382007094013, 2.418066881064635, 1.1861131862250056], [2.6662223839012142, 2.2538991501544903, 1.1234932814451783], [3.1792557026470445, 2.413280700002765, 1.1252713230076932], [3.528985284993121, 2.3096991593087206, 1.10515081190523], [4.118835298460355, 2.4386213079254895, 1.065064818014667], [4.445726319099761, 2.5356185688551145, 1.0462329085167976], [4.4204753295052805, 2.5552370784969547, 1.0258535669015734], [8.421763052401767, 6.866766139052048, 0.955267043081009], [4.658658915628649, 2.5875655779874673, 0.9389445529317485], [4.45756368545395, 2.5714775058360755, 1.0555598478470662], [4.318575304959871, 2.5020096300027537, 1.0702648882455879], [6.681476876227959, 5.857354023933955, 1.00165672143881], [3.9024285277724995, 2.373188579447778, 0.9822665486211682], [3.0815553982427435, 2.088602413479678, 1.0395053692018257], [3.0077837026884997, 2.2174021050905295, 1.1111408748441756], [2.704582101470495, 2.135957403421378, 1.0531424587206029], [2.555344630063889, 2.2074478282493586, 0.9738734486679672], [2.118644670432731, 3.1096522541177305, 0.9011962252315994], [2.569908620846442, 2.4920907827691345, 0.9358792978893121], [2.406384521512069, 2.73023509995764, 0.9909571319690441], [2.9305636450405324, 2.518780610554055, 1.035698054544774], [3.897437556992976, 2.7721763756845426, 1.0098284544576446], [3.9100452522725764, 2.800871553245147, 1.024079153752315], [3.6794296167137106, 3.0721977048822176, 0.9718159948399131], [3.340732698714412, 2.728102769663269, 0.9361717346067117], [3.0229402981034457, 2.703586500188127, 0.9761515389244982], [2.900788843167626, 2.7091519801966935, 1.0392377655801348], [2.929445102712556, 2.5877107573112257, 1.111895176287085], [3.0035132319437796, 2.580707714128973, 0.9869243045136662], [3.3699386586532194, 2.615598909227772, 0.9974536655573306], [3.5047390791981523, 2.538974328874023, 1.0578052752857476], [3.4219672874967073, 2.5996238714421263, 1.0694220682215878], [3.5936941045337374, 2.6081279050839923, 1.0055546365881283], [3.7935089846557224, 2.705400780627272, 0.9637994745417552], [3.750944386037394, 2.734840569994765, 0.999678841010632], [3.649551333828901, 2.66622157752467, 0.9831392388396365], [5.223093028207644, 1.502592620541378, 1.0836598776762476], [5.223093028207644, 1.502592620541378, 1.0836598776762476], [5.223093028207644, 1.502592620541378, 1.0836598776762476]], "UWB": [[1.68550749, 2.51318429, 1.66721396], [1.74730342, 2.47847515, 1.49659134], [1.71719905, 2.52559109, 1.88418551], [2.091618, 2.44913897, 1.58458434], [1.69558909, 2.79187509, 0.24379326], [2.53563782, 2.32090346, 1.75742265], [2.9188679, 2.08470506, 1.27781294], [3.59656155, 2.37102805, 3.59128061], [3.93559739, 2.17153587, 2.8610824], [4.49715061, 2.33933267, 2.88663808], [4.79538428, 2.44394614, 2.35584383], [4.88400941, 2.50252822, 2.42786178], [13.14114127, 11.41166727, -34.07294752], [5.36436972, 2.5480526, 1.84700339], [5.0808497, 2.54939669, 2.5586539], [4.88864391, 2.43495541, 2.46636321], [9.50560367, 8.66524721, -24.07062041], [4.61525596, 2.31103463, 3.30663076], [3.55250677, 1.8978845, 1.6514401], [3.59764285, 2.1211807, 3.05988315], [3.04597185, 1.94369027, 1.97565332], [2.77986187, 2.03295149, 2.04174285], [1.97668195, 3.59854926, -7.30924445], [2.87844208, 2.17646933, 1.98644888], [2.40468459, 2.97362653, -2.60826666], [3.15139828, 2.40149773, 1.68091713], [4.23111809, 2.83784152, 2.93550511], [4.32350338, 2.89004637, 3.116364], [4.23393507, 2.89883523, 3.2667138], [3.77269711, 2.75500497, 2.30245017], [3.27934244, 2.72282015, 1.61270001], [3.13937936, 2.76696753, 1.52531163], [3.12940398, 2.56947207, 1.79316922], [3.23540496, 2.55810823, 1.7434594], [4.03722358, 2.67198309, 3.52676449], [3.95137754, 2.53587726, 2.78344577], [3.77250406, 2.63536855, 2.83301859], [4.06068371, 2.7104421, 3.05188777], [4.34746004, 2.78253799, 3.14770039], [4.29514249, 2.86864434, -0.69262906], [4.14359059, 2.75677626, 3.04482352], [6.99315443, 0.76723083, 1.27641518], [6.99315443, 0.76723083, 1.27641518], [6.99315443, 0.76723083, 1.27641518]], "Distance": [[1.9837436039803507], [1.9317563757924159], [1.9115995953416691], [1.62911086751137], [1.8311263038101617], [1.2614255044717395], [0.9656636394841703], [0.4295881757532937], [0.20311942229958202], [0.522453261803602], [0.8464760417550621], [0.8223325976560076], [6.50523215932209], [1.0622741783966636], [0.8605373370458177], [0.7185781151071323], [4.557118144261035], [0.3279392486316847], [0.6618404485115625], [0.6561872545307532], [0.9665920675914429], [1.0848463555418206], [1.6019018332557655], [1.0301217428652227], [1.215617584497064], [0.6696997421786883], [0.4031737588071958], [0.4320321168720131], [0.5776844099365711], [0.3453265223581388], [0.6119194085921694], [0.7298224391309609], [0.6762669940373279], [0.6019220876376604], [0.25747102477158595], [0.1029254164101192], [0.20401118224841844], [0.10831162530164654], [0.2821971081084662], [0.2791671560045556], [0.17345012977514052], [1.9050596995408764], [1.9050596995408764], [1.9050596995408764]], "Time": [[0.5], [1.1], [1.6], [2.1], [2.7], [3.2], [3.8], [4.4], [4.9], [5.5], [6.0], [6.7], [7.3], [7.9], [8.6], [9.1], [9.7], [10.3], [11.0], [11.6], [12.2], [12.8], [13.5], [14.3], [14.8], [15.4], [16.6], [17.2], [18.1], [18.8], [19.4], [20.1], [21.6], [22.4], [23.5], [24.2], [24.8], [25.8], [28.1], [30.8], [35.8], [58.5], [59.0], [59.5]],