{"IMU": [[0.0018191662430763244, 0.011275897026062012, 0.65], [0.03276428699493408, 0.0480929708480835, 0.7], [0.07638776302337646, 0.0913193416595459, 0.74], [0.13916051864624024, 0.12023693084716797, 0.78], [0.19853105545043945, 0.13763269424438476, 0.82], [0.2471821975708008, 0.15014389038085937, 0.86], [0.30501619338989255, 0.1469617748260498, 0.9], [0.3438703536987305, 0.13709577560424804, 0.96], [0.36607967376708983, 0.12210663795471191, 1.01], [0.38152446746826174, 0.10154535293579102, 1.0], [0.3931991958618164, 0.03536848306655884, 1.06], [0.3941477203369141, -0.009351784586906433, 1.08], [0.3976413726806641, -0.07087578773498535, 1.08], [0.404244384765625, -0.12441129684448242, 1.07], [0.41220703125, -0.15445868492126466, 1.06], [0.4229582214355469, -0.1720883560180664, 1.04], [0.4384287643432617, -0.17606678009033203, 1.01], [0.48087738037109373, -0.14525832176208497, 0.97], [0.519874382019043, -0.10170571327209472, 0.98], [0.5893809127807618, 0.014224753379821778, 1.04], [0.6203764724731445, 0.059525980949401855, 1.04], [0.652133560180664, 0.09552237510681152, 0.98]], "Kalman": [[-0.034179759295856676, -0.008677992358045592, 0.64600443395543], [0.03196278103254148, 0.05665423932447509, 0.686493633271039], [0.08039785395636176, 0.15177791596420612, 0.7270430467047917], [0.14023336751361676, 0.1812445057015735, 0.7653901689972182], [0.2588607898935799, 0.18500450757779957, 0.8063361980869571], [0.30627342219511566, 0.24773892545161896, 0.8426324704835094], [0.390526748362758, 0.23022428634028375, 0.8836814624955931], [0.4157142677752977, 0.2171676724189759, 0.944574877092014], [0.4440299384405729, 0.1865136598842543, 0.9956489063873126], [0.4611740435863893, 0.12429008308383976, 0.988355504182692], [0.4825381558291749, 0.04552068317184044, 1.0462125331318368], [0.46452594600780894, -0.025742253555028738, 1.0788884691062453], [0.5237464761760235, -0.09791081580299005, 1.0823666722138554], [0.4804576354281521, -0.20665287377558547, 1.074555192301519], [0.4909811691058466, -0.2555443544001526, 1.065403494491077], [0.5432330041927843, -0.33742329742394006, 1.0458761603150744], [0.5377653727962266, -0.2968278776068809, 1.016450689229288], [0.6405722426132107, -0.21413902558393674, 0.978082101836673], [0.7432537588451152, -0.16534694982133186, 0.9808207658496814], [0.7883802260385976, -0.011783737903422457, 1.0306682748942155], [0.8485711378068388, 0.10757900739202098, 1.0478702076431354], [0.9505780766523894, 0.10141843318439696, 0.9854403928402542]], "UWB": [[-0.03666670999999999, -0.07317521000000227, 0.7277080199999993], [0.019306809999999786, -0.0064308500000027635, 0.3510493299999994], [0.15654098999999988, 0.030682399999997223, 0.44053387999999927], [0.20920230999999978, 0.06955424999999771, 0.06690837999999932], [0.2127501500000002, 0.24801378999999724, 0.07774926999999943], [0.3136017299999998, 0.3062264499999978, 0.48613716999999934], [0.30069442000000013, 0.43346966999999736, 0.7232811499999993], [0.3005027199999999, 0.44979696999999774, 0.21823038999999922], [0.25531121999999984, 0.48602569999999723, 0.5822038799999992], [0.17093206000000016, 0.5048675299999976, 0.5214496599999993], [0.0956490200000002, 0.5492561199999972, 0.7261166299999994], [0.003941709999999876, 0.5262845799999978, 0.3496555599999994], [-0.04997971000000012, 0.6073538399999974, 0.17102069999999936], [-0.23062528999999987, 0.5375540299999972, 0.2534343099999993], [-0.31058806000000017, 0.5494158499999973, 0.4669327199999994], [-0.45810327000000006, 0.6277649999999975, 0.2805075699999994], [-0.39505252000000013, 0.6015249799999971, 0.19736979999999937], [-0.27799533, 0.7472630599999972, 0.048641219999999374], [-0.2448788300000002, 0.8904508399999971, -0.15315554000000065], [-0.09343900000000005, 0.9031788199999973, 0.5053050399999993], [0.1365166200000001, 1.0522110799999975, 0.8869563199999994], [0.10072034000000007, 1.1696949999999973, 0.2174127099999993]], "Distance": [[1.0342161679690576], [0.9696936424148022], [0.9320432622912429], [0.8786627528147437], [0.7638808785283687], [0.7366350113433376], [0.6515066127693301], [0.6233390849491409], [0.5864213968417357], [0.5529750772485411], [0.5194601936328734], [0.5360924604179053], [0.48621388997637854], [0.5591329706112983], [0.5695639448478472], [0.5678825319581451], [0.5493338142794569], [0.4183824029020994], [0.30538213137375975], [0.21194760015261227], [0.18575237047361715], [0.1128194358120758]], "Time": [[0.6], [1.1], [1.6], [2.2], [2.7], [3.2], [3.8], [4.3], [4.9], [5.5], [6.1], [6.7], [7.2], [7.7], [8.3], [8.9], [9.4], [10.0], [10.7], [11.5], [12.2], [13.4]], "Title": [["ModelBasedAgendUWB_PID"], ["ModelBasedAgendUWB_PID"], ["ModelBasedAgendUWB_PID"], ["ModelBasedAgendUWB_PID"], ["ModelBasedAgendUWB_PID"], ["ModelBasedAgendUWB_PID"], ["ModelBasedAgendUWB_PID"], ["ModelBasedAgendUWB_PID"], ["ModelBasedAgendUWB_PID"], ["ModelBasedAgendUWB_PID"], ["ModelBasedAgendUWB_PID"], ["ModelBasedAgendUWB_PID"], ["ModelBasedAgendUWB_PID"], ["ModelBasedAgendUWB_PID"], ["ModelBasedAgendUWB_PID"], ["ModelBasedAgendUWB_PID"], ["ModelBasedAgendUWB_PID"], ["ModelBasedAgendUWB_PID"], ["ModelBasedAgendUWB_PID"], ["ModelBasedAgendUWB_PID"], ["ModelBasedAgendUWB_PID"], ["ModelBasedAgendUWB_PID"]], "Local": [[true], [true], [true], [true], [true], [true], [true], [true], [true], [true], [true], [true], [true], [true], [true], [true], [true], [true], [true], [true], [true], [true]]}