{"IMU": [[], [], [], [], [], [], []], "Kalman": [[5.337740862269966, 2.6055193286710128, 1.2260724769559732], [5.373516670779716, 2.5960541649741873, 1.2059474010694595], [5.408245633577483, 2.5901442147358344, 1.1844058312797616], [5.504418734187677, 2.5351824410034656, 1.1443745080397145], [5.678347745211113, 2.4997187189024888, 1.145060847279797], [5.839547982165919, 2.4472049719641658, 1.1250389304471513], [5.970052252954923, 2.3114932043700827, 1.106781741428156]], "UWB": [[2.66281662, 5.43594268, 1.11401165], [2.58565993, 5.40899025, 1.26607367], [2.56372021, 5.49222645, 0.83809275], [2.59192491, 5.58974739, 0.90974127], [2.57356632, 5.77307778, 0.78364322], [2.54016737, 5.93650362, 1.03720925], [2.33517071, 6.13370702, 0.94495556]], "Distance": [[0.7293347830033303], [0.6929137250693584], [0.65905758134232], [0.5485540735246552], [0.37861291537773323], [0.21774791341824418], [0.03207742663881296]], "Time": [[0.7], [1.2], [1.8], [2.5], [3.1], [3.6], [4.3]], "Title": [["ModelBasedAgendUWB_PID"], ["ModelBasedAgendUWB_PID"], ["ModelBasedAgendUWB_PID"], ["ModelBasedAgendUWB_PID"], ["ModelBasedAgendUWB_PID"], ["ModelBasedAgendUWB_PID"], ["ModelBasedAgendUWB_PID"]]}