{"IMU": [[-0.01070996880531311, 0.0021349507570266723, 0.66], [0.005676236152648926, 0.021987226009368897, 0.64], [0.045950002670288086, 0.04946439266204834, 0.63], [0.12441095352172851, 0.08307615280151368, 0.62], [0.2779478454589844, 0.10502034187316894, 0.6], [0.3876246643066406, 0.10832581520080567, 0.58], [0.5787108612060546, 0.1017745304107666, 0.57], [1.076881866455078, 0.06062192916870117, 0.55], [1.2998435974121094, 0.03000213861465454, 0.54], [1.57069580078125, -0.03087371349334717, 0.53], [1.6973928833007812, -0.07470224857330322, 0.51], [1.7944012451171876, -0.12695516586303712, 0.5], [1.839287109375, -0.17410028457641602, 0.47], [1.8647456359863281, -0.2686267280578613, 0.47], [1.8552090454101562, -0.2881024742126465, 0.49], [1.8361378479003907, -0.29702049255371094, 0.52], [1.8078401184082031, -0.2947618293762207, 0.52], [1.765545654296875, -0.2739070320129395, 0.5], [1.6833668518066407, -0.2062997817993164, 0.46], [1.6316482543945312, -0.15253792762756346, 0.46], [1.5891461181640625, -0.0890399169921875, 0.46], [1.543289794921875, -0.021176717281341552, 0.5], [1.432684326171875, 0.045255908966064455, 0.55], [1.3562446594238282, 0.05239935398101807, 0.54], [1.314417724609375, 0.046775617599487306, 0.52], [1.292908935546875, 0.031021852493286133, 0.51], [1.3353239440917968, -0.07531187057495117, 0.46], [1.3776628112792968, -0.08016926765441895, 0.5]], "Kalman": [[4.14864799143985, 2.513191139948219, 1.3252886323645745], [4.077949311465759, 2.496019737691153, 1.2863980023914592], [4.202800176258063, 2.5630944091016588, 1.2665653168034512], [4.4955433384436425, 2.728323559536488, 1.2477586217918077], [4.677443055471704, 2.6002925078030366, 1.2083410826262662], [4.948046578950196, 2.6259106535316676, 1.1687778631595709], [5.2061645906597915, 2.7294977313100124, 1.1432565509935282], [5.829127925607604, 2.7344075664398364, 1.1057155839212602], [6.171070614910904, 2.698000727746716, 1.0855718492348312], [6.8836341376025, 2.8136001275098, 1.066066261746548], [6.49656129026944, 2.5583992770600297, 1.0280647147594992], [6.618283569598165, 2.498387551899108, 1.009313671712875], [7.0436955491431235, 2.2843207661069576, 0.9455654411660822], [6.770639435598965, 2.1892682665018324, 0.9491200229300688], [6.769427412983902, 2.1549452130469033, 0.9761177530457041], [6.716382771088657, 2.1267798817186048, 1.0391750203569543], [6.695397828629307, 2.11227675301044, 1.0402987827016876], [6.486151421187595, 2.125410192063597, 1.003283415572223], [6.389742778858843, 2.393587139809742, 0.9267289778263667], [6.302974385548456, 2.551762486734919, 0.9163977079125445], [6.206783476653418, 2.6735963983119757, 0.910447551239863], [6.079396853851292, 2.738780948938974, 0.9908322159708233], [5.988312793809826, 2.7846112932730724, 1.0925156441604884], [5.676166950466318, 2.7520654036047327, 1.0799821007973425], [5.810596157066465, 2.8223482533304467, 1.047571957289903], [5.8027468777937, 2.8020234091949243, 1.0296106427040137], [5.837418869397228, 2.5567288346319685, 0.9309864000929607], [5.950132486912478, 2.60401373413028, 1.0028900524442461]], "UWB": [[3.95962654, 2.47532512, 2.54836927], [3.78864991, 2.40167613, 1.96372801], [3.95487913, 2.49801108, 2.08815722], [4.35630042, 2.75426076, 3.18505056], [4.53533334, 2.54117592, 1.21567753], [4.88519374, 2.48503446, 2.60769192], [5.15616166, 2.79282108, 2.37511378], [5.85508836, 2.84662887, 2.48993648], [6.32700891, 2.82311876, 2.16928824], [7.39486749, 3.07988282, 2.30645493], [6.68172895, 2.69208509, 2.21362476], [6.89274815, 2.60704285, 2.10167237], [7.58974084, 1.96964765, -0.94164678], [7.16349892, 2.15914336, 2.0983704], [7.19035626, 2.09699717, 1.95886653], [7.12274805, 2.03199165, 2.21927211], [7.029639, 2.09718205, 2.14783297], [6.78451179, 1.97753786, 0.4977781], [6.67646779, 2.4013908, 2.20307847], [6.56432963, 2.61961556, 2.02736126], [6.38057784, 2.75414417, 2.12921195], [6.24683163, 2.90922408, 2.21245225], [6.16983512, 2.90257663, 2.22247718], [5.64171315, 2.8459727, 2.76205619], [5.92713238, 3.01062297, 2.26578122], [5.90702599, 3.00079649, 2.31640631], [5.9016047, 2.66142063, 2.29399426], [6.02858584, 2.70054135, 2.28325343]], "Distance": [[1.8513990023149618], [1.9220548097759846], [1.7983070124197191], [1.5216837694937513], [1.326354198033634], [1.0594618882862932], [0.8263436729344389], [0.2900761503664287], [0.26166666481274214], [0.9376322995240067], [0.4999835902859067], [0.6182856721806894], [1.0657475926474598], [0.8309268017720138], [0.8432563962700469], [0.8077731930453264], [0.7961830545285944], [0.6137269169040489], [0.4040088247631289], [0.30736433321295953], [0.26999095489250136], [0.2516350571317125], [0.2848511524412399], [0.4103715531865004], [0.3738745941397744], [0.360731110277251], [0.17219403214622944], [0.11535001408434539]], "Time": [[0.6], [1.1], [1.7], [2.2], [2.8], [3.3], [3.9], [4.5], [5.1], [5.7], [6.3], [6.8], [7.4], [8.0], [8.7], [9.3], [9.8], [10.3], [11.1], [11.8], [12.4], [12.9], [13.6], [14.1], [14.8], [15.4], [16.8], [18.1]], "Title": [["ModelBasedAgendUWB_PID"], ["ModelBasedAgendUWB_PID"], ["ModelBasedAgendUWB_PID"], ["ModelBasedAgendUWB_PID"], ["ModelBasedAgendUWB_PID"], ["ModelBasedAgendUWB_PID"], ["ModelBasedAgendUWB_PID"], ["ModelBasedAgendUWB_PID"], ["ModelBasedAgendUWB_PID"], ["ModelBasedAgendUWB_PID"], ["ModelBasedAgendUWB_PID"], ["ModelBasedAgendUWB_PID"], ["ModelBasedAgendUWB_PID"], ["ModelBasedAgendUWB_PID"], ["ModelBasedAgendUWB_PID"], ["ModelBasedAgendUWB_PID"], ["ModelBasedAgendUWB_PID"], ["ModelBasedAgendUWB_PID"], ["ModelBasedAgendUWB_PID"], ["ModelBasedAgendUWB_PID"], ["ModelBasedAgendUWB_PID"], ["ModelBasedAgendUWB_PID"], ["ModelBasedAgendUWB_PID"], ["ModelBasedAgendUWB_PID"], ["ModelBasedAgendUWB_PID"], ["ModelBasedAgendUWB_PID"], ["ModelBasedAgendUWB_PID"], ["ModelBasedAgendUWB_PID"]], "Local": [[false], [false], [false], [false], [false], [false], [false], [false], [false], [false], [false], [false], [false], [false], [false], [false], [false], [false], [false], [false], [false], [false], [false], [false], [false], [false], [false], [false]]}