{"IMU": [[], [], [], [], [], [], [], [], [], [], [], [], [], [], [], [], [], [], [], [], [], [], [], [], []], "Kalman": [[0.060420280916396674, 0.053376935605064846, 0.680828166137458], [0.08144869649893416, 0.018866409914666604, 0.6854787704419897], [0.14669305644518202, -0.07644390435297081, 0.7150133814157708], [0.2246380082778638, -0.18297714760829203, 0.743433006178519], [0.32199223783839576, -0.269333231283813, 0.7725594924305386], [0.47144380664084967, -0.35731833720807904, 0.87651987993227], [0.6540323546168787, -0.38170678289783194, 0.9223131575402707], [0.8805922479998002, -0.41338956029853, 0.9517793859153081], [1.1318925448184798, -0.41710293122021685, 0.9787536107033116], [1.534613311299158, -0.49539929711773706, 0.9816540198710719], [1.8056504816788268, -0.4460655406110997, 1.0355374052050481], [1.9600284130959875, -0.44447645646285094, 1.1370001484061716], [2.270705840898902, -0.36996813907346565, 1.2638361559549063], [2.403323400928282, -0.2928767923862742, 1.1894607999477387], [2.4627527368544513, -0.418689914558311, 1.1670479890772463], [2.456963596685439, -0.3072386184243105, 1.1688418683720456], [2.4842989437934704, -0.2460325953444219, 1.1610860110296684], [2.4327710229910102, -0.12046669825943218, 1.2266768289277667], [2.344146507716228, -0.1258414783325688, 1.115075134354314], [2.1585838399688315, -0.10971247324629602, 1.0374572187077329], [2.792235323720435, -0.6610410600330212, 0.9462202108671126], [1.8390507634468967, -0.08639583097491499, 0.8782152825530597], [1.5903064135471447, -0.07417233678642966, 0.8689339882365499], [1.2866732370594705, -0.17606578116080884, 0.8658926974413893], [1.0515527718445707, -0.17863149293607314, 0.8628114064474587]], "UWB": [[2.278239, 5.66130669, 0.96874817], [2.27341108, 5.67947463, 1.23128873], [2.10646656, 5.79103857, 1.20330605], [2.01588093, 5.88827723, 1.39547717], [1.94370814, 6.00216187, 1.36993403], [1.81432648, 6.12906096, 1.56147798], [1.76465889, 6.34912733, 1.64555214], [1.72720298, 6.59800164, 2.03491328], [1.73037289, 6.82457475, 1.78470901], [1.74702021, 7.2989707, 1.5828045], [1.7524378, 7.5101914, 1.88585338], [1.73167284, 7.66886461, 2.00723443], [1.86892318, 8.00937097, 2.03219784], [2.00354746, 8.21223658, 1.68830781], [1.78514439, 8.30292373, 1.99866752], [1.94212625, 8.30679045, 1.76460175], [2.10290826, 8.35074958, 1.83372636], [2.16260581, 8.33881833, 1.80225966], [2.28030873, 8.1203431, 1.77843669], [2.15681169, 8.00449783, 1.7402979], [1.16573201, 9.24941309, -1.98132506], [2.21796, 7.64245179, 1.68129754], [2.16631428, 7.35841118, 1.56540347], [2.01936893, 7.10847215, 1.45096931], [1.96150224, 6.85101961, 1.50105806]], "Distance": [[0.9410946529270103], [0.9187450345915212], [0.8567242324293106], [0.7966598111830323], [0.7295443201239843], [0.6380031689917081], [0.5151637407292499], [0.4302895999226024], [0.43745913936182845], [0.7288565402073294], [0.9208947633416091], [1.057929049748315], [1.3234688353051873], [1.4335596894135214], [1.5214949272764708], [1.489005873298641], [1.5045515586108453], [1.4378264949959139], [1.3500244115847158], [1.1637668757198507], [1.9102572441011378], [0.8434870616972534], [0.5949480627914105], [0.33642340011051725], [0.18592175384668871]], "Time": [[0.5], [1.2], [1.8], [2.3], [2.8], [3.4], [3.9], [4.4], [4.9], [5.5], [6.2], [6.8], [7.4], [7.9], [8.4], [9.1], [9.7], [10.2], [10.8], [11.4], [12.1], [12.7], [13.3], [13.9], [14.5]], "Title": [["ModelBasedAgendUWB_PID"], ["ModelBasedAgendUWB_PID"], ["ModelBasedAgendUWB_PID"], ["ModelBasedAgendUWB_PID"], ["ModelBasedAgendUWB_PID"], ["ModelBasedAgendUWB_PID"], ["ModelBasedAgendUWB_PID"], ["ModelBasedAgendUWB_PID"], ["ModelBasedAgendUWB_PID"], ["ModelBasedAgendUWB_PID"], ["ModelBasedAgendUWB_PID"], ["ModelBasedAgendUWB_PID"], ["ModelBasedAgendUWB_PID"], ["ModelBasedAgendUWB_PID"], ["ModelBasedAgendUWB_PID"], ["ModelBasedAgendUWB_PID"], ["ModelBasedAgendUWB_PID"], ["ModelBasedAgendUWB_PID"], ["ModelBasedAgendUWB_PID"], ["ModelBasedAgendUWB_PID"], ["ModelBasedAgendUWB_PID"], ["ModelBasedAgendUWB_PID"], ["ModelBasedAgendUWB_PID"], ["ModelBasedAgendUWB_PID"], ["ModelBasedAgendUWB_PID"]]}