{"IMU": [[0.001626381278038025, 0.017808291912078857, 0.75], [0.01577160358428955, 0.0010764089971780778, 0.8], [0.06513740062713623, -0.03211978912353516, 0.83], [0.15111605644226075, -0.05411745071411133, 0.86], [0.2498420524597168, -0.03721059799194336, 0.9], [0.5733998489379882, 0.029475066661834717, 0.99], [0.748293228149414, 0.046067113876342776, 1.02]], "Kalman": [[-0.006917262395874131, 0.018964203939582917, 0.75], [0.051216741757262194, -0.022455317644858194, 0.8], [0.13799435407356536, -0.075367136640506, 0.83], [0.23854629988025833, -0.05330349131418738, 0.86], [0.3701247396301585, -0.014688201739462354, 0.9], [0.7352501440030004, 0.06360510888210096, 0.99], [0.9156364832826509, 0.054605680284278924, 1.02]], "CMD": [[-5, 10.0, 0, 5], [-5, 10.0, 0, 5], [5, 10.0, 0, 5], [5, 10.0, 0, 5], [5, 9.412085350667406, 0, 5], [5, 7.785686391625034, 0, 5], [-5, 5, 0, 0]], "Distance": [[1.0376618015239183], [0.9698937634670289], [0.8818355509359093], [0.7760496115663786], [0.6379330583190642], [0.27246668810395147], [0.10246454641595468]], "Time": [[0.5], [1.1], [1.7], [2.3], [2.8], [3.4], [3.9]], "Title": [["ModelBasedAgentLQR"], ["ModelBasedAgentLQR"], ["ModelBasedAgentLQR"], ["ModelBasedAgentLQR"], ["ModelBasedAgentLQR"], ["ModelBasedAgentLQR"], ["ModelBasedAgentLQR"]]}