{"IMU": [[0.026123392581939697, -0.02865832805633545, 0.78], [0.06781908988952637, -0.021737072467803955, 0.8], [0.012046053409576415, -0.0041312360763549804, 0.79], [0.13015477180480958, -0.013891724348068237, 0.83], [0.05218883991241455, -0.002586438059806824, 0.83], [0.23575428009033203, -0.004311480522155762, 0.86], [0.12392450332641601, -0.0010800983011722564, 0.87], [0.3616885757446289, -0.003573164939880371, 0.89], [0.21685638427734374, 0.003584299087524414, 0.9], [0.5206434249877929, -0.009907363057136536, 0.92], [0.32285366058349607, 0.005811420083045959, 0.9], [0.7169818115234375, -0.01733358025550842, 0.93], [0.45613731384277345, 0.006110002994537353, 0.93], [1.1616946411132814, -0.027555193901062012, 1.07], [0.6191806030273438, 0.013202037811279297, 0.99], [1.3678956604003907, -0.038203067779541015, 1.06], [0.8340395355224609, 0.0216048789024353, 1.03], [1.5505532836914062, -0.04673250198364258, 1.04], [1.313753662109375, -0.0063917076587677, 1.07], [1.5505532836914062, -0.04673250198364258, 1.04], [1.537412109375, -0.03493927478790283, 1.05], [1.853573760986328, -0.04087270259857178, 0.97], [1.7051766967773438, -0.03280578136444092, 1.06], [1.8291275024414062, -0.010258725881576537, 1.01]], "Kalman": [[0.05108078455166387, -0.02757153118291391, 0.78], [0.12076339209102095, -0.009971460854434228, 0.8], [0.0383941184404906, -0.0027339276160368085, 0.79], [0.21074429523246407, 0.00680623966253591, 0.83], [0.10933893981980318, 0.0025900058635270565, 0.83], [0.3439787986387828, 0.008317367157632965, 0.86], [0.20067447911663538, 0.0027944400693742395, 0.87], [0.5060816804254641, 0.007757619373701735, 0.89], [0.31466646666892656, 0.011985529953757847, 0.9], [0.6940721314884886, -0.0026191828475271616, 0.92], [0.4369711382610562, 0.00701833998870671, 0.9], [0.9228481183514887, -0.005741893899627199, 0.93], [0.6063066986607588, 0.012508487032368384, 0.93], [1.3825307913803293, -0.012040298134319812, 1.07], [0.8004497910868003, 0.022504473490774425, 0.99], [1.5846737273006746, -0.025815171600771007, 1.06], [1.0550801395010456, 0.028366470100762202, 1.03], [1.7276279840965612, -0.03684667809917772, 1.04], [1.551156249058832, -0.02061135596440599, 1.07], [1.7271855985646334, -0.03669554929029009, 1.04], [1.7758254670980629, -0.07203234151381974, 1.05], [1.9968672048342153, -0.02995423481124289, 0.97], [1.8528512979065659, -0.025914986994068794, 1.06], [1.9523048091960207, 0.017197823182279633, 1.01]], "CMD": [[5, 14.193348582317055, 0, 5], [5, 14.036546992126251, 0, 5], [0, 14.37593913562161, 0, 5], [0, 13.548748845811224, 0, 5], [0, 14.1304188659124, 0, 5], [0, 12.918869424606138, 0, 5], [0, 13.63378791172914, 0, 5], [0, 11.986206060943347, 0, 5], [0, 12.994432647865608, 0, 5], [0, 10.851479848950135, 0, 5], [0, 12.19647449999742, 0, 5], [0, 9.535539715193345, 0, 5], [0, 11.340341797551226, 0, 5], [0, 7.934076439131731, 0, 5], [0, 10.15496457514948, 0, 5], [0, 5, 0, -5], [-5, 8.795961952524392, 0, 5], [5, 5, 0, -5], [-5, 7.0135112650710925, 0, -5], [5, 5, 0, -5], [5, 5, 0, -5], [5, 5, 0, -5], [5, 5, 0, -5], [5, 5, 0, -5]], "Distance": [[1.9614908354808922], [1.8898755669452996], [1.972816542136919], [1.797326431659401], [1.8982902709048683], [1.6619492765888748], [1.8040177767964185], [1.4979826855537257], [1.6883402416274016], [1.308378560613788], [1.5662402369129504], [1.0794392736437206], [1.3955061735605871], [0.6215409820539316], [1.1998029650866837], [0.42043113095855744], [0.945821441600549], [0.2777484342606589], [0.454736781834974], [0.2781622924989178], [0.24071327222603503], [0.04250965288823047], [0.16101033221096397], [0.05167781291847546]], "Time": [[0.5], [1.1], [0.6], [1.6], [1.1], [2.1], [1.7], [2.7], [2.2], [3.3], [2.8], [3.8], [3.3], [4.4], [3.9], [4.9], [4.4], [5.4], [5.0], [6.0], [5.5], [6.5], [6.1], [6.6]], "Title": [["ModelBasedAgentPID"], ["ModelBasedAgentPID"], ["ModelBasedAgentPID"], ["ModelBasedAgentPID"], ["ModelBasedAgentPID"], ["ModelBasedAgentPID"], ["ModelBasedAgentPID"], ["ModelBasedAgentPID"], ["ModelBasedAgentPID"], ["ModelBasedAgentPID"], ["ModelBasedAgentPID"], ["ModelBasedAgentPID"], ["ModelBasedAgentPID"], ["ModelBasedAgentPID"], ["ModelBasedAgentPID"], ["ModelBasedAgentPID"], ["ModelBasedAgentPID"], ["ModelBasedAgentPID"], ["ModelBasedAgentPID"], ["ModelBasedAgentPID"], ["ModelBasedAgentPID"], ["ModelBasedAgentPID"], ["ModelBasedAgentPID"], ["ModelBasedAgentPID"]]}