{"IMU": [[-0.001311517059803009, -0.006611337065696716, 0.64], [0.01547036051750183, 0.006674535274505615, 0.64], [0.044474854469299316, 0.02179813861846924, 0.63], [0.10653951644897461, 0.03366634607315064, 0.65], [0.2044922637939453, 0.03359358310699463, 0.64], [0.46818588256835936, 0.01580565094947815, 0.59], [0.6787100982666016, -0.00686889111995697, 0.59], [0.917697525024414, -0.02312103033065796, 0.58], [1.5428370666503906, -0.10737189292907715, 0.53], [1.7135531616210937, -0.1484380054473877, 0.52], [1.804726104736328, -0.17122222900390624, 0.49], [1.8354707336425782, -0.17420137405395508, 0.47], [1.8347412109375, -0.16439456939697267, 0.48], [1.7513893127441407, -0.10201224327087402, 0.54], [1.6593655395507811, -0.044695320129394533, 0.52], [1.5215583801269532, 0.042147135734558104, 0.5], [1.3610145568847656, 0.11211924552917481, 0.48], [1.1600100708007812, 0.14935813903808592, 0.49], [0.9437068176269531, 0.1654085922241211, 0.51], [0.8093271636962891, 0.1692523765563965, 0.55], [0.8027003479003906, 0.16023170471191406, 0.52], [0.8176964569091797, 0.13956509590148924, 0.51], [0.8527912139892578, 0.11040242195129395, 0.48], [0.9025666046142579, 0.07424551963806153, 0.47], [0.9982597351074218, 0.018973901271820068, 0.49], [1.3491293334960937, -0.1729854393005371, 0.56], [1.3910623168945313, -0.1813609504699707, 0.53], [1.380690155029297, -0.15663501739501953, 0.51], [1.3306874084472655, -0.04459765911102295, 0.46], [1.235413818359375, 0.03754595994949341, 0.45], [1.1581340789794923, 0.06583384990692139, 0.48], [1.0541967010498048, 0.10424181938171387, 0.51], [1.0507265472412108, 0.12478911399841308, 0.49], [1.058538818359375, 0.12511502265930174, 0.49], [1.0620301055908203, 0.12625330924987793, 0.49], [1.1158658599853515, 0.10348541259765626, 0.56], [1.116922836303711, 0.09650594711303712, 0.56], [1.1591436767578125, 0.07731126785278321, 0.5], [1.1675186157226562, 0.03279454231262207, 0.48], [1.1675186157226562, 0.03279454231262207, 0.48], [1.1675186157226562, 0.03279454231262207, 0.48], [1.1675186157226562, 0.03279454231262207, 0.48], [1.1675186157226562, 0.03279454231262207, 0.48], [1.1675186157226562, 0.03279454231262207, 0.48], [1.1675186157226562, 0.03279454231262207, 0.48], [1.1675186157226562, 0.03279454231262207, 0.48], [1.1675186157226562, 0.03279454231262207, 0.48]], "Kalman": [[4.299999324189644, 2.4989513645715182, 1.2817754587181256], [4.381965468364241, 2.5446267018732214, 1.2828615096056015], [4.496115677181618, 2.5667075184419033, 1.2626862148768236], [4.63003530489505, 2.6165762985164207, 1.3019307921783025], [4.958632873723825, 2.693050018462946, 1.281139823766826], [4.958376739449167, 2.458013297448267, 1.186679486287464], [5.520734583868079, 2.532310032989525, 1.1850450252392701], [5.844602689564631, 2.548573544840783, 1.166370304248046], [6.476568041744618, 2.362566353430514, 1.0669390728934425], [6.784722241410468, 2.18894995134957, 1.0428561804341534], [7.028565525372674, 2.1165393697257806, 0.9826199276303116], [6.835443730108753, 2.27353661090854, 0.948818029813231], [8.173447850730525, 2.439667225119527, 0.945578636257354], [6.658288721651306, 2.357086335779914, 1.0709311414327265], [6.298621306479445, 2.5495091161212464, 1.041485655490685], [7.139270084790935, 3.048309796586056, 0.9999119864198527], [5.927554282492944, 2.8718676363448554, 0.9594224603335476], [4.988347046187222, 2.589082171422417, 0.9682197882279662], [5.424065208514835, 2.8841907466033914, 1.0147983368040874], [5.372212369007114, 2.9108078643356468, 1.0924233382434734], [5.367584705162188, 2.881598499677706, 1.0485230936884915], [5.286301117739018, 2.7585291725229415, 1.0268530673351184], [5.357614597018657, 2.720198578208891, 0.9696042011621021], [5.6421513387615665, 2.7401001406975234, 0.9430829487117882], [5.773166278226983, 2.6279125864464903, 0.9740922185200813], [6.1511702314489805, 2.3053074160234304, 1.1181778570590601], [6.266871937494172, 2.415595563263662, 1.0628024873006319], [6.168474911929279, 2.5592196627115005, 1.028628676296048], [6.086289913138132, 2.7704758455661946, 0.9290409341610466], [5.9370738811979615, 2.9455404416608206, 0.9085431646492326], [5.75214768726293, 2.8842237967666815, 0.9541037653133926], [5.63136087295097, 2.982195060701284, 1.024662458611083], [5.82952228917488, 3.086098132294608, 0.9875128609915161], [5.718022248904552, 3.0366077763602104, 0.9832664028327285], [5.663348836872646, 3.0886736215621045, 0.9816605728701892], [5.7485136302100095, 3.0426985906473463, 1.1225582542529267], [5.763211885367869, 3.0309980693257152, 1.1206348802919417], [5.773693970406975, 3.037571449445306, 1.0014502441588176], [6.431905834741076, 2.007916279997279, 0.9566501901290327], [6.431905834741076, 2.007916279997279, 0.9566501901290327], [6.431905834741076, 2.007916279997279, 0.9566501901290327], [6.431905834741076, 2.007916279997279, 0.9566501901290327], [6.431905834741076, 2.007916279997279, 0.9566501901290327], [6.431905834741076, 2.007916279997279, 0.9566501901290327], [6.431905834741076, 2.007916279997279, 0.9566501901290327], [6.431905834741076, 2.007916279997279, 0.9566501901290327], [6.431905834741076, 2.007916279997279, 0.9566501901290327]], "UWB": [[4.17567224, 2.4599966, 2.89493521], [4.26186027, 2.53120011, 2.94219984], [4.45269001, 2.54303558, 3.27573858], [4.59558198, 2.6339873, 3.33702497], [5.59228283, 2.93732412, -0.35801414], [4.83018194, 2.37431624, 1.25918445], [5.59543646, 2.52035721, 2.71358491], [5.9600338, 2.56530949, 2.50066744], [6.76784885, 2.37342858, 2.36505023], [7.12470315, 2.05391687, -0.31706615], [7.57672366, 1.9146242, -0.74062543], [7.25778309, 2.18762601, 2.2145959], [10.05119643, 2.51633986, -4.66198818], [7.05209386, 2.25539904, 2.18686955], [6.55830434, 2.51550984, 0.65978735], [8.25604438, 3.37836407, -1.65668009], [6.18666978, 2.97810149, 2.10968316], [4.6684261, 2.43905623, 0.75508383], [5.7753242, 3.08591426, 2.50457904], [5.51304692, 3.06467153, 2.47739495], [5.44190479, 3.0285619, 2.4237233], [5.26476692, 2.83356344, 1.53422875], [5.35468956, 2.80381926, 1.39460434], [5.79364748, 2.87714426, 2.40383348], [5.96762351, 2.74065803, 2.43688908], [6.34052949, 2.20968108, 0.87133109], [6.47981317, 2.47514338, 2.38104036], [6.38623693, 2.63772215, 2.23188156], [6.37245896, 2.9706225, 2.12053155], [6.17995043, 3.19362594, 1.99455046], [5.91066129, 3.05993567, 1.62526173], [5.7240366, 3.25030201, 2.41382985], [6.31511373, 3.43268045, 1.37895923], [5.71107254, 3.27768651, 2.37287735], [5.72651345, 3.43514894, 2.382821], [5.89381815, 3.37147161, 2.16531618], [5.90978462, 3.34238974, 2.22021779], [5.89536039, 3.35973086, 2.55007533], [7.06493621, 1.73607956, 2.67773289], [7.06493621, 1.73607956, 2.67773289], [7.06493621, 1.73607956, 2.67773289], [7.06493621, 1.73607956, 2.67773289], [7.06493621, 1.73607956, 2.67773289], [7.06493621, 1.73607956, 2.67773289], [7.06493621, 1.73607956, 2.67773289], [7.06493621, 1.73607956, 2.67773289], [7.06493621, 1.73607956, 2.67773289]],