{"IMU": [[0.015029548406600953, 0.003674940466880798, 0.69], [0.08322062492370605, -0.013886632919311524, 0.67], [0.25218936920166013, -0.04870209693908691, 0.65], [0.5120276260375977, -0.09984177589416504, 0.64], [0.825289306640625, -0.17044376373291015, 0.62], [1.1799085998535157, -0.2588935852050781, 0.61], [1.553910369873047, -0.35885440826416015, 0.6], [2.3526255798339846, -0.4994311141967773, 0.58], [2.3526255798339846, -0.4994311141967773, 0.58], [2.983902893066406, -0.5257199478149414, 0.55], [3.1423138427734374, -0.5116559982299804, 0.53], [3.2122021484375, -0.48268341064453124, 0.51], [3.2384213256835936, -0.441331787109375, 0.48], [3.2316748046875, -0.3823550796508789, 0.46], [3.143255615234375, -0.3293310546875, 0.52], [2.9604071044921874, -0.2863990974426269, 0.55], [2.7457156372070313, -0.23062553405761718, 0.52], [2.5080531311035155, -0.158843469619751, 0.49]], "Kalman": [[3.6809810120781896, 2.5317949850628834, 1.3865685544257267], [4.061757219536008, 2.6114500142749733, 1.347082177179585], [4.345622668748134, 2.5555258955522633, 1.3081208972023222], [4.6356890845399095, 2.5297615667298867, 1.2876228512901748], [4.72283576301208, 2.328412457576494, 1.2456106135035394], [4.9831865252544825, 2.13103102591998, 1.2260256255989368], [5.441572345378924, 2.097377370205454, 1.2074175416846498], [6.236568364414951, 1.928653517308399, 1.165852579860736], [7.584628746016804, 2.2636195696647143, 1.1618440719990968], [6.790967063310944, 1.9157815036773818, 1.1081673821797682], [6.883096131672068, 1.8946604909564106, 1.0697811284821201], [6.932592476256301, 2.013128286775055, 1.0307128912040375], [8.899627218782548, 2.530854762505681, 0.9711395094992269], [6.885077190081975, 2.146587060630706, 0.9195325559013517], [6.708508144496853, 2.2078279625926633, 1.034693492137089], [6.491372643302899, 2.3017336981096292, 1.107633112364891], [6.3760230089868015, 2.3411166445561764, 1.0513116656326527], [6.127941286842663, 2.452111044195661, 0.9911134561031376]], "UWB": [[3.5936972, 2.49717729, 1.16326349], [4.14711322, 2.66789436, 2.79922993], [4.40413924, 2.60603951, 2.89002111], [4.64118684, 2.615855, 3.0542468], [4.49611826, 2.3230982, 1.84803778], [4.66098686, 2.05678905, 1.64281859], [5.16682848, 2.07687312, 1.59931634], [5.9569239, 1.84513711, 0.97732785], [8.84151798, 2.54359285, -1.99292999], [6.55312901, 1.79547774, 1.3034347], [6.78076067, 1.72832711, 1.08627796], [6.87421133, 1.91079976, 1.08393287], [10.96157642, 2.92078443, -2.80170563], [6.85007558, 2.03350239, 1.20449171], [6.72441427, 2.14376652, 1.10507886], [6.54080338, 2.26123261, 1.4496106], [6.52685661, 2.27044722, -0.60888746], [6.27950474, 2.41554933, 1.11764882]], "Distance": [[2.3305746032775265], [1.9631062598373699], [1.6739945750980896], [1.3835225518905439], [1.2774802370238343], [1.0307570793478489], [0.5940516606747707], [0.4402985365060715], [1.5850463079715273], [0.8793479107606686], [0.9716783909122753], [0.9757172267714012], [2.908802490592335], [0.8982745473235513], [0.7144784638449172], [0.4913757017757527], [0.3782643014441717], [0.19876303138473958]], "Time": [[0.6], [1.1], [1.6], [2.1], [2.7], [3.3], [3.8], [4.4], [5.0], [5.5], [6.1], [6.6], [7.2], [7.7], [8.2], [8.8], [9.3], [9.9]], "Title": [["ModelBasedAgendUWB_PID"], ["ModelBasedAgendUWB_PID"], ["ModelBasedAgendUWB_PID"], ["ModelBasedAgendUWB_PID"], ["ModelBasedAgendUWB_PID"], ["ModelBasedAgendUWB_PID"], ["ModelBasedAgendUWB_PID"], ["ModelBasedAgendUWB_PID"], ["ModelBasedAgendUWB_PID"], ["ModelBasedAgendUWB_PID"], ["ModelBasedAgendUWB_PID"], ["ModelBasedAgendUWB_PID"], ["ModelBasedAgendUWB_PID"], ["ModelBasedAgendUWB_PID"], ["ModelBasedAgendUWB_PID"], ["ModelBasedAgendUWB_PID"], ["ModelBasedAgendUWB_PID"], ["ModelBasedAgendUWB_PID"]]}