{"IMU": [[-0.008279408216476441, -0.008548184037208558, 0.72], [0.01649834990501404, -0.025458805561065674, 0.73], [0.053406286239624026, -0.041184401512145995, 0.75], [0.2590414237976074, -0.11268241882324219, 0.8], [0.4205493545532227, -0.15718672752380372, 0.82], [0.6236544799804687, -0.20813194274902344, 0.86], [0.8780189514160156, -0.2291492462158203, 0.91], [1.1414207458496093, -0.23048423767089843, 0.95], [1.4284156799316405, -0.21549694061279298, 0.99]], "Kalman": [[0.09707481388112556, 0.29367799524514104, 0.7207289879614963], [0.17796167101790267, 0.25699794894487915, 0.7248096538907479], [0.23891613563099068, 0.22699143181568673, 0.7421424572059379], [0.5410952127174076, 0.15282544422007616, 0.7927330117647217], [0.464140457609471, -0.06647083100637413, 0.8055987558728982], [0.9735572980664065, -0.014591262452493044, 0.8483871394125758], [0.9682846822674084, -0.15093846665818725, 0.8961050159351368], [1.4873356040530643, -0.008820071303635942, 0.9378995284634662], [1.920953950435214, -0.017826319279703795, 0.9781851356324235]], "UWB": [[0.5397304999999988, 0.1881859300000004, 0.5009933299999982], [0.470934049999999, 0.2541063800000005, 0.6798516999999982], [0.469901989999999, 0.31838754999999974, 0.9182139999999981], [0.39843236999999876, 0.6543023699999999, 0.9849102599999981], [0.05887118999999874, 0.3072012200000005, -0.4176908600000018], [0.19426657999999897, 0.9944700400000004, 0.9259301199999981], [-0.07475597000000134, 0.77083631, -1.1962816100000018], [0.16669710999999898, 1.4977583699999997, 0.5466408199999981], [0.12582299999999869, 1.99717959, -0.010211940000001807]], "Distance": [[1.9254534605792886], [1.8400738077701526], [1.7756524117795744], [1.466887451291724], [1.5372972729198224], [1.0265464067896266], [1.0426979033071788], [0.5127402622473075], [0.08103120146499461]], "Time": [[0.6], [1.2], [1.8], [2.4], [2.9], [3.5], [4.1], [4.6], [5.2]], "Title": [["ModelBasedAgendUWB_LQR"], ["ModelBasedAgendUWB_LQR"], ["ModelBasedAgendUWB_LQR"], ["ModelBasedAgendUWB_LQR"], ["ModelBasedAgendUWB_LQR"], ["ModelBasedAgendUWB_LQR"], ["ModelBasedAgendUWB_LQR"], ["ModelBasedAgendUWB_LQR"], ["ModelBasedAgendUWB_LQR"]]}