{"IMU": [[-0.012512425184249878, -0.009418092966079712, 0.54], [-0.006731901168823242, 0.005034981369972229, 0.5], [0.010965211391448975, 0.007506096959114075, 0.51], [0.039596757888793944, -0.0003147759661078453, 0.51], [0.14467212677001953, -0.04240897655487061, 0.52], [0.1981721878051758, -0.04777450084686279, 0.57], [0.312143497467041, -0.041503677368164064, 0.62], [0.42983016967773435, -0.023177819252014162, 0.65], [0.694743881225586, 0.07348658084869385, 0.66], [0.7987752532958985, 0.12736921310424804, 0.64], [0.8890769958496094, 0.15413759231567384, 0.63], [1.1012848663330077, 0.16475824356079102, 0.6], [1.2045671844482422, 0.15298046112060548, 0.57], [1.2838775634765625, 0.12341704368591308, 0.53], [1.307257843017578, 0.09974515914916993, 0.5], [1.3132730102539063, 0.06244790077209473, 0.46], [1.2850595092773438, -0.027835440635681153, 0.43], [1.245286102294922, -0.04866600513458252, 0.44], [1.1845363616943358, -0.04729333400726318, 0.46], [1.1164875030517578, -0.045125579833984374, 0.49], [1.0276701354980469, -0.031084210872650148, 0.52], [0.8873282623291016, 0.025472404956817626, 0.52], [0.7720684051513672, 0.11345673561096191, 0.47], [0.7453366088867187, 0.19211912155151367, 0.44], [0.7362274932861328, 0.25407508850097654, 0.47], [0.7663375091552734, 0.3267913055419922, 0.53], [0.8053626251220704, 0.34830753326416014, 0.57], [0.8243462371826172, 0.35447399139404295, 0.55], [0.8870117950439453, 0.3355072021484375, 0.51], [0.9314745330810547, 0.31582164764404297, 0.48], [0.9875413513183594, 0.29522735595703126, 0.47], [1.0496395874023436, 0.27575323104858396, 0.5], [1.1194449615478517, 0.25220077514648437, 0.52], [1.2589156341552734, 0.1455722141265869, 0.49], [1.264857635498047, 0.1398776912689209, 0.47], [1.2504652404785157, 0.16767322540283203, 0.47], [1.2032568359375, 0.1896816062927246, 0.52], [1.2057463836669922, 0.22938676834106445, 0.47], [1.1921111297607423, 0.21850189208984375, 0.49], [1.1440106964111327, 0.16179529190063477, 0.49], [1.1431566619873046, 0.17197582244873047, 0.5], [1.1187374877929688, 0.15955978393554687, 0.5], [1.1187374877929688, 0.15955978393554687, 0.5], [1.1187374877929688, 0.15955978393554687, 0.5], [1.1187374877929688, 0.15955978393554687, 0.5]], "Kalman": [[4.455210557096999, 2.519049905576699, 1.0868764892235048], [4.465087371606373, 2.533601141795401, 1.0019374838511732], [4.739374116453925, 2.627147808361233, 1.0149417750121577], [4.527548149273588, 2.5068717272207497, 1.0113515660715888], [4.72232809894439, 2.4178049743767724, 1.0374763272493335], [4.874160567731288, 2.38735407649225, 1.1316668599968847], [5.1002715533203755, 2.328804629246059, 1.2320724630582753], [5.330539571998666, 2.385872165490593, 1.2980303766486314], [5.6200224270224926, 2.5212187615746062, 1.3210737963181836], [5.809380565267994, 2.593561183194179, 1.2839117970822795], [5.973412167135759, 2.674843738621383, 1.2658888368345318], [6.268701317342281, 2.6620700486662034, 1.2100482285461558], [6.926838346710578, 2.744987372776247, 1.1484523199291823], [6.364445025422609, 2.536157125714265, 1.0714326718149163], [6.77706481872697, 2.7595165211602146, 1.012545114887216], [6.458218187449168, 2.344650621678859, 0.9272358716623379], [6.4019978818898675, 2.3159145483655386, 0.8677982996665405], [6.311627330425391, 2.2618977157168016, 0.8783084565797432], [6.242467479365862, 2.249784119826968, 0.9122012792399725], [5.987085791206411, 2.2244363619509726, 0.9745346340553765], [6.108669680023023, 2.3227698362136, 1.0308744127507548], [5.855057917200917, 2.376759163890064, 1.0339145600230253], [5.6724200430875875, 2.601054772705944, 0.9466435191507437], [5.618399091905196, 2.7479835272238313, 0.8698830282684067], [5.959637581210677, 2.8776709407240117, 0.9295866229071944], [5.628507033307925, 2.877409840794341, 1.0489046272452622], [6.008207999662158, 2.961233459891818, 1.1415457526276993], [5.365000736643864, 2.7458934121081136, 1.1108388094920152], [5.824640297689573, 2.859831139210552, 1.0317216177411002], [5.8974381905575965, 2.8541586755815818, 0.9724347975371332], [6.030937456813464, 2.820059281033737, 0.9532816351165174], [6.2336614977688445, 2.8163358098423052, 0.9971448819927236], [6.285137725408167, 2.7472225456652155, 1.0407306100862563], [6.602696082449053, 2.437412881204986, 0.985146705745358], [6.491887097805626, 2.536485562999223, 0.9436537443310756], [6.433404526939329, 2.6239652221599283, 0.9439470494192965], [5.77099274353938, 2.4974577955188977, 1.045216596241848], [6.354197653542769, 2.729703142934006, 0.9388607598586534], [6.314578857611455, 2.7298032491652098, 0.981757449377488], [6.149920021002313, 2.57235353091653, 0.9807385935701691], [6.108203214793202, 2.614291160463944, 1.0004627694309323], [6.565067720224902, 1.9586698596415677, 1.0002265863788997], [6.483678415915889, 1.7162913784960856, 0.9992371223367131], [6.483678415915889, 1.7162913784960856, 0.9992371223367131], [6.483678415915889, 1.7162913784960856, 0.9992371223367131]], "UWB": [[4.35298504, 2.45428486, 3.1645986], [4.35109943, 2.47205648, 2.87296059], [4.82787001, 2.65508014, 0.40343158], [4.40808482, 2.45337021, 3.1766937], [4.65202002, 2.32865206, 2.88824267], [4.84485411, 2.2608929, 2.66457928], [5.13397689, 2.14942948, 2.8972312], [5.44454618, 2.22573528, 2.6781931], [5.74081588, 2.3679392, 2.69762376], [6.00975961, 2.43799285, 2.42817733], [6.26437568, 2.60333338, 2.34769199], [6.61237313, 2.60183912, 2.16223968], [8.30106921, 2.84971863, -1.73431644], [6.61300981, 2.36686795, 1.38844154], [7.46877333, 2.83922174, 1.67611424], [6.88946129, 2.13325534, 0.13310362], [6.83558793, 2.1581067, 2.12474517], [6.70854004, 2.06136786, 2.26294025], [6.67928502, 2.00216804, 2.28090555], [6.55138754, 2.00625828, 2.39367955], [6.59252514, 2.09418703, 1.89606601], [6.20942033, 2.14497148, 2.51667141], [5.97808477, 2.46986065, 2.48877756], [5.8509694, 2.63192982, 2.52385196], [6.46131023, 2.8508293, 1.64660412], [5.80821831, 2.81848466, 2.1002249], [6.48302253, 2.96758728, 1.45291521], [4.88800652, 2.44582641, 3.60487785], [6.06947754, 2.81942571, 2.10591508], [6.15572498, 2.83184767, 2.10460163], [6.35218637, 2.79502841, 2.15446239], [6.64555006, 2.80243599, 2.18307711], [6.69136743, 2.71238651, 2.01385585], [7.01668423, 2.18134313, 2.04255528], [6.9949796, 2.37093839, 2.03885547], [6.91043035, 2.49666522, 2.01727141], [5.69688319, 2.24830504, 3.9593485], [6.79443003, 2.64916172, -0.11092978], [6.73940418, 2.66946154, 2.08964574], [6.49713962, 2.44123532, 0.48262761], [6.42253807, 2.47074596, 0.70178116], [7.0398343, 1.14304065, 2.15158541], [6.99802633, 0.894868, 0.95430761], [6.99802633, 0.894868, 0.95430761], [6.99802633, 0.894868, 0.95430761]], "Distance": [[1.5449068974559748], [1.53528036968242], [1.2670217770178167], [1.4724678853349003], [1.2803130511653236], [1.1314607953146456], [0.9158706965134921], [0.6791188609290244], [0.38056956237807166], [0.21234279808423967], [0.1768537412426416], [0.3137946758887776], [0.9586699816688768], [0.3662342341933686], [0.8192548793008675], [0.4838360638211724], [0.4421422288669151], [0.39217890158565727], [0.3484228253728506], [0.2758660823725523], [0.20789331473633388], [0.1902538069296176], [0.3428129158263849], [0.45509898135806903], [0.3798216217093028], [0.5295707811332577], [0.4613064879039002], [0.6809461319230806], [0.40028673965042283], [0.3687103093836677], [0.32155103733298307], [0.3932760355375939], [0.37738906917945153], [0.6059370555086532], [0.4932383939790289], [0.450784716108104], [0.22902136650374771], [0.42216052829340184], [0.38957591170786654], [0.16646635135493032], [0.1573861653760549], [0.7825214689071783], [0.9209473456406013], [0.9209473456406013], [0.9209473456406013]],