{"IMU": [[0.008186147809028625, 0.016560531854629516, 0.61], [0.041164674758911134, 0.048413324356079104, 0.6], [0.10641706466674805, 0.10768798828125, 0.61], [0.1972178649902344, 0.17482877731323243, 0.6], [0.5519217681884766, 0.4655759811401367, 0.56], [0.7934357452392579, 0.6700849151611328, 0.56], [1.047042694091797, 0.8391368103027343, 0.54], [1.3604924011230468, 0.9584136199951172, 0.53], [1.667538604736328, 1.0372749328613282, 0.51], [1.968736114501953, 1.0827730560302735, 0.5], [2.266185455322266, 1.1015316009521485, 0.56], [2.2906494140625, 1.0846263122558595, 0.51], [2.2956690979003906, 1.0565389251708985, 0.48], [2.2810287475585938, 1.014009017944336, 0.45], [2.2445889282226563, 0.9570760345458984, 0.46], [2.077048034667969, 0.8048755645751953, 0.5], [1.9729829406738282, 0.7507685852050782, 0.51], [1.8301341247558593, 0.7001085662841797, 0.51], [1.4902116394042968, 0.5634162521362305, 0.47], [1.3762351989746093, 0.4903568267822266, 0.46], [1.31451171875, 0.4352290725708008, 0.5], [1.2769932556152344, 0.38554821014404295, 0.51], [1.2752384948730469, 0.2942172622680664, 0.51], [1.29798828125, 0.26990312576293946, 0.49], [1.3308718872070313, 0.26218772888183595, 0.47], [1.461697998046875, 0.33465240478515623, 0.51], [1.4790184020996093, 0.35457626342773435, 0.5], [1.503098907470703, 0.3817304992675781, 0.48], [1.52726806640625, 0.4079770660400391, 0.46]], "Kalman": [[4.256326300041778, 2.2484060946344147, 1.2237818177982558], [4.401610737685509, 2.378648141961469, 1.2032583801322323], [4.634126556989335, 2.350816266055322, 1.2232170757095844], [4.762013489060048, 2.475924598901818, 1.2072733333202994], [5.2795770113417735, 2.976136103299472, 1.1237534859742904], [5.7723042299190315, 3.1308589641186892, 1.1223354267801977], [5.192014211555719, 3.0671676328357, 1.0850321421462188], [6.022933842438875, 3.4075920534743114, 1.0620385667442083], [6.272950688494788, 3.4492922437412914, 1.0252828846472029], [6.684868286088482, 3.5151486927286033, 1.0040904965079736], [6.7846098575717155, 3.4104972621931267, 1.126712115856826], [6.97227327489721, 3.2812842639411017, 1.0304082935637486], [7.33174446146292, 3.39076587521678, 0.9683366884857367], [6.599273524357614, 3.0644261229585976, 0.8981159318373277], [6.634046982905471, 3.292100442065408, 0.9109203173774773], [6.475553440319211, 2.9642678326477814, 0.9975034929899599], [6.269036640802561, 2.9292571603062427, 1.0165398766466458], [5.9648174145299855, 2.8171631145832943, 1.0259675733711735], [5.592356456971218, 2.6083014697579827, 0.9501870789562913], [5.8239007716802496, 2.766920069986166, 0.9101325007415021], [5.118319339464931, 2.5877463260933617, 0.9966637236146006], [5.412845140517554, 2.4141632929217094, 1.0194965050152547], [5.392203942766532, 2.210700655915483, 1.0237120042741068], [5.4672227859478815, 2.122308198505337, 0.9900666098761577], [5.519406371579603, 2.1709758396901266, 0.9492369866623271], [5.746237052597174, 2.3013342249105366, 1.0151513757359543], [6.188619596087933, 2.583938686173702, 1.0028725868537764], [5.851759770670671, 2.4198236224074603, 0.9708633223598667], [5.897501328416748, 2.4636165154671046, 0.9173614778963302]], "UWB": [[4.29263063, 2.56912353, 2.90168232], [4.51209856, 2.76157292, 3.27994526], [4.82297703, 2.6419683, 2.54701621], [4.99996906, 2.81984399, 2.62312431], [5.52783441, 3.40002207, 2.28059171], [6.19508223, 3.47631559, 1.45675821], [4.8887782, 3.2787019, -0.20318197], [6.05995577, 3.843364, 1.31147957], [6.30445587, 3.89605128, 1.92922845], [6.72370145, 3.94554084, 1.5783741], [6.96420223, 3.80377609, 0.8307808], [7.36737878, 3.62311086, 0.65387353], [8.02916727, 3.85375931, 0.31013093], [6.7679818, 3.33300869, 2.57439599], [6.85415695, 3.77524491, -2.48156447], [6.74445878, 3.357241, 1.83861424], [6.49072681, 3.29537648, 2.16949097], [6.11009405, 3.12706465, 2.05695419], [5.71590012, 2.86283101, 2.26722693], [6.12792063, 3.21668615, 2.16455813], [4.74003573, 2.91066634, 3.79713605], [5.30349127, 2.43662222, 2.32375735], [5.3551899, 2.35371613, 2.25739576], [5.45281563, 2.19279447, 2.65240521], [5.50886644, 2.2784996, 1.75430768], [5.80291645, 2.42789114, 2.12797359], [6.63087536, 2.93047417, 1.58625213], [5.95846323, 2.58628101, 2.37314001], [6.0424935, 2.65191802, 2.35956185]], "Distance": [[1.7617313828001997], [1.602989241177765], [1.3739963787417655], [1.238220588670417], [0.8635478397011115], [0.6706924752236832], [0.9871778755950609], [0.9078817635896915], [0.9877539381734473], [1.2245698990414415], [1.2019225819743495], [1.24728522085421], [1.6021882395923017], [0.8232287684927381], [1.0146125796833714], [0.6646019071827176], [0.5065988785701224], [0.3191085325912341], [0.4217848581027984], [0.31977689406245624], [0.8860362322752031], [0.5933959633296263], [0.6731345762002433], [0.6530717087192041], [0.5824320850931035], [0.32227895318569355], [0.20645351792823052], [0.1685331335834993], [0.10876458809321518]], "Time": [[1.1], [1.6], [2.2], [2.8], [3.4], [3.9], [4.5], [5.0], [5.6], [6.3], [6.9], [7.6], [8.2], [8.7], [9.3], [9.9], [10.6], [11.3], [11.9], [12.6], [13.2], [13.7], [14.4], [15.0], [15.5], [16.9], [17.5], [18.2], [19.2]], "Title": [["ModelBasedAgendUWB_PID"], ["ModelBasedAgendUWB_PID"], ["ModelBasedAgendUWB_PID"], ["ModelBasedAgendUWB_PID"], ["ModelBasedAgendUWB_PID"], ["ModelBasedAgendUWB_PID"], ["ModelBasedAgendUWB_PID"], ["ModelBasedAgendUWB_PID"], ["ModelBasedAgendUWB_PID"], ["ModelBasedAgendUWB_PID"], ["ModelBasedAgendUWB_PID"], ["ModelBasedAgendUWB_PID"], ["ModelBasedAgendUWB_PID"], ["ModelBasedAgendUWB_PID"], ["ModelBasedAgendUWB_PID"], ["ModelBasedAgendUWB_PID"], ["ModelBasedAgendUWB_PID"], ["ModelBasedAgendUWB_PID"], ["ModelBasedAgendUWB_PID"], ["ModelBasedAgendUWB_PID"], ["ModelBasedAgendUWB_PID"], ["ModelBasedAgendUWB_PID"], ["ModelBasedAgendUWB_PID"], ["ModelBasedAgendUWB_PID"], ["ModelBasedAgendUWB_PID"], ["ModelBasedAgendUWB_PID"], ["ModelBasedAgendUWB_PID"], ["ModelBasedAgendUWB_PID"], ["ModelBasedAgendUWB_PID"]], "Local": [[false], [false], [false], [false], [false], [false], [false], [false], [false], [false], [false], [false], [false], [false], [false], [false], [false], [false], [false], [false], [false], [false], [false], [false], [false], [false], [false], [false], [false]]}