{"IMU": [[-0.007990067601203918, 0.0017506253719329833, 0.78], [-0.024330310821533203, -0.0004976370930671692, 0.81], [-0.014511635303497314, -0.008327492475509644, 0.84], [0.023817365169525147, -0.021646828651428224, 0.86], [0.0925664520263672, -0.03669094562530518, 0.89], [0.29425558090209963, -0.010599738359451294, 0.94], [0.4213535308837891, 0.024390809535980225, 0.99], [0.5700372314453125, 0.04398183822631836, 1.02], [0.7325783538818359, 0.021869237422943114, 1.0]], "Kalman": [[-0.03731795551031433, 0.005160731129382793, 0.78], [-0.029730693282489024, -0.004536103260240385, 0.81], [0.009712091513052728, -0.01949770243097055, 0.84], [0.07630194354771092, -0.03927493242344284, 0.86], [0.17034947869748052, -0.041542321955302136, 0.89], [0.40550399290046624, 0.0033124212293128737, 0.94], [0.5617873348523709, 0.053827723886082174, 0.99], [0.7298177342964594, 0.04652675979590059, 1.02], [0.8907995081654785, -0.021920778956769915, 1.0]], "CMD": [[0, 10.0, 0, 5], [0, 10.0, 0, 5], [0, 10.0, 0, 5], [5, 10.0, 0, 5], [5, 10.0, 0, 5], [5, 10.0, 0, 5], [0, 7.348374771272214, 0, 5], [-5, 5.416606427238225, 0, 0], [-5, 5, 0, -5]], "Distance": [[1.0604033072231944], [1.0471226656513664], [1.003319641039454], [0.9350725211504197], [0.8379413774310112], [0.5975252920100448], [0.44161947845916444], [0.2748876062644587], [0.11137893861486096]], "Time": [[0.6], [1.2], [1.7], [2.2], [2.7], [3.3], [3.9], [4.4], [4.9]], "Title": [["ModelBasedAgentLQR"], ["ModelBasedAgentLQR"], ["ModelBasedAgentLQR"], ["ModelBasedAgentLQR"], ["ModelBasedAgentLQR"], ["ModelBasedAgentLQR"], ["ModelBasedAgentLQR"], ["ModelBasedAgentLQR"], ["ModelBasedAgentLQR"]]}