{"IMU": [[-0.007384943962097168, 0.0029610028862953187, 0.69], [0.01753042459487915, 0.037240955829620365, 0.65], [0.05713935852050781, 0.08995010375976563, 0.64], [0.13527807235717773, 0.158505859375, 0.62], [0.27313276290893557, 0.19912736892700195, 0.58], [0.5010086441040039, 0.23207035064697265, 0.57], [1.0405307006835938, 0.2621708869934082, 0.54], [1.32940185546875, 0.26090999603271486, 0.54], [1.5932498168945313, 0.2474885368347168, 0.53], [1.8142460632324218, 0.22083833694458008, 0.52], [1.9670408630371095, 0.1648883056640625, 0.5], [2.0251396179199217, 0.08492183685302734, 0.46], [2.032101898193359, 0.028898890018463134, 0.47], [2.025088348388672, -0.03305723428726196, 0.5], [2.0093867492675783, -0.10371678352355956, 0.52], [1.9763790893554687, -0.15495963096618653, 0.54], [1.93171875, -0.18483383178710938, 0.51], [1.8790455627441407, -0.1985994529724121, 0.49], [1.8206430053710938, -0.20119274139404297, 0.46], [1.6803530883789062, -0.17306856155395509, 0.51], [1.5868653869628906, -0.13631242752075196, 0.52], [1.490626983642578, -0.11321282386779785, 0.48], [1.3842738342285157, -0.09802746772766113, 0.45], [1.2021636962890625, -0.028934829235076905, 0.44], [1.1651602172851563, 0.038433220386505124, 0.47], [1.1527828216552733, 0.1089219856262207, 0.5], [1.1624277496337891, 0.17525781631469728, 0.53], [1.2519158935546875, 0.2599217987060547, 0.52], [1.3309458923339843, 0.2845867919921875, 0.51], [1.4417694091796875, 0.30615198135375976, 0.47], [1.5175619506835938, 0.29682435989379885, 0.47], [1.5979010009765624, 0.28524757385253907, 0.5], [1.7807228088378906, 0.2507394599914551, 0.54], [1.8373809814453126, 0.2265831184387207, 0.53], [1.9003538513183593, 0.13513462066650392, 0.47], [1.8973281860351563, 0.16029655456542968, 0.48], [1.8903558349609375, 0.18917646408081054, 0.54], [1.9046696472167968, 0.19913372039794922, 0.55], [1.9074453735351562, 0.2077547836303711, 0.52], [1.8346452331542968, 0.25977436065673826, 0.43], [1.8324041748046875, 0.22164121627807618, 0.44], [1.8540655517578124, 0.16514793395996094, 0.5]], "Kalman": [[4.065910205056985, 2.4427856825856877, 1.3939543593788744], [4.171508515915389, 2.586113726699187, 1.3095374387588483], [4.315886461975982, 2.694115582961914, 1.2883605491842902], [4.602917611153469, 2.9478029488097435, 1.2491879051400518], [4.8684902779618335, 2.808532657731348, 1.1664064700257353], [5.173465429076212, 2.8823352239784046, 1.1454957742984204], [5.725115481280624, 2.974707480784281, 1.0849515798463796], [6.259219278107215, 2.903020381593948, 1.0820891099744847], [6.327082057048402, 2.9675293946945205, 1.0651357044007872], [6.469295979003516, 2.814784749277292, 1.0441860765641824], [6.939643663030469, 2.8923619991612246, 1.0064202791820307], [6.669019778711625, 2.6688641009992335, 0.9278007191311461], [6.625928704193339, 2.517559820952506, 0.9333772942782513], [6.63990032575054, 2.3992228767380155, 0.9942148768849629], [6.5469637919512325, 2.188543184362185, 1.0410696911267856], [6.665244190953018, 2.0005956906100923, 1.0854355016424528], [6.450381689736905, 2.1303945098167936, 1.0300102728465925], [6.22511158062899, 2.0378841409509354, 0.987303024002799], [6.192499799454125, 2.138443020671367, 0.9298352702737898], [6.820085716798348, 2.5397752058614413, 1.0214939642207541], [6.272974322998609, 2.6331803915947347, 1.0491263047561035], [5.684457388041224, 2.3791478189288684, 0.9728777741012408], [5.5528378179728515, 2.428701582866975, 0.9030077614404569], [5.311540819944558, 2.5075025926993124, 0.879083776415217], [5.309360544673529, 2.6541175556274013, 0.9342409700252239], [5.301782022018801, 2.744000210365293, 0.9938908582876907], [5.387893581343201, 2.8764719803824517, 1.0541336738586662], [5.581811895626695, 3.0276232054171914, 1.0470798924361342], [5.669583019289875, 3.0788171798226625, 1.0207446549561225], [5.658532654205727, 3.0061418868620557, 0.9485489949529313], [6.020203326092811, 3.1034215296050984, 0.9353407776471037], [6.091127572040155, 3.0736680547756094, 0.9940439464104681], [6.5508421542136785, 3.113240215425294, 1.0736563742783019], [6.247388866342266, 2.929686743298782, 1.063111749166032], [6.46514974324171, 2.8422291874844983, 0.943593763918576], [5.915268965843842, 2.6409190662435558, 0.9571302873027158], [6.3393831429664615, 2.887049741432323, 1.0748264128301466], [6.353759152930589, 2.955574019492134, 1.1086559826405784], [6.377617758975438, 2.997080339551789, 1.0509271384585854], [5.662728991241748, 2.8867485776842723, 0.8614564878862856], [6.218338008444007, 2.9870923004001653, 0.8805041716620257], [6.05048292083983, 2.513143303599471, 1.0020025110911732]], "UWB": [[3.84424768, 2.35465434, 2.08655783], [3.98889794, 2.5722206, 2.08803903], [4.18071883, 2.67502107, 2.78846553], [4.6244613, 3.12840425, 3.53527383], [4.88941732, 2.85361945, 2.52514024], [5.19097603, 2.97359884, 2.59893182], [5.72186846, 3.12768126, 2.49330732], [6.45530335, 3.02056684, -0.11593126], [6.37262401, 3.1539912, 2.05096724], [6.54602794, 2.91845695, 0.22929506], [7.38123233, 3.10287267, 1.60571373], [6.8830304, 2.76003406, 2.21879843], [6.84024084, 2.54161005, 2.19385109], [6.86738618, 2.37936979, 2.18808397], [6.74557319, 2.07649739, 0.56477975], [6.98550004, 1.7379499, -0.39149229], [6.64366653, 1.97154081, 2.43953412], [6.28073582, 1.80147351, 0.68719398], [6.27222905, 1.96554489, 2.38654024], [7.54013421, 2.6677112, 3.01854168], [6.64893906, 2.78465004, 1.32885486], [5.66215709, 2.32651288, 2.37927836], [5.5965049, 2.44307532, 2.33329546], [5.20986908, 2.46872604, 2.40441655], [5.20558702, 2.65733068, 2.73670816], [5.14793424, 2.76630449, 2.52297175], [5.27910287, 2.97157044, 2.77755846], [5.52926837, 3.20278353, 2.46672888], [5.63512961, 3.29832561, 2.38989119], [5.4605642, 3.11081579, 1.99926979], [6.10549169, 3.34621131, 1.90062025], [6.17032587, 3.28741193, 2.10485118], [6.81337715, 3.41028435, 1.09296881], [6.23719557, 3.09550048, 1.723933], [6.63512661, 2.98446492, 2.03780363], [5.54155246, 2.53388151, 3.39706049], [6.42541161, 3.01045933, 1.87354025], [6.43226455, 3.1345777, 1.80681931], [6.46230888, 3.18052911, 1.88945431], [5.12285681, 2.91740966, 3.25882043], [6.39184556, 3.24732977, 1.64281516], [5.83810819, 2.29820742, 1.9343474]], "Distance": [[1.9349358679346191], [1.8305181455795423], [1.6952637754946631], [1.4670946398197464], [1.1728199571774254], [0.9106808554190579], [0.5485514478552957], [0.479186875991567], [0.5705842680502495], [0.5650912796057257], [1.0182721403726562], [0.6900018470363913], [0.6261749675969464], [0.6477873535880495], [0.6294241318164715], [0.8318380237966683], [0.5826249950215302], [0.5140294650289391], [0.4096091088966698], [0.8210497243760458], [0.30373013963364864], [0.33789405089675106], [0.45281064620982087], [0.6885000591865064], [0.707626369072132], [0.7396245313903947], [0.7186135399322346], [0.6732514667893791], [0.666486840679886], [0.6105567605719124], [0.6037596514973231], [0.5808608021341819], [0.824312222809796], [0.4958144295568907], [0.5774816883712667], [0.16443093194447206], [0.5147702595067256], [0.5767956531722368], [0.6242467748114953], [0.5131531893008331], [0.5337887176031546], [0.052165809933599136]], "Time": [[0.5], [1.2], [1.7], [2.3], [2.8], [3.3], [3.9], [4.6], [5.2], [5.8], [6.3], [6.9], [7.6], [8.1], [8.7], [9.2], [9.7], [10.2], [10.8], [11.5], [12.2], [12.7], [13.3], [14.0], [14.7], [15.3], [15.9], [16.8], [17.3], [18.0], [18.7], [19.3], [20.0], [20.5], [22.4], [23.2], [24.5], [25.3], [25.8], [30.3], [31.0], [35.2]],