{"IMU": [[-0.0026598861813545227, 0.0012501703202724456, 0.58], [0.034511051177978515, -0.013280079364776612, 0.59], [0.06805150985717773, -0.037690315246582035, 0.6], [0.37671096801757814, -0.12493396759033203, 0.59], [0.4983774185180664, -0.16375288009643554, 0.61], [0.6599205780029297, -0.18063602447509766, 0.59], [0.8577808380126953, -0.18111104965209962, 0.59], [1.0873311614990235, -0.16882320404052734, 0.58], [1.5998374938964843, -0.1218069076538086, 0.55], [1.7089930725097657, -0.13540310859680177, 0.54], [1.7499423217773438, -0.1696605110168457, 0.52], [1.7657106018066406, -0.21491174697875975, 0.49], [1.7380661010742187, -0.25495115280151365, 0.46], [1.6949656677246094, -0.26081729888916017, 0.47], [1.6307682800292969, -0.25710874557495117, 0.5], [1.5528652954101563, -0.23977380752563476, 0.52], [1.439892578125, -0.24230216979980468, 0.54], [1.3168751525878906, -0.2516005897521973, 0.54], [1.1830655670166015, -0.24332830429077149, 0.49], [1.158533477783203, -0.2263500213623047, 0.49], [1.1845790100097657, -0.2391537284851074, 0.54], [1.2285437774658203, -0.23968591690063476, 0.55], [1.2950242614746095, -0.22766517639160155, 0.55], [1.3842970275878905, -0.2163235092163086, 0.53], [1.5243031311035156, -0.21005210876464844, 0.51], [1.6683123779296876, -0.19023975372314453, 0.47], [2.0058367919921873, -0.07891921043395995, 0.47], [1.988295135498047, -0.09355257987976075, 0.48], [1.9382516479492187, -0.12799766540527344, 0.51], [1.797137451171875, -0.15919137001037598, 0.49], [1.733402862548828, -0.15102140426635743, 0.47], [1.6775531005859374, -0.12735692977905275, 0.5]], "Kalman": [[1.55471635480918, 2.7019199408716235, 1.1568135659491772], [1.6974963028446763, 2.6661134983960233, 1.176151636842517], [1.7501930178673626, 2.599212073302795, 1.1992719821575455], [2.0974064793298854, 2.4338484206433857, 1.179833201217313], [2.306570036844814, 2.4585034393357024, 1.2227040714841804], [2.5812985043316083, 2.407959954921009, 1.1828907895538407], [2.853456641605974, 2.4121320355049787, 1.1851997394595122], [4.880837758311741, 4.8781334153051885, 1.1500560310079246], [3.7229680748536094, 3.5057101857946855, 1.0941655469849694], [3.7647324862456815, 2.3403182976919688, 1.086726093223669], [3.8244626735759093, 2.227025155339664, 1.0466749126597077], [3.9724551702850692, 2.093724501369947, 0.9906136729380175], [3.7767503518929266, 2.169569499690353, 0.9267073629286958], [3.632633540015383, 2.149860889186939, 0.9327306807611669], [5.713174137347149, 3.8885395331304418, 0.9707220839592419], [3.3321594558863326, 2.198351856167314, 1.0310830817680452], [3.147452892281714, 2.2082151257123805, 1.0834310396566518], [2.984558421065348, 2.4855082484709285, 1.0863258173029617], [2.421673335933664, 2.99216125264265, 0.9824470967417215], [2.7328674029095836, 2.3165655414436053, 0.9741817622740095], [2.9406853654092195, 2.3560008658678178, 1.074322953964004], [2.4547036253798633, 2.9874765441742914, 1.100832830344865], [3.3670993217468053, 2.349129553465765, 1.109772175046874], [3.422209391363513, 2.4236087416981014, 1.0717674105435369], [3.7318381542150307, 2.3376436240148726, 1.0323770233078364], [3.724745677240938, 2.2652772058585, 0.9502748265147304], [6.868438091522359, 3.8636095385866693, 0.9319646788221505], [3.9288489428256947, 2.2535499191332535, 0.9677903783162425], [3.8341096382198923, 2.2991664506088654, 1.0179809990785498], [3.6008513114769714, 2.3071178896780293, 0.9808914508688943], [3.765337504676394, 2.4597975745477934, 0.9360278544496575], [3.636803599173426, 2.4854556693894008, 1.0034666955704132]], "UWB": [[1.578084, 2.53960186, 1.48218586], [1.76589706, 2.52411779, 1.69001285], [1.81810681, 2.44012221, 1.64405384], [2.07190304, 2.20967117, 2.48098279], [2.40656719, 2.27359439, 1.85287387], [2.72299766, 2.17724244, 2.08802722], [3.00689615, 2.1717756, 2.10999073], [6.44551399, 6.58634978, -12.43401508], [3.73759591, 5.06220432, -13.23433833], [4.1352934, 2.02657567, 1.67191806], [4.24331815, 1.87838341, 2.14763629], [4.51584843, 1.66377587, 4.58990622], [4.2039755, 1.81082821, 1.80785199], [4.00920187, 1.76420314, 1.72361389], [9.95485453, 6.5639871, -22.2057174], [3.61607507, 1.79991032, 1.75258588], [3.43063863, 1.85753394, 2.27812717], [3.51103717, 2.14806654, 3.77446358], [2.23387042, 3.2486023, -4.07791251], [2.7821249, 2.04254507, 1.90485653], [3.32684497, 2.19751364, 3.25770817], [2.16551804, 3.25021981, -3.66095981], [3.78446895, 2.04208938, 2.82112636], [3.78962181, 2.08352956, 3.09857993], [4.14215073, 2.05439549, 3.28661019], [3.99540951, 1.88373983, 1.62410608], [9.38593564, 4.64351419, -10.65331938], [4.22015341, 1.68727346, 4.87406747], [4.21806902, 1.97392161, 2.00851851], [3.90472538, 1.98504876, 1.66588736], [4.22528926, 2.21734206, 3.40263705], [4.11735655, 2.30894785, 3.34731646]], "Distance": [[2.055226715427436], [1.909741870525711], [1.852465629002518], [1.5040489752036617], [1.294095450163778], [1.0228509701687538], [0.7516965911501324], [2.7011227117826704], [1.01319994336971], [0.2294232727442321], [0.35341018328024976], [0.551164798095069], [0.3747332416922161], [0.3516565723186424], [2.5285464144086762], [0.40339826443455384], [0.5384582598189276], [0.6156121733233982], [1.2769794148115632], [0.8863222560235346], [0.6748566796115992], [1.24472373112998], [0.27749705866592117], [0.19350742844728167], [0.20914323257005057], [0.26581247916509365], [3.541485356716708], [0.41094922990170313], [0.3084500563600048], [0.1928839890024252], [0.1701550042310154], [0.03957325441543328]], "Time": [[0.6], [1.2], [1.8], [2.4], [3.0], [3.6], [4.2], [4.7], [5.4], [6.1], [6.7], [7.3], [7.9], [8.6], [9.1], [9.7], [10.2], [10.8], [11.7], [12.3], [13.0], [13.7], [14.2], [14.8], [15.3], [15.8], [17.2], [18.1], [18.8], [19.5], [20.3], [20.8]], "Title": [["ModelBasedAgendUWB_LQR"], ["ModelBasedAgendUWB_LQR"], ["ModelBasedAgendUWB_LQR"], ["ModelBasedAgendUWB_LQR"], ["ModelBasedAgendUWB_LQR"], ["ModelBasedAgendUWB_LQR"], ["ModelBasedAgendUWB_LQR"], ["ModelBasedAgendUWB_LQR"], ["ModelBasedAgendUWB_LQR"], ["ModelBasedAgendUWB_LQR"], ["ModelBasedAgendUWB_LQR"], ["ModelBasedAgendUWB_LQR"], ["ModelBasedAgendUWB_LQR"], ["ModelBasedAgendUWB_LQR"], ["ModelBasedAgendUWB_LQR"], ["ModelBasedAgendUWB_LQR"], ["ModelBasedAgendUWB_LQR"], ["ModelBasedAgendUWB_LQR"], ["ModelBasedAgendUWB_LQR"], ["ModelBasedAgendUWB_LQR"], ["ModelBasedAgendUWB_LQR"], ["ModelBasedAgendUWB_LQR"], ["ModelBasedAgendUWB_LQR"], ["ModelBasedAgendUWB_LQR"], ["ModelBasedAgendUWB_LQR"], ["ModelBasedAgendUWB_LQR"], ["ModelBasedAgendUWB_LQR"], ["ModelBasedAgendUWB_LQR"], ["ModelBasedAgendUWB_LQR"], ["ModelBasedAgendUWB_LQR"], ["ModelBasedAgendUWB_LQR"], ["ModelBasedAgendUWB_LQR"]]}