{"IMU": [[0.0004669138416647911, 0.002150329351425171, 0.77], [-0.009220572113990784, 0.0035875481367111206, 0.82], [0.03251103401184082, -0.00869224190711975, 0.89], [0.12425897598266601, -0.032195675373077395, 0.93], [0.23562877655029296, -0.048618135452270506, 0.94], [0.37864635467529295, -0.029465501308441163, 0.97], [0.5514822769165039, 0.01731177806854248, 1.0], [0.9103689575195313, 0.11867997169494629, 1.04], [1.0843528747558593, 0.12763242721557616, 1.03], [1.0843528747558593, 0.12763242721557616, 1.03], [1.2618368530273438, 0.05967390060424805, 0.98], [1.2869595336914061, -0.0064640802145004275, 0.97], [1.2736316680908204, -0.07111498832702637, 1.0], [1.2319056701660156, -0.1000483512878418, 1.02], [1.1635244750976563, -0.09818594932556152, 1.02]], "Kalman": [[-0.009778987331686109, -0.0018122072435753107, 0.77], [0.005395807096374744, 0.00010120150012562189, 0.82], [0.09362382287202058, -0.02678230397311684, 0.89], [0.21747356453317562, -0.05711916820582522, 0.93], [0.3619545719727715, -0.04676020101661322, 0.94], [0.5375773634896817, 0.0017129889708118115, 0.97], [0.729669903477651, 0.06863260820752114, 1.0], [1.0873504575069797, 0.16277943113311283, 1.04], [1.2271219546182204, 0.1143886960638809, 1.03], [1.2249703681075415, 0.11023288248236571, 1.03], [1.303407300787101, -0.00029231748515320954, 0.98], [1.2905700471471975, -0.07293617578294233, 0.97], [1.2428973140028095, -0.12049975556965502, 1.0], [1.176296680996642, -0.11493442126196335, 1.02], [1.0852118650683744, -0.08210725154008505, 1.02]], "CMD": [[0, 10.0, 0, 5], [0, 10.0, 0, 5], [0, 10.0, 0, 5], [5, 10.0, 0, 5], [5, 9.672558684275975, 0, 5], [5, 7.886675217746041, 0, 5], [0, 5.715858130614296, 0, 5], [-5, 5, 0, 0], [-5, -5, 0, -5], [-5, -5, 0, -5], [-5, -5, 0, -5], [0, -5, 0, 5], [5, -5, 0, 5], [5, -5, 0, 0], [5, -5, 0, -5]], "Distance": [[1.0356432239684181], [1.010760857365982], [0.9134194361142305], [0.7877247118003469], [0.6425639926307444], [0.4633979165775005], [0.27890642874474875], [0.18901652209978495], [0.25606474973489785], [0.2523151896077875], [0.3040659067051525], [0.3010824439202074], [0.27114441952975177], [0.2114011374644285], [0.12001109408674536]], "Time": [[0.5], [1.1], [1.6], [2.2], [2.8], [3.3], [3.8], [4.4], [4.9], [5.5], [6.0], [6.6], [7.1], [7.7], [8.2]], "Title": [["ModelBasedAgentLQR"], ["ModelBasedAgentLQR"], ["ModelBasedAgentLQR"], ["ModelBasedAgentLQR"], ["ModelBasedAgentLQR"], ["ModelBasedAgentLQR"], ["ModelBasedAgentLQR"], ["ModelBasedAgentLQR"], ["ModelBasedAgentLQR"], ["ModelBasedAgentLQR"], ["ModelBasedAgentLQR"], ["ModelBasedAgentLQR"], ["ModelBasedAgentLQR"], ["ModelBasedAgentLQR"], ["ModelBasedAgentLQR"]]}