{"IMU": [[], [], [], [], [], [], [], [], [], [], [], [], [], [], [], [], [], [], [], [], [], [], [], [], [], [], [], [], [], [], [], [], [], [], []], "Kalman": [[5.245315857971289, 2.5792281579431195, 1.2472554667033657], [5.278028309110398, 2.554900530242683, 1.2078845200500514], [5.30602060284063, 2.5065152975494, 1.1672835967322257], [5.373596020263827, 2.3848374565706587, 1.123797013801725], [5.391372974814422, 2.3978283843071284, 1.1237090468191675], [5.455150097875633, 2.3069400333034347, 1.1043818015414766], [5.563450534313971, 2.2021124640706353, 1.1052610770666027], [5.78055509553577, 2.0110573885340455, 1.0666096495892747], [6.000854580826618, 1.9154820854559393, 1.0453592844574888], [6.21183567586566, 1.831698534624941, 1.0445411340772701], [6.509396129752577, 1.7666062125367916, 1.026243654391741], [6.537928881323803, 1.8456971449907171, 1.0091082032212488], [6.556893778586479, 1.8676629057651157, 0.9668186154381421], [6.763699802308416, 1.938479880122552, 1.0075234777533746], [6.669926493110093, 2.06520644421621, 0.9724633064830834], [6.68464899382015, 2.186596313806309, 0.9978165837876539], [6.637164431279959, 2.271126642265534, 1.0620004409813837], [6.507822488093592, 2.4182992857460768, 1.0504946716829535], [6.440410264201949, 2.552655815260309, 1.0135886516834096], [6.3861396666306405, 2.6047421656965675, 0.9338953377436549], [6.326122631728766, 2.62693557087787, 0.9124005382155012], [6.284844124517854, 2.6410996004666365, 1.0154510693705465], [6.239896192087774, 2.4876698642366817, 1.0345356913200237], [6.218391494985362, 2.3330848840708076, 0.9567608555688407], [6.197273525353399, 2.1306270374287437, 0.8383715808267819], [6.1861330659145874, 1.668784507724483, 0.9368994836934357], [6.1939136864679645, 1.4347511350250206, 0.9771301176151642], [6.205703499527193, 1.3734168426264208, 0.9923847353084432], [6.329523174352401, 1.396111247711223, 0.992226940398857], [6.400045510662413, 1.4120309410386809, 0.9923691207642561], [6.400045510662413, 1.4120309410386809, 0.9923691207642561], [6.400045510662413, 1.4120309410386809, 0.9923691207642561], [6.400045510662413, 1.4120309410386809, 0.9923691207642561], [6.400045510662413, 1.4120309410386809, 0.9923691207642561], [6.400045510662413, 1.4120309410386809, 0.9923691207642561]], "UWB": [[2.64700166, 5.38866837, 0.77521419], [2.57956896, 5.39143656, 1.34980178], [2.48865225, 5.36406606, 1.50829055], [2.46056211, 5.40467311, 0.98419422], [2.40387473, 5.53395131, 1.13687296], [2.26117959, 5.70353289, 1.06055193], [2.12156685, 5.78797154, 1.07765729], [2.00691313, 5.87790888, 1.19556046], [1.86249959, 6.14636634, 0.71555889], [1.71354974, 6.48882431, 0.6514252], [1.65280268, 6.69092866, 0.61766309], [1.69747472, 6.84065812, 0.79352628], [1.64618698, 6.92558041, 0.64486677], [1.82479045, 7.03541965, 0.55022607], [1.94685141, 6.91737713, 1.11138532], [2.05455028, 6.8292114, 1.09237358], [2.21506792, 6.76226865, 1.38180238], [2.40448224, 6.70571041, 1.10480785], [2.525422, 6.65574635, 1.07250678], [2.5936422, 6.59486648, 1.34158859], [2.62543754, 6.54247817, 1.26418917], [2.66960922, 6.47696419, 1.0946685], [2.47912066, 6.42548137, 0.81234372], [2.3117146, 6.35898363, 1.09590991], [2.09476036, 6.37517907, 1.04120383], [1.74153025, 6.42802803, 0.68451659], [1.49867593, 6.46381429, 0.53691025], [1.35144629, 6.4702983, 1.42965886], [1.37668398, 6.96391435, 1.44606426], [1.46110195, 6.90368865, 2.19679363], [1.32907105, 6.83716673, 1.94094115], [1.29650213, 6.87163431, 1.53814127], [1.2879385, 6.78921032, 1.73227358], [1.31261239, 6.88185653, 1.47470631], [1.33068576, 6.93172216, 1.44793652]], "Distance": [[0.8046841109515702], [0.7656483545100796], [0.724055227039761], [0.6321228835176703], [0.6164391685822614], [0.5448940997177208], [0.4473895457887676], [0.3628276434012167], [0.3845188641844541], [0.5139850348423467], [0.7375590481522484], [0.7041012465774107], [0.7050149244376248], [0.8449462616771068], [0.70987993351579], [0.6939774065351556], [0.637818299576906], [0.5214196011098917], [0.5077363112869536], [0.4919061187859493], [0.4617822413550949], [0.4443929710412194], [0.3045819445089101], [0.22088335074405224], [0.260007777298146], [0.6580870124196246], [0.8867119690971166], [0.9491418636042371], [0.96208128500114], [0.9739227178137911], [0.9739227178137911], [0.9739227178137911], [0.9739227178137911], [0.9739227178137911], [0.9739227178137911]], "Time": [[0.6], [1.1], [1.6], [2.2], [2.7], [3.2], [3.7], [4.4], [5.0], [5.6], [6.2], [6.8], [7.3], [7.9], [8.5], [9.1], [9.7], [10.2], [10.8], [11.3], [11.9], [12.4], [13.1], [13.7], [14.2], [14.9], [15.5], [16.4], [17.0], [17.6], [18.1], [18.6], [19.1], [19.6], [20.1]], "Title": [["ModelBasedAgendUWB_PID"], ["ModelBasedAgendUWB_PID"], ["ModelBasedAgendUWB_PID"], ["ModelBasedAgendUWB_PID"], ["ModelBasedAgendUWB_PID"], ["ModelBasedAgendUWB_PID"], ["ModelBasedAgendUWB_PID"], ["ModelBasedAgendUWB_PID"], ["ModelBasedAgendUWB_PID"], ["ModelBasedAgendUWB_PID"], ["ModelBasedAgendUWB_PID"], ["ModelBasedAgendUWB_PID"], ["ModelBasedAgendUWB_PID"], ["ModelBasedAgendUWB_PID"], ["ModelBasedAgendUWB_PID"], ["ModelBasedAgendUWB_PID"], ["ModelBasedAgendUWB_PID"], ["ModelBasedAgendUWB_PID"], ["ModelBasedAgendUWB_PID"], ["ModelBasedAgendUWB_PID"], ["ModelBasedAgendUWB_PID"], ["ModelBasedAgendUWB_PID"], ["ModelBasedAgendUWB_PID"], ["ModelBasedAgendUWB_PID"], ["ModelBasedAgendUWB_PID"], ["ModelBasedAgendUWB_PID"], ["ModelBasedAgendUWB_PID"], ["ModelBasedAgendUWB_PID"], ["ModelBasedAgendUWB_PID"], ["ModelBasedAgendUWB_PID"], ["ModelBasedAgendUWB_PID"], ["ModelBasedAgendUWB_PID"], ["ModelBasedAgendUWB_PID"], ["ModelBasedAgendUWB_PID"], ["ModelBasedAgendUWB_PID"]]}