{"IMU": [[], [], [], [], [], [], [], [], [], [], [], [], [], [], [], [], [], [], [], [], [], [], [], [], [], [], [], [], [], [], [], [], [], []], "Kalman": [[6.119775519115608, 3.7828342334872045, 3.3693972634930343], [4.8051632427109, 3.4367222202004335, 3.3124144784355796], [4.127426848215996, 2.517857632081975, 3.23948200573743], [4.1835512147567355, 2.377787695312869, 3.1523684758516133], [4.321739960030436, 2.2805675434340884, 3.0594734071136984], [4.694905425905335, 1.85134777519955, 2.98520633300773], [5.053003161416196, 1.8662943354027661, 2.927502362952404], [5.334695411843893, 1.759053250801677, 2.8955190912370443], [6.7065186835404855, 2.126572481293289, 2.9514620862125067], [7.262732792231156, 2.1373081437190145, 2.9421798091772633], [6.548819381871907, 1.7430365834869894, 2.902974522321486], [6.796997645349468, 1.820977404674084, 2.814868327025157], [5.428630288459242, 2.9170324729367096, 2.6601101808073735], [7.262966791011918, 2.1845473411154246, 2.6537317934285105], [8.2789247103366, 2.5323066811056694, 2.5834658181111037], [8.281268415379268, 2.533205228862779, 2.5834695659126035], [8.281281140587895, 2.533210107551634, 2.583469568414884], [8.281283058508397, 2.533210842858822, 2.5834695685602167], [8.281283058508397, 2.533210842858822, 2.5834695685602167], [8.281283058508397, 2.533210842858822, 2.5834695685602167], [8.281283058508397, 2.533210842858822, 2.5834695685602167], [8.281283058508397, 2.533210842858822, 2.5834695685602167], [8.281283058508397, 2.533210842858822, 2.5834695685602167], [8.281283058508397, 2.533210842858822, 2.5834695685602167], [8.281283058508397, 2.533210842858822, 2.5834695685602167], [8.281283058508397, 2.533210842858822, 2.5834695685602167], [8.281283058508397, 2.533210842858822, 2.5834695685602167], [8.281283058508397, 2.533210842858822, 2.5834695685602167], [8.281283058508397, 2.533210842858822, 2.5834695685602167], [8.281283058508397, 2.533210842858822, 2.5834695685602167], [8.281283058508397, 2.533210842858822, 2.5834695685602167], [8.281283058508397, 2.533210842858822, 2.5834695685602167], [8.281283058508397, 2.533210842858822, 2.5834695685602167], [8.281283058508397, 2.533210842858822, 2.5834695685602167]], "UWB": [[4.63879501, 7.69906409, 0.44719071], [3.98940506, 5.05047719, -5.34663402], [3.8550297, 4.46403979, -6.41971086], [2.96690144, 3.1194304, -3.82257564], [3.57481275, 3.94902542, -7.09828027], [1.7442341, 4.40073967, 0.00723505], [1.90673422, 4.74487544, 0.60304706], [1.57642345, 5.30895585, 0.16953309], [1.58580961, 5.81711746, 0.29891608], [2.44285829, 8.06130597, 1.7174973], [1.91494007, 6.88948227, 1.90848202], [1.84394553, 6.97044357, 1.30179101], [3.6557663, 4.21153806, 0.2379218], [2.3181202, 7.61850704, 0.86660858], [2.84279859, 9.36524945, -1.31977619], [2.84279859, 9.36524945, -1.31977619], [2.84279859, 9.36524945, -1.31977619], [2.84279859, 9.36524945, -1.31977619], [2.84279859, 9.36524945, -1.31977619], [2.84279859, 9.36524945, -1.31977619], [2.84279859, 9.36524945, -1.31977619], [2.84279859, 9.36524945, -1.31977619], [2.84279859, 9.36524945, -1.31977619], [2.84279859, 9.36524945, -1.31977619], [2.84279859, 9.36524945, -1.31977619], [2.84279859, 9.36524945, -1.31977619], [2.84279859, 9.36524945, -1.31977619], [2.84279859, 9.36524945, -1.31977619], [2.84279859, 9.36524945, -1.31977619], [2.84279859, 9.36524945, -1.31977619], [2.84279859, 9.36524945, -1.31977619], [2.84279859, 9.36524945, -1.31977619], [2.84279859, 9.36524945, -1.31977619], [2.84279859, 9.36524945, -1.31977619]], "Distance": [[1.4876637855984123], [1.6491732117841762], [1.8852034788421763], [1.8181136144239773], [1.678372539732115], [1.3800582111453588], [1.0415870658718103], [0.8574692883653618], [0.7274927865185655], [1.2731703517895965], [0.7819277212454535], [0.9298752031995331], [0.8409473348103079], [1.2682327986779316], [2.290734430148787], [2.293157269307096], [2.293170424688547], [2.2931724074444], [2.2931724074444], [2.2931724074444], [2.2931724074444], [2.2931724074444], [2.2931724074444], [2.2931724074444], [2.2931724074444], [2.2931724074444], [2.2931724074444], [2.2931724074444], [2.2931724074444], [2.2931724074444], [2.2931724074444], [2.2931724074444], [2.2931724074444], [2.2931724074444]], "Time": [[0.5], [1.1], [1.6], [2.2], [2.7], [3.4], [4.0], [4.6], [5.1], [5.7], [6.2], [6.8], [7.4], [8.1], [8.6], [9.2], [9.7], [10.4], [10.9], [11.4], [11.9], [12.4], [13.0], [13.5], [14.0], [14.5], [15.0], [15.5], [16.0], [16.5], [17.1], [17.6], [18.1], [18.6]], "Title": [["ModelBasedAgendUWB_PID"], ["ModelBasedAgendUWB_PID"], ["ModelBasedAgendUWB_PID"], ["ModelBasedAgendUWB_PID"], ["ModelBasedAgendUWB_PID"], ["ModelBasedAgendUWB_PID"], ["ModelBasedAgendUWB_PID"], ["ModelBasedAgendUWB_PID"], ["ModelBasedAgendUWB_PID"], ["ModelBasedAgendUWB_PID"], ["ModelBasedAgendUWB_PID"], ["ModelBasedAgendUWB_PID"], ["ModelBasedAgendUWB_PID"], ["ModelBasedAgendUWB_PID"], ["ModelBasedAgendUWB_PID"], ["ModelBasedAgendUWB_PID"], ["ModelBasedAgendUWB_PID"], ["ModelBasedAgendUWB_PID"], ["ModelBasedAgendUWB_PID"], ["ModelBasedAgendUWB_PID"], ["ModelBasedAgendUWB_PID"], ["ModelBasedAgendUWB_PID"], ["ModelBasedAgendUWB_PID"], ["ModelBasedAgendUWB_PID"], ["ModelBasedAgendUWB_PID"], ["ModelBasedAgendUWB_PID"], ["ModelBasedAgendUWB_PID"], ["ModelBasedAgendUWB_PID"], ["ModelBasedAgendUWB_PID"], ["ModelBasedAgendUWB_PID"], ["ModelBasedAgendUWB_PID"], ["ModelBasedAgendUWB_PID"], ["ModelBasedAgendUWB_PID"], ["ModelBasedAgendUWB_PID"]]}