{"IMU": [[0.015323170423507691, 0.023639853000640868, 0.81], [0.07420921325683594, -0.01836885094642639, 0.84], [0.1461460018157959, -0.05291863441467285, 0.86], [0.25030635833740233, -0.07295970439910889, 0.88], [0.39461891174316405, -0.04154468059539795, 0.92], [0.5791117095947266, 0.0002991267293691635, 0.96], [0.7683702087402344, 0.011745294332504272, 0.99]], "Kalman": [[0.03859756272377514, 0.0035575544787668466, 0.81], [0.14499753383471703, -0.052900377191314185, 0.84], [0.24668559126003783, -0.09376935091586731, 0.86], [0.36569368268114716, -0.07426257807988385, 0.88], [0.5612011710667387, 0.0039186631987082055, 0.92], [0.7674326467277062, 0.04904515641874353, 0.96], [0.9400465595745251, 0.005162970769844312, 0.99]], "CMD": [[-5, 10.0, 0, 5], [0, 10.0, 0, 5], [5, 10.0, 0, 5], [5, 9.311478176326549, 0, 5], [5, 7.840457267636543, 0, 5], [0, 5.4238518100881254, 0, 5], [-5, 5, 0, 5]], "Distance": [[0.9800037258064558], [0.8714514714289598], [0.7719295884900524], [0.6498149234156415], [0.4460490647837594], [0.24102489741978722], [0.06100058430885097]], "Time": [[0.5], [1.1], [1.6], [2.1], [2.6], [3.2], [3.7]], "Title": [["ModelBasedAgentLQR"], ["ModelBasedAgentLQR"], ["ModelBasedAgentLQR"], ["ModelBasedAgentLQR"], ["ModelBasedAgentLQR"], ["ModelBasedAgentLQR"], ["ModelBasedAgentLQR"]]}