{"IMU": [[-0.008700288534164428, -0.018085157871246337, 0.57], [0.07210569858551025, -0.04741544723510742, 0.56], [0.18774459838867188, -0.10291876792907714, 0.58], [0.3722370147705078, -0.1691270637512207, 0.62], [0.6152049255371094, -0.22039960861206054, 0.68], [0.9006864166259766, -0.2832625198364258, 0.71], [1.223563461303711, -0.34607471466064454, 0.71], [1.9784539794921876, -0.3869771957397461, 0.59], [2.384230194091797, -0.3351276397705078, 0.57], [2.7494631958007814, -0.2278634262084961, 0.58], [3.0383306884765626, -0.11132796287536621, 0.58], [3.27863037109375, -0.027460927963256835, 0.54], [3.46502197265625, 0.022805235385894775, 0.41], [3.617775573730469, 0.03535294055938721, 0.2], [3.617775573730469, 0.03535294055938721, 0.2], [3.617775573730469, 0.03535294055938721, 0.2], [3.617775573730469, 0.03535294055938721, 0.2], [3.617775573730469, 0.03535294055938721, 0.2], [3.617775573730469, 0.03535294055938721, 0.2], [3.617775573730469, 0.03535294055938721, 0.2], [3.617775573730469, 0.03535294055938721, 0.2], [3.617775573730469, 0.03535294055938721, 0.2], [3.617775573730469, 0.03535294055938721, 0.2], [3.617775573730469, 0.03535294055938721, 0.2], [3.617775573730469, 0.03535294055938721, 0.2], [3.617775573730469, 0.03535294055938721, 0.2], [3.617775573730469, 0.03535294055938721, 0.2], [3.617775573730469, 0.03535294055938721, 0.2], [3.617775573730469, 0.03535294055938721, 0.2]], "Kalman": [[0.06194220049664578, 0.1273821814623435, 0.5665539188225007], [0.7803036293567176, -0.004497213318247109, 0.5496267878073343], [0.29124930745543715, 0.0040449104709888994, 0.5656200763323062], [0.7218119344424381, 0.049505879657308925, 0.6052452328488512], [0.752195666700977, -0.11503348612210168, 0.6703870864377637], [1.0840249198159373, -0.2666026043996369, 0.7062264959163254], [1.4197920741705905, -0.19986748714144115, 0.7204724598292739], [2.1938335057732887, -0.19649435983898428, 0.6137564155745658], [2.445012588171856, -0.004981945055165873, 0.5742755658135267], [2.8618075554466764, 0.06637433252474337, 0.5819221137518646], [3.1268024065175, 0.1809236135085168, 0.5880224813469674], [3.3819761017911456, 0.32543766734316804, 0.5632475501425469], [3.4142468524149354, 0.2794725169077045, 0.4637368571894805], [3.562706719322871, 0.3034023407543222, 0.29108925783239153], [3.5643104553237217, 0.30367783475122356, 0.2910904490344516], [9.310840854331321, 1.9352930319959767, 0.2738295709327125], [4.746693838489223, 0.7687736884637948, 0.2874280669757687], [4.746693838489223, 0.7687736884637948, 0.2874280669757687], [3.9932252706061937, 0.4721935506756046, 0.29019351645167163], [3.6027490031864007, 0.28991390720852583, 0.29100210571271246], [3.6027490031864007, 0.28991390720852583, 0.29100210571271246], [3.6027490031864007, 0.28991390720852583, 0.29100210571271246], [3.6027490031864007, 0.28991390720852583, 0.29100210571271246], [3.6027490031864007, 0.28991390720852583, 0.29100210571271246], [3.6027490031864007, 0.28991390720852583, 0.29100210571271246], [3.6027490031864007, 0.28991390720852583, 0.29100210571271246], [3.6027490031864007, 0.28991390720852583, 0.29100210571271246], [3.6027490031864007, 0.28991390720852583, 0.29100210571271246], [3.6027490031864007, 0.28991390720852583, 0.29100210571271246]], "UWB": [[0.23861587999999934, 0.08932380000000562, 0.12969187999999843], [0.06589037999999903, 1.2305671900000057, -0.1322016500000016], [0.1535691999999993, 0.18389772000000582, -0.11648365000000149], [0.24585117999999895, 0.7757454800000056, 1.6005006099999983], [-0.026045260000000958, 0.5790254700000057, 0.06819687999999835], [-0.22750953000000074, 0.9183989000000059, 0.32178961999999856], [-0.08255300000000076, 1.2273532000000058, 0.3639175099999985], [-0.08491232000000082, 2.004861200000006, -0.0006133200000015826], [0.13615950999999926, 2.100000130000006, 0.6674952999999983], [0.15084913999999916, 2.641716730000006, -0.5138003500000016], [0.27876972999999916, 2.9390953800000057, 0.22770788999999847], [0.5106909099999992, 3.2449363800000057, 0.8159829499999987], [0.42204957999999904, 3.201451280000006, 0.36733792999999837], [0.5139352899999992, 3.399935050000006, -0.16999586000000155], [0.5139352899999992, 3.399935050000006, -0.16999586000000155], [5.11679309, 19.579866760000005, -22.702781690000002], [0.565986699999999, 3.3808934700000055, -0.16854297000000162], [0.565986699999999, 3.3808934700000055, -0.16854297000000162], [0.514192599999999, 3.401100260000006, -0.22117759000000148], [0.4890566699999992, 3.4687073100000054, -0.25969442000000154], [0.4890566699999992, 3.4687073100000054, -0.25969442000000154], [0.4890566699999992, 3.4687073100000054, -0.25969442000000154], [0.4890566699999992, 3.4687073100000054, -0.25969442000000154], [0.4890566699999992, 3.4687073100000054, -0.25969442000000154], [0.4890566699999992, 3.4687073100000054, -0.25969442000000154], [0.4890566699999992, 3.4687073100000054, -0.25969442000000154], [0.4890566699999992, 3.4687073100000054, -0.25969442000000154], [0.4890566699999992, 3.4687073100000054, -0.25969442000000154], [0.4890566699999992, 3.4687073100000054, -0.25969442000000154]], "Distance": [[1.942239494596351], [1.219704661583297], [1.7087554800416125], [1.2791464197090285], [1.2530955099788774], [0.9539849559562611], [0.6136678658781961], [0.27600989367936757], [0.4450404738986629], [0.8643597715321332], [1.1412348650731843], [1.4197773139642755], [1.4415960069562759], [1.591887329867303], [1.5935141756364457], [7.562655163172], [2.8522517466852206], [2.8522517466852206], [2.048392962466618], [1.6287585581687407], [1.6287585581687407], [1.6287585581687407], [1.6287585581687407], [1.6287585581687407], [1.6287585581687407], [1.6287585581687407], [1.6287585581687407], [1.6287585581687407], [1.6287585581687407]], "Time": [[0.5], [1.1], [1.6], [2.2], [2.7], [3.2], [3.8], [4.4], [5.0], [5.5], [6.1], [6.6], [7.2], [7.7], [8.3], [8.9], [9.4], [9.9], [10.5], [11.0], [11.6], [12.1], [12.6], [13.1], [13.6], [14.1], [14.7], [15.2], [15.7]], "Title": [["ModelBasedAgendUWB_PID"], ["ModelBasedAgendUWB_PID"], ["ModelBasedAgendUWB_PID"], ["ModelBasedAgendUWB_PID"], ["ModelBasedAgendUWB_PID"], ["ModelBasedAgendUWB_PID"], ["ModelBasedAgendUWB_PID"], ["ModelBasedAgendUWB_PID"], ["ModelBasedAgendUWB_PID"], ["ModelBasedAgendUWB_PID"], ["ModelBasedAgendUWB_PID"], ["ModelBasedAgendUWB_PID"], ["ModelBasedAgendUWB_PID"], ["ModelBasedAgendUWB_PID"], ["ModelBasedAgendUWB_PID"], ["ModelBasedAgendUWB_PID"], ["ModelBasedAgendUWB_PID"], ["ModelBasedAgendUWB_PID"], ["ModelBasedAgendUWB_PID"], ["ModelBasedAgendUWB_PID"], ["ModelBasedAgendUWB_PID"], ["ModelBasedAgendUWB_PID"], ["ModelBasedAgendUWB_PID"], ["ModelBasedAgendUWB_PID"], ["ModelBasedAgendUWB_PID"], ["ModelBasedAgendUWB_PID"], ["ModelBasedAgendUWB_PID"], ["ModelBasedAgendUWB_PID"], ["ModelBasedAgendUWB_PID"]]}