{"IMU": [[], [], [], [], [], [], [], [], [], [], [], [], [], [], [], [], [], [], [], [], [], [], [], [], [], [], [], [], [], [], [], []], "Kalman": [[2.356797287622762, 4.966194765106412, 1.2037311278715803], [2.4803398487216195, 5.183631337799918, 1.1848415055689419], [2.3275388255348135, 4.9175657470790854, 1.160642552299475], [2.52187795419696, 4.78721073611469, 1.1521218105994195], [2.971532345075847, 4.67600772145237, 1.1330177774243972], [3.345040131180162, 4.174877701453827, 1.1122768872863709], [3.422689097477634, 4.147745714725693, 1.100481028715118], [3.3414270620686075, 4.217986597608186, 1.1004115948361326], [3.3414270620686075, 4.217986597608186, 1.1004115948361326], [3.0423147645460165, 5.381624249550926, 1.099711135562756], [3.0423147645460165, 5.381624249550926, 1.099711135562756], [3.0423147645460165, 5.381624249550926, 1.099711135562756], [3.0423147645460165, 5.381624249550926, 1.099711135562756], [3.0423147645460165, 5.381624249550926, 1.099711135562756], [3.0423147645460165, 5.381624249550926, 1.099711135562756], [3.0423147645460165, 5.381624249550926, 1.099711135562756], [3.0423147645460165, 5.381624249550926, 1.099711135562756], [3.0423147645460165, 5.381624249550926, 1.099711135562756], [3.0423147645460165, 5.381624249550926, 1.099711135562756], [2.0012746502555894, 4.88610733940923, 1.100833737682837], [2.0012746502555894, 4.88610733940923, 1.100833737682837], [2.0012746502555894, 4.88610733940923, 1.100833737682837], [2.0012746502555894, 4.88610733940923, 1.100833737682837], [2.0012746502555894, 4.88610733940923, 1.100833737682837], [2.0012746502555894, 4.88610733940923, 1.100833737682837], [2.0012746502555894, 4.88610733940923, 1.100833737682837], [2.0012746502555894, 4.88610733940923, 1.100833737682837], [2.0012746502555894, 4.88610733940923, 1.100833737682837], [2.0012746502555894, 4.88610733940923, 1.100833737682837], [2.0012746502555894, 4.88610733940923, 1.100833737682837], [2.0012746502555894, 4.88610733940923, 1.100833737682837], [2.0012746502555894, 4.88610733940923, 1.100833737682837]], "UWB": [[2.43800857, 4.98242568, 0.99084128], [2.45305344, 5.49121941, 2.60212055], [2.82390853, 5.20374879, 3.21152089], [2.47358381, 4.92514319, 0.86071797], [3.10236192, 4.86334621, 2.97139653], [3.31550463, 4.22704859, 2.44175018], [3.59998404, 4.27454531, 0.68550395], [3.17916292, 4.38292308, 0.98765724], [2.7213157, 4.64957382, 2.21519167], [2.50918025, 5.49070783, 2.58967367], [1.99119689, 5.51818499, 1.11320881], [2.20632473, 6.71874776, 1.24460883], [0.70880185, 6.74006365, 0.48084581], [1.20794058, 6.06472558, 1.73054514], [0.94768177, 5.87312794, 1.06522623], [1.00119586, 5.74152701, 1.34770178], [0.68959781, 5.88849941, 1.01004836], [0.56905163, 5.80267368, 1.0046642], [0.60928826, 5.78165124, 0.36816084], [0.84985078, 5.51382829, 1.43148871], [0.85808114, 5.34309869, 0.79129238], [0.64824422, 5.38597389, 0.37016811], [-0.69892763, 5.48641325, 5.90596537], [0.7467725, 5.36934266, 1.15958808], [1.42153774, 5.42023419, 0.38123529], [1.42153774, 5.42023419, 0.38123529], [1.42153774, 5.42023419, 0.38123529], [1.42153774, 5.42023419, 0.38123529], [1.42153774, 5.42023419, 0.38123529], [1.42153774, 5.42023419, 0.38123529], [1.42153774, 5.42023419, 0.38123529], [1.42153774, 5.42023419, 0.38123529]], "Distance": [[1.5348564853002635], [1.3286643352853913], [1.5826738614538405], [1.727100717688291], [1.943682978956301], [2.5491768434091995], [2.6064402989875837], [2.5084169299190906], [2.5084169299190906], [1.3423097738061573], [1.3423097738061573], [1.3423097738061573], [1.3423097738061573], [1.3423097738061573], [1.3423097738061573], [1.3423097738061573], [1.3423097738061573], [1.3423097738061573], [1.3423097738061573], [1.6413062951468493], [1.6413062951468493], [1.6413062951468493], [1.6413062951468493], [1.6413062951468493], [1.6413062951468493], [1.6413062951468493], [1.6413062951468493], [1.6413062951468493], [1.6413062951468493], [1.6413062951468493], [1.6413062951468493], [1.6413062951468493]], "Time": [[0.6], [1.1], [1.6], [2.2], [2.8], [3.4], [3.9], [4.5], [5.0], [5.6], [6.1], [6.6], [7.1], [7.6], [8.1], [8.6], [9.1], [9.6], [10.1], [10.7], [11.2], [11.7], [12.2], [12.7], [13.2], [13.7], [14.3], [14.8], [15.3], [15.8], [16.3], [16.8]], "Title": [["ModelBasedAgendUWB_PID"], ["ModelBasedAgendUWB_PID"], ["ModelBasedAgendUWB_PID"], ["ModelBasedAgendUWB_PID"], ["ModelBasedAgendUWB_PID"], ["ModelBasedAgendUWB_PID"], ["ModelBasedAgendUWB_PID"], ["ModelBasedAgendUWB_PID"], ["ModelBasedAgendUWB_PID"], ["ModelBasedAgendUWB_PID"], ["ModelBasedAgendUWB_PID"], ["ModelBasedAgendUWB_PID"], ["ModelBasedAgendUWB_PID"], ["ModelBasedAgendUWB_PID"], ["ModelBasedAgendUWB_PID"], ["ModelBasedAgendUWB_PID"], ["ModelBasedAgendUWB_PID"], ["ModelBasedAgendUWB_PID"], ["ModelBasedAgendUWB_PID"], ["ModelBasedAgendUWB_PID"], ["ModelBasedAgendUWB_PID"], ["ModelBasedAgendUWB_PID"], ["ModelBasedAgendUWB_PID"], ["ModelBasedAgendUWB_PID"], ["ModelBasedAgendUWB_PID"], ["ModelBasedAgendUWB_PID"], ["ModelBasedAgendUWB_PID"], ["ModelBasedAgendUWB_PID"], ["ModelBasedAgendUWB_PID"], ["ModelBasedAgendUWB_PID"], ["ModelBasedAgendUWB_PID"], ["ModelBasedAgendUWB_PID"]]}