{"IMU": [[], [], [], [], [], [], [], [], [], [], [], [], [], [], [], [], [], [], [], [], [], [], [], []], "Kalman": [[0.08458150864268349, 0.1721364422693138, 0.67041244593666], [-0.09148459334291435, 0.1195799510932021, 0.6853200566378012], [-0.0790949444705048, 0.1041791602964972, 0.7035945004601205], [-0.03249075584323785, -0.021442649812878932, 0.73273892358695], [0.08961016654006805, -0.13536496756364472, 0.7698272724385687], [0.37540643247339817, -0.3638955153176378, 0.8103128162014211], [0.44668305029200805, -0.2720550569995763, 0.8509556327901492], [0.851958764145698, -0.2587315593092555, 0.9409582595343916], [2.030031944431121, -0.10157852242198823, 0.9715830831425896], [1.3757624568769287, -0.08564172763199149, 0.9956086296033346], [1.6110787143886973, 0.00802937258874916, 1.0775485769405315], [1.6108784867730523, -0.013918193008509633, 1.123518083150665], [1.8860174501892635, 0.19313157987094884, 1.0930788730651224], [1.9691133297319485, 0.2238892261541449, 1.0636482998433903], [2.0749509642104913, 0.251568600081436, 1.0325558309623815], [1.9336434304690153, 0.25672849300762607, 1.0128757845558936], [5.563998146553383, 0.2754096820795889, 0.979091750290546], [3.006014744442313, -0.05162053070485224, 0.9811459719538579], [1.6690929966720855, -0.06016202874202627, 1.0377516578877237], [1.4543203126176152, -0.04963660702029699, 1.0609246415168456], [1.2452620668718608, -0.19902260569362606, 1.0364444955853542], [1.1561994760513274, -0.17391225987768782, 1.0255717555518606], [1.0865990554003648, -0.18709955215145027, 0.9965319905260928], [0.9580329725216183, -0.16168154318166594, 0.9670701185035788]], "UWB": [[2.09040809, 5.45588532, 2.40842791], [2.03498103, 5.12455244, 1.36879828], [2.1313657, 5.48509486, 2.69230472], [1.73430669, 5.20672329, 1.03451063], [1.56899636, 5.43251315, 0.45607357], [1.44297457, 5.78240337, 1.03424917], [1.5867297, 5.36943074, 0.44648658], [1.58277295, 5.91039254, 1.27329197], [1.74233138, 6.39749678, 2.43533815], [1.87933282, 6.92403573, 2.33086897], [1.9118815, 7.05188752, 2.16911517], [1.95727429, 7.31515585, 0.27089265], [2.13733467, 7.48220252, 0.41610054], [2.18053077, 7.64207792, 0.31669828], [2.22582612, 7.84140292, 0.12932298], [2.15197825, 9.17335226, -3.06985355], [2.34738624, 14.12899082, -2.57723212], [1.8020006, 9.50191709, -4.15406455], [1.8735116, 7.31068887, 2.00918299], [1.86389095, 6.99447285, 2.127971], [1.63841245, 6.69307578, 1.46944402], [1.65089907, 6.61441738, 2.42746677], [1.72290455, 6.36133266, 1.61359981], [1.67769869, 6.33874973, 1.80886331]], "Distance": [[0.9314622746392052], [1.0980154744849453], [1.0841121697600693], [1.0327133910881268], [0.9203984589897515], [0.722867256599645], [0.6165821931204299], [0.2980909715101547], [1.0350285033592024], [0.385398403616281], [0.6111314637646404], [0.6110370215451404], [0.9068223250357992], [0.9946391463500953], [1.1039956231815407], [0.9682972551752472], [4.572300249844262], [2.00667880691211], [0.6717923100914358], [0.4570237840785258], [0.3158535721237575], [0.23376002749502242], [0.2061689569540204], [0.16703937500175264]], "Time": [[0.5], [1.1], [1.6], [2.1], [2.7], [3.2], [3.8], [4.4], [5.0], [5.6], [6.2], [6.8], [7.4], [8.1], [8.7], [9.3], [9.9], [10.4], [11.4], [12.1], [12.7], [13.2], [13.8], [14.4]], "Title": [["ModelBasedAgendUWB_PID"], ["ModelBasedAgendUWB_PID"], ["ModelBasedAgendUWB_PID"], ["ModelBasedAgendUWB_PID"], ["ModelBasedAgendUWB_PID"], ["ModelBasedAgendUWB_PID"], ["ModelBasedAgendUWB_PID"], ["ModelBasedAgendUWB_PID"], ["ModelBasedAgendUWB_PID"], ["ModelBasedAgendUWB_PID"], ["ModelBasedAgendUWB_PID"], ["ModelBasedAgendUWB_PID"], ["ModelBasedAgendUWB_PID"], ["ModelBasedAgendUWB_PID"], ["ModelBasedAgendUWB_PID"], ["ModelBasedAgendUWB_PID"], ["ModelBasedAgendUWB_PID"], ["ModelBasedAgendUWB_PID"], ["ModelBasedAgendUWB_PID"], ["ModelBasedAgendUWB_PID"], ["ModelBasedAgendUWB_PID"], ["ModelBasedAgendUWB_PID"], ["ModelBasedAgendUWB_PID"], ["ModelBasedAgendUWB_PID"]]}