{"IMU": [[], [], [], [], [], [], [], [], [], [], [], [], [], [], [], [], [], [], [], []], "Kalman": [[0.10720551248323423, -0.02250477230627109, 0.6925943415969247], [0.04277397609292391, 0.09584431783097636, 0.6983433299321741], [0.27161260836562584, 0.17514272211299997, 0.7260214569494469], [0.47160940029010934, 0.26109761156045286, 0.754372108287841], [0.723684181827162, 0.2795340387318058, 0.7943888622160832], [1.0081373567648275, 0.36768849967071954, 0.8324023479045868], [1.3876702389376758, 0.34098113240683053, 0.8642690530564077], [2.8093338740177844, 1.1347469719416938, 0.9032905133237881], [2.1747380078491, 0.30964965019184115, 0.9937018356581584], [2.565227694437155, 0.4665689361740091, 1.0241731589536234], [2.41662272619647, 0.3123743907245465, 1.0586996462044376], [2.654784812523697, 0.31670290442699545, 1.052354029773702], [2.7444548500914787, 0.30994707227416396, 1.0336879057514787], [4.218162312737715, 0.9679983052937817, 1.0116817273759993], [2.500466630143171, -0.0027585072709325753, 0.9914980398656417], [2.4608612004573214, -0.10513926063434871, 0.9852541459614726], [2.314433866138512, -0.23177565877435108, 1.0132318913801313], [2.134835413629772, -0.3107014951992474, 1.0435153480097061], [1.945755108923817, -0.24582127644065693, 1.071338217635847], [1.9124861222775325, -0.1612796354613537, 1.0529745215306292]], "UWB": [[2.4348709, 2.83812263, 1.63783888], [2.60809272, 2.73075026, 1.73691587], [2.62374896, 3.033222, 1.68300089], [2.81074015, 3.25185067, 1.54737045], [2.91933678, 3.55912312, 1.31672506], [2.81107107, 3.90204951, 2.02408106], [2.92487941, 4.21914402, 2.06839388], [2.91935124, 4.52211022, 1.38738677], [2.84835891, 4.82995692, 1.93131088], [3.16633335, 5.52161294, 2.64321923], [2.80030202, 5.24884046, 1.41440316], [2.94362877, 5.74229131, 2.52840098], [2.91575466, 5.96072877, 2.32994746], [2.58674914, 5.48374471, 1.35452765], [2.45222975, 5.53049149, 1.23921179], [2.3006381, 5.39488786, 1.15827208], [2.2190703, 5.29514672, 2.06706972], [2.07935891, 5.05369243, 1.46762105], [2.16811672, 4.79270012, 1.59718541], [2.26659545, 4.86280498, 3.15738851]], "Distance": [[1.8929282703658934], [1.9595713413702465], [1.7372385986587526], [1.5505320983598283], [1.3065685387793156], [1.0578215047140835], [0.7008679397290816], [1.3937976933412821], [0.3555506676284011], [0.7329180846187986], [0.5207228206674933], [0.7273540268563774], [0.8063995358605137], [2.4201786637976883], [0.5004742323529006], [0.4727021368829433], [0.39062592358303133], [0.3386975168018798], [0.2517351945175343], [0.18349332306263935]], "Time": [[0.5], [1.1], [1.7], [2.2], [2.8], [3.4], [3.9], [4.4], [5.0], [5.5], [6.2], [6.7], [7.3], [7.8], [8.3], [8.9], [9.5], [10.1], [10.9], [11.5]], "Title": [["ModelBasedAgendUWB_PID"], ["ModelBasedAgendUWB_PID"], ["ModelBasedAgendUWB_PID"], ["ModelBasedAgendUWB_PID"], ["ModelBasedAgendUWB_PID"], ["ModelBasedAgendUWB_PID"], ["ModelBasedAgendUWB_PID"], ["ModelBasedAgendUWB_PID"], ["ModelBasedAgendUWB_PID"], ["ModelBasedAgendUWB_PID"], ["ModelBasedAgendUWB_PID"], ["ModelBasedAgendUWB_PID"], ["ModelBasedAgendUWB_PID"], ["ModelBasedAgendUWB_PID"], ["ModelBasedAgendUWB_PID"], ["ModelBasedAgendUWB_PID"], ["ModelBasedAgendUWB_PID"], ["ModelBasedAgendUWB_PID"], ["ModelBasedAgendUWB_PID"], ["ModelBasedAgendUWB_PID"]]}