{"IMU": [[-0.005818558931350708, -0.002185470461845398, 0.67], [0.034596450328826904, -0.013326678276062012, 0.64], [0.12443540573120117, -0.03459458112716675, 0.63], [0.5175749206542969, -0.10613540649414062, 0.6], [0.8149871826171875, -0.1687896156311035, 0.59], [1.1177796173095702, -0.24296037673950197, 0.57], [1.432883758544922, -0.32947120666503904, 0.56], [1.7166780090332032, -0.3816442108154297, 0.55], [2.003018798828125, -0.3936865234375, 0.53], [2.2927069091796874, -0.3729854583740234, 0.51], [2.7628857421875, -0.2665481185913086, 0.49], [2.8751129150390624, -0.1841212272644043, 0.48], [2.912557373046875, -0.0823664379119873, 0.5], [2.912406311035156, -0.005476705431938171, 0.53], [2.88386474609375, 0.030175836086273194, 0.55], [2.825960388183594, 0.040349111557006836, 0.52], [2.5284907531738283, -0.015769143104553223, 0.47], [2.311592559814453, -0.07812489032745361, 0.48]], "Kalman": [[4.2597542280332785, 2.7322274177043635, 1.3455551643943087], [4.247262300207419, 2.656086221434604, 1.2881119139656403], [4.344745982631569, 2.616693791402122, 1.2675877052374762], [4.761790267408503, 2.533082421528023, 1.206078389748299], [5.051623267340296, 2.4792330729971885, 1.187005524132269], [5.317694898449815, 2.113940368818451, 1.1478867799533856], [5.565962673905013, 1.9481785661262516, 1.1223124355337977], [5.85166594400512, 1.9670811515079396, 1.1047890873106343], [6.109705776194291, 1.9609110592557961, 1.0656489335074217], [6.487887726529496, 2.0448990761939196, 1.024317448320724], [6.876992808210272, 2.181105579114636, 0.9831841766272883], [6.917254145039749, 2.317047062818186, 0.9606484907356773], [6.911189489145281, 2.4421452490594744, 0.9914142948980799], [6.888554805039917, 2.5124287567849826, 1.0559359223572153], [7.708950485729429, 2.9681823367280926, 1.0963104636648338], [6.909692837113669, 2.8082955494187902, 1.0454987197402397], [6.423235441883499, 2.5038716898856026, 0.9471651034539345], [6.153196445129813, 2.38291718550784, 0.9543805032350599]], "UWB": [[4.32931207, 2.75432505, -0.1325056], [4.21996585, 2.63822565, 2.85661791], [4.2713235, 2.60324526, 2.84209978], [4.63362305, 2.52411539, 2.9391344], [4.845063, 2.49045633, 3.18163214], [5.03496277, 1.92771036, 3.80553491], [5.23947344, 1.69332525, 0.30370453], [5.53551245, 1.72060709, 0.73128099], [5.76965792, 1.68058435, 0.52769961], [6.25054888, 1.77131481, 0.15143809], [6.6315118, 1.94129195, 0.24856491], [6.7378127, 2.05626042, 0.45161074], [6.75725924, 2.17844627, 0.89617856], [6.74417981, 2.31748029, 0.48858626], [8.28413598, 3.11965856, -1.36914209], [7.03700527, 3.02229008, -1.00878957], [6.35370971, 2.35322727, 0.63797355], [6.12856378, 2.21485049, -0.39656697]], "Distance": [[1.7931190388436105], [1.7885432176410392], [1.6852776683760402], [1.259956648900935], [0.9651647121120371], [0.707218804866515], [0.5587188217490672], [0.36446941140399086], [0.3563939773136156], [0.5505550971745113], [0.8850154060637613], [0.9174125402147759], [0.9222101479375611], [0.9135948873919651], [1.8349330771966221], [1.0420678593330024], [0.46977857039581083], [0.17419647083954806]], "Time": [[0.5], [1.2], [1.8], [2.4], [2.9], [3.6], [4.2], [4.8], [5.3], [5.8], [6.4], [7.1], [7.7], [8.3], [8.8], [9.3], [9.9], [10.6]], "Title": [["ModelBasedAgendUWB_PID"], ["ModelBasedAgendUWB_PID"], ["ModelBasedAgendUWB_PID"], ["ModelBasedAgendUWB_PID"], ["ModelBasedAgendUWB_PID"], ["ModelBasedAgendUWB_PID"], ["ModelBasedAgendUWB_PID"], ["ModelBasedAgendUWB_PID"], ["ModelBasedAgendUWB_PID"], ["ModelBasedAgendUWB_PID"], ["ModelBasedAgendUWB_PID"], ["ModelBasedAgendUWB_PID"], ["ModelBasedAgendUWB_PID"], ["ModelBasedAgendUWB_PID"], ["ModelBasedAgendUWB_PID"], ["ModelBasedAgendUWB_PID"], ["ModelBasedAgendUWB_PID"], ["ModelBasedAgendUWB_PID"]]}