{"IMU": [[-0.008552861213684083, -0.0013727033138275146, 0.66], [0.03851298570632935, -0.05306349754333496, 0.64], [0.20101619720458985, -0.15782538414001465, 0.63], [0.47498790740966795, -0.3151301193237305, 0.61], [0.8709056091308593, -0.46834640502929686, 0.6], [1.3381231689453126, -0.5938658142089843, 0.55], [1.8279853820800782, -0.6956778717041016, 0.43], [2.2927534484863283, -0.7625139617919922, 0.32], [2.778428649902344, -0.7856110382080078, 0.34], [3.792216491699219, -0.7536344146728515, 0.43], [4.257659301757813, -0.6757110595703125, 0.51], [4.6418304443359375, -0.5755702972412109, 0.6], [4.861690979003907, -0.498961181640625, 0.67], [4.944988708496094, -0.41240631103515624, 0.67], [4.938301696777343, -0.3405368423461914, 0.71], [4.837044677734375, -0.29936254501342774, 0.73], [4.715393981933594, -0.14976251602172852, 0.42], [4.715393981933594, -0.14976251602172852, 0.42], [4.715393981933594, -0.14976251602172852, 0.42], [4.715393981933594, -0.14976251602172852, 0.42], [4.715393981933594, -0.14976251602172852, 0.42], [4.715393981933594, -0.14976251602172852, 0.42], [4.715393981933594, -0.14976251602172852, 0.42], [4.715393981933594, -0.14976251602172852, 0.42], [4.715393981933594, -0.14976251602172852, 0.42], [4.715393981933594, -0.14976251602172852, 0.42], [4.715393981933594, -0.14976251602172852, 0.42], [4.715393981933594, -0.14976251602172852, 0.42], [4.715393981933594, -0.14976251602172852, 0.42], [4.715393981933594, -0.14976251602172852, 0.42], [4.715393981933594, -0.14976251602172852, 0.42]], "Kalman": [[3.0219678204104166, 2.4460930343700698, 1.3260695877225173], [2.899996250615434, 2.3231454509495872, 1.2866913872870338], [3.3534279408298695, 2.237938794491591, 1.2665332726584995], [4.005679106260379, 2.1861478121927633, 1.2291595032784823], [4.278598185708871, 1.987219276367586, 1.2082937859820577], [4.665043606244293, 1.9572496729780762, 1.1264335752558075], [5.218336648267716, 1.8202524079639288, 0.9018919672200733], [5.631709450799871, 1.9262789069953128, 0.6881944496577195], [6.113201053460939, 1.9205849773679542, 0.6765032750937175], [7.075013553792579, 2.0830945836877017, 0.8576050880486014], [7.562439966987053, 2.1905671989592475, 0.9994516788488932], [8.1259933234939, 2.3358473739405605, 1.1831762329989495], [7.936150399564751, 2.415981319565183, 1.337145068794503], [7.922326443689878, 2.4488147464046617, 1.348898025276656], [-66.07311179878762, -30.256300478506965, 2.001170747263403], [7.71535281501269, 2.6122740542184264, 1.4711360131064746], [7.633800006132472, 2.8318814220451345, 0.8925372068277967], [7.5763814815669255, 2.773348387168482, 0.9463384080681254], [7.604093862694177, 2.7284280155168648, 0.9462251108008661], [26.14800638687923, 9.676303243645277, 0.8712534153193474], [26.14800638687923, 9.676303243645277, 0.8712534153193474], [14.327404338832352, 5.261838427400987, 0.9285824190558029], [14.327404338832352, 5.261838427400987, 0.9285824190558029], [14.327404338832352, 5.261838427400987, 0.9285824190558029], [14.327404338832352, 5.261838427400987, 0.9285824190558029], [14.327404338832352, 5.261838427400987, 0.9285824190558029], [7.588240480254437, 2.7435082308278926, 0.9464769291597273], [7.588240480254437, 2.7435082308278926, 0.9464769291597273], [7.588240480254437, 2.7435082308278926, 0.9464769291597273], [7.588240480254437, 2.7435082308278926, 0.9464769291597273], [7.588240480254437, 2.7435082308278926, 0.9464769291597273]], "UWB": [[2.94401883, 2.47204683, 1.17639132], [2.60510016, 2.31897032, 1.9453014], [3.13521569, 2.26721256, 0.84290188], [3.97873627, 2.32187222, 2.85833954], [4.06097657, 2.03867728, 1.11479905], [4.32938625, 2.03263779, 1.26731477], [4.93757256, 1.83476125, 0.2828299], [5.33365386, 2.0350015, 1.08458971], [5.80423181, 2.01582273, 0.66908988], [6.75585999, 2.29037381, 1.61508063], [7.26616262, 2.37810863, 1.27195357], [8.1810034, 2.57707897, -0.37010402], [7.77450553, 2.67172495, 1.60420915], [7.80924387, 2.68986897, 1.51749124], [-126.14452705, -56.56991728, 580.36164267], [7.70000737, 2.9651092, 1.70609259], [7.52389539, 3.15091028, 1.33856841], [7.45252749, 3.10696363, 0.96811743], [7.51954431, 3.01473442, 0.83653491], [59.80732532, 22.62964439, -97.15031686], [59.80732532, 22.62964439, -97.15031686], [7.53620405, 3.07928161, 0.75332992], [7.53620405, 3.07928161, 0.75332992], [7.53620405, 3.07928161, 0.75332992], [7.53620405, 3.07928161, 0.75332992], [7.53620405, 3.07928161, 0.75332992], [7.45931135, 3.04432409, 1.12862715], [7.45931135, 3.04432409, 1.12862715], [7.45931135, 3.04432409, 1.12862715], [7.45931135, 3.04432409, 1.12862715], [7.45931135, 3.04432409, 1.12862715]], "Distance": [[2.9816134620977515], [3.100090153221036], [2.647299616138903], [1.9975680583837176], [1.7495873763035692], [1.3782548240085641], [0.9171452161494149], [0.5246955155008955], [0.39594221535918855], [1.0966777559809269], [1.5662675979481049], [2.1262955217370587], [1.9396211063562967], [1.9280780027936775], [79.08505639630899], [1.7435453435199137], [1.7181968185150447], [1.6459153292506083], [1.6603215606661395], [21.455815316783887], [21.455815316783887], [8.838447255736329], [8.838447255736329], [8.838447255736329], [8.838447255736329], [8.838447255736329], [1.6490019326644019], [1.6490019326644019], [1.6490019326644019], [1.6490019326644019], [1.6490019326644019]], "Time": [[0.6], [1.1], [1.6], [2.2], [2.7], [3.3], [3.8], [4.3], [4.9], [5.5], [6.0], [6.7], [7.2], [7.8], [8.4], [8.9], [9.5], [10.4], [11.0], [11.6], [12.1], [12.7], [13.2], [13.7], [14.2], [14.7], [15.3], [15.8], [16.3], [16.8], [17.3]], "Title": [["ModelBasedAgendUWB_PID"], ["ModelBasedAgendUWB_PID"], ["ModelBasedAgendUWB_PID"], ["ModelBasedAgendUWB_PID"], ["ModelBasedAgendUWB_PID"], ["ModelBasedAgendUWB_PID"], ["ModelBasedAgendUWB_PID"], ["ModelBasedAgendUWB_PID"], ["ModelBasedAgendUWB_PID"], ["ModelBasedAgendUWB_PID"], ["ModelBasedAgendUWB_PID"], ["ModelBasedAgendUWB_PID"], ["ModelBasedAgendUWB_PID"], ["ModelBasedAgendUWB_PID"], ["ModelBasedAgendUWB_PID"], ["ModelBasedAgendUWB_PID"], ["ModelBasedAgendUWB_PID"], ["ModelBasedAgendUWB_PID"], ["ModelBasedAgendUWB_PID"], ["ModelBasedAgendUWB_PID"], ["ModelBasedAgendUWB_PID"], ["ModelBasedAgendUWB_PID"], ["ModelBasedAgendUWB_PID"], ["ModelBasedAgendUWB_PID"], ["ModelBasedAgendUWB_PID"], ["ModelBasedAgendUWB_PID"], ["ModelBasedAgendUWB_PID"], ["ModelBasedAgendUWB_PID"], ["ModelBasedAgendUWB_PID"], ["ModelBasedAgendUWB_PID"], ["ModelBasedAgendUWB_PID"]]}