{"IMU": [[], [], [], [], [], [], [], [], [], []], "Kalman": [[0.20710737693347245, 0.1197840919604593, 0.6681365726110773], [0.1538872358031192, 0.058119290323144814, 0.683624386108988], [0.19276886986362465, 0.09029635537351731, 0.7027254195106174], [0.2776361388392181, 0.05963864700763593, 0.7213853904964928], [0.3246179222166864, -0.012880432143739004, 0.7585657323247541], [0.41792591278556146, -0.15059738450018953, 0.8386468664700645], [0.5548458241086067, -0.17223107089949308, 0.8882374693455466], [0.6837419552743503, -0.1976933084084101, 0.921617048467753], [0.8367951117382177, -0.18199204763119042, 0.960913952487204], [1.0056965897897463, -0.10814844095909745, 1.001348378581521]], "UWB": [[2.6259147, 5.53237285, 1.02778066], [2.61498725, 5.44838235, 0.82951113], [2.70445445, 5.6382822, 0.52627209], [2.65880381, 5.682883, 0.51730346], [2.5876744, 5.75582415, 0.61988841], [2.3670781, 5.7716088, 0.80335112], [2.34467464, 5.96704601, 1.55095629], [2.32225341, 6.17418736, 1.34958412], [2.33595142, 6.28878993, 1.58134928], [2.37892499, 6.63406538, 1.26244486]], "Distance": [[0.8018896061180181], [0.8481065155064855], [0.812265676521537], [0.7248215753742536], [0.6755048900808308], [0.6012402308768265], [0.4773109909657766], [0.3729635304465489], [0.2444523285909429], [0.1082983675644099]], "Time": [[0.6], [1.2], [1.7], [2.3], [2.8], [3.4], [3.9], [4.5], [5.1], [5.7]], "Title": [["ModelBasedAgendUWB_PID"], ["ModelBasedAgendUWB_PID"], ["ModelBasedAgendUWB_PID"], ["ModelBasedAgendUWB_PID"], ["ModelBasedAgendUWB_PID"], ["ModelBasedAgendUWB_PID"], ["ModelBasedAgendUWB_PID"], ["ModelBasedAgendUWB_PID"], ["ModelBasedAgendUWB_PID"], ["ModelBasedAgendUWB_PID"]]}