{"IMU": [[], [], [], [], [], [], [], [], [], [], [], [], [], [], [], [], [], [], [], [], [], [], [], [], [], []], "Kalman": [[4.03746970555191, 2.547461987530911, 1.851423236154932], [4.140409767026771, 2.5639854947124867, 1.843033846373752], [4.39473549107648, 2.5291329943285215, 1.8335777466186851], [4.656969072153737, 2.457931826956145, 1.8127260179814917], [5.872912774227215, 2.72748819925815, 1.7987121809256092], [6.326684518661342, 2.700015709526739, 1.7899329332852063], [5.48172686085701, 2.2091230800095696, 1.7917886990861394], [6.285873958810153, 2.0497954470883446, 1.760773918327555], [6.604975901526156, 2.0624510571877384, 1.7822667924985076], [6.856579480738723, 2.120356984487786, 1.774762934234182], [7.112345645559661, 2.113784494370755, 1.7546297957248413], [7.0830838431118694, 2.3331427675095804, 1.7361500821779596], [6.951574042556422, 2.5530938336608275, 1.7063752326500368], [8.011105679585992, 3.006822184894024, 1.6953945908943193], [7.1694424096094895, 2.783668650938826, 1.6904480585231834], [7.082834547949346, 2.8782125853352647, 1.6601454721324116], [7.0162034570959575, 2.880681551919057, 1.6514432268155719], [6.9204943652275155, 2.8914651969240284, 1.6313695228520735], [6.693357500823447, 2.833432871950008, 1.661395620087331], [6.585889012761068, 2.827621809598075, 1.6765595542357847], [6.974482364010144, 3.1513698090589926, 1.6345055368028836], [6.488376069747493, 2.788280604611583, 1.6176510650995934], [8.017730417195837, 3.055106318579401, 1.6215107110823257], [6.610612649295142, 2.585655195010795, 1.5718362046852707], [6.385469379378383, 2.328257984350859, 1.4358908815413167], [6.142637271367982, 2.3094560992922735, 1.4033662321629583]], "UWB": [[2.55076757, 4.1842956, 3.12263712], [2.59354803, 4.31458919, 2.78028411], [2.58488707, 4.63454897, 3.40824463], [2.51461395, 4.64851005, 2.71219755], [2.43248219, 5.0605652, 2.8768686], [2.12117949, 5.15142025, 1.26364528], [1.93025359, 5.73527779, 0.91361588], [1.89800699, 6.04127321, 0.38350623], [1.84982995, 6.4830501, 0.32771857], [1.88988233, 6.76793181, 1.28403315], [1.9780848, 7.04804754, 0.91430532], [2.17963807, 7.03907164, 1.35497959], [2.21487563, 7.14428309, 1.10782715], [3.02101371, 8.64361748, 0.68337017], [2.62917729, 7.25208731, 1.88231148], [2.77046859, 7.16521904, 2.03212603], [2.65824782, 6.9978797, 0.92281389], [2.76646486, 6.94979109, 1.9959847], [2.7296945, 6.69215745, 2.12592033], [2.72753115, 6.59988389, 2.00300879], [3.34962239, 7.34041342, -4.35095518], [2.71769858, 6.49074395, 0.59459836], [2.53256222, 6.271266, 0.66617981], [2.57063348, 6.34913165, 0.45419625], [2.27699279, 6.51813004, -0.35567962], [2.32246837, 6.04846989, 0.92523379]], "Distance": [[1.9780704213700926], [1.8782343240362807], [1.621535097584824], [1.3522849311876912], [0.4459790616829436], [0.5164642704013253], [0.5261802555627457], [0.3799029331599193], [0.649942567969362], [0.8752142708188327], [1.1278249198046189], [1.0835908149519222], [0.9846571215932511], [2.1316997104473687], [1.2655160659960951], [1.227542444102344], [1.1704104113313845], [1.0941393675341302], [0.8748115527500597], [0.7884482920507127], [1.294004029956609], [0.690600560629559], [2.1543958756077823], [0.6741266186080234], [0.38650375951331895], [0.14295037249734144]], "Time": [[0.5], [1.1], [1.6], [2.1], [2.7], [3.2], [3.8], [4.4], [5.0], [5.6], [6.2], [6.7], [7.3], [7.9], [8.5], [9.1], [9.6], [10.2], [10.8], [11.4], [12.1], [12.7], [13.2], [13.8], [14.4], [15.1]], "Title": [["ModelBasedAgendUWB_PID"], ["ModelBasedAgendUWB_PID"], ["ModelBasedAgendUWB_PID"], ["ModelBasedAgendUWB_PID"], ["ModelBasedAgendUWB_PID"], ["ModelBasedAgendUWB_PID"], ["ModelBasedAgendUWB_PID"], ["ModelBasedAgendUWB_PID"], ["ModelBasedAgendUWB_PID"], ["ModelBasedAgendUWB_PID"], ["ModelBasedAgendUWB_PID"], ["ModelBasedAgendUWB_PID"], ["ModelBasedAgendUWB_PID"], ["ModelBasedAgendUWB_PID"], ["ModelBasedAgendUWB_PID"], ["ModelBasedAgendUWB_PID"], ["ModelBasedAgendUWB_PID"], ["ModelBasedAgendUWB_PID"], ["ModelBasedAgendUWB_PID"], ["ModelBasedAgendUWB_PID"], ["ModelBasedAgendUWB_PID"], ["ModelBasedAgendUWB_PID"], ["ModelBasedAgendUWB_PID"], ["ModelBasedAgendUWB_PID"], ["ModelBasedAgendUWB_PID"], ["ModelBasedAgendUWB_PID"]]}