{"IMU": [[-0.00045958273112773896, 0.0017503437399864197, 0.72], [-0.003889971375465393, 0.006606726050376892, 0.75], [-0.003889971375465393, 0.006606726050376892, 0.75], [0.023542840480804444, 0.007022488713264465, 0.79], [0.023542840480804444, 0.007022488713264465, 0.79], [0.09484691619873047, 0.006188189387321472, 0.83], [0.09484691619873047, 0.006188189387321472, 0.83], [0.22451292037963866, 0.00571363627910614, 0.86], [0.22451292037963866, 0.00571363627910614, 0.86], [0.4416447830200195, 0.004131607711315155, 0.89], [0.4416447830200195, 0.004131607711315155, 0.89], [0.7596649169921875, 0.002558413743972778, 0.92], [0.7596649169921875, 0.002558413743972778, 0.92], [1.1360480499267578, 0.0029474660754203797, 0.94], [1.1360480499267578, 0.0029474660754203797, 0.94], [1.5297352600097656, 0.006325164437294006, 0.96]], "Kalman": [[-0.005377036703012537, 0.01429518611474621, 0.6986471174517582], [0.006399387609810759, 0.007209016197410711, 0.7130815914090395], [0.006428935151440735, 0.007162756252041562, 0.7129662501530536], [0.0677801258194902, 0.006860686996037539, 0.7495949046687367], [0.06783116640717929, 0.006858613941211586, 0.7495823770482362], [0.19143987064118975, 0.005890427656878229, 0.7993419715313195], [0.1915198849254742, 0.00588995919043349, 0.7994070132895827], [0.39828970569790373, 0.005529327387298813, 0.8346358962246485], [0.3995573625928444, 0.005532478823724252, 0.8350391534318351], [0.706525931658122, 0.0040881930109686725, 0.8645917799543263], [0.706525931658122, 0.0040881930109686725, 0.8645917799543263], [1.126125100583031, 0.004777870900127671, 0.9053864825861697], [1.126288708381403, 0.004784381560780948, 0.9054557617001744], [1.5181118045569706, 0.0011706074579151268, 0.9332657935579595], [1.5181516515791724, 0.0011588639142107663, 0.9333154714274524], [1.930897102992529, 0.006402940353140082, 0.9532673527653628]], "CMD": [[-0.12174555613123166, 17.085774843761843, 0, 5.88263454342584], [-0.12179468138252748, 17.08576966235719, 0, 5.882230517390702], [-0.06107579224343295, 16.985214498174113, 0, 5.602448098956374], [-0.061026530787045764, 16.985183033482105, 0, 5.602729493057068], [-0.058435244773338606, 16.462037330310427, 0, 4.88800429371535], [-0.058435244773338606, 16.462037330310427, 0, 4.88800429371535], [-0.05018232691737657, 15.408212081612968, 0, 3.915456782842206], [-0.05018232691737657, 15.408212081612968, 0, 3.915456782842206], [-0.04713532322345193, 13.63625150580361, 0, 3.220313250371956], [-0.047136601803035603, 13.635737200576987, 0, 3.219938424523048], [-0.03483131742423243, 11.020371526870285, 0, 2.643088586121985], [-0.03483131742423243, 11.020371526870285, 0, 2.643088586121985], [-0.0407628290482107, 7.444001605074085, 0, 1.8454477656495132], [-0.0407628290482107, 7.444001605074085, 0, 1.8454477656495132], [-0.009873495879246533, 4.105337670985173, 0, 1.3016426645411565], [-0.009873495879246533, 4.105337670985173, 0, 1.3016426645411565]], "Distance": [[2.027943532621642], [2.014154300153154], [2.0141413230530136], [1.9483899565980272], [1.9483409424372953], [1.8196670253189937], [1.8195803264919745], [1.6102334387138062], [1.6089311125257018], [1.30054883216699], [1.30054883216699], [0.8789948154333864], [0.878824740437165], [0.4864884968204374], [0.4864421858683659], [0.08366688913511758]], "Time": [[1615215048.3897266], [1615215048.648798], [1615215048.8914657], [1615215049.133732], [1615215049.3967254], [1615215049.6496842], [1615215049.89126], [1615215050.146611], [1615215050.4249682], [1615215050.6746411], [1615215050.8991535], [1615215051.1552362], [1615215051.4000502], [1615215051.669211], [1615215051.9032347], [1615215052.1722481]]}