{"IMU": [[0.026686108112335204, 0.006122598648071289, 0.76], [0.026686108112335204, 0.006122598648071289, 0.76], [0.0008457007259130478, 0.009355832934379577, 0.77], [0.0008457007259130478, 0.009355832934379577, 0.77], [0.0008457007259130478, 0.009355832934379577, 0.77], [0.0008457007259130478, 0.009355832934379577, 0.77], [0.0008457007259130478, 0.009355832934379577, 0.77], [0.002936476767063141, 0.01490117073059082, 0.8], [0.002936476767063141, 0.01490117073059082, 0.8], [0.002936476767063141, 0.01490117073059082, 0.8], [0.002936476767063141, 0.01490117073059082, 0.8], [0.02937873363494873, 0.01974053144454956, 0.82], [0.02937873363494873, 0.01974053144454956, 0.82], [0.02937873363494873, 0.01974053144454956, 0.82], [0.02937873363494873, 0.01974053144454956, 0.82], [0.09401319503784179, 0.023294556140899658, 0.84], [0.09401319503784179, 0.023294556140899658, 0.84], [0.09401319503784179, 0.023294556140899658, 0.84], [0.09401319503784179, 0.023294556140899658, 0.84], [0.09401319503784179, 0.023294556140899658, 0.84], [0.20341667175292968, 0.027126781940460205, 0.86], [0.20341667175292968, 0.027126781940460205, 0.86], [0.20341667175292968, 0.027126781940460205, 0.86], [0.20341667175292968, 0.027126781940460205, 0.86], [0.3654679870605469, 0.031129841804504396, 0.87], [0.3654679870605469, 0.031129841804504396, 0.87], [0.3654679870605469, 0.031129841804504396, 0.87], [0.3654679870605469, 0.031129841804504396, 0.87], [0.5775365066528321, 0.03357240676879883, 0.89], [0.5775365066528321, 0.03357240676879883, 0.89], [0.5775365066528321, 0.03357240676879883, 0.89], [0.5775365066528321, 0.03357240676879883, 0.89], [0.5775365066528321, 0.03357240676879883, 0.89], [0.832431640625, 0.031297006607055665, 0.9], [0.832431640625, 0.031297006607055665, 0.9], [0.832431640625, 0.031297006607055665, 0.9], [0.832431640625, 0.031297006607055665, 0.9], [1.1228953552246095, 0.024964590072631836, 0.91], [1.1228953552246095, 0.024964590072631836, 0.91], [1.1228953552246095, 0.024964590072631836, 0.91], [1.1228953552246095, 0.024964590072631836, 0.91], [1.426744384765625, 0.011689746379852295, 0.92]], "Kalman": [[-0.015549263538658042, 0.017966943844645616, 0.7578030066982098], [-0.015549263538658042, 0.017966943844645616, 0.7578030066982098], [-0.03935418020917561, 0.02076723856312488, 0.7673953984292957], [-0.012235694415974156, 0.015641213046045908, 0.7594527711980589], [-0.012235694415974156, 0.015641213046045908, 0.7594527711980589], [-0.012235694415974156, 0.015641213046045908, 0.7594527711980589], [-0.012235694415974156, 0.015641213046045908, 0.7594527711980589], [0.026639333034457896, 0.02574270993232526, 0.7904533173403443], [0.02847054562888093, 0.026165612946347477, 0.7904695302934338], [0.02847054562888093, 0.026165612946347477, 0.7904695302934338], [0.02847054562888093, 0.026165612946347477, 0.7904695302934338], [0.08903574892111318, 0.025009728119501373, 0.813005737843012], [0.0946540227164262, 0.02341377334528652, 0.8133591937014678], [0.0946540227164262, 0.02341377334528652, 0.8133591937014678], [0.0946540227164262, 0.02341377334528652, 0.8133591937014678], [0.1540189768702183, 0.02642806394303958, 0.832544312254065], [0.23077636478441008, 0.02817020488656346, 0.8334983935109189], [0.23077636478441008, 0.02817020488656346, 0.8334983935109189], [0.23077636478441008, 0.02817020488656346, 0.8334983935109189], [0.23077636478441008, 0.02817020488656346, 0.8334983935109189], [0.4081536933587389, 0.034358829299677845, 0.8541785755609016], [0.411962756362354, 0.034583496156360125, 0.8541895701353316], [0.411962756362354, 0.034583496156360125, 0.8541895701353316], [0.411962756362354, 0.034583496156360125, 0.8541895701353316], [0.6491913147784388, 0.038400174579905896, 0.8681411700209772], [0.6535761127612456, 0.03841120760787962, 0.8681977898054526], [0.6535761127612456, 0.03841120760787962, 0.8681977898054526], [0.6535761127612456, 0.03841120760787962, 0.8681977898054526], [0.8481594860508608, 0.040517367877549365, 0.88738297982179], [0.93035830439406, 0.03754425831433421, 0.887638365595466], [0.93035830439406, 0.03754425831433421, 0.887638365595466], [0.93035830439406, 0.03754425831433421, 0.887638365595466], [0.93035830439406, 0.03754425831433421, 0.887638365595466], [1.2592498015171794, 0.023962513595593204, 0.8988135152841082], [1.2592498015171794, 0.023962513595593204, 0.8988135152841082], [1.2592498015171794, 0.023962513595593204, 0.8988135152841082], [1.2592498015171794, 0.023962513595593204, 0.8988135152841082], [1.5956197919728268, 0.007251682786592516, 0.9082863719129506], [1.5990871417949764, 0.006339570039721501, 0.9082795919026726], [1.5990871417949764, 0.006339570039721501, 0.9082795919026726], [1.5990871417949764, 0.006339570039721501, 0.9082795919026726], [1.8825483530887277, -0.01103169830358785, 0.9193896137489247]], "CMD": [[-0.10397229050200392, 11.6637128362926, 0, 3.309234005591794], [-0.10397229050200392, 11.6637128362926, 0, 3.309234005591794], [-0.10397229050200392, 11.6637128362926, 0, 3.309234005591794], [-0.12017721986998436, 11.801468691314131, 0, 3.1781693359659697], [-0.09051359878947153, 11.644537656896421, 0, 3.286692615999414], [-0.09051359878947153, 11.644537656896421, 0, 3.286692615999414], [-0.09051359878947153, 11.644537656896421, 0, 3.286692615999414], [-0.09051359878947153, 11.644537656896421, 0, 3.286692615999414], [-0.14896960432089199, 11.419573095182479, 0, 2.8631198041018764], [-0.1514168872538319, 11.408976113888134, 0, 2.86289828006492], [-0.1514168872538319, 11.408976113888134, 0, 2.86289828006492], [-0.1514168872538319, 11.408976113888134, 0, 2.86289828006492], [-0.13873710703215444, 11.03740377100911, 0, 2.5507171840466825], [-0.1354923611413014, 11.025981222509893, 0, 2.550147690167913], [-0.1354923611413014, 11.025981222509893, 0, 2.550147690167913], [-0.1354923611413014, 11.025981222509893, 0, 2.550147690167913], [-0.16103267049059683, 10.297942772188138, 0, 2.275358692233835], [-0.16301719153197014, 10.238259514484223, 0, 2.274977780144299], [-0.16301719153197014, 10.238259514484223, 0, 2.274977780144299], [-0.16301719153197014, 10.238259514484223, 0, 2.274977780144299], [-0.16301719153197014, 10.238259514484223, 0, 2.274977780144299], [-0.20005350672885114, 9.191055883315624, 0, 1.9922673795192756], [-0.20013004660308897, 9.189758205466891, 0, 1.9922659910020912], [-0.20013004660308897, 9.189758205466891, 0, 1.9922659910020912], [-0.20013004660308897, 9.189758205466891, 0, 1.9922659910020912], [-0.22224386829761483, 7.806131952022964, 0, 1.8011298706239471], [-0.22228049859071702, 7.791574168277049, 0, 1.8008661050736907], [-0.22228049859071702, 7.791574168277049, 0, 1.8008661050736907], [-0.22228049859071702, 7.791574168277049, 0, 1.8008661050736907], [-0.2212348182243751, 6.253787086847794, 0, 1.5344926910389871], [-0.21726357948759017, 6.189872805871755, 0, 1.535241773344542], [-0.21726357948759017, 6.189872805871755, 0, 1.535241773344542], [-0.21726357948759017, 6.189872805871755, 0, 1.535241773344542], [-0.20579718470143532, 4.837124133722869, 0, 1.4041766194738725], [-0.13866784725671172, 4.286621892516523, 0, 1.3825512512076599], [-0.13866784725671172, 4.286621892516523, 0, 1.3825512512076599], [-0.13866784725671172, 4.286621892516523, 0, 1.3825512512076599], [-0.13866784725671172, 4.286621892516523, 0, 1.3825512512076599], [-0.04196451415640575, 2.3400939428433616, 0, 1.2531198373040218], [-0.036686240215759156, 2.3200288551969703, 0, 1.2532124752854612], [-0.036686240215759156, 2.3200288551969703, 0, 1.2532124752854612], [-0.036686240215759156, 2.3200288551969703, 0, 1.2532124752854612]],