{"IMU": [[1.930591979045266, 2.3617259723420796, 0.66], [1.9395876252835929, 2.3381692129846274, 0.65], [1.9395876252835929, 2.3381692129846274, 0.65], [1.9594987607186973, 2.337899352955407, 0.65], [1.9594987607186973, 2.337899352955407, 0.66], [1.9735440659707726, 2.3649378401513754, 0.68], [1.9845912671273886, 2.3649378401513754, 0.68], [1.9845912671273886, 2.4291382319207844, 0.7], [1.9919102263635338, 2.5259094816919028, 0.72], [1.9966660618966758, 2.674877606081551, 0.74], [1.9966660618966758, 2.674877606081551, 0.74], [1.9945797801202476, 2.8702445799585043, 0.76], [1.9826354718393029, 3.0580772597070394, 0.76], [1.9826354718393029, 3.0580772597070394, 0.78], [1.9826354718393029, 3.0580772597070394, 0.78], [1.9826354718393029, 3.0580772597070394, 0.78], [1.9826354718393029, 3.0580772597070394, 0.78], [1.9826354718393029, 3.0580772597070394, 0.78], [1.9826354718393029, 3.0580772597070394, 0.78], [1.9826354718393029, 3.0580772597070394, 0.78], [1.9826354718393029, 3.0580772597070394, 0.78], [1.9826354718393029, 3.0580772597070394, 0.78], [1.9826354718393029, 3.0580772597070394, 0.78], [1.9826354718393029, 3.0580772597070394, 0.78], [1.9826354718393029, 3.0580772597070394, 0.78], [1.9826354718393029, 3.0580772597070394, 0.78], [1.9826354718393029, 3.0580772597070394, 0.78], [1.9826354718393029, 3.0580772597070394, 0.78], [1.9826354718393029, 3.0580772597070394, 0.78], [1.9826354718393029, 3.0580772597070394, 0.78], [1.9826354718393029, 3.0580772597070394, 0.78], [1.9826354718393029, 3.0580772597070394, 0.78], [1.9826354718393029, 3.0580772597070394, 0.78], [1.9826354718393029, 3.0580772597070394, 0.78], [1.9826354718393029, 3.0580772597070394, 0.78], [1.9826354718393029, 3.0580772597070394, 0.78], [1.9826354718393029, 3.0580772597070394, 0.78], [1.9826354718393029, 3.0580772597070394, 0.78], [1.9826354718393029, 3.0580772597070394, 0.78], [1.9826354718393029, 3.0580772597070394, 0.78], [1.9826354718393029, 3.0580772597070394, 0.78]], "Kalman": [[2.0159324085317967, 2.351062623034634, 0.66730216069921], [2.041453862060627, 2.376692942181617, 0.6578170795785613], [1.9564816201644761, 2.365982724708406, 0.6482260521926767], [1.9996367475892294, 2.408806953252232, 0.6488310681493792], [2.031418630703861, 2.432369146953489, 0.6567836103835931], [2.088783640801397, 2.4640843469914455, 0.6755477578075725], [2.0751829625914535, 2.480728671858814, 0.6763960689285697], [2.13610794334979, 2.4851747370776986, 0.6959435761754103], [2.223486117920173, 2.602257853904334, 0.7164234936498597], [2.286226467463489, 2.4850335978945113, 0.7316264226482732], [2.4275227912553645, 2.52146927843727, 0.7364451800273694], [2.5555444121055584, 2.551750388076048, 0.7569665543593053], [2.729816484336237, 2.5919187161205017, 0.7574186995324121], [2.9457563957760287, 2.522103143071497, 0.7772727479291627], [2.931888615113205, 2.5666297195373873, 0.7776566646090022], [2.931888615113205, 2.5666297195373873, 0.7776566646090022], [2.931888615113205, 2.5666297195373873, 0.7776566646090022], [2.931888615113205, 2.5666297195373873, 0.7776566646090022], [2.931888615113205, 2.5666297195373873, 0.7776566646090022], [2.576149342605726, 2.6469988301022696, 0.7775008228775416], [2.4143851953969846, 2.6600217179692742, 0.7775645971412983], [2.1862634845459104, 2.6492509718234514, 0.7775771311352664], [2.175574690795341, 2.660777756616257, 0.7775422780076537], [2.175574690795341, 2.660777756616257, 0.7775422780076537], [2.175574690795341, 2.660777756616257, 0.7775422780076537], [2.175574690795341, 2.660777756616257, 0.7775422780076537], [1.8481172336174252, 2.718404869609431, 0.7776814407201519], [1.8481172336174252, 2.718404869609431, 0.7776814407201519], [1.8481172336174252, 2.718404869609431, 0.7776814407201519], [1.8481172336174252, 2.718404869609431, 0.7776814407201519], [1.8481172336174252, 2.718404869609431, 0.7776814407201519], [1.8481172336174252, 2.718404869609431, 0.7776814407201519], [1.8481172336174252, 2.718404869609431, 0.7776814407201519], [1.8481172336174252, 2.718404869609431, 0.7776814407201519], [1.8481172336174252, 2.718404869609431, 0.7776814407201519], [1.8481172336174252, 2.718404869609431, 0.7776814407201519], [1.8481172336174252, 2.718404869609431, 0.7776814407201519], [1.8481172336174252, 2.718404869609431, 0.7776814407201519], [1.8481172336174252, 2.718404869609431, 0.7776814407201519], [1.8481172336174252, 2.718404869609431, 0.7776814407201519], [1.8481172336174252, 2.718404869609431, 0.7776814407201519]], "UWB": [[2.0546338, 2.36499774, 1.16486864], [2.08879331, 2.41534609, 1.12125196], [1.99464855, 2.42837693, 0.89132869], [1.99482134, 2.49340432, 0.9082658], [2.05880834, 2.46950571, 1.16998415], [2.14623346, 2.51355134, 1.04276332], [2.116278, 2.51446522, 1.31330139], [2.20525544, 2.46984006, 0.85019011], [2.34528433, 2.55959257, 1.33927473], [2.43786834, 2.31318233, 1.24149296], [2.77193071, 2.1980158, 0.88800173], [2.85785981, 2.25495289, 0.95595223], [3.12565303, 2.24894325, 1.08679966], [3.45766015, 2.12778168, 0.76679546], [3.36199247, 2.16718579, 1.20857069], [2.79275328, 2.03404358, 3.71414565], [3.00784976, 1.79596289, 4.72015862], [2.97978282, 2.18631182, 1.19559633], [2.66845629, 2.28443009, 0.45162106], [2.63349784, 2.34628675, 0.85742405], [2.54392732, 2.34556051, 1.08165622], [2.296193, 2.33831066, 1.03932721], [1.99327367, 2.34853767, 0.94356288], [1.94253449, 2.22328913, 0.39473486], [1.65173052, 2.46374482, 1.29329078], [1.66609551, 2.4250266, 1.14713494], [1.5066649, 2.42755755, 1.32814335], [1.36085508, 2.40885657, 1.28960776], [0.99905829, 2.56728036, 1.07759179], [0.81861988, 2.71896013, 1.05153379], [0.80128303, 2.8485202, 1.08163055], [0.65928536, 2.80390429, 1.04732342], [0.6917159, 2.85349471, 1.15585263], [0.6810271, 2.91012278, 1.00268787], [0.6452942, 2.91854807, 0.93074641], [0.62064263, 2.85535289, 0.96217255], [0.65618845, 2.85216477, 0.97181087], [0.67841552, 2.86990694, 0.98572653], [0.65853644, 2.85083016, 1.1163066], [0.65268448, 2.85635864, 0.94915054], [0.69025652, 2.88394662, 1.0968922]], "Distance": [[1.0686951471483697], [1.054731640674419], [1.1328823104161412], [1.1042680787960355], [1.080007689276097], [1.0335095173529067], [1.051170955868445], [0.9935388127774389], [0.9672912673156012], [0.854252833930216], [0.7581738918805419], [0.6787373854720559], [0.6114154420217237], [0.48033411372196916], [0.5213626518072919], [0.5213626518072919], [0.5213626518072919], [0.5213626518072919], [0.5213626518072919], [0.7268858120275706], [0.8402657510647438], [1.0066358225427843], [1.0215851510504563], [1.0215851510504563], [1.0215851510504563], [1.0215851510504563], [1.326153849312401], [1.326153849312401], [1.326153849312401], [1.326153849312401], [1.326153849312401], [1.326153849312401], [1.326153849312401], [1.326153849312401], [1.326153849312401], [1.326153849312401], [1.326153849312401], [1.326153849312401], [1.326153849312401], [1.326153849312401], [1.326153849312401]], "Time": [[1615559955.9308534], [1615559956.1524298], [1615559956.480376], [1615559956.7134447], [1615559957.059249], [1615559957.3720973], [1615559957.6571453], [1615559957.9905655], [1615559958.3535516], [1615559958.673177], [1615559959.0458643], [1615559959.288597], [1615559959.6452875], [1615559960.010384], [1615559960.2347949], [1615559960.4509354], [1615559960.7039921], [1615559960.9174323], [1615559961.136267], [1615559961.353987], [1615559961.6095164], [1615559961.996195], [1615559962.2487302], [1615559962.5055299], [1615559962.7247334], [1615559962.952902], [1615559963.1922324], [1615559963.449891], [1615559963.6638045], [1615559963.878513], [1615559964.094895], [1615559964.3122506], [1615559964.5412133], [1615559964.7558377], [1615559964.9735072], [1615559965.1920805], [1615559965.417701], [1615559965.6517875], [1615559965.885952], [1615559966.1231546], [1615559966.3432293]]}