{"IMU": [[-0.006685489416122436, -0.011851294040679932, 0.78], [0.09122190475463868, 0.020089893341064452, 0.81], [0.27304414749145506, 0.030428462028503418, 0.85], [0.5517529678344727, 0.015726649761199953, 0.89], [0.8492414855957031, -0.020912621021270752, 0.92], [1.108937759399414, -0.040335049629211424, 0.94], [1.3122201538085938, -0.030466501712799073, 0.98], [1.512720184326172, 0.0634160852432251, 1.04], [1.5145242309570313, 0.12560507774353027, 1.05], [1.4501136779785155, 0.15387138366699218, 1.03], [1.3178868103027344, 0.14750199317932128, 1.0], [1.2145905303955078, 0.12539058685302734, 0.98], [1.0693724060058594, 0.07961589813232423, 1.0]], "Kalman": [[0.029382058992145, 0.0033138516750096797, 0.78], [0.23182833009836462, 0.04273332314258299, 0.81], [0.5072337380853691, 0.02581642588894592, 0.85], [0.8470303436224751, -0.014049470134444787, 0.89], [1.1304044304733991, -0.061834854009227266, 0.92], [1.3530339911600353, -0.05217833912023824, 0.94], [1.4845354969828661, -0.011358305810027116, 0.98], [1.6119647557608778, 0.10688943739119175, 1.04], [1.4858611410395626, 0.1735080093470186, 1.05], [1.3647068695961762, 0.1686964765345963, 1.03], [1.2329668689565216, 0.15848205050681105, 1.0], [1.0774256342808772, 0.0901583818304676, 0.98], [0.9198978965962616, 0.026353375694444438, 1.0]], "CMD": [[5, 15.0, 0, 5], [0, 15.0, 0, 5], [-5, 14.24268603581926, 0, 5], [-5, 9.136388951174244, 0, 5], [5, 5, 0, 5], [5, -5, 0, 5], [5, -6.545610171627953, 0, 5], [5, -8.983782176737003, 0, 5], [-5, -11.346450569317517, 0, -5], [-5, -9.008360969257684, 0, -5], [-5, -6.7620372402303754, 0, -5], [-5, -5, 0, 0], [-5, -5, 0, 5]], "Distance": [[0.9952437736651518], [0.7924732496092696], [0.5157374106335492], [0.18893677086082714], [0.16501171066755846], [0.3618778495400492], [0.48508108492014734], [0.6225160352306407], [0.5183300856402518], [0.4029511160498626], [0.2817625283181717], [0.1205125000076114], [0.08432584052469164]], "Time": [[1616768214.3614614], [1616768214.911909], [1616768215.5149338], [1616768216.038821], [1616768216.5505502], [1616768217.1306882], [1616768217.7187157], [1616768218.278626], [1616768218.8091142], [1616768219.3269892], [1616768219.8994136], [1616768220.4324133], [1616768221.0054557]]}