{"IMU": [[0.024938247203826903, -0.0102798330783844, 0.86], [0.024938247203826903, -0.0102798330783844, 0.86], [0.024938247203826903, -0.0102798330783844, 0.86], [0.024938247203826903, -0.0102798330783844, 0.86], [0.024938247203826903, -0.0102798330783844, 0.86], [0.024938247203826903, -0.0102798330783844, 0.86], [0.024938247203826903, -0.0102798330783844, 0.86], [0.024938247203826903, -0.0102798330783844, 0.86], [0.031020445823669432, -0.015333032608032227, 0.82], [0.031020445823669432, -0.015333032608032227, 0.82], [0.031020445823669432, -0.015333032608032227, 0.82], [0.031020445823669432, -0.015333032608032227, 0.82], [0.031020445823669432, -0.015333032608032227, 0.82], [0.031020445823669432, -0.015333032608032227, 0.82], [0.031020445823669432, -0.015333032608032227, 0.82], [0.031020445823669432, -0.015333032608032227, 0.82], [0.031020445823669432, -0.015333032608032227, 0.82], [0.031020445823669432, -0.015333032608032227, 0.82], [0.10150836944580079, -0.039611983299255374, 0.82], [0.10150836944580079, -0.039611983299255374, 0.82], [0.10150836944580079, -0.039611983299255374, 0.82], [0.10150836944580079, -0.039611983299255374, 0.82], [0.10150836944580079, -0.039611983299255374, 0.82], [0.10150836944580079, -0.039611983299255374, 0.82], [0.10150836944580079, -0.039611983299255374, 0.82], [0.10150836944580079, -0.039611983299255374, 0.82], [0.10150836944580079, -0.039611983299255374, 0.82], [0.2098193359375, -0.0577323579788208, 0.81], [0.2098193359375, -0.0577323579788208, 0.81], [0.2098193359375, -0.0577323579788208, 0.81], [0.2098193359375, -0.0577323579788208, 0.81], [0.2098193359375, -0.0577323579788208, 0.81], [0.2098193359375, -0.0577323579788208, 0.81], [0.2098193359375, -0.0577323579788208, 0.81], [0.2098193359375, -0.0577323579788208, 0.81], [0.2098193359375, -0.0577323579788208, 0.81], [0.2098193359375, -0.0577323579788208, 0.81], [0.3499892807006836, -0.0657278823852539, 0.82]], "Kalman": [[0.1258591370317353, -0.013253640463571515, 0.8702809984146772], [-0.002104904690719487, -0.019012494285493144, 0.8720243871971687], [-0.002104904690719487, -0.019012494285493144, 0.8720243871971687], [-0.002104904690719487, -0.019012494285493144, 0.8720243871971687], [-0.002104904690719487, -0.019012494285493144, 0.8720243871971687], [-0.002104904690719487, -0.019012494285493144, 0.8720243871971687], [-0.002104904690719487, -0.019012494285493144, 0.8720243871971687], [-0.002104904690719487, -0.019012494285493144, 0.8720243871971687], [0.12621217065394494, -0.039549232544869764, 0.8268676487781987], [0.16625404734058516, -0.04688296621076381, 0.8265826773055214], [0.22168943753283252, -0.057035512264032605, 0.8265661161533345], [0.22168943753283252, -0.057035512264032605, 0.8265661161533345], [0.22168943753283252, -0.057035512264032605, 0.8265661161533345], [0.22168943753283252, -0.057035512264032605, 0.8265661161533345], [0.22168943753283252, -0.057035512264032605, 0.8265661161533345], [0.22168943753283252, -0.057035512264032605, 0.8265661161533345], [0.22168943753283252, -0.057035512264032605, 0.8265661161533345], [0.22168943753283252, -0.057035512264032605, 0.8265661161533345], [0.3172280322812714, -0.08359906822381162, 0.8265661044174545], [0.49797667250060457, -0.09652511031284688, 0.8226847565925997], [0.580143171585665, -0.10385936875034905, 0.8226729970534532], [0.580143171585665, -0.10385936875034905, 0.8226729970534532], [0.580143171585665, -0.10385936875034905, 0.8226729970534532], [0.580143171585665, -0.10385936875034905, 0.8226729970534532], [0.580143171585665, -0.10385936875034905, 0.8226729970534532], [0.580143171585665, -0.10385936875034905, 0.8226729970534532], [0.580143171585665, -0.10385936875034905, 0.8226729970534532], [0.651717637198003, -0.113756954816797, 0.8128018429152042], [0.8191107015658365, -0.08096938694047817, 0.8108177429637474], [0.8711994212310961, -0.06677414793384116, 0.8108121045355603], [0.8711994212310961, -0.06677414793384116, 0.8108121045355603], [0.8711994212310961, -0.06677414793384116, 0.8108121045355603], [0.8711994212310961, -0.06677414793384116, 0.8108121045355603], [0.8711994212310961, -0.06677414793384116, 0.8108121045355603], [0.8711994212310961, -0.06677414793384116, 0.8108121045355603], [0.8711994212310961, -0.06677414793384116, 0.8108121045355603], [0.8711994212310961, -0.06677414793384116, 0.8108121045355603], [1.0425321638376086, -0.033858070523375736, 0.8194369623352912]], "CMD": [[0.07365153209318645, 20.0, 0, 5.132289180126854], [0.5195505671887181, 20.0, 0, 1.9302722973372481], [0.5195505671887181, 20.0, 0, 1.9302722973372481], [0.5195505671887181, 20.0, 0, 1.9302722973372481], [0.5195505671887181, 20.0, 0, 1.9302722973372481], [0.5195505671887181, 20.0, 0, 1.9302722973372481], [0.5195505671887181, 20.0, 0, 1.9302722973372481], [0.5195505671887181, 20.0, 0, 1.9302722973372481], [0.5982788846019365, 20.0, 0, 2.5258236935618905], [1.2811612890202135, 20.0, 0, 2.6156753348880257], [1.5585978515868684, 20.0, 0, 2.615925128833748], [1.5585978515868684, 20.0, 0, 2.615925128833748], [1.5585978515868684, 20.0, 0, 2.615925128833748], [1.5585978515868684, 20.0, 0, 2.615925128833748], [1.5585978515868684, 20.0, 0, 2.615925128833748], [1.5585978515868684, 20.0, 0, 2.615925128833748], [1.5585978515868684, 20.0, 0, 2.615925128833748], [1.5585978515868684, 20.0, 0, 2.615925128833748], [2.2844947464505223, 18.657970793421413, 0, 2.6159253058475063], [2.637722071493704, 13.718689437992024, 0, 2.674468164276247], [2.7905785785072474, 12.006221303358648, 0, 2.674645505462407], [2.8381438611807304, 11.473342217236912, 0, 2.6746455348873086], [2.8381438611807304, 11.473342217236912, 0, 2.6746455348873086], [2.8381438611807304, 11.473342217236912, 0, 2.6746455348873086], [2.8381438611807304, 11.473342217236912, 0, 2.6746455348873086], [2.8381438611807304, 11.473342217236912, 0, 2.6746455348873086], [2.8381438611807304, 11.473342217236912, 0, 2.6746455348873086], [3.108613184006291, 9.51744134243725, 0, 2.823533396867419], [2.212633980484432, 4.943125093878299, 0, 2.8534598265016786], [1.8247235692289752, 3.5197072382385453, 0, 2.853544871624666], [1.8247235692289752, 3.5197072382385453, 0, 2.853544871624666], [1.8247235692289752, 3.5197072382385453, 0, 2.853544871624666], [1.8247235692289752, 3.5197072382385453, 0, 2.853544871624666], [1.8247235692289752, 3.5197072382385453, 0, 2.853544871624666], [1.8247235692289752, 3.5197072382385453, 0, 2.853544871624666], [1.8247235692289752, 3.5197072382385453, 0, 2.853544871624666], [1.8247235692289752, 3.5197072382385453, 0, 2.853544871624666], [1.0408584452498408, -0.972976687001421, 0, 2.723250898678284]], "Distance": [[0.8838127214906636], [1.0104224227601108], [1.0104224227601108], [1.0104224227601108], [1.0104224227601108], [1.0104224227601108], [1.0104224227601108], [1.0104224227601108], [0.8916524679199671], [0.8528797652114839], [0.799437110330336], [0.799437110330336], [0.799437110330336], [0.799437110330336], [0.799437110330336], [0.799437110330336], [0.799437110330336], [0.799437110330336], [0.7093981112515957], [0.5410963073419539], [0.46745201980242845], [0.46745201980242845], [0.46745201980242845], [0.46745201980242845], [0.46745201980242845], [0.46745201980242845], [0.46745201980242845], [0.4114418537583124], [0.2739834051304047], [0.23841232290667966], [0.23841232290667966], [0.23841232290667966], [0.23841232290667966], [0.23841232290667966], [0.23841232290667966], [0.23841232290667966], [0.23841232290667966], [0.18856925643111108]],