{"IMU": [[0.03398148775100708, 0.0030868810415267942, 0.74], [0.03398148775100708, 0.0030868810415267942, 0.74], [0.03398148775100708, 0.0030868810415267942, 0.74], [0.03398148775100708, 0.0030868810415267942, 0.74], [0.03398148775100708, 0.0030868810415267942, 0.74], [0.03398148775100708, 0.0030868810415267942, 0.74], [0.03398148775100708, 0.0030868810415267942, 0.74], [0.03398148775100708, 0.0030868810415267942, 0.74], [0.03398148775100708, 0.0030868810415267942, 0.74], [0.03398148775100708, 0.0030868810415267942, 0.74], [0.03398148775100708, 0.0030868810415267942, 0.74], [0.01059794545173645, 0.0073700624704360965, 0.74], [0.01059794545173645, 0.0073700624704360965, 0.74], [0.01059794545173645, 0.0073700624704360965, 0.74], [0.01059794545173645, 0.0073700624704360965, 0.74], [0.01059794545173645, 0.0073700624704360965, 0.74], [0.01059794545173645, 0.0073700624704360965, 0.74], [0.01059794545173645, 0.0073700624704360965, 0.74], [0.01059794545173645, 0.0073700624704360965, 0.74], [0.01059794545173645, 0.0073700624704360965, 0.74], [0.03620262384414673, 0.07254714488983155, 0.76], [0.03620262384414673, 0.07254714488983155, 0.76], [0.03620262384414673, 0.07254714488983155, 0.76], [0.03620262384414673, 0.07254714488983155, 0.76], [0.03620262384414673, 0.07254714488983155, 0.76], [0.03620262384414673, 0.07254714488983155, 0.76], [0.03620262384414673, 0.07254714488983155, 0.76], [0.10951237678527832, 0.17808736801147462, 0.78], [0.10951237678527832, 0.17808736801147462, 0.78], [0.10951237678527832, 0.17808736801147462, 0.78], [0.10951237678527832, 0.17808736801147462, 0.78], [0.10951237678527832, 0.17808736801147462, 0.78], [0.10951237678527832, 0.17808736801147462, 0.78], [0.10951237678527832, 0.17808736801147462, 0.78], [0.10951237678527832, 0.17808736801147462, 0.78], [0.10951237678527832, 0.17808736801147462, 0.78], [0.2289847183227539, 0.32541427612304685, 0.81], [0.2289847183227539, 0.32541427612304685, 0.81], [0.2289847183227539, 0.32541427612304685, 0.81], [0.2289847183227539, 0.32541427612304685, 0.81], [0.2289847183227539, 0.32541427612304685, 0.81], [0.2289847183227539, 0.32541427612304685, 0.81], [0.2289847183227539, 0.32541427612304685, 0.81], [0.2289847183227539, 0.32541427612304685, 0.81], [0.3615110778808594, 0.4535295867919922, 0.83], [0.3615110778808594, 0.4535295867919922, 0.83]], "Kalman": [[-0.0005076596881000229, -0.02221320742050617, 0.7416430154033972], [-0.0005076596881000229, -0.02221320742050617, 0.7416430154033972], [-0.0005076596881000229, -0.02221320742050617, 0.7416430154033972], [-0.0005076596881000229, -0.02221320742050617, 0.7416430154033972], [-0.0005076596881000229, -0.02221320742050617, 0.7416430154033972], [-0.0005076596881000229, -0.02221320742050617, 0.7416430154033972], [-0.0005076596881000229, -0.02221320742050617, 0.7416430154033972], [-0.0005076596881000229, -0.02221320742050617, 0.7416430154033972], [-0.0005076596881000229, -0.02221320742050617, 0.7416430154033972], [-0.0005076596881000229, -0.02221320742050617, 0.7416430154033972], [-0.0005076596881000229, -0.02221320742050617, 0.7416430154033972], [-0.03781877301457621, -0.02914044320589298, 0.7416430124070645], [-0.028812100933170423, 0.09413487217393689, 0.7363472362686825], [-0.02417137652393247, 0.1458480788379521, 0.7363312027161769], [-0.02417137652393247, 0.1458480788379521, 0.7363312027161769], [-0.02417137652393247, 0.1458480788379521, 0.7363312027161769], [-0.02417137652393247, 0.1458480788379521, 0.7363312027161769], [-0.02417137652393247, 0.1458480788379521, 0.7363312027161769], [-0.02417137652393247, 0.1458480788379521, 0.7363312027161769], [-0.02417137652393247, 0.1458480788379521, 0.7363312027161769], [0.16264671330824973, 0.4155748738029701, 0.7544451939970546], [0.21241237447273612, 0.49014052131475716, 0.754444880975053], [0.21241237447273612, 0.49014052131475716, 0.754444880975053], [0.21241237447273612, 0.49014052131475716, 0.754444880975053], [0.21241237447273612, 0.49014052131475716, 0.754444880975053], [0.21241237447273612, 0.49014052131475716, 0.754444880975053], [0.21241237447273612, 0.49014052131475716, 0.754444880975053], [0.4260595933630086, 0.7084899857293006, 0.7740357626316106], [0.4748865523578047, 0.7735645067338914, 0.774014055858867], [0.5424946433612419, 0.8636697319746336, 0.774012794367099], [0.5424946433612419, 0.8636697319746336, 0.774012794367099], [0.5424946433612419, 0.8636697319746336, 0.774012794367099], [0.5424946433612419, 0.8636697319746336, 0.774012794367099], [0.5424946433612419, 0.8636697319746336, 0.774012794367099], [0.5424946433612419, 0.8636697319746336, 0.774012794367099], [0.5424946433612419, 0.8636697319746336, 0.774012794367099], [0.7313793858533917, 1.0291585327686954, 0.8032409046402803], [0.794191234791418, 1.067331039831567, 0.803197251615856], [0.794191234791418, 1.067331039831567, 0.803197251615856], [0.794191234791418, 1.067331039831567, 0.803197251615856], [0.794191234791418, 1.067331039831567, 0.803197251615856], [0.794191234791418, 1.067331039831567, 0.803197251615856], [0.794191234791418, 1.067331039831567, 0.803197251615856], [0.794191234791418, 1.067331039831567, 0.803197251615856], [0.9588309195774232, 1.1162090310204709, 0.8240552818389755], [1.0084952103041487, 1.079172637506318, 0.8241060034845433]], "CMD": [[20.0, 20.0, 0, 6.8519340358380845], [20.0, 20.0, 0, 3.8968309607451665], [20.0, 20.0, 0, 3.8968309607451665], [20.0, 20.0, 0, 3.8968309607451665], [20.0, 20.0, 0, 3.8968309607451665], [20.0, 20.0, 0, 3.8968309607451665], [20.0, 20.0, 0, 3.8968309607451665], [20.0, 20.0, 0, 3.8968309607451665], [20.0, 20.0, 0, 3.8968309607451665], [20.0, 20.0, 0, 3.8968309607451665], [20.0, 20.0, 0, 3.8968309607451665], [20.0, 20.0, 0, 3.8968309607451665], [20.0, 20.0, 0, 3.972546536808472], [20.0, 20.0, 0, 3.976946754190298], [20.0, 20.0, 0, 3.9769497009818915], [20.0, 20.0, 0, 3.9769497009818915], [20.0, 20.0, 0, 3.9769497009818915], [20.0, 20.0, 0, 3.9769497009818915], [20.0, 20.0, 0, 3.9769497009818915], [20.0, 20.0, 0, 3.9769497009818915], [19.07884169741139, 20.0, 0, 3.6970715278455], [14.092105940830075, 20.0, 0, 3.7037388088416217], [13.932826348807035, 20.0, 0, 3.7037388088421745], [13.932826348807035, 20.0, 0, 3.7037388088421745], [13.932826348807035, 20.0, 0, 3.7037388088421745], [13.932826348807035, 20.0, 0, 3.7037388088421745], [13.932826348807035, 20.0, 0, 3.7037388088421745], [12.381098767348103, 20.0, 0, 3.405963084923625], [6.187756703118579, 14.349668458235609, 0, 3.4085744776647102], [3.7254695261954094, 12.50215589623664, 0, 3.4085935049040383], [3.7254695261954094, 12.50215589623664, 0, 3.4085935049040383], [3.7254695261954094, 12.50215589623664, 0, 3.4085935049040383], [3.7254695261954094, 12.50215589623664, 0, 3.4085935049040383], [3.7254695261954094, 12.50215589623664, 0, 3.4085935049040383], [3.7254695261954094, 12.50215589623664, 0, 3.4085935049040383], [3.7254695261954094, 12.50215589623664, 0, 3.4085935049040383], [-0.17413289318380182, 8.365138454213746, 0, 2.956420165051264], [-1.8399416409339069, 5.624094297722758, 0, 2.968400657952088], [-1.8399416409339069, 5.624094297722758, 0, 2.968400657952088], [-1.8399416409339069, 5.624094297722758, 0, 2.968400657952088], [-1.8399416409339069, 5.624094297722758, 0, 2.968400657952088], [-1.8399416409339069, 5.624094297722758, 0, 2.968400657952088], [-1.8399416409339069, 5.624094297722758, 0, 2.968400657952088], [-1.8399416409339069, 5.624094297722758, 0, 2.968400657952088], [-3.451096582949682, 1.4944211705128454, 0, 2.6562947470798335], [-2.5889983843186757, 0.33838270376972246, 0, 2.6530411461220416]],