{"IMU": [[0.00807815968990326, -0.0035753196477890017, 0.76], [0.015655391216278076, -0.010038212537765503, 0.76], [0.015655391216278076, -0.010038212537765503, 0.76], [0.015655391216278076, -0.010038212537765503, 0.76], [0.015655391216278076, -0.010038212537765503, 0.76], [0.015655391216278076, -0.010038212537765503, 0.76], [0.015655391216278076, -0.010038212537765503, 0.76], [0.015655391216278076, -0.010038212537765503, 0.76], [0.015655391216278076, -0.010038212537765503, 0.76], [0.015655391216278076, -0.010038212537765503, 0.76], [0.06599100589752198, -0.019754767417907715, 0.77], [0.06599100589752198, -0.019754767417907715, 0.77], [0.06599100589752198, -0.019754767417907715, 0.77], [0.06599100589752198, -0.019754767417907715, 0.77], [0.06599100589752198, -0.019754767417907715, 0.77], [0.06599100589752198, -0.019754767417907715, 0.77], [0.06599100589752198, -0.019754767417907715, 0.77], [0.06599100589752198, -0.019754767417907715, 0.77], [0.06599100589752198, -0.019754767417907715, 0.77], [0.06599100589752198, -0.019754767417907715, 0.77], [0.06599100589752198, -0.019754767417907715, 0.77], [0.06599100589752198, -0.019754767417907715, 0.77], [0.15936629295349122, -0.033639366626739504, 0.79], [0.15936629295349122, -0.033639366626739504, 0.79], [0.15936629295349122, -0.033639366626739504, 0.79], [0.15936629295349122, -0.033639366626739504, 0.79], [0.15936629295349122, -0.033639366626739504, 0.79], [0.15936629295349122, -0.033639366626739504, 0.79], [0.30197202682495117, -0.04086627006530762, 0.81], [0.30197202682495117, -0.04086627006530762, 0.81], [0.30197202682495117, -0.04086627006530762, 0.81], [0.30197202682495117, -0.04086627006530762, 0.81], [0.30197202682495117, -0.04086627006530762, 0.81], [0.30197202682495117, -0.04086627006530762, 0.81], [0.30197202682495117, -0.04086627006530762, 0.81], [0.4609727096557617, -0.04128340244293213, 0.83]], "Kalman": [[0.010639618807837398, -0.026559500024317517, 0.76], [0.12688247929941937, -0.05155401268814436, 0.76], [0.12688247929941937, -0.05155401268814436, 0.76], [0.12688247929941937, -0.05155401268814436, 0.76], [0.12688247929941937, -0.05155401268814436, 0.76], [0.12688247929941937, -0.05155401268814436, 0.76], [0.12688247929941937, -0.05155401268814436, 0.76], [0.12688247929941937, -0.05155401268814436, 0.76], [0.12688247929941937, -0.05155401268814436, 0.76], [0.12688247929941937, -0.05155401268814436, 0.76], [0.16305245014980535, -0.05779308293800539, 0.77], [0.2821152131382103, -0.04792873959252472, 0.77], [0.30660481575900017, -0.0448633505116997, 0.77], [0.30660481575900017, -0.0448633505116997, 0.77], [0.30660481575900017, -0.0448633505116997, 0.77], [0.30660481575900017, -0.0448633505116997, 0.77], [0.30660481575900017, -0.0448633505116997, 0.77], [0.30660481575900017, -0.0448633505116997, 0.77], [0.30660481575900017, -0.0448633505116997, 0.77], [0.30660481575900017, -0.0448633505116997, 0.77], [0.30660481575900017, -0.0448633505116997, 0.77], [0.30660481575900017, -0.0448633505116997, 0.77], [0.3801801230813609, -0.052745772745114265, 0.79], [0.5549917141157659, -0.08051758478992513, 0.79], [0.5694897501732299, -0.08349390588225508, 0.79], [0.5694897501732299, -0.08349390588225508, 0.79], [0.5694897501732299, -0.08349390588225508, 0.79], [0.5694897501732299, -0.08349390588225508, 0.79], [0.8200756087481466, -0.05310412691519568, 0.81], [0.8488073012209306, -0.04229242269276404, 0.81], [0.8488073012209306, -0.04229242269276404, 0.81], [0.8488073012209306, -0.04229242269276404, 0.81], [0.8488073012209306, -0.04229242269276404, 0.81], [0.8488073012209306, -0.04229242269276404, 0.81], [0.8488073012209306, -0.04229242269276404, 0.81], [1.009658696488485, -0.03510219387811071, 0.83]], "CMD": [[0.22593253266869717, 20.0, 0, 3.469118988096339], [1.4088060267514249, 20.0, 0, 3.6199502484483537], [1.4088060267514249, 20.0, 0, 3.6199502484483537], [1.4088060267514249, 20.0, 0, 3.6199502484483537], [1.4088060267514249, 20.0, 0, 3.6199502484483537], [1.4088060267514249, 20.0, 0, 3.6199502484483537], [1.4088060267514249, 20.0, 0, 3.6199502484483537], [1.4088060267514249, 20.0, 0, 3.6199502484483537], [1.4088060267514249, 20.0, 0, 3.6199502484483537], [1.4088060267514249, 20.0, 0, 3.6199502484483537], [1.5152195859805249, 20.0, 0, 3.469118988096339], [1.3857501665508436, 20.0, 0, 3.469118988096339], [1.2259716612840663, 18.94826927223415, 0, 3.469118988096339], [1.2259716612840663, 18.94826927223415, 0, 3.469118988096339], [1.2259716612840663, 18.94826927223415, 0, 3.469118988096339], [1.2259716612840663, 18.94826927223415, 0, 3.469118988096339], [1.2259716612840663, 18.94826927223415, 0, 3.469118988096339], [1.2259716612840663, 18.94826927223415, 0, 3.469118988096339], [1.2259716612840663, 18.94826927223415, 0, 3.469118988096339], [1.2259716612840663, 18.94826927223415, 0, 3.469118988096339], [1.2259716612840663, 18.94826927223415, 0, 3.469118988096339], [1.2259716612840663, 18.94826927223415, 0, 3.469118988096339], [1.4413730116116925, 16.937691802681197, 0, 3.1674564673923093], [2.1004438490003885, 12.647002873703876, 0, 3.1674564673923093], [2.2816209965162866, 11.764466098944236, 0, 3.1674564673923093], [2.2816209965162866, 11.764466098944236, 0, 3.1674564673923093], [2.2816209965162866, 11.764466098944236, 0, 3.1674564673923093], [2.2816209965162866, 11.764466098944236, 0, 3.1674564673923093], [1.719259237456901, 5.629205688134902, 0, 2.8657939466882794], [1.1557164392983605, 4.131612150721076, 0, 2.8657939466882794], [1.1557164392983605, 4.131612150721076, 0, 2.8657939466882794], [1.1557164392983605, 4.131612150721076, 0, 2.8657939466882794], [1.1557164392983605, 4.131612150721076, 0, 2.8657939466882794], [1.1557164392983605, 4.131612150721076, 0, 2.8657939466882794], [1.1557164392983605, 4.131612150721076, 0, 2.8657939466882794], [0.9592305178419535, -0.2639412358811356, 0, 2.564131425984251]], "Distance": [[1.018400398131424], [0.9069685888599329], [0.9069685888599329], [0.9069685888599329], [0.9069685888599329], [0.9069685888599329], [0.9069685888599329], [0.9069685888599329], [0.9069685888599329], [0.9069685888599329], [0.8698972592414136], [0.7553513958989717], [0.731921854946104], [0.731921854946104], [0.731921854946104], [0.731921854946104], [0.731921854946104], [0.731921854946104], [0.731921854946104], [0.731921854946104], [0.731921854946104], [0.731921854946104], [0.6565506807291546], [0.49861353367716266], [0.48622043100365786], [0.48622043100365786], [0.48622043100365786], [0.48622043100365786], [0.26700718129438994], [0.24647085259990037], [0.24647085259990037], [0.24647085259990037], [0.24647085259990037], [0.24647085259990037], [0.24647085259990037], [0.17385469344516746]], "Time": [[1615326706.4442346], [1615326706.963291], [1615326707.0388522], [1615326707.1214411], [1615326707.160326], [1615326707.1910057], [1615326707.2164745], [1615326707.2481194], [1615326707.2788813], [1615326707.3079445], [1615326707.3404624], [1615326707.3897486], [1615326707.4316213], [1615326707.470927], [1615326707.5055566], [1615326707.5368197], [1615326707.5708072], [1615326707.6115675], [1615326707.6624587], [1615326707.707409], [1615326707.7438111], [1615326707.7831595], [1615326707.8469563], [1615326707.935909], [1615326708.0085652], [1615326708.0769582], [1615326708.1485965], [1615326708.254133], [1615326708.3947003], [1615326708.4839957], [1615326708.5434227], [1615326708.6036506], [1615326708.6582336], [1615326708.7193193], [1615326708.7889109], [1615326708.866282]]}