{"IMU": [[0.025008907318115236, -0.02873158931732178, 0.8], [0.025008907318115236, -0.02873158931732178, 0.8], [0.025008907318115236, -0.02873158931732178, 0.8], [0.025008907318115236, -0.02873158931732178, 0.8], [0.025008907318115236, -0.02873158931732178, 0.8], [0.025008907318115236, -0.02873158931732178, 0.8], [0.025008907318115236, -0.02873158931732178, 0.8], [0.025008907318115236, -0.02873158931732178, 0.8], [0.0312735104560852, -0.02093492269515991, 0.79], [0.0312735104560852, -0.02093492269515991, 0.79], [0.0312735104560852, -0.02093492269515991, 0.79], [0.0312735104560852, -0.02093492269515991, 0.79], [0.0312735104560852, -0.02093492269515991, 0.79], [0.0312735104560852, -0.02093492269515991, 0.79], [0.0312735104560852, -0.02093492269515991, 0.79], [0.0312735104560852, -0.02093492269515991, 0.79], [0.0312735104560852, -0.02093492269515991, 0.79], [0.0312735104560852, -0.02093492269515991, 0.79], [0.0312735104560852, -0.02093492269515991, 0.79], [0.0312735104560852, -0.02093492269515991, 0.79], [0.08260669708251953, -0.03381683588027954, 0.8], [0.08260669708251953, -0.03381683588027954, 0.8], [0.08260669708251953, -0.03381683588027954, 0.8], [0.08260669708251953, -0.03381683588027954, 0.8], [0.08260669708251953, -0.03381683588027954, 0.8], [0.08260669708251953, -0.03381683588027954, 0.8], [0.08260669708251953, -0.03381683588027954, 0.8], [0.08260669708251953, -0.03381683588027954, 0.8], [0.08260669708251953, -0.03381683588027954, 0.8], [0.08260669708251953, -0.03381683588027954, 0.8], [0.08260669708251953, -0.03381683588027954, 0.8], [0.08260669708251953, -0.03381683588027954, 0.8], [0.17970556259155274, -0.05087870597839356, 0.81], [0.17970556259155274, -0.05087870597839356, 0.81], [0.17970556259155274, -0.05087870597839356, 0.81], [0.17970556259155274, -0.05087870597839356, 0.81], [0.17970556259155274, -0.05087870597839356, 0.81], [0.17970556259155274, -0.05087870597839356, 0.81], [0.17970556259155274, -0.05087870597839356, 0.81], [0.17970556259155274, -0.05087870597839356, 0.81], [0.17970556259155274, -0.05087870597839356, 0.81], [0.3231834411621094, -0.06574909210205078, 0.83]], "Kalman": [[0.0665098532605483, -0.032751783787412996, 0.8059223982169841], [0.07110930363510268, -0.034766334215734856, 0.8059243425700486], [0.07110930363510268, -0.034766334215734856, 0.8059243425700486], [0.07110930363510268, -0.034766334215734856, 0.8059243425700486], [0.07110930363510268, -0.034766334215734856, 0.8059243425700486], [0.07110930363510268, -0.034766334215734856, 0.8059243425700486], [0.07110930363510268, -0.034766334215734856, 0.8059243425700486], [0.07110930363510268, -0.034766334215734856, 0.8059243425700486], [0.1385917021149004, -0.01914835729627828, 0.7900914906515579], [0.17881443975516673, -0.0048526117014369135, 0.7897518683485895], [0.17881443975516673, -0.0048526117014369135, 0.7897518683485895], [0.17881443975516673, -0.0048526117014369135, 0.7897518683485895], [0.17881443975516673, -0.0048526117014369135, 0.7897518683485895], [0.17881443975516673, -0.0048526117014369135, 0.7897518683485895], [0.17881443975516673, -0.0048526117014369135, 0.7897518683485895], [0.17881443975516673, -0.0048526117014369135, 0.7897518683485895], [0.17881443975516673, -0.0048526117014369135, 0.7897518683485895], [0.17881443975516673, -0.0048526117014369135, 0.7897518683485895], [0.17881443975516673, -0.0048526117014369135, 0.7897518683485895], [0.17881443975516673, -0.0048526117014369135, 0.7897518683485895], [0.21854343162776893, -0.007945305902903892, 0.7996230092764582], [0.22687998448347432, -0.009116667586944509, 0.7997447737578337], [0.41075009978249827, -0.060719852283630145, 0.7965848267432093], [0.422041389628922, -0.06462347370606573, 0.7965847994383046], [0.4432620136630214, -0.07195987527232561, 0.7965847978503556], [0.44488133440041455, -0.07251970813511817, 0.7965847978503524], [0.44488133440041455, -0.07251970813511817, 0.7965847978503524], [0.44488133440041455, -0.07251970813511817, 0.7965847978503524], [0.44488133440041455, -0.07251970813511817, 0.7965847978503524], [0.44488133440041455, -0.07251970813511817, 0.7965847978503524], [0.44488133440041455, -0.07251970813511817, 0.7965847978503524], [0.44488133440041455, -0.07251970813511817, 0.7965847978503524], [0.7097438185839798, -0.06589597538572832, 0.8062615785338243], [0.7737484826427146, -0.05866056743068734, 0.8062606213909629], [0.7737484826427146, -0.05866056743068734, 0.8062606213909629], [0.7737484826427146, -0.05866056743068734, 0.8062606213909629], [0.7737484826427146, -0.05866056743068734, 0.8062606213909629], [0.7737484826427146, -0.05866056743068734, 0.8062606213909629], [0.7737484826427146, -0.05866056743068734, 0.8062606213909629], [0.7737484826427146, -0.05866056743068734, 0.8062606213909629], [0.7737484826427146, -0.05866056743068734, 0.8062606213909629], [0.9952689233948006, -0.042958119023867126, 0.8265511079055214]], "CMD": [[0.495205447357741, 20.0, 0, 3.7243898637700994], [0.950052549109238, 20.0, 0, 2.9272676013805423], [0.950052549109238, 20.0, 0, 2.9272676013805423], [0.950052549109238, 20.0, 0, 2.9272676013805423], [0.950052549109238, 20.0, 0, 2.9272676013805423], [0.950052549109238, 20.0, 0, 2.9272676013805423], [0.950052549109238, 20.0, 0, 2.9272676013805423], [0.950052549109238, 20.0, 0, 2.9272676013805423], [0.5232632680712764, 20.0, 0, 3.166076502363819], [0.24433051705847478, 20.0, 0, 3.171183793886077], [0.13260633370719063, 20.0, 0, 3.1711990683638573], [0.13260633370719063, 20.0, 0, 3.1711990683638573], [0.13260633370719063, 20.0, 0, 3.1711990683638573], [0.13260633370719063, 20.0, 0, 3.1711990683638573], [0.13260633370719063, 20.0, 0, 3.1711990683638573], [0.13260633370719063, 20.0, 0, 3.1711990683638573], [0.13260633370719063, 20.0, 0, 3.1711990683638573], [0.13260633370719063, 20.0, 0, 3.1711990683638573], [0.13260633370719063, 20.0, 0, 3.1711990683638573], [0.13260633370719063, 20.0, 0, 3.1711990683638573], [0.2171197595831133, 20.0, 0, 3.022311405637577], [0.2491293222521626, 20.0, 0, 3.0204748166183797], [1.5074329621700324, 16.54153031845675, 0, 3.0681292021988615], [1.7659525317154245, 15.793757479733452, 0, 3.068137107547837], [1.9136575323975669, 15.366518967783986, 0, 3.068137131482162], [1.9817313251060187, 15.169614951015259, 0, 3.0681371314991206], [1.9817313251060187, 15.169614951015259, 0, 3.0681371314991206], [1.9817313251060187, 15.169614951015259, 0, 3.0681371314991206], [1.9817313251060187, 15.169614951015259, 0, 3.0681371314991206], [1.9817313251060187, 15.169614951015259, 0, 3.0681371314991206], [1.9817313251060187, 15.169614951015259, 0, 3.0681371314991206], [1.9817313251060187, 15.169614951015259, 0, 3.0681371314991206], [1.8007259264888682, 7.9317716771012945, 0, 2.9221810288353107], [1.6030054038454185, 6.182729230849931, 0, 2.9221954655417237], [1.6030054038454185, 6.182729230849931, 0, 2.9221954655417237], [1.6030054038454185, 6.182729230849931, 0, 2.9221954655417237], [1.6030054038454185, 6.182729230849931, 0, 2.9221954655417237], [1.6030054038454185, 6.182729230849931, 0, 2.9221954655417237], [1.6030054038454185, 6.182729230849931, 0, 2.9221954655417237], [1.6030054038454185, 6.182729230849931, 0, 2.9221954655417237], [1.6030054038454185, 6.182729230849931, 0, 2.9221954655417237], [1.173907787640485, 0.12928516883343227, 0, 2.6161515001270805]],