{"IMU": [[0.040828523635864256, -0.014968876838684081, 0.81], [0.040828523635864256, -0.014968876838684081, 0.81], [0.040828523635864256, -0.014968876838684081, 0.81], [0.040828523635864256, -0.014968876838684081, 0.81], [0.040828523635864256, -0.014968876838684081, 0.81], [0.040828523635864256, -0.014968876838684081, 0.81], [0.040828523635864256, -0.014968876838684081, 0.81], [0.040828523635864256, -0.014968876838684081, 0.81], [0.040828523635864256, -0.014968876838684081, 0.81], [0.03345604658126831, -0.007670652270317078, 0.79], [0.03345604658126831, -0.007670652270317078, 0.79], [0.03345604658126831, -0.007670652270317078, 0.79], [0.03345604658126831, -0.007670652270317078, 0.79], [0.03345604658126831, -0.007670652270317078, 0.79], [0.03345604658126831, -0.007670652270317078, 0.79], [0.03345604658126831, -0.007670652270317078, 0.79], [0.03345604658126831, -0.007670652270317078, 0.79], [0.03345604658126831, -0.007670652270317078, 0.79], [0.03345604658126831, -0.007670652270317078, 0.79], [0.03345604658126831, -0.007670652270317078, 0.79], [0.03345604658126831, -0.007670652270317078, 0.79], [0.03345604658126831, -0.007670652270317078, 0.79], [0.05891075611114502, -0.01670618772506714, 0.8], [0.05891075611114502, -0.01670618772506714, 0.8], [0.05891075611114502, -0.01670618772506714, 0.8], [0.05891075611114502, -0.01670618772506714, 0.8], [0.05891075611114502, -0.01670618772506714, 0.8], [0.05891075611114502, -0.01670618772506714, 0.8], [0.05891075611114502, -0.01670618772506714, 0.8], [0.05891075611114502, -0.01670618772506714, 0.8], [0.05891075611114502, -0.01670618772506714, 0.8], [0.05891075611114502, -0.01670618772506714, 0.8], [0.14659658432006836, -0.03270515441894531, 0.82], [0.14659658432006836, -0.03270515441894531, 0.82], [0.14659658432006836, -0.03270515441894531, 0.82], [0.14659658432006836, -0.03270515441894531, 0.82], [0.14659658432006836, -0.03270515441894531, 0.82], [0.14659658432006836, -0.03270515441894531, 0.82], [0.14659658432006836, -0.03270515441894531, 0.82], [0.14659658432006836, -0.03270515441894531, 0.82], [0.2531235885620117, -0.053685054779052735, 0.83], [0.2531235885620117, -0.053685054779052735, 0.83], [0.2531235885620117, -0.053685054779052735, 0.83], [0.2531235885620117, -0.053685054779052735, 0.83], [0.2531235885620117, -0.053685054779052735, 0.83], [0.2531235885620117, -0.053685054779052735, 0.83], [0.2531235885620117, -0.053685054779052735, 0.83], [0.383494873046875, -0.05990587711334228, 0.84]], "Kalman": [[0.17478833663306337, -0.0626043894781771, 0.8182326066054286], [-0.0028238465575402046, 0.008103704069134429, 0.8172564119545958], [-0.0028238465575402046, 0.008103704069134429, 0.8172564119545958], [-0.0028238465575402046, 0.008103704069134429, 0.8172564119545958], [-0.0028238465575402046, 0.008103704069134429, 0.8172564119545958], [-0.0028238465575402046, 0.008103704069134429, 0.8172564119545958], [-0.0028238465575402046, 0.008103704069134429, 0.8172564119545958], [-0.0028238465575402046, 0.008103704069134429, 0.8172564119545958], [-0.0028238465575402046, 0.008103704069134429, 0.8172564119545958], [-0.02946756580682332, 0.020568568562388076, 0.7975141014609496], [0.04885548059764875, 0.008044547388226526, 0.791680303179806], [0.07156368752880517, 0.002034963906260568, 0.7913730617937248], [0.1030047716426772, -0.006287279254265137, 0.7913552064227811], [0.1030047716426772, -0.006287279254265137, 0.7913552064227811], [0.1030047716426772, -0.006287279254265137, 0.7913552064227811], [0.1030047716426772, -0.006287279254265137, 0.7913552064227811], [0.1030047716426772, -0.006287279254265137, 0.7913552064227811], [0.1030047716426772, -0.006287279254265137, 0.7913552064227811], [0.1030047716426772, -0.006287279254265137, 0.7913552064227811], [0.1030047716426772, -0.006287279254265137, 0.7913552064227811], [0.1030047716426772, -0.006287279254265137, 0.7913552064227811], [0.1030047716426772, -0.006287279254265137, 0.7913552064227811], [0.130934233469351, -0.014306205923404628, 0.8012263479155949], [0.25936331267845913, -0.06270931362737779, 0.7984386906281247], [0.28211540526025475, -0.07322099396166656, 0.798438664021095], [0.28211540526025475, -0.07322099396166656, 0.798438664021095], [0.28211540526025475, -0.07322099396166656, 0.798438664021095], [0.28211540526025475, -0.07322099396166656, 0.798438664021095], [0.28211540526025475, -0.07322099396166656, 0.798438664021095], [0.28211540526025475, -0.07322099396166656, 0.798438664021095], [0.28211540526025475, -0.07322099396166656, 0.798438664021095], [0.28211540526025475, -0.07322099396166656, 0.798438664021095], [0.3350247055522212, -0.08201467671891441, 0.8181809722948301], [0.5718242093162549, -0.08905464546892546, 0.8170662330685278], [0.6455105535878272, -0.09140552184397459, 0.8170621207601375], [0.6455105535878272, -0.09140552184397459, 0.8170621207601375], [0.6455105535878272, -0.09140552184397459, 0.8170621207601375], [0.6455105535878272, -0.09140552184397459, 0.8170621207601375], [0.6455105535878272, -0.09140552184397459, 0.8170621207601375], [0.6455105535878272, -0.09140552184397459, 0.8170621207601375], [0.8250316552119777, -0.09050606972828917, 0.8280328824452743], [0.8848798053346878, -0.07599487297043635, 0.8280897481412501], [0.8848798053346878, -0.07599487297043635, 0.8280897481412501], [0.8848798053346878, -0.07599487297043635, 0.8280897481412501], [0.8848798053346878, -0.07599487297043635, 0.8280897481412501], [0.8848798053346878, -0.07599487297043635, 0.8280897481412501], [0.8848798053346878, -0.07599487297043635, 0.8280897481412501], [1.0131244888738535, -0.04615873562633105, 0.8376929127242201]],