{"IMU": [[-0.004404786825180054, -0.0032470875978469847, 0.77], [-0.004404786825180054, -0.0032470875978469847, 0.77], [-0.004404786825180054, -0.0032470875978469847, 0.77], [-0.004404786825180054, -0.0032470875978469847, 0.77], [0.02030874490737915, 0.0006945947557687759, 0.78], [0.02030874490737915, 0.0006945947557687759, 0.78], [0.02030874490737915, 0.0006945947557687759, 0.78], [0.02030874490737915, 0.0006945947557687759, 0.78], [0.1114188289642334, 0.01330124020576477, 0.8], [0.1114188289642334, 0.01330124020576477, 0.8], [0.1114188289642334, 0.01330124020576477, 0.8], [0.1114188289642334, 0.01330124020576477, 0.8], [0.1114188289642334, 0.01330124020576477, 0.8], [0.254921875, 0.028345153331756592, 0.82], [0.254921875, 0.028345153331756592, 0.82], [0.254921875, 0.028345153331756592, 0.82], [0.254921875, 0.028345153331756592, 0.82], [0.4291540145874023, 0.04234382152557373, 0.83], [0.4291540145874023, 0.04234382152557373, 0.83], [0.4291540145874023, 0.04234382152557373, 0.83], [0.4291540145874023, 0.04234382152557373, 0.83], [0.4291540145874023, 0.04234382152557373, 0.83], [0.615839729309082, 0.05365830421447754, 0.85], [0.615839729309082, 0.05365830421447754, 0.85], [0.615839729309082, 0.05365830421447754, 0.85], [0.615839729309082, 0.05365830421447754, 0.85], [0.7962746429443359, 0.05921823024749756, 0.86]], "Kalman": [[-0.003547272525759601, -0.002942327598049046, 0.7714333065948892], [-0.0035463978874370394, -0.0029408444596654973, 0.7714332574789518], [-0.0035463978874370394, -0.0029408444596654973, 0.7714332574789518], [-0.0035463978874370394, -0.0029408444596654973, 0.7714332574789518], [0.07678220402613298, 0.00021308905725532615, 0.7753408357720702], [0.08051199344773893, 0.00011889191328381829, 0.7745293575901161], [0.08051199344773893, 0.00011889191328381829, 0.7745293575901161], [0.08051199344773893, 0.00011889191328381829, 0.7745293575901161], [0.16880333803531397, 0.011936903491291107, 0.7937138124984083], [0.23327689377136235, 0.005625897035835193, 0.7950301066829063], [0.23327689377136235, 0.005625897035835193, 0.7950301066829063], [0.23327689377136235, 0.005625897035835193, 0.7950301066829063], [0.23327689377136235, 0.005625897035835193, 0.7950301066829063], [0.414924189077417, 0.014770077249888753, 0.816358202038693], [0.41557922103214395, 0.014600603536438326, 0.8163783678793085], [0.41557922103214395, 0.014600603536438326, 0.8163783678793085], [0.41557922103214395, 0.014600603536438326, 0.8163783678793085], [0.6109182804888542, 0.028352996176022705, 0.8275964576725287], [0.6126732091187082, 0.02838085741059263, 0.8277664629637006], [0.6126732091187082, 0.02838085741059263, 0.8277664629637006], [0.6126732091187082, 0.02838085741059263, 0.8277664629637006], [0.6126732091187082, 0.02838085741059263, 0.8277664629637006], [0.8011525871728434, 0.03637878560479241, 0.8454021067072673], [0.8011525871728434, 0.03637878560479241, 0.8454021067072673], [0.8011525871728434, 0.03637878560479241, 0.8454021067072673], [0.8011525871728434, 0.03637878560479241, 0.8454021067072673], [0.9673391556924313, 0.0386658454766849, 0.8596595251983913]], "CMD": [[0.07725568387161548, 15.703952474022815, 0, 2.8081968186551904], [0.04591154774814581, 15.65917015856366, 0, 2.834343761103681], [0.045888405125020314, 15.659156510865444, 0, 2.8343443701663955], [0.045888405125020314, 15.659156510865444, 0, 2.8343443701663955], [0.045888405125020314, 15.659156510865444, 0, 2.8343443701663955], [-0.002213946585251549, 14.36173061889363, 0, 2.7947645274099884], [-0.0018551679144150303, 14.347524573627663, 0, 2.7959511471508374], [-0.0018551679144150303, 14.347524573627663, 0, 2.7959511471508374], [-0.0018551679144150303, 14.347524573627663, 0, 2.7959511471508374], [-0.186261283403251, 12.969842399328567, 0, 2.5580541059440582], [-0.08778547995748837, 11.963808695049325, 0, 2.541731385629789], [-0.08778547995748837, 11.963808695049325, 0, 2.541731385629789], [-0.08778547995748837, 11.963808695049325, 0, 2.541731385629789], [-0.08778547995748837, 11.963808695049325, 0, 2.541731385629789], [-0.23046961438002528, 9.129417148270088, 0, 2.2772521077992476], [-0.2278251772030454, 9.119196148104795, 0, 2.277002041073933], [-0.2278251772030454, 9.119196148104795, 0, 2.277002041073933], [-0.2278251772030454, 9.119196148104795, 0, 2.277002041073933], [-0.4424150249624119, 6.071160789543354, 0, 2.1378919968972014], [-0.4428497666282032, 6.043777200565175, 0, 2.135783844439775], [-0.4428497666282032, 6.043777200565175, 0, 2.135783844439775], [-0.4428497666282032, 6.043777200565175, 0, 2.135783844439775], [-0.6083679032186378, 3.2215897542824457, 0, 1.8978798763529257], [-0.5676479918216589, 3.102779070101725, 0, 1.9170928528829627], [-0.5676479918216589, 3.102779070101725, 0, 1.9170928528829627], [-0.5676479918216589, 3.102779070101725, 0, 1.9170928528829627], [-0.5676479918216589, 3.102779070101725, 0, 1.9170928528829627]], "Distance": [[1.029251436151406], [1.0292505900244455], [1.0292505900244455], [1.0292505900244455], [0.9501593994069537], [0.9467286934055942], [0.9467286934055942], [0.9467286934055942], [0.8564954008517143], [0.7936678332330027], [0.7936678332330027], [0.7936678332330027], [0.7936678332330027], [0.6133972364358574], [0.6127623750653188], [0.6127623750653188], [0.6127623750653188], [0.42651079500637223], [0.4248433914771356], [0.4248433914771356], [0.4248433914771356], [0.4248433914771356], [0.25448814950933224], [0.25448814950933224], [0.25448814950933224], [0.25448814950933224], [0.1491885626475806]], "Time": [[1615306540.2049754], [1615306540.3245392], [1615306540.4352818], [1615306540.5476172], [1615306540.659633], [1615306540.7726882], [1615306540.8847392], [1615306540.9987977], [1615306541.1117966], [1615306541.2247696], [1615306541.3380404], [1615306541.4504385], [1615306541.564952], [1615306541.6793685], [1615306541.7977512], [1615306541.9137926], [1615306542.029807], [1615306542.144816], [1615306542.2598999], [1615306542.3766751], [1615306542.4907296], [1615306542.6056705], [1615306542.7210085], [1615306542.8352182], [1615306542.9491553], [1615306543.0632904], [1615306543.1782594]]}