{"IMU": [[0.009510763883590699, 0.0030968052148818968, 0.77], [0.009510763883590699, 0.0030968052148818968, 0.77], [0.009510763883590699, 0.0030968052148818968, 0.77], [0.009510763883590699, 0.0030968052148818968, 0.77], [0.009510763883590699, 0.0030968052148818968, 0.77], [0.009510763883590699, 0.0030968052148818968, 0.77], [0.009510763883590699, 0.0030968052148818968, 0.77], [0.009510763883590699, 0.0030968052148818968, 0.77], [0.02212171792984009, 0.0030968052148818968, 0.77], [0.02212171792984009, 0.0017963063716888428, 0.78], [0.02212171792984009, 0.0017963063716888428, 0.78], [0.02212171792984009, 0.0017963063716888428, 0.78], [0.02212171792984009, 0.0017963063716888428, 0.78], [0.02212171792984009, 0.0017963063716888428, 0.78], [0.02212171792984009, 0.0017963063716888428, 0.78], [0.02212171792984009, 0.0017963063716888428, 0.78], [0.02212171792984009, 0.0017963063716888428, 0.78], [0.02212171792984009, 0.0017963063716888428, 0.78], [0.08523208618164063, 0.005944976210594177, 0.8], [0.08523208618164063, 0.005944976210594177, 0.8], [0.08523208618164063, 0.005944976210594177, 0.8], [0.08523208618164063, 0.005944976210594177, 0.8], [0.08523208618164063, 0.005944976210594177, 0.8], [0.08523208618164063, 0.005944976210594177, 0.8], [0.08523208618164063, 0.005944976210594177, 0.8], [0.08523208618164063, 0.005944976210594177, 0.8], [0.08523208618164063, 0.005944976210594177, 0.8], [0.08523208618164063, 0.005944976210594177, 0.8], [0.20394437789916992, 0.004061192870140075, 0.82], [0.20394437789916992, 0.004061192870140075, 0.82], [0.20394437789916992, 0.004061192870140075, 0.82], [0.20394437789916992, 0.004061192870140075, 0.82], [0.20394437789916992, 0.004061192870140075, 0.82], [0.20394437789916992, 0.004061192870140075, 0.82], [0.20394437789916992, 0.004061192870140075, 0.82], [0.3390001678466797, 0.0023793500661849977, 0.83]], "Kalman": [[0.07902620980945464, 0.029244724268232325, 0.7750246229669739], [0.04741932491645512, -0.010715562177313946, 0.7735410200041238], [0.04741932491645512, -0.010715562177313946, 0.7735410200041238], [0.046225544331891556, -0.012200041148200261, 0.7735410170910249], [0.046225544331891556, -0.012200041148200261, 0.7735410170910249], [0.046225544331891556, -0.012200041148200261, 0.7735410170910249], [0.046225544331891556, -0.012200041148200261, 0.7735410170910249], [0.046225544331891556, -0.012200041148200261, 0.7735410170910249], [0.046225544331891556, -0.012200041148200261, 0.7735410170910249], [0.16647748125060863, -0.0058045546302200185, 0.777062118152449], [0.20273976674213798, -0.0007793903193477689, 0.7770425240061127], [0.20273976674213798, -0.0007793903193477689, 0.7770425240061127], [0.20273976674213798, -0.0007793903193477689, 0.7770425240061127], [0.20273976674213798, -0.0007793903193477689, 0.7770425240061127], [0.20273976674213798, -0.0007793903193477689, 0.7770425240061127], [0.20273976674213798, -0.0007793903193477689, 0.7770425240061127], [0.20273976674213798, -0.0007793903193477689, 0.7770425240061127], [0.20273976674213798, -0.0007793903193477689, 0.7770425240061127], [0.4054039525174549, 0.0010849011350418571, 0.7964879600510248], [0.4797590833151586, -0.001007065592073246, 0.7964566280489546], [0.5418211164491541, -0.0027531695621753785, 0.7964565331206148], [0.5435027603665703, -0.0028004823204848548, 0.7964565331206063], [0.5486093343199843, -0.0029441548924381816, 0.7964565331206037], [0.5486093343199843, -0.0029441548924381816, 0.7964565331206037], [0.5486093343199843, -0.0029441548924381816, 0.7964565331206037], [0.5486093343199843, -0.0029441548924381816, 0.7964565331206037], [0.5486093343199843, -0.0029441548924381816, 0.7964565331206037], [0.5486093343199843, -0.0029441548924381816, 0.7964565331206037], [0.6203286930558999, -0.003957681122376478, 0.816198841394339], [0.8538311906463291, -0.031172103587114662, 0.8166251217476375], [0.8538311906463291, -0.031172103587114662, 0.8166251217476375], [0.8601582212647848, -0.0320760367620823, 0.8166251220469016], [0.8601582212647848, -0.0320760367620823, 0.8166251220469016], [0.8601582212647848, -0.0320760367620823, 0.8166251220469016], [0.8601582212647848, -0.0320760367620823, 0.8166251220469016], [0.9585612865768386, -0.035672788633070024, 0.8264962762753468]], "CMD": [[-0.20092406130593304, 20.0, 0, 6.389088258554275], [0.292821989759511, 20.0, 0, 3.4157093370809695], [0.292821989759511, 20.0, 0, 3.4157093370809695], [0.33338804488738527, 20.0, 0, 3.415709381019609], [0.33338804488738527, 20.0, 0, 3.415709381019609], [0.33338804488738527, 20.0, 0, 3.415709381019609], [0.33338804488738527, 20.0, 0, 3.415709381019609], [0.33338804488738527, 20.0, 0, 3.415709381019609], [0.33338804488738527, 20.0, 0, 3.415709381019609], [0.25778332974286067, 20.0, 0, 3.3575147297963817], [0.04000468662497489, 20.0, 0, 3.362895026992862], [0.021298240851412117, 20.0, 0, 3.3628957109062085], [0.021298240851412117, 20.0, 0, 3.3628957109062085], [0.021298240851412117, 20.0, 0, 3.3628957109062085], [0.021298240851412117, 20.0, 0, 3.3628957109062085], [0.021298240851412117, 20.0, 0, 3.3628957109062085], [0.021298240851412117, 20.0, 0, 3.3628957109062085], [0.021298240851412117, 20.0, 0, 3.3628957109062085], [-0.029646872819036888, 16.24840534224063, 0, 3.0695977482313497], [0.027519876755840715, 14.216517795070423, 0, 3.070070332767511], [0.07523530506391053, 12.520561229273826, 0, 3.0700717645836235], [0.07523530506391053, 12.520561229273826, 0, 3.0700717645836235], [0.08045432236762516, 12.335060979173477, 0, 3.070071764583791], [0.08045432236762516, 12.335060979173477, 0, 3.070071764583791], [0.08045432236762516, 12.335060979173477, 0, 3.070071764583791], [0.08045432236762516, 12.335060979173477, 0, 3.070071764583791], [0.08045432236762516, 12.335060979173477, 0, 3.070071764583791], [0.08045432236762516, 12.335060979173477, 0, 3.070071764583791], [0.10815074766132651, 10.375200639434281, 0, 2.7722960406652417], [0.7452492853040288, 4.740357377557617, 0, 2.7658668520823193], [0.8518337392221244, 3.994325345462139, 0, 2.76586640037011], [0.8765353373766326, 3.821427865674478, 0, 2.765866395856271], [0.8765353373766326, 3.821427865674478, 0, 2.765866395856271], [0.8765353373766326, 3.821427865674478, 0, 2.765866395856271], [0.8765353373766326, 3.821427865674478, 0, 2.765866395856271], [0.9220304502337774, 2.4571233984428917, 0, 2.7658663945499837]], "Distance": [[0.9485050850610216], [0.9791876405654693], [0.9791876405654693], [0.980366372449189], [0.980366372449189], [0.980366372449189], [0.980366372449189], [0.980366372449189], [0.980366372449189], [0.8628411101004966], [0.8278493359816236], [0.8278493359816236], [0.8278493359816236], [0.8278493359816236], [0.8278493359816236], [0.8278493359816236], [0.8278493359816236], [0.8278493359816236], [0.6284606488051031], [0.5586425778969882], [0.5013635529072861], [0.49982748564224755], [0.49516880356133336], [0.49516880356133336], [0.49516880356133336], [0.49516880356133336], [0.49516880356133336], [0.49516880356133336], [0.42183981611660465], [0.2365657769923291], [0.2365657769923291], [0.23283243132885303], [0.23283243132885303], [0.23283243132885303], [0.23283243132885303], [0.1819155215075046]], "Time": [[1615324691.2266703], [1615324691.2873032], [1615324691.316521], [1615324691.4227977], [1615324691.469701], [1615324691.5010214], [1615324691.5265882], [1615324691.5671446], [1615324691.6149728], [1615324691.680423], [1615324691.7300506], [1615324691.7696846], [1615324691.8198116], [1615324691.8694913], [1615324691.9199538], [1615324691.9731696], [1615324692.0244002], [1615324692.080011], [1615324692.149392], [1615324692.2104955], [1615324692.2524493], [1615324692.2913084], [1615324692.3307402], [1615324692.3871796], [1615324692.4431205], [1615324692.50622], [1615324692.5535398], [1615324692.6006186], [1615324692.6542356], [1615324692.760395], [1615324692.8051655], [1615324692.8491566], [1615324692.8932421], [1615324692.9742231], [1615324693.0442908], [1615324693.1206236]]}