{"IMU": [[0.025553436279296876, 0.000846208930015564, 0.77], [0.025553436279296876, 0.000846208930015564, 0.77], [0.025553436279296876, 0.000846208930015564, 0.77], [0.025553436279296876, 0.000846208930015564, 0.77], [0.025553436279296876, 0.000846208930015564, 0.77], [0.025553436279296876, 0.000846208930015564, 0.77], [0.025553436279296876, 0.000846208930015564, 0.77], [0.025553436279296876, 0.000846208930015564, 0.77], [0.0342241907119751, -0.0037534892559051513, 0.76], [0.0342241907119751, -0.0037534892559051513, 0.76], [0.0342241907119751, -0.0037534892559051513, 0.76], [0.0342241907119751, -0.0037534892559051513, 0.76], [0.0342241907119751, -0.0037534892559051513, 0.76], [0.0342241907119751, -0.0037534892559051513, 0.76], [0.0342241907119751, -0.0037534892559051513, 0.76], [0.0342241907119751, -0.0037534892559051513, 0.76], [0.0342241907119751, -0.0037534892559051513, 0.76], [0.0342241907119751, -0.0037534892559051513, 0.76], [0.0342241907119751, -0.0037534892559051513, 0.76], [0.08932392120361328, -0.003215946555137634, 0.77], [0.08932392120361328, -0.003215946555137634, 0.77], [0.08932392120361328, -0.003215946555137634, 0.77], [0.08932392120361328, -0.003215946555137634, 0.77], [0.08932392120361328, -0.003215946555137634, 0.77], [0.08932392120361328, -0.003215946555137634, 0.77], [0.08932392120361328, -0.003215946555137634, 0.77], [0.08932392120361328, -0.003215946555137634, 0.77], [0.08932392120361328, -0.003215946555137634, 0.77], [0.08932392120361328, -0.003215946555137634, 0.77], [0.1961965751647949, 0.0008205282688140869, 0.79], [0.1961965751647949, 0.0008205282688140869, 0.79], [0.1961965751647949, 0.0008205282688140869, 0.79], [0.1961965751647949, 0.0008205282688140869, 0.79], [0.1961965751647949, 0.0008205282688140869, 0.79], [0.3595150375366211, 0.011846920251846313, 0.81], [0.3595150375366211, 0.011846920251846313, 0.81], [0.3595150375366211, 0.011846920251846313, 0.81], [0.3595150375366211, 0.011846920251846313, 0.81], [0.3595150375366211, 0.011846920251846313, 0.81], [0.5661445236206055, 0.0226179838180542, 0.82], [0.5661445236206055, 0.0226179838180542, 0.82]], "Kalman": [[0.049681389205823434, 0.009014178291480771, 0.77], [0.035359706317852534, -0.0076864314790759105, 0.77], [0.035359706317852534, -0.0076864314790759105, 0.77], [0.035359706317852534, -0.0076864314790759105, 0.77], [0.035359706317852534, -0.0076864314790759105, 0.77], [0.035359706317852534, -0.0076864314790759105, 0.77], [0.035359706317852534, -0.0076864314790759105, 0.77], [0.035359706317852534, -0.0076864314790759105, 0.77], [0.04320640948309626, -0.011760005262018513, 0.76], [0.08477192766414829, -0.007242751523789373, 0.76], [0.08839697048175688, -0.006517781857892341, 0.76], [0.08839697048175688, -0.006517781857892341, 0.76], [0.08839697048175688, -0.006517781857892341, 0.76], [0.08839697048175688, -0.006517781857892341, 0.76], [0.08839697048175688, -0.006517781857892341, 0.76], [0.08839697048175688, -0.006517781857892341, 0.76], [0.08839697048175688, -0.006517781857892341, 0.76], [0.08839697048175688, -0.006517781857892341, 0.76], [0.08839697048175688, -0.006517781857892341, 0.76], [0.20228842053031382, -0.010535812201583613, 0.77], [0.20803554126189863, -0.011256016246618074, 0.77], [0.20810285895032704, -0.011264452205034966, 0.77], [0.20810285895032704, -0.011264452205034966, 0.77], [0.20810285895032704, -0.011264452205034966, 0.77], [0.20810285895032704, -0.011264452205034966, 0.77], [0.20810285895032704, -0.011264452205034966, 0.77], [0.20810285895032704, -0.011264452205034966, 0.77], [0.20810285895032704, -0.011264452205034966, 0.77], [0.20810285895032704, -0.011264452205034966, 0.77], [0.4158691626371954, 0.002184683137620145, 0.79], [0.42131380868676127, 0.003005760639483948, 0.79], [0.42131380868676127, 0.003005760639483948, 0.79], [0.42131380868676127, 0.003005760639483948, 0.79], [0.42131380868676127, 0.003005760639483948, 0.79], [0.5480199497265332, 0.009992834771542726, 0.81], [0.6435129119847877, 0.023166705901233514, 0.81], [0.6435129119847877, 0.023166705901233514, 0.81], [0.6435129119847877, 0.023166705901233514, 0.81], [0.6435129119847877, 0.023166705901233514, 0.81], [0.9056514447389391, 0.0225884249649522, 0.82], [0.9169234813166864, 0.019606260064517458, 0.82]], "CMD": [[-0.10503116929252343, 20.0, 0, 3.0166252070402946], [0.21004555081750673, 20.0, 0, 3.469118988096339], [0.21004555081750673, 20.0, 0, 3.469118988096339], [0.21004555081750673, 20.0, 0, 3.469118988096339], [0.21004555081750673, 20.0, 0, 3.469118988096339], [0.21004555081750673, 20.0, 0, 3.469118988096339], [0.21004555081750673, 20.0, 0, 3.469118988096339], [0.21004555081750673, 20.0, 0, 3.469118988096339], [0.26116146623667374, 20.0, 0, 3.469118988096339], [0.21129435618255143, 20.0, 0, 3.6199502484483537], [0.1817692831242494, 20.0, 0, 3.6199502484483537], [0.1781101001389449, 20.0, 0, 3.6199502484483537], [0.1781101001389449, 20.0, 0, 3.6199502484483537], [0.1781101001389449, 20.0, 0, 3.6199502484483537], [0.1781101001389449, 20.0, 0, 3.6199502484483537], [0.1781101001389449, 20.0, 0, 3.6199502484483537], [0.1781101001389449, 20.0, 0, 3.6199502484483537], [0.1781101001389449, 20.0, 0, 3.6199502484483537], [0.1781101001389449, 20.0, 0, 3.6199502484483537], [0.2751583341063246, 20.0, 0, 3.469118988096339], [0.3050723691076378, 20.0, 0, 3.469118988096339], [0.3078179804117437, 20.0, 0, 3.469118988096339], [0.307821395989144, 20.0, 0, 3.469118988096339], [0.307821395989144, 20.0, 0, 3.469118988096339], [0.307821395989144, 20.0, 0, 3.469118988096339], [0.307821395989144, 20.0, 0, 3.469118988096339], [0.307821395989144, 20.0, 0, 3.469118988096339], [0.307821395989144, 20.0, 0, 3.469118988096339], [0.307821395989144, 20.0, 0, 3.469118988096339], [-0.0597003920808139, 15.962424672276196, 0, 3.1674564673923093], [-0.08213781009622555, 15.813639936264355, 0, 3.1674564673923093], [-0.08213781009622555, 15.813639936264355, 0, 3.1674564673923093], [-0.08213781009622555, 15.813639936264355, 0, 3.1674564673923093], [-0.08213781009622555, 15.813639936264355, 0, 3.1674564673923093], [-0.08213781009622555, 15.813639936264355, 0, 3.1674564673923093], [-0.629776195525916, 9.756122502684079, 0, 2.8657939466882794], [-0.6330718636988086, 9.74165020078816, 0, 2.8657939466882794], [-0.6330718636988086, 9.74165020078816, 0, 2.8657939466882794], [-0.6330718636988086, 9.74165020078816, 0, 2.8657939466882794], [-0.6172692980844365, 2.578243793962506, 0, 2.7149626863362664], [-0.5374618369999943, 2.2765862228503804, 0, 2.7149626863362664]], "Distance": [[0.9777968692075283], [0.9917106319002847], [0.9917106319002847], [0.9917106319002847], [0.9917106319002847], [0.9917106319002847], [0.9917106319002847], [0.9917106319002847], [0.9865050798541237], [0.9462002334819171], [0.9426890075243192], [0.9426890075243192], [0.9426890075243192], [0.9426890075243192], [0.9426890075243192], [0.9426890075243192], [0.9426890075243192], [0.9426890075243192], [0.9426890075243192], [0.8302739110430777], [0.8247632398489144], [0.8246987146140856], [0.8246987146140856], [0.8246987146140856], [0.8246987146140856], [0.8246987146140856], [0.8246987146140856], [0.8246987146140856], [0.8246987146140856], [0.6207363433846798], [0.615618991433536], [0.615618991433536], [0.615618991433536], [0.615618991433536], [0.49039353848921874], [0.40462296052483226], [0.40462296052483226], [0.40462296052483226], [0.40462296052483226], [0.20447955111024368], [0.19921373795563513]],