{"IMU": [[0.026579527854919432, -0.00476589947938919, 0.65], [0.09235885620117187, -0.009934617877006531, 0.84], [0.19405603408813477, 0.0002560088783502579, 0.98]], "Kalman": [[0.06427624062495599, -0.006033103041688965, 0.65], [0.17433601810220078, -0.000557081038758702, 0.84], [0.3094547502152017, 0.024078298439179573, 0.98]], "CMD": [[0, 8.950313048782176, 0, 6.441405352836427], [5, 8.078762789989737, 0, 5], [0, 6.038142291734112, 0, 5]], "Distance": [[0.5589200236314967], [0.36284616498567795], [0.1930990851124815]], "Time": [[1616761616.1289134], [1616761616.7247446], [1616761617.3190405]]}