{"IMU": [[-0.001130843386054039, -0.0009826916456222535, 0.74], [-0.001130843386054039, -0.0009826916456222535, 0.74], [-0.001130843386054039, -0.0009826916456222535, 0.74], [0.03199324369430542, -0.0014809691905975342, 0.76], [0.03199324369430542, -0.0014809691905975342, 0.76], [0.03199324369430542, -0.0014809691905975342, 0.76], [0.03199324369430542, -0.0014809691905975342, 0.76], [0.16588777542114258, -0.002788272202014923, 0.79], [0.16588777542114258, -0.002788272202014923, 0.79], [0.16588777542114258, -0.002788272202014923, 0.79], [0.38052661895751955, -0.0047248643636703495, 0.81], [0.38052661895751955, -0.0047248643636703495, 0.81], [0.38052661895751955, -0.0047248643636703495, 0.81], [0.6454698181152344, -0.011819658279418945, 0.82], [0.6454698181152344, -0.011819658279418945, 0.82], [0.6454698181152344, -0.011819658279418945, 0.82], [0.6454698181152344, -0.011819658279418945, 0.82], [0.9200305938720703, -0.02251781940460205, 0.84], [0.9200305938720703, -0.02251781940460205, 0.84], [0.9200305938720703, -0.02251781940460205, 0.84], [1.160418243408203, -0.03239659309387207, 0.86], [1.160418243408203, -0.03239659309387207, 0.86], [1.160418243408203, -0.03239659309387207, 0.86], [1.342097625732422, -0.039697349071502686, 0.88], [1.342097625732422, -0.039697349071502686, 0.88], [1.342097625732422, -0.039697349071502686, 0.88], [1.342097625732422, -0.039697349071502686, 0.88], [1.4377117919921876, -0.041088285446166994, 0.89], [1.4377117919921876, -0.041088285446166994, 0.89], [1.4377117919921876, -0.041088285446166994, 0.89], [1.4452032470703124, -0.03602149963378906, 0.91], [1.4452032470703124, -0.03602149963378906, 0.91], [1.4452032470703124, -0.03602149963378906, 0.91], [1.3763362121582032, -0.028854024410247803, 0.92], [1.3763362121582032, -0.028854024410247803, 0.92], [1.3763362121582032, -0.028854024410247803, 0.92], [1.2617108917236328, -0.025027055740356446, 0.92], [1.2617108917236328, -0.025027055740356446, 0.92], [1.2617108917236328, -0.025027055740356446, 0.92], [1.1167876434326172, -0.026396427154541015, 0.92], [1.1167876434326172, -0.026396427154541015, 0.92]], "Kalman": [[-0.0012232381912148306, -8.860885373683394e-05, 0.7369003732548138], [-0.0012427500875428436, -6.244427708440266e-05, 0.7368678079908741], [-0.0012427500875428436, -6.244427708440266e-05, 0.7368678079908741], [0.03084620003748134, -0.0005295670930201586, 0.7560527244798068], [0.11601759464045779, 0.0002428867885128558, 0.7492602627049311], [0.11601759464045779, 0.0002428867885128558, 0.7492602627049311], [0.11601759464045779, 0.0002428867885128558, 0.7492602627049311], [0.34186742263773584, -0.00010286326428816939, 0.7785860104241892], [0.3433451383988496, -7.411509341965963e-05, 0.778578522764255], [0.3433451383988496, -7.411509341965963e-05, 0.778578522764255], [0.6283127081224843, -0.006720336173046713, 0.801403037868869], [0.6283127081224843, -0.006720336173046713, 0.801403037868869], [0.6283127081224843, -0.006720336173046713, 0.801403037868869], [0.9234089141746187, -0.01735750448942843, 0.8124652931885638], [0.9259486526387897, -0.017890379450622763, 0.812614363003788], [0.9259486526387897, -0.017890379450622763, 0.812614363003788], [0.9259486526387897, -0.017890379450622763, 0.812614363003788], [1.1801582059588784, -0.027098579127509813, 0.831987543166691], [1.1801582059588784, -0.027098579127509813, 0.831987543166691], [1.1801582059588784, -0.027098579127509813, 0.831987543166691], [1.3756251707112983, -0.03464146202460151, 0.8531764750711008], [1.3750500255153706, -0.034578147551810906, 0.8531946720474867], [1.3750500255153706, -0.034578147551810906, 0.8531946720474867], [1.551033953854585, -0.0414206277035649, 0.8723796766214165], [1.4820638471322938, -0.039261930199656556, 0.875916366497033], [1.4820638471322938, -0.039261930199656556, 0.875916366497033], [1.4820638471322938, -0.039261930199656556, 0.875916366497033], [1.4891663445508785, -0.037299921600134706, 0.8879139020364473], [1.48785174948156, -0.03719657217775197, 0.8879428588884855], [1.48785174948156, -0.03719657217775197, 0.8879428588884855], [1.4129784462612764, -0.02999507222724129, 0.9081000268508597], [1.4129784462612764, -0.02999507222724129, 0.9081000268508597], [1.4129784462612764, -0.02999507222724129, 0.9081000268508597], [1.2834044555809312, -0.026057998524986165, 0.919554166263331], [1.2793241173369334, -0.02651180268321867, 0.9197502736605825], [1.2793241173369334, -0.02651180268321867, 0.9197502736605825], [1.148939527692805, -0.022804427636301368, 0.9197502736608911], [1.129617112750248, -0.028397863827436122, 0.9212852326576987], [1.129617112750248, -0.028397863827436122, 0.9212852326576987], [1.057146044609167, -0.028400597667216733, 0.9212853008066377], [0.9748073678167637, -0.03784284964280919, 0.9225456241115035]], "CMD": [[0.06020866919321863, 20.0, 0, 3.234178505866414], [0.0017374792263276729, 20.0, 0, 3.262973373936973], [0.001732160805558037, 20.0, 0, 3.2629736015156667], [0.001732160805558037, 20.0, 0, 3.2629736015156667], [-0.006075108686935993, 20.0, 0, 3.1080007748076373], [-0.0067375105436991295, 20.0, 0, 3.109300832398372], [-0.0067375105436991295, 20.0, 0, 3.109300832398372], [-0.0067375105436991295, 20.0, 0, 3.109300832398372], [0.00205590113163266, 18.21514904411885, 0, 2.7457394304828386], [0.00205590113163266, 18.21514904411885, 0, 2.7457394304828386], [0.00205590113163266, 18.21514904411885, 0, 2.7457394304828386], [0.18641745028757847, 10.310346904072924, 0, 2.462703783323527], [0.18641745028757847, 10.310346904072924, 0, 2.462703783323527], [0.18641745028757847, 10.310346904072924, 0, 2.462703783323527], [0.4926585777363883, 2.0713294581386816, 0, 2.323895608273629], [0.496266680116153, 2.0541328603176527, 0, 2.323677624365444], [0.496266680116153, 2.0541328603176527, 0, 2.323677624365444], [0.496266680116153, 2.0541328603176527, 0, 2.323677624365444], [0.7516957332621608, -4.9974633021985735, 0, 2.083440293591537], [0.7516957332621608, -4.9974633021985735, 0, 2.083440293591537], [0.7516957332621608, -4.9974633021985735, 0, 2.083440293591537], [0.9591737580225747, -10.403626795825867, 0, 1.8204610618463883], [0.9591737580225747, -10.403626795825867, 0, 1.8204610618463883], [0.9591737580225747, -10.403626795825867, 0, 1.8204610618463883], [1.0931759906587162, -13.430997302256138, 0, 1.5401223811072433], [1.0890986302952583, -13.372115760911736, 0, 1.5387004433356615], [1.0890986302952583, -13.372115760911736, 0, 1.5387004433356615], [1.0890986302952583, -13.372115760911736, 0, 1.5387004433356615], [1.0318070355803024, -13.532668145596167, 0, 1.3895657939698496], [1.0318070355803024, -13.532668145596167, 0, 1.3895657939698496], [0.8999526527852613, -13.732842344584316, 0, 1.1516612926566654], [0.8320424368382578, -11.455734801559869, 0, 1.1396066139837562], [0.8320424368382578, -11.455734801559869, 0, 1.1396066139837562], [0.8320424368382578, -11.455734801559869, 0, 1.1396066139837562], [0.7354174502620249, -7.748270297593633, 0, 0.9951376043405123], [0.7354189629017317, -7.748256696833189, 0, 0.9951376020357644], [0.7354189629017317, -7.748256696833189, 0, 0.9951376020357644], [0.783035228514799, -3.6117306684081085, 0, 0.9763690073914767], [0.7877369869615448, -3.595488536637353, 0, 0.976103326340507], [0.7877369869615448, -3.595488536637353, 0, 0.976103326340507], [0.8246846530715846, 0.49924155821729677, 0, 0.9761020399887226]],