{"IMU": [[0.02164992094039917, -0.017970161437988283, 0.77], [0.02164992094039917, -0.017970161437988283, 0.77], [0.02164992094039917, -0.017970161437988283, 0.77], [0.02164992094039917, -0.017970161437988283, 0.77], [0.02164992094039917, -0.017970161437988283, 0.77], [0.02164992094039917, -0.017970161437988283, 0.77], [0.02164992094039917, -0.017970161437988283, 0.77], [0.02164992094039917, -0.017970161437988283, 0.77], [0.02464379072189331, 0.006431543231010437, 0.78], [0.02464379072189331, 0.006431543231010437, 0.78], [0.02464379072189331, 0.006431543231010437, 0.78], [0.02464379072189331, 0.006431543231010437, 0.78], [0.02464379072189331, 0.006431543231010437, 0.78], [0.02464379072189331, 0.006431543231010437, 0.78], [0.02464379072189331, 0.006431543231010437, 0.78], [0.02464379072189331, 0.006431543231010437, 0.78], [0.02464379072189331, 0.006431543231010437, 0.78], [0.02464379072189331, 0.006431543231010437, 0.78], [0.02464379072189331, 0.006431543231010437, 0.78], [0.13174955368041993, 0.1207360553741455, 0.8], [0.13174955368041993, 0.1207360553741455, 0.8], [0.13174955368041993, 0.1207360553741455, 0.8], [0.13174955368041993, 0.1207360553741455, 0.8], [0.13174955368041993, 0.1207360553741455, 0.8], [0.13174955368041993, 0.1207360553741455, 0.8], [0.13174955368041993, 0.1207360553741455, 0.8], [0.32359359741210936, 0.29100311279296875, 0.83], [0.32359359741210936, 0.29100311279296875, 0.83], [0.32359359741210936, 0.29100311279296875, 0.83], [0.32359359741210936, 0.29100311279296875, 0.83], [0.503355484008789, 0.43959110260009765, 0.85], [0.503355484008789, 0.43959110260009765, 0.85], [0.503355484008789, 0.43959110260009765, 0.85], [0.503355484008789, 0.43959110260009765, 0.85], [0.503355484008789, 0.43959110260009765, 0.85], [0.503355484008789, 0.43959110260009765, 0.85], [0.503355484008789, 0.43959110260009765, 0.85], [0.6210903549194335, 0.549212532043457, 0.87], [0.6210903549194335, 0.549212532043457, 0.87], [0.6210903549194335, 0.549212532043457, 0.87], [0.6210903549194335, 0.549212532043457, 0.87], [0.6210903549194335, 0.549212532043457, 0.87], [0.6210903549194335, 0.549212532043457, 0.87], [0.6781308746337891, 0.6189459609985352, 0.89]], "Kalman": [[0.07989872019822292, -0.11417297943286474, 0.7693627739901165], [-0.023927635045524656, -0.048802539911179686, 0.770360386678119], [-0.023927635045524656, -0.048802539911179686, 0.770360386678119], [-0.023927635045524656, -0.048802539911179686, 0.770360386678119], [-0.023927635045524656, -0.048802539911179686, 0.770360386678119], [-0.023927635045524656, -0.048802539911179686, 0.770360386678119], [-0.023927635045524656, -0.048802539911179686, 0.770360386678119], [-0.023927635045524656, -0.048802539911179686, 0.770360386678119], [-0.034822940536791885, -0.027298380370430957, 0.7802315425508279], [0.15684872957366056, 0.21945965202471093, 0.7742532020615221], [0.21648570861179378, 0.32027485287770474, 0.7742347333137678], [0.21648570861179378, 0.32027485287770474, 0.7742347333137678], [0.21648570861179378, 0.32027485287770474, 0.7742347333137678], [0.21648570861179378, 0.32027485287770474, 0.7742347333137678], [0.21648570861179378, 0.32027485287770474, 0.7742347333137678], [0.21648570861179378, 0.32027485287770474, 0.7742347333137678], [0.21648570861179378, 0.32027485287770474, 0.7742347333137678], [0.21648570861179378, 0.32027485287770474, 0.7742347333137678], [0.21648570861179378, 0.32027485287770474, 0.7742347333137678], [0.6915794371150122, 0.7324187689891974, 0.7926112752387979], [0.8765674177964862, 0.921888899756031, 0.7926063995047801], [0.8901073496484058, 0.935756895062783, 0.7926063995047486], [0.8901073496484058, 0.935756895062783, 0.7926063995047486], [0.8901073496484058, 0.935756895062783, 0.7926063995047486], [0.8901073496484058, 0.935756895062783, 0.7926063995047486], [0.8901073496484058, 0.935756895062783, 0.7926063995047486], [1.2449238156042848, 1.1950561491009652, 0.8228112825221678], [1.2449238156042848, 1.1950561491009652, 0.8228112825221678], [1.2449238156042848, 1.1950561491009652, 0.8228112825221678], [1.2449238156042848, 1.1950561491009652, 0.8228112825221678], [1.3737030237839083, 1.2890319864186168, 0.8425535912792484], [1.255506502613475, 1.2015373208889757, 0.8454779940449274], [1.255506502613475, 1.2015373208889757, 0.8454779940449274], [1.255506502613475, 1.2015373208889757, 0.8454779940449274], [1.255506502613475, 1.2015373208889757, 0.8454779940449274], [1.255506502613475, 1.2015373208889757, 0.8454779940449274], [1.255506502613475, 1.2015373208889757, 0.8454779940449274], [1.3129370995878284, 1.2447728608175277, 0.865220308049012], [1.1222240906694392, 1.1247395700277993, 0.8657032987030445], [1.1222240906694392, 1.1247395700277993, 0.8657032987030445], [1.1222240906694392, 1.1247395700277993, 0.8657032987030445], [1.1222240906694392, 1.1247395700277993, 0.8657032987030445], [1.1222240906694392, 1.1247395700277993, 0.8657032987030445], [0.9603852941804653, 1.0190515928335424, 0.8864449111407587]], "CMD": [[20.0, 20.0, 0, 7.116173839460118], [20.0, 20.0, 0, 3.4636832304088623], [20.0, 20.0, 0, 3.4636832304088623], [20.0, 20.0, 0, 3.4636832304088623], [20.0, 20.0, 0, 3.4636832304088623], [20.0, 20.0, 0, 3.4636832304088623], [20.0, 20.0, 0, 3.4636832304088623], [20.0, 20.0, 0, 3.4636832304088623], [20.0, 20.0, 0, 3.314795342267675], [20.0, 20.0, 0, 3.404967405349222], [18.94995291356495, 20.0, 0, 3.4052453271668357], [18.574710946226766, 20.0, 0, 3.4052459717993133], [18.574710946226766, 20.0, 0, 3.4052459717993133], [18.574710946226766, 20.0, 0, 3.4052459717993133], [18.574710946226766, 20.0, 0, 3.4052459717993133], [18.574710946226766, 20.0, 0, 3.4052459717993133], [18.574710946226766, 20.0, 0, 3.4052459717993133], [18.574710946226766, 20.0, 0, 3.4052459717993133], [18.574710946226766, 20.0, 0, 3.4052459717993133], [18.2602087151157, 20.0, 0, 3.4052461229240913], [2.1345261608548727, 3.3730170871023253, 0, 3.1281438151636247], [1.7555582716762759, 3.0030141212774253, 0, 3.1281438151640995], [1.7555582716762759, 3.0030141212774253, 0, 3.1281438151640995], [1.7555582716762759, 3.0030141212774253, 0, 3.1281438151640995], [1.7555582716762759, 3.0030141212774253, 0, 3.1281438151640995], [1.7555582716762759, 3.0030141212774253, 0, 3.1281438151640995], [-4.0936198282621845, -5.148720549536194, 0, 2.672570052851041], [-5.330259742740803, -6.692983330037095, 0, 2.6725597577338487], [-5.330259742740803, -6.692983330037095, 0, 2.6725597577338487], [-5.330259742740803, -6.692983330037095, 0, 2.6725597577338487], [-7.898318349215968, -10.212106578525791, 0, 2.3747840265249405], [-5.507369406940814, -6.9821742670832005, 0, 2.330674891032513], [-5.507369406940814, -6.9821742670832005, 0, 2.330674891032513], [-5.507369406940814, -6.9821742670832005, 0, 2.330674891032513], [-5.507369406940814, -6.9821742670832005, 0, 2.330674891032513], [-5.507369406940814, -6.9821742670832005, 0, 2.330674891032513], [-5.507369406940814, -6.9821742670832005, 0, 2.330674891032513], [-6.688858219259846, -8.551568518250917, 0, 2.0328990806823826], [-3.4087328777408215, -3.3399928845677667, 0, 2.0256140717737847], [-3.4087328777408215, -3.3399928845677667, 0, 2.0256140717737847], [-3.4087328777408215, -3.3399928845677667, 0, 2.0256140717737847], [-3.4087328777408215, -3.3399928845677667, 0, 2.0256140717737847], [-3.4087328777408215, -3.3399928845677667, 0, 2.0256140717737847], [-0.5206190052647652, 1.0825430145300705, 0, 1.7127657172024389]],