{"IMU": [[0.0248291015625, 0.0015792010724544525, 0.83], [0.0932923698425293, -0.00181282639503479, 0.88], [0.2012610626220703, -0.03301103830337524, 0.9], [0.3261273193359375, -0.06871602058410645, 0.93]], "Kalman": [[0.065879418598108, 0.008748078510199292, 0.83], [0.18091524063502146, -0.007762684478046073, 0.88], [0.3084330296801433, -0.05161025520157744, 0.9], [0.4641502623813551, -0.07895610488928878, 0.93]], "CMD": [[0, 9.05218417734204, 0, 5], [-5, 8.049038235667044, 0, 5], [5, 5.916156797389142, 0, 5], [5, 5, 0, 5]], "Distance": [[0.46630162778435313], [0.34099170507405596], [0.2221745317526309], [0.1114417793586142]], "Time": [[1616761540.7966366], [1616761541.3996568], [1616761541.9170005], [1616761542.5205266]]}