{"IMU": [[2.0416757287719687, 1.7498593856248035, 0.65], [2.0440815748908956, 1.761438490286745, 0.65], [2.036097265694423, 1.791662066713251, 0.66], [2.020714334461971, 1.8495678646716252, 0.67], [2.0096663703659017, 1.9308108647021427, 0.69], [2.0043404664733844, 2.053908742204584, 0.72], [1.9976742257812459, 2.237669652238764, 0.74], [1.9880704869964558, 2.489152997270502, 0.76], [1.9420925798156696, 2.7180307133349553, 0.78], [1.9015532960632282, 3.091895230546869, 0.82], [1.860607117626949, 3.1691402561816346, 0.85], [1.8146446504333453, 3.2029120762499943, 0.87], [1.8146446504333453, 3.2029120762499943, 0.87], [1.7764887132385212, 3.2189246494921817, 0.89], [1.73652596375732, 3.224159024492182, 0.9], [1.702146538708492, 3.2233748753222597, 0.91], [1.6652146615722614, 3.2153490574511663, 0.92], [1.623197564099117, 3.204959805742182, 0.93], [1.5833829583862262, 3.1829700596484316, 0.93]], "Kalman": [[2.106648270166716, 1.7506508982335593, 0.6524233930963124], [2.116500569917872, 1.7832672774396763, 0.6500145133897205], [1.7078821416716825, 1.6369060109241764, 0.6613702176892797], [2.1455823295295335, 1.9925008890027565, 0.6670070995695538], [2.198652126156554, 2.063242072727985, 0.687234438268668], [2.202931254491746, 2.276585928373436, 0.71693113863643], [2.311259680420596, 2.557088124617368, 0.73671897210098], [2.3811913164817433, 2.905478525389442, 0.7593050979947381], [2.4378197292432526, 3.1872671332666336, 0.7770724067900936], [2.482129185754619, 3.482705058632127, 0.8168350937400995], [2.5360695598674003, 3.557910740132423, 0.8475147322328648], [2.6377805622223005, 3.599112645645243, 0.8672009225670216], [2.7356594535616505, 3.583836406714793, 0.8686236979971754], [2.7866041746666177, 3.6178419303414504, 0.8893746601863176], [2.8528183227416943, 3.5739066957659866, 0.9019371242893535], [2.9181250101368947, 3.493909472378946, 0.9109135556390187], [4.926932462342366, 3.583560854399826, 0.9191402394937717], [2.142573564153744, 3.290890848419643, 0.9331000899701869], [2.1183258366988036, 2.7782710560680206, 0.934525087855601]], "UWB": [[2.13848398, 1.75061765, 0.92665244], [2.15638329, 1.7882847, 0.99147715], [1.47807408, 1.50224978, 2.14979029], [2.24741577, 2.0450883, 0.98114683], [2.33468065, 2.20437178, 1.00784519], [2.35112161, 2.35961468, 1.19858122], [2.50273015, 2.67210846, 1.12971889], [2.59921138, 2.93913032, 1.37125695], [2.70361454, 3.26512117, 1.2821123], [2.80130996, 3.52846087, 1.06150687], [2.90215073, 3.71801267, 1.22885568], [3.08655123, 3.772849, 0.90930813], [3.23346882, 3.75376327, 0.95226803], [3.31489683, 3.81009183, 1.21562566], [3.42808887, 3.74919248, 0.95991074], [3.5602639, 3.61255597, 1.30647529], [6.94580801, 3.7804504, -3.07746861], [2.41097086, 3.34060487, 1.8436089], [2.37179315, 2.57676689, 1.24482711]], "Distance": [[1.2968141251727259], [1.2661755912173107], [1.4582358407824276], [1.062081201774448], [0.9925069032038445], [0.7836138988380921], [0.5568828257164492], [0.3820168863788783], [0.4459684523396796], [0.6423210031749943], [0.724343020870686], [0.8159531176748], [0.8730335752053725], [0.9302644298083043], [0.9516935694294105], [0.9597976316318066], [2.8876683878697103], [0.3015055422725257], [0.23191922082530989]], "Time": [[1615562614.1716964], [1615562614.757159], [1615562615.338711], [1615562615.9248216], [1615562616.4370875], [1615562616.9654822], [1615562617.477993], [1615562618.015758], [1615562618.5926623], [1615562619.2358747], [1615562619.890492], [1615562620.546108], [1615562621.2171507], [1615562621.9104438], [1615562622.6486542], [1615562623.3001416], [1615562624.008571], [1615562624.659301], [1615562625.4103074]]}