{"IMU": [[0.0285010290145874, -0.021184701919555664, 0.75], [0.0285010290145874, -0.021184701919555664, 0.75], [0.0285010290145874, -0.021184701919555664, 0.75], [0.0285010290145874, -0.021184701919555664, 0.75], [0.0285010290145874, -0.021184701919555664, 0.75], [0.0285010290145874, -0.021184701919555664, 0.75], [0.0285010290145874, -0.021184701919555664, 0.75], [0.02512885570526123, 0.01282855987548828, 0.77], [0.02512885570526123, 0.01282855987548828, 0.77], [0.02512885570526123, 0.01282855987548828, 0.77], [0.02512885570526123, 0.01282855987548828, 0.77], [0.02512885570526123, 0.01282855987548828, 0.77], [0.02512885570526123, 0.01282855987548828, 0.77], [0.02512885570526123, 0.01282855987548828, 0.77], [0.02512885570526123, 0.01282855987548828, 0.77], [0.02512885570526123, 0.01282855987548828, 0.77], [0.02512885570526123, 0.01282855987548828, 0.77], [0.02512885570526123, 0.01282855987548828, 0.77], [0.06976474285125732, 0.12237255096435547, 0.8], [0.06976474285125732, 0.12237255096435547, 0.8], [0.06976474285125732, 0.12237255096435547, 0.8], [0.06976474285125732, 0.12237255096435547, 0.8], [0.06976474285125732, 0.12237255096435547, 0.8], [0.06976474285125732, 0.12237255096435547, 0.8], [0.06976474285125732, 0.12237255096435547, 0.8], [0.06976474285125732, 0.12237255096435547, 0.8], [0.06976474285125732, 0.12237255096435547, 0.8], [0.15694766998291015, 0.27719644546508787, 0.82], [0.15694766998291015, 0.27719644546508787, 0.82], [0.15694766998291015, 0.27719644546508787, 0.82], [0.15694766998291015, 0.27719644546508787, 0.82], [0.15694766998291015, 0.27719644546508787, 0.82], [0.15694766998291015, 0.27719644546508787, 0.82], [0.15694766998291015, 0.27719644546508787, 0.82], [0.27859493255615236, 0.4273594665527344, 0.84], [0.27859493255615236, 0.4273594665527344, 0.84], [0.27859493255615236, 0.4273594665527344, 0.84], [0.27859493255615236, 0.4273594665527344, 0.84], [0.27859493255615236, 0.4273594665527344, 0.84], [0.27859493255615236, 0.4273594665527344, 0.84], [0.27859493255615236, 0.4273594665527344, 0.84], [0.27859493255615236, 0.4273594665527344, 0.84], [0.27859493255615236, 0.4273594665527344, 0.84], [0.40360523223876954, 0.5449978256225586, 0.86], [0.40360523223876954, 0.5449978256225586, 0.86]], "Kalman": [[0.09190595302191447, -0.049945274846290286, 0.7494378331451448], [0.023291954746311516, 0.03498417025829091, 0.7487308575739183], [0.023291954746311516, 0.03498417025829091, 0.7487308575739183], [0.023291954746311516, 0.03498417025829091, 0.7487308575739183], [0.023291954746311516, 0.03498417025829091, 0.7487308575739183], [0.023291954746311516, 0.03498417025829091, 0.7487308575739183], [0.023291954746311516, 0.03498417025829091, 0.7487308575739183], [0.06913108932626136, 0.1934645071141053, 0.7630732691322147], [0.11140288763573383, 0.31628985148626365, 0.7627450814909628], [0.11140288763573383, 0.31628985148626365, 0.7627450814909628], [0.11140288763573383, 0.31628985148626365, 0.7627450814909628], [0.11140288763573383, 0.31628985148626365, 0.7627450814909628], [0.11140288763573383, 0.31628985148626365, 0.7627450814909628], [0.11140288763573383, 0.31628985148626365, 0.7627450814909628], [0.11140288763573383, 0.31628985148626365, 0.7627450814909628], [0.11140288763573383, 0.31628985148626365, 0.7627450814909628], [0.11140288763573383, 0.31628985148626365, 0.7627450814909628], [0.11140288763573383, 0.31628985148626365, 0.7627450814909628], [0.14772545745901344, 0.4012623590487021, 0.7923585311372975], [0.36178994531017417, 0.7726933583557971, 0.7937728612749516], [0.38595029248518387, 0.8215468753388244, 0.7937728617909325], [0.38595029248518387, 0.8215468753388244, 0.7937728617909325], [0.38595029248518387, 0.8215468753388244, 0.7937728617909325], [0.38595029248518387, 0.8215468753388244, 0.7937728617909325], [0.38595029248518387, 0.8215468753388244, 0.7937728617909325], [0.38595029248518387, 0.8215468753388244, 0.7937728617909325], [0.38595029248518387, 0.8215468753388244, 0.7937728617909325], [0.5929995190953671, 1.0141675191523025, 0.8136276785531382], [0.6375125830002785, 1.055275282129242, 0.8136204776625542], [0.6991474531054535, 1.1121950133053946, 0.8136200591819122], [0.6991474531054535, 1.1121950133053946, 0.8136200591819122], [0.6991474531054535, 1.1121950133053946, 0.8136200591819122], [0.6991474531054535, 1.1121950133053946, 0.8136200591819122], [0.6991474531054535, 1.1121950133053946, 0.8136200591819122], [0.7827815007411664, 1.1942772500496024, 0.8325208582229736], [0.8788892527229093, 1.179001946380114, 0.8358101137750985], [0.9046915464255229, 1.1593642568747071, 0.8358167872896749], [0.9046915464255229, 1.1593642568747071, 0.8358167872896749], [0.9046915464255229, 1.1593642568747071, 0.8358167872896749], [0.9046915464255229, 1.1593642568747071, 0.8358167872896749], [0.9046915464255229, 1.1593642568747071, 0.8358167872896749], [0.9046915464255229, 1.1593642568747071, 0.8358167872896749], [0.9046915464255229, 1.1593642568747071, 0.8358167872896749], [0.9886645176556484, 1.2108224641077585, 0.8555591002891749], [1.0200453201801558, 1.132325893725081, 0.8551489794666984]], "CMD": [[20.0, 20.0, 0, 6.762506959635758], [20.0, 20.0, 0, 3.7899241439695803], [20.0, 20.0, 0, 3.7899241439695803], [20.0, 20.0, 0, 3.7899241439695803], [20.0, 20.0, 0, 3.7899241439695803], [20.0, 20.0, 0, 3.7899241439695803], [20.0, 20.0, 0, 3.7899241439695803], [20.0, 20.0, 0, 3.573595742787065], [18.683608269328175, 20.0, 0, 3.5785458383432633], [18.683608269328175, 20.0, 0, 3.5785458383432633], [18.683608269328175, 20.0, 0, 3.5785458383432633], [18.683608269328175, 20.0, 0, 3.5785458383432633], [18.683608269328175, 20.0, 0, 3.5785458383432633], [18.683608269328175, 20.0, 0, 3.5785458383432633], [18.683608269328175, 20.0, 0, 3.5785458383432633], [18.683608269328175, 20.0, 0, 3.5785458383432633], [18.683608269328175, 20.0, 0, 3.5785458383432633], [18.683608269328175, 20.0, 0, 3.5785458383432633], [16.361581825212536, 20.0, 0, 3.131882444990505], [7.811006582282553, 18.231236304165293, 0, 3.1105524939918445], [5.032637449059956, 16.85720297389252, 0, 3.110549917486349], [4.876552268318431, 16.780011556127825, 0, 3.1105499174862783], [4.876552268318431, 16.780011556127825, 0, 3.1105499174862783], [4.876552268318431, 16.780011556127825, 0, 3.1105499174862783], [4.876552268318431, 16.780011556127825, 0, 3.1105499174862783], [4.876552268318431, 16.780011556127825, 0, 3.1105499174862783], [4.876552268318431, 16.780011556127825, 0, 3.1105499174862783], [-0.38715291642991695, 11.122019421798255, 0, 2.811077213856099], [-1.5104964004473946, 9.90561997142469, 0, 2.8111858257963442], [-3.065930325777431, 8.221336402898897, 0, 2.811192137792611], [-3.065930325777431, 8.221336402898897, 0, 2.811192137792611], [-3.065930325777431, 8.221336402898897, 0, 2.811192137792611], [-3.065930325777431, 8.221336402898897, 0, 2.811192137792611], [-3.065930325777431, 8.221336402898897, 0, 2.811192137792611], [-3.065930325777431, 8.221336402898897, 0, 2.811192137792611], [-4.891549807887846, 3.3095687759639936, 0, 2.4764967476355797], [-4.354914657990918, 2.6044747400808923, 0, 2.476396090174126], [-4.354914657990918, 2.6044747400808923, 0, 2.476396090174126], [-4.354914657990918, 2.6044747400808923, 0, 2.476396090174126], [-4.354914657990918, 2.6044747400808923, 0, 2.476396090174126], [-4.354914657990918, 2.6044747400808923, 0, 2.476396090174126], [-4.354914657990918, 2.6044747400808923, 0, 2.476396090174126], [-4.354914657990918, 2.6044747400808923, 0, 2.476396090174126], [-5.761102628542778, 0.3097624221698901, 0, 2.178620294976271], [-3.6160428035514163, -0.5477743904978261, 0, 2.1848061990313443]],