{"IMU": [[2.471967969999992, 1.1989898299999953, 0.0], [2.471967969999992, 1.1989898299999953, 0.0], [2.471967969999992, 1.1989898299999953, 0.0], [2.471967969999992, 1.1989898299999953, 0.0], [2.471967969999992, 1.1989898299999953, 0.0], [2.471967969999992, 1.1989898299999953, 0.0], [2.471967969999992, 1.1989898299999953, 0.0], [2.471967969999992, 1.1989898299999953, 0.0], [2.471967969999992, 1.1989898299999953, 0.0], [2.471967969999992, 1.1989898299999953, 0.0], [2.471967969999992, 1.1989898299999953, 0.0], [2.471967969999992, 1.1989898299999953, 0.0], [2.471967969999992, 1.1989898299999953, 0.0], [2.471967969999992, 1.1989898299999953, 0.0], [2.471967969999992, 1.1989898299999953, 0.0], [2.471967969999992, 1.1989898299999953, 0.0], [2.471967969999992, 1.1989898299999953, 0.0], [2.471967969999992, 1.1989898299999953, 0.0], [2.471967969999992, 1.1989898299999953, 0.0], [2.471967969999992, 1.1989898299999953, 0.0], [2.471967969999992, 1.1989898299999953, 0.0]], "Kalman": [[2.4506684287933616, 1.3081632576858975, 0.001064960161071935], [2.4506684287933616, 1.3081632576858975, 0.001064960161071935], [2.4506684287933616, 1.3081632576858975, 0.001064960161071935], [2.4506684287933616, 1.3081632576858975, 0.001064960161071935], [2.4506684287933616, 1.3081632576858975, 0.001064960161071935], [2.4506684287933616, 1.3081632576858975, 0.001064960161071935], [2.4506684287933616, 1.3081632576858975, 0.001064960161071935], [2.4506684287933616, 1.3081632576858975, 0.001064960161071935], [2.4506684287933616, 1.3081632576858975, 0.001064960161071935], [2.4506684287933616, 1.3081632576858975, 0.001064960161071935], [2.4506684287933616, 1.3081632576858975, 0.001064960161071935], [2.4506684287933616, 1.3081632576858975, 0.001064960161071935], [2.4506684287933616, 1.3081632576858975, 0.001064960161071935], [2.4506684287933616, 1.3081632576858975, 0.001064960161071935], [2.4506684287933616, 1.3081632576858975, 0.001064960161071935], [2.4506684287933616, 1.3081632576858975, 0.001064960161071935], [2.5179302655908815, 1.393764888064883, 0.0015893198483028519], [2.5179302655908815, 1.393764888064883, 0.0015893198483028519], [2.5179302655908815, 1.393764888064883, 0.0015893198483028519], [2.5179302655908815, 1.393764888064883, 0.0015893198483028519], [2.5179302655908815, 1.393764888064883, 0.0015893198483028519]], "UWB": [[2.47222813, 1.49876455, 1.54000223], [2.45063777, 1.59027858, 1.69251591], [2.59120735, 1.38664704, 1.4757807], [2.5434798, 1.39863434, 1.47385871], [2.48992274, 1.46540257, 1.64907944], [2.54581695, 1.38949065, 1.5215829], [2.46587378, 1.49868125, 1.59361659], [2.18473376, 2.62172996, 4.86423351], [2.51752492, 1.44195015, 1.33431597], [2.47312196, 1.45880298, 1.30150189], [2.42483023, 1.48604764, 1.66511677], [2.42386303, 1.45553502, 1.3455363], [2.43032959, 1.49954608, 1.4573889], [2.52188077, 1.35066223, 1.66953544], [2.50119695, 1.46612739, 1.51289694], [2.49391804, 1.40100924, 1.35842889], [2.5724494, 1.37324995, 1.59853302], [2.10456791, 1.82782943, 2.21936712], [2.36647052, 1.60894614, 2.17045833], [2.363077, 1.44197757, 1.94132918], [2.66797648, 1.11897945, 0.81711117]], "Distance": [[2.3423562776764006], [2.3423562776764006], [2.3423562776764006], [2.3423562776764006], [2.3423562776764006], [2.3423562776764006], [2.3423562776764006], [2.3423562776764006], [2.3423562776764006], [2.3423562776764006], [2.3423562776764006], [2.3423562776764006], [2.3423562776764006], [2.3423562776764006], [2.3423562776764006], [2.3423562776764006], [2.256306356582153], [2.256306356582153], [2.256306356582153], [2.256306356582153], [2.256306356582153]], "Time": [[1615575653.8502188], [1615575654.169185], [1615575654.473707], [1615575654.7847352], [1615575655.1042721], [1615575655.414891], [1615575655.7389765], [1615575656.0306914], [1615575656.3473556], [1615575656.6666894], [1615575656.9839082], [1615575657.2891927], [1615575657.5897946], [1615575657.902149], [1615575658.207295], [1615575658.5368154], [1615575658.8427484], [1615575659.1410277], [1615575659.4589386], [1615575659.779183], [1615575660.1107144]],"Title":[["ModelBasedAgentUWB"]]}