{"IMU": [[-0.007560697197914123, 0.0014234541356563568, 0.81], [-0.007560697197914123, 0.0014234541356563568, 0.81], [0.006498518586158753, -0.0006235567852854729, 0.77], [0.006498518586158753, -0.0006235567852854729, 0.77], [0.006498518586158753, -0.0006235567852854729, 0.77], [0.006498518586158753, -0.0006235567852854729, 0.77], [0.006498518586158753, -0.0006235567852854729, 0.77], [0.0864284610748291, -0.0024951937794685363, 0.79], [0.0864284610748291, -0.0024951937794685363, 0.79], [0.0864284610748291, -0.0024951937794685363, 0.79], [0.0864284610748291, -0.0024951937794685363, 0.79], [0.23505191802978515, -0.007232903838157654, 0.82], [0.23505191802978515, -0.007232903838157654, 0.82], [0.23505191802978515, -0.007232903838157654, 0.82], [0.23505191802978515, -0.007232903838157654, 0.82], [0.4370789337158203, -0.015233626365661621, 0.84], [0.4370789337158203, -0.015233626365661621, 0.84], [0.4370789337158203, -0.015233626365661621, 0.84], [0.4370789337158203, -0.015233626365661621, 0.84], [0.6585459899902344, -0.02673100233078003, 0.86], [0.6585459899902344, -0.02673100233078003, 0.86], [0.6585459899902344, -0.02673100233078003, 0.86], [0.6585459899902344, -0.02673100233078003, 0.86], [0.6585459899902344, -0.02673100233078003, 0.86], [0.8802141571044921, -0.034046483039855954, 0.88]], "Kalman": [[2.394625974297144e-05, -0.0012409370097121201, 0.8204718470231983], [2.394625974297144e-05, -0.0012409370097121201, 0.8204718470231983], [0.013645313383359881, -0.0031607565973279434, 0.78549112010888], [0.048662829182868024, -0.003474398474988464, 0.75484079395601], [0.048662829182868024, -0.003474398474988464, 0.75484079395601], [0.048662829182868024, -0.003474398474988464, 0.75484079395601], [0.048662829182868024, -0.003474398474988464, 0.75484079395601], [0.20249541164149867, -0.005234326337844872, 0.7651690050632785], [0.20249653971061035, -0.005234323390682467, 0.7651684319650297], [0.20249653971061035, -0.005234323390682467, 0.7651684319650297], [0.20249653971061035, -0.005234323390682467, 0.7651684319650297], [0.41137040948992876, -0.014561247920221338, 0.799433011559179], [0.41236829714108436, -0.014709287543128438, 0.7997689794887952], [0.41236829714108436, -0.014709287543128438, 0.7997689794887952], [0.41236829714108436, -0.014709287543128438, 0.7997689794887952], [0.6508596275493838, -0.025542537886751777, 0.8219425922927892], [0.6536871287585588, -0.025978795578267527, 0.8228646188406255], [0.6536871287585588, -0.025978795578267527, 0.8228646188406255], [0.6536871287585588, -0.025978795578267527, 0.8228646188406255], [0.8682549075700383, -0.03676091329862632, 0.8403716520155722], [0.8837054674861604, -0.03659036845343031, 0.8404513115935419], [0.8839468824848498, -0.036573542261089, 0.8403334812117631], [0.8839468824848498, -0.036573542261089, 0.8403334812117631], [0.8839468824848498, -0.036573542261089, 0.8403334812117631], [1.0934559525034546, -0.037593623607909556, 0.8716288297591552]], "CMD": [[0.019363356687955583, 15.603445506455447, 0, 2.226240808543311], [0.019363356687955583, 15.603445506455447, 0, 2.226240808543311], [0.019363356687955583, 15.603445506455447, 0, 2.226240808543311], [0.05373025992724735, 14.878393362238471, 0, 2.9571931060337904], [0.05421388549197807, 14.844493173199893, 0, 3.0400993940807366], [0.05421388549197807, 14.844493173199893, 0, 3.0400993940807366], [0.05421388549197807, 14.844493173199893, 0, 3.0400993940807366], [0.08159696693016748, 13.635997602632944, 0, 2.8237228594859003], [0.08167545842331819, 12.444108505273853, 0, 2.9120278815374196], [0.08167543561087474, 12.444099773480591, 0, 2.9120314069137674], [0.08167543561087474, 12.444099773480591, 0, 2.9120314069137674], [0.08167543561087474, 12.444099773480591, 0, 2.9120314069137674], [0.22721107928468237, 9.184869682286198, 0, 2.4871331159480463], [0.22952106278897455, 9.169298823836005, 0, 2.4829669419921983], [0.22952106278897455, 9.169298823836005, 0, 2.4829669419921983], [0.22952106278897455, 9.169298823836005, 0, 2.4829669419921983], [0.39856114206113624, 5.447923233021546, 0, 2.2080028158728338], [0.405368428186516, 5.403803415480136, 0, 2.1965692156640766], [0.405368428186516, 5.403803415480136, 0, 2.1965692156640766], [0.405368428186516, 5.403803415480136, 0, 2.1965692156640766], [0.5736106432521038, 2.055726597436906, 0, 1.979473060858628], [0.5709494923290698, 1.8146388545917589, 0, 1.9784852413978526], [0.570686939466632, 1.8108718586098043, 0, 1.9799463983253465], [0.570686939466632, 1.8108718586098043, 0, 1.9799463983253465], [0.6776980003670137, -1.5399663722262436, 0, 1.7629599266690037]], "Distance": [[1.0159645691114731], [1.0159645691114731], [1.0094154832104671], [0.9824243076854458], [0.9824243076854458], [0.9824243076854458], [0.9824243076854458], [0.8313763063787928], [0.8313753861287159], [0.8313753861287159], [0.8313753861287159], [0.6220321065807365], [0.6209829650802459], [0.6209829650802459], [0.6209829650802459], [0.39275419966699665], [0.3898518255256288], [0.3898518255256288], [0.3898518255256288], [0.21021261524029866], [0.20079605904596667], [0.20074697332827546], [0.20074697332827546], [0.20074697332827546], [0.16317614085185705]], "Time": [[1615307080.4993398], [1615307080.6114833], [1615307080.7264717], [1615307080.8508766], [1615307080.9749837], [1615307081.0880497], [1615307081.2025094], [1615307081.3261468], [1615307081.443026], [1615307081.556581], [1615307081.6736283], [1615307081.786836], [1615307081.900836], [1615307082.0158396], [1615307082.1300833], [1615307082.2430744], [1615307082.3560927], [1615307082.4701002], [1615307082.5842664], [1615307082.699659], [1615307082.8167038], [1615307082.935541], [1615307083.0788534], [1615307083.1944532], [1615307083.3170276]]}