{"IMU": [[0.011808379888534545, -0.009391542673110962, 0.81], [0.07314533710479737, -0.05260820865631104, 0.83], [0.19851076126098632, -0.08510796546936035, 0.86], [0.3883485794067383, -0.11330553054809571, 0.89]], "Kalman": [[0.053407083270325444, -0.011879420647142687, 0.81], [0.16600373841262847, -0.05495748031563148, 0.83], [0.36252622560378583, -0.06122483072636269, 0.86], [0.5787056876337877, -0.07167293133879543, 0.89]], "CMD": [[-5, 9.389813555523146, 0, 5], [5, 8.280288050216713, 0, 5], [5, 6.1926312532918955, 0, 5], [5, 5, 0, 5]], "Distance": [[0.4854753896007807], [0.3787793914628711], [0.20554201162831154], [0.15307381994515928]], "Time": [[1616766154.3014061], [1616766154.8884954], [1616766155.469964], [1616766155.989287]]}