{"IMU": [[1.8508996313559707, 3.577983687764285, 0.62], [1.8428422695147688, 3.5547020837126952, 0.62], [1.8432539313780958, 3.5547020837126952, 0.62], [1.841644883726805, 3.50867183292496, 0.66], [1.841644883726805, 3.4599202188311797, 0.69], [1.8358946162211591, 3.3925163110553007, 0.72], [1.8301870113360579, 3.3925163110553007, 0.72], [1.8301870113360579, 3.3256855901538116, 0.75], [1.8237504678713972, 3.2527939542590363, 0.8], [1.8130309253680403, 3.1723268636523465, 0.8], [1.8130309253680403, 3.1723268636523465, 0.83], [1.7973224788653548, 3.0744901021777373, 0.85], [1.7775164371478256, 2.984171765690921, 0.88], [1.7775164371478256, 2.984171765690921, 0.88], [1.7785759168612654, 2.9163208135424834, 0.84], [1.7785759168612654, 2.9163208135424834, 0.84], [1.7785759168612654, 2.9163208135424834, 0.84], [1.7785759168612654, 2.9163208135424834, 0.84]], "Kalman": [[1.826083354877495, 3.650413720736055, 0.6233547348270632], [1.8311443995087995, 3.607994104886408, 0.6124793687717119], [1.815380775994041, 3.6457404825659125, 0.6125944705579364], [1.7200270474639365, 3.624882709940826, 0.6536822784030991], [1.713112230389564, 3.5787944229153084, 0.6826833169458123], [1.6490568612355005, 3.5543543815908136, 0.713792024540242], [1.7287792454477855, 3.760459589464808, 0.713361011174036], [1.5498646295792142, 3.6790516221894314, 0.7438054354380136], [1.5907927747618382, 3.6765636110797293, 0.7940310550793878], [1.494711997516253, 3.547871088210337, 0.7936927129502299], [1.3826724126184988, 3.529177235235691, 0.8274871818215308], [1.3291219809557628, 3.451426559769298, 0.8493429956689943], [1.2867951881583508, 3.430445954756382, 0.8783685307459194], [1.1979316256840777, 3.4133365151126793, 0.8783298792423277], [1.2221640463774104, 3.3803073108685076, 0.8384780575588916], [1.2080392478073163, 3.3938477710325023, 0.7990898512450145], [1.2080392478073163, 3.3938477710325023, 0.7990898512450145], [1.5448928513457225, 3.479422874193468, 0.7986805000423468]], "UWB": [[1.81840877, 3.6876467, 2.20709248], [1.81730188, 3.68131691, 2.18218087], [1.79892857, 3.71728895, 2.1595529], [1.65074751, 3.71209346, 2.1334337], [1.5457606, 3.6599233, 2.00385002], [1.54782779, 3.67701842, 2.04106586], [1.68581115, 3.99238105, 0.89635417], [1.40168706, 3.90129764, 2.42900031], [1.46833744, 3.93923097, 2.53302878], [1.32816067, 3.7712669, 2.12818304], [1.16056117, 3.77450311, 2.12355853], [1.07468343, 3.68748069, 1.9069497], [1.04004948, 3.71985163, 2.03442819], [0.90418058, 3.6493245, 1.97119378], [0.93129632, 3.66133306, 1.99582691], [0.93000951, 3.7165749, 2.1531275], [1.50556552, 3.3808919, 2.5376608], [1.41495925, 3.80497091, 1.69806447]], "Distance": [[1.2045417391359394], [1.2166586945051583], [1.205135895670594], [1.1114510844965333], [1.0870169491492956], [1.0239852899892101], [1.078017350621646], [0.9354278844930891], [0.9209418436235318], [0.8683549152561229], [0.7831409876126398], [0.7557163666338714], [0.718944463989123], [0.6940174872204674], [0.7481325353203248], [0.7747059633570579], [0.7747059633570579], [0.9043527057055459]], "Time": [[1615564127.697136], [1615564128.0367563], [1615564128.3345788], [1615564128.740626], [1615564129.1001146], [1615564129.365931], [1615564129.7430909], [1615564130.1343565], [1615564130.447766], [1615564130.8090796], [1615564131.1158435], [1615564131.392029], [1615564131.7948358], [1615564132.1443534], [1615564132.422911], [1615564132.798363], [1615564133.0632646], [1615564133.3597505]]}