{"IMU": [[0.026871905326843262, -0.023484046459197997, 0.78], [0.026871905326843262, -0.023484046459197997, 0.78], [0.026871905326843262, -0.023484046459197997, 0.78], [0.026871905326843262, -0.023484046459197997, 0.78], [0.026871905326843262, -0.023484046459197997, 0.78], [0.026871905326843262, -0.023484046459197997, 0.78], [0.026871905326843262, -0.023484046459197997, 0.78], [0.029781582355499266, -0.014993345737457276, 0.79], [0.029781582355499266, -0.014993345737457276, 0.79], [0.029781582355499266, -0.014993345737457276, 0.79], [0.029781582355499266, -0.014993345737457276, 0.79], [0.029781582355499266, -0.014993345737457276, 0.79], [0.029781582355499266, -0.014993345737457276, 0.79], [0.029781582355499266, -0.014993345737457276, 0.79], [0.029781582355499266, -0.014993345737457276, 0.79], [0.029781582355499266, -0.014993345737457276, 0.79], [0.029781582355499266, -0.014993345737457276, 0.79], [0.07048892974853516, -0.0177097487449646, 0.8], [0.07048892974853516, -0.0177097487449646, 0.8], [0.07048892974853516, -0.0177097487449646, 0.8], [0.07048892974853516, -0.0177097487449646, 0.8], [0.07048892974853516, -0.0177097487449646, 0.8], [0.07048892974853516, -0.0177097487449646, 0.8], [0.07048892974853516, -0.0177097487449646, 0.8], [0.07048892974853516, -0.0177097487449646, 0.8], [0.07048892974853516, -0.0177097487449646, 0.8], [0.15686817169189454, -0.02979941129684448, 0.83], [0.15686817169189454, -0.02979941129684448, 0.83], [0.15686817169189454, -0.02979941129684448, 0.83], [0.15686817169189454, -0.02979941129684448, 0.83], [0.15686817169189454, -0.02979941129684448, 0.83], [0.15686817169189454, -0.02979941129684448, 0.83], [0.15686817169189454, -0.02979941129684448, 0.83], [0.309124641418457, -0.044529690742492675, 0.85], [0.309124641418457, -0.044529690742492675, 0.85], [0.309124641418457, -0.044529690742492675, 0.85], [0.309124641418457, -0.044529690742492675, 0.85], [0.309124641418457, -0.044529690742492675, 0.85], [0.309124641418457, -0.044529690742492675, 0.85], [0.309124641418457, -0.044529690742492675, 0.85], [0.5100249481201172, -0.06348557949066162, 0.86]], "Kalman": [[0.06107991884096243, -0.04257168042815586, 0.7828780336503024], [0.03759618488750188, -0.01858695962131129, 0.7815792442958661], [0.03759618488750188, -0.01858695962131129, 0.7815792442958661], [0.03759618488750188, -0.01858695962131129, 0.7815792442958661], [0.03759618488750188, -0.01858695962131129, 0.7815792442958661], [0.03759618488750188, -0.01858695962131129, 0.7815792442958661], [0.03759618488750188, -0.01858695962131129, 0.7815792442958661], [0.039139725874138866, -0.011299018958422885, 0.7914503956565805], [0.07677653588194583, -0.0013720873813738606, 0.7851859628324492], [0.08107247843048049, 0.00022249630254579048, 0.7851666279082722], [0.08107247843048049, 0.00022249630254579048, 0.7851666279082722], [0.08107247843048049, 0.00022249630254579048, 0.7851666279082722], [0.08107247843048049, 0.00022249630254579048, 0.7851666279082722], [0.08107247843048049, 0.00022249630254579048, 0.7851666279082722], [0.08107247843048049, 0.00022249630254579048, 0.7851666279082722], [0.08107247843048049, 0.00022249630254579048, 0.7851666279082722], [0.08107247843048049, 0.00022249630254579048, 0.7851666279082722], [0.11912737577870344, -0.0018611351960077316, 0.7951595328344113], [0.2195278774438733, -0.024888493965325595, 0.7955714778041215], [0.22054485955676434, -0.02522024201479631, 0.795571477851763], [0.22054485955676434, -0.02522024201479631, 0.795571477851763], [0.22054485955676434, -0.02522024201479631, 0.795571477851763], [0.22054485955676434, -0.02522024201479631, 0.795571477851763], [0.22054485955676434, -0.02522024201479631, 0.795571477851763], [0.22054485955676434, -0.02522024201479631, 0.795571477851763], [0.22054485955676434, -0.02522024201479631, 0.795571477851763], [0.4319312471687107, -0.021215838382054483, 0.8245531946060114], [0.4478953933396274, -0.01880055090516194, 0.8245501759589231], [0.4478953933396274, -0.01880055090516194, 0.8245501759589231], [0.4478953933396274, -0.01880055090516194, 0.8245501759589231], [0.4478953933396274, -0.01880055090516194, 0.8245501759589231], [0.4478953933396274, -0.01880055090516194, 0.8245501759589231], [0.4478953933396274, -0.01880055090516194, 0.8245501759589231], [0.5766726596884033, -0.029507460737749163, 0.8442924820950419], [0.7226807134974859, -0.015598429290213375, 0.8462372693017], [0.7226807134974859, -0.015598429290213375, 0.8462372693017], [0.7226807134974859, -0.015598429290213375, 0.8462372693017], [0.7226807134974859, -0.015598429290213375, 0.8462372693017], [0.7226807134974859, -0.015598429290213375, 0.8462372693017], [0.7226807134974859, -0.015598429290213375, 0.8462372693017], [0.9888015324100363, -0.022848055417400894, 0.8559105755826081]], "CMD": [[0.3777198136266542, 20.0, 0, 6.4233533482771215], [0.507922067907441, 20.0, 0, 3.2944677869894026], [0.507922067907441, 20.0, 0, 3.2944677869894026], [0.507922067907441, 20.0, 0, 3.2944677869894026], [0.507922067907441, 20.0, 0, 3.2944677869894026], [0.507922067907441, 20.0, 0, 3.2944677869894026], [0.507922067907441, 20.0, 0, 3.2944677869894026], [0.3087659946335349, 20.0, 0, 3.145579966903197], [0.0374947530040392, 20.0, 0, 3.240067196728622], [-0.006080111238916261, 20.0, 0, 3.240358827826866], [-0.006080111238916261, 20.0, 0, 3.240358827826866], [-0.006080111238916261, 20.0, 0, 3.240358827826866], [-0.006080111238916261, 20.0, 0, 3.240358827826866], [-0.006080111238916261, 20.0, 0, 3.240358827826866], [-0.006080111238916261, 20.0, 0, 3.240358827826866], [-0.006080111238916261, 20.0, 0, 3.240358827826866], [-0.006080111238916261, 20.0, 0, 3.240358827826866], [0.050858863239133495, 20.0, 0, 3.0896345833681234], [0.6761844625550133, 20.0, 0, 3.08342116781699], [0.6891884277078846, 20.0, 0, 3.083421164751835], [0.6891884277078846, 20.0, 0, 3.083421164751835], [0.6891884277078846, 20.0, 0, 3.083421164751835], [0.6891884277078846, 20.0, 0, 3.083421164751835], [0.6891884277078846, 20.0, 0, 3.083421164751835], [0.6891884277078846, 20.0, 0, 3.083421164751835], [0.6891884277078846, 20.0, 0, 3.083421164751835], [0.6133735842905983, 15.745666591443994, 0, 2.646137489647469], [0.5137588335103553, 15.087250374968907, 0, 2.646331808865484], [0.5137588335103553, 15.087250374968907, 0, 2.646331808865484], [0.5137588335103553, 15.087250374968907, 0, 2.646331808865484], [0.5137588335103553, 15.087250374968907, 0, 2.646331808865484], [0.5137588335103553, 15.087250374968907, 0, 2.646331808865484], [0.5137588335103553, 15.087250374968907, 0, 2.646331808865484], [0.5137588335103553, 15.087250374968907, 0, 2.646331808865484], [0.44965788221896813, 7.737555199348117, 0, 2.319226851691673], [0.42625510694654584, 7.578247779129558, 0, 2.3192226466392025], [0.42625510694654584, 7.578247779129558, 0, 2.3192226466392025], [0.42625510694654584, 7.578247779129558, 0, 2.3192226466392025], [0.42625510694654584, 7.578247779129558, 0, 2.3192226466392025], [0.42625510694654584, 7.578247779129558, 0, 2.3192226466392025], [0.6552857817738891, 0.558837698749821, 0, 2.1732602069046996]], "Distance": [[0.9646373489813309], [0.9870532938668614], [0.9870532938668614], [0.9870532938668614], [0.9870532938668614], [0.9870532938668614], [0.9870532938668614], [0.9832970414348071], [0.9478863422827358], [0.9437061074120519], [0.9437061074120519], [0.9437061074120519], [0.9437061074120519], [0.9437061074120519], [0.9437061074120519], [0.9437061074120519], [0.9437061074120519], [0.9043780519867496], [0.8071847322059049], [0.8062117570703007], [0.8062117570703007], [0.8062117570703007], [0.8062117570703007], [0.8062117570703007], [0.8062117570703007], [0.8062117570703007], [0.5949233574709485], [0.5796167683616366], [0.5796167683616366], [0.5796167683616366], [0.5796167683616366], [0.5796167683616366], [0.5796167683616366], [0.45201942262097883], [0.3174779913858333], [0.3174779913858333], [0.3174779913858333], [0.3174779913858333], [0.3174779913858333], [0.3174779913858333], [0.14631883522518688]],