{"IMU": [[-0.009630458354949951, 0.003978493213653564, 0.74], [-0.00902431070804596, 0.012959305047988891, 0.73], [-0.00902431070804596, 0.012959305047988891, 0.73], [0.05009786128997803, 0.03226747989654541, 0.76], [0.05009786128997803, 0.03226747989654541, 0.76], [0.05009786128997803, 0.03226747989654541, 0.76], [0.14867721557617186, 0.038173060417175296, 0.78], [0.14867721557617186, 0.038173060417175296, 0.78], [0.3065330696105957, 0.02990762710571289, 0.82], [0.3065330696105957, 0.02990762710571289, 0.82], [0.5164678192138672, 0.022011241912841796, 0.86], [0.5164678192138672, 0.022011241912841796, 0.86], [0.5164678192138672, 0.022011241912841796, 0.86], [0.7749198150634765, 0.015051281452178955, 0.88], [0.7749198150634765, 0.015051281452178955, 0.88], [1.055719757080078, 0.003381129205226898, 0.9], [1.055719757080078, 0.003381129205226898, 0.9], [1.330408935546875, -0.004857904314994812, 0.93], [1.330408935546875, -0.004857904314994812, 0.93], [1.330408935546875, -0.004857904314994812, 0.93], [1.5550411987304686, -0.00866734266281128, 0.94], [1.5550411987304686, -0.00866734266281128, 0.94], [1.7385556030273437, -0.010175856351852417, 0.96], [1.7385556030273437, -0.010175856351852417, 0.96], [1.8555044555664062, -0.006574202179908752, 0.97], [1.8555044555664062, -0.006574202179908752, 0.97], [1.93254150390625, -0.0020048923790454863, 0.97]], "Kalman": [[-0.014124364437725075, 0.010814776354835583, 0.7523188133525186], [-0.0009725098176769417, 0.02195626926028574, 0.7222117346040742], [-0.0009517338532781857, 0.021966906945988025, 0.721926423546856], [0.057885193800207506, 0.04100434050877849, 0.7507024157679655], [0.09531170488521254, 0.06131350622165849, 0.7410564271885214], [0.09531170488521254, 0.06131350622165849, 0.7410564271885214], [0.21038430180393491, 0.059657574108403576, 0.7607438758257583], [0.21038430180393491, 0.059657574108403576, 0.7607438758257583], [0.39961147880166964, 0.05087718431512323, 0.8028114237073561], [0.39961147880166964, 0.05087718431512323, 0.8028114237073561], [0.6453740078667114, 0.03950370718172975, 0.8487249987483338], [0.6454350027109246, 0.03948674160051038, 0.8488114396968429], [0.6454350027109246, 0.03948674160051038, 0.8488114396968429], [0.9166227504770006, 0.031130387117754083, 0.8700733639405228], [0.9166227504770006, 0.031130387117754083, 0.8700733639405228], [1.2057009311266649, 0.016769618482112784, 0.8925367216427424], [1.2057009311266649, 0.016769618482112784, 0.8925367216427424], [1.4616485573735747, 0.007317785276374691, 0.9238170026308417], [1.4614009708090723, 0.007264602425666018, 0.924008307057548], [1.4614009708090723, 0.007264602425666018, 0.924008307057548], [1.6579030316362668, 0.0006619568669519356, 0.9375842971783178], [1.6579030316362668, 0.0006619568669519356, 0.9375842971783178], [1.8188577887848272, -0.0006514049210765843, 0.9581457286959301], [1.8188577887848272, -0.0006514049210765843, 0.9581457286959301], [1.905556487709003, 0.0014132927622966945, 0.9717661194967976], [1.905507339269958, 0.001405958727865763, 0.971818050936557], [1.9821723416650991, 0.005911149581000351, 0.9718183015765208]], "CMD": [[-0.09214166431885426, 17.160296708444324, 0, 4.834590671115045], [-0.09214166431885426, 17.160296708444324, 0, 4.834590671115045], [-0.18715757954955037, 17.04806617628305, 0, 5.427832193477731], [-0.18715757954955037, 17.04806617628305, 0, 5.427832193477731], [-0.35165942582763104, 16.544349708862974, 0, 4.842316534798882], [-0.5223897677700917, 16.227903727481724, 0, 5.0544258060316585], [-0.5223897677700917, 16.227903727481724, 0, 5.0544258060316585], [-0.5082812614165486, 15.247487651393119, 0, 4.6701384210753245], [-0.5082812614165486, 15.247487651393119, 0, 4.6701384210753245], [-0.43347252729423946, 13.635276131629817, 0, 3.849004699544334], [-0.43347252729423946, 13.635276131629817, 0, 3.849004699544334], [-0.3365707442356623, 11.541384615774424, 0, 2.9527987964024835], [-0.33642619784483563, 11.540864941000182, 0, 2.9511115200739058], [-0.33642619784483563, 11.540864941000182, 0, 2.9511115200739058], [-0.2652302355413516, 9.23035110306259, 0, 2.536091299968323], [-0.2652302355413516, 9.23035110306259, 0, 2.536091299968323], [-0.14287679247691498, 6.767411157807343, 0, 2.0976198074054233], [-0.14287679247691498, 6.767411157807343, 0, 2.0976198074054233], [-0.062347374774114964, 4.586742830782205, 0, 1.4870471728752122], [-0.06189425801823058, 4.588852263041156, 0, 1.4833130233048863], [-0.06189425801823058, 4.588852263041156, 0, 1.4833130233048863], [-0.005639858414730298, 2.9146588879181707, 0, 1.2183177038079736], [-0.005639858414730298, 2.9146588879181707, 0, 1.2183177038079736], [0.00554995606050153, 1.5433277834081667, 0, 0.8169706885366792], [0.00554995606050153, 1.5433277834081667, 0, 0.8169706885366792], [-0.011979315989385883, 0.8050715874077087, 0, 0.5501043922672364], [-0.011978738431446742, 0.8050754578655626, 0, 0.5500950228806818]], "Distance": [[2.029324982605886], [2.0202820058589745], [2.0203007944691445], [1.9584791451289303], [1.923187099970474], [1.923187099970474], [1.8065234198130866], [1.8065234198130866], [1.6132932905357082], [1.6132932905357082], [1.3636188057693719], [1.3635481346140736], [1.3635481346140736], [1.0915843057427366], [1.0915843057427366], [0.8017110371651198], [0.8017110371651198], [0.5437643559920544], [0.5439820089764668], [0.5439820089764668], [0.3477448689905795], [0.3477448689905795], [0.1859158547265084], [0.1859158547265084], [0.09858360116449782], [0.09861572848588497], [0.03386702256040305]], "Time": [[1615222091.9388115], [1615222092.151802], [1615222092.3657906], [1615222092.5848982], [1615222092.824012], [1615222093.0358567], [1615222093.2487314], [1615222093.4613156], [1615222093.6791837], [1615222093.8910155], [1615222094.1050036], [1615222094.3173726], [1615222094.5304594], [1615222094.7454884], [1615222094.958181], [1615222095.1781847], [1615222095.391289], [1615222095.607292], [1615222095.8204732], [1615222096.0332544], [1615222096.251157], [1615222096.4650156], [1615222096.6842082], [1615222096.8973923], [1615222097.1173596], [1615222097.345382], [1615222097.5658953]]}