{"IMU": [[-0.037341861724853515, -0.0028963816165924073, 0.78], [-0.04404394149780273, 0.008155770301818847, 0.82], [-0.03624407529830933, 0.01076168417930603, 0.86], [-0.008002731800079346, -0.007872135639190673, 0.9], [0.08922916412353515, -0.13933574676513671, 0.97], [0.1879503059387207, -0.2075841522216797, 0.99], [0.2587660598754883, -0.239375, 1.03], [0.3458132553100586, -0.24652034759521485, 1.05], [0.44752151489257813, -0.23127592086791993, 1.03]], "Kalman": [[-0.05455051681916412, -0.0006710048392543756, 0.78], [-0.04815439741889268, 0.01816846194926254, 0.82], [-0.019757730761263127, 0.016930432226495533, 0.86], [0.038040128485398415, -0.027430223663432143, 0.9], [0.1572784458291872, -0.1826804926873404, 0.97], [0.3059208004578091, -0.23536173648757397, 0.99], [0.33816601791223205, -0.23868454852650026, 1.03], [0.4346230973671625, -0.21806259312673404, 1.05], [0.545812149651828, -0.1771789093570443, 1.03]], "CMD": [[5, 10.311355646178127, 0, 5], [0, 10.281932036191911, 0, 5], [-5, 10.163341460627802, 0, 5], [-5, 9.636838305779321, 0, 5], [5, 8.565207061036746, 0, 5], [5, 6.354407074642518, 0, 5], [5, 5, 0, 5], [5, 5, 0, -5], [5, 5, 0, -5]], "Distance": [[0.5965959486552824], [0.5772376775811426], [0.5385487333765382], [0.47345468638509974], [0.38952564241875887], [0.3052243153770416], [0.2899319773044761], [0.233078171262388], [0.18544842673011064]], "Time": [[1616766063.2509518], [1616766063.8490863], [1616766064.4533079], [1616766064.9791176], [1616766065.5150967], [1616766066.0610275], [1616766066.6637607], [1616766067.2667096], [1616766067.8472877]]}