{"IMU": [[0.016510560512542724, -0.0042325443029403685, 0.76], [0.016510560512542724, -0.0042325443029403685, 0.76], [0.016510560512542724, -0.0042325443029403685, 0.76], [0.016510560512542724, -0.0042325443029403685, 0.76], [0.016510560512542724, -0.0042325443029403685, 0.76], [0.016510560512542724, -0.0042325443029403685, 0.76], [0.016510560512542724, -0.0042325443029403685, 0.76], [0.016510560512542724, -0.0042325443029403685, 0.76], [0.022826101779937744, -0.004738651216030121, 0.76], [0.022826101779937744, -0.004738651216030121, 0.76], [0.022826101779937744, -0.004738651216030121, 0.76], [0.022826101779937744, -0.004738651216030121, 0.76], [0.022826101779937744, -0.004738651216030121, 0.76], [0.022826101779937744, -0.004738651216030121, 0.76], [0.0803859806060791, -0.007538907527923584, 0.78], [0.0803859806060791, -0.007538907527923584, 0.78], [0.0803859806060791, -0.007538907527923584, 0.78], [0.0803859806060791, -0.007538907527923584, 0.78], [0.0803859806060791, -0.007538907527923584, 0.78], [0.0803859806060791, -0.007538907527923584, 0.78], [0.0803859806060791, -0.007538907527923584, 0.78], [0.1806378746032715, -0.021637330055236815, 0.8], [0.1806378746032715, -0.021637330055236815, 0.8], [0.1806378746032715, -0.021637330055236815, 0.8], [0.1806378746032715, -0.021637330055236815, 0.8], [0.1806378746032715, -0.021637330055236815, 0.8], [0.1806378746032715, -0.021637330055236815, 0.8], [0.1806378746032715, -0.021637330055236815, 0.8], [0.1806378746032715, -0.021637330055236815, 0.8], [0.1806378746032715, -0.021637330055236815, 0.8], [0.31937658309936523, -0.030822269916534424, 0.82], [0.31937658309936523, -0.030822269916534424, 0.82]], "Kalman": [[0.06415859193934666, -0.005840284702880242, 0.7643128688692318], [0.027228136312517748, -0.007654579305227191, 0.7637235035824612], [0.027228136312517748, -0.007654579305227191, 0.7637235035824612], [0.027228136312517748, -0.007654579305227191, 0.7637235035824612], [0.027228136312517748, -0.007654579305227191, 0.7637235035824612], [0.027228136312517748, -0.007654579305227191, 0.7637235035824612], [0.027228136312517748, -0.007654579305227191, 0.7637235035824612], [0.027228136312517748, -0.007654579305227191, 0.7637235035824612], [0.09739261271496488, -0.006186645635683365, 0.7594512413380643], [0.17735820453025883, -0.002423807403962498, 0.7581429781054235], [0.17735820453025883, -0.002423807403962498, 0.7581429781054235], [0.17735820453025883, -0.002423807403962498, 0.7581429781054235], [0.17735820453025883, -0.002423807403962498, 0.7581429781054235], [0.17735820453025883, -0.002423807403962498, 0.7581429781054235], [0.23644997565443107, -0.003393722681565604, 0.7781288034232905], [0.48749532112815375, -0.03160072996560593, 0.7756653309715864], [0.5019597538189863, -0.03356169823485544, 0.7756653309555834], [0.5019597538189863, -0.03356169823485544, 0.7756653309555834], [0.5019597538189863, -0.03356169823485544, 0.7756653309555834], [0.5019597538189863, -0.03356169823485544, 0.7756653309555834], [0.5019597538189863, -0.03356169823485544, 0.7756653309555834], [0.5634733659872779, -0.0410724753152635, 0.7954076392293187], [0.7756502564255563, -0.053411922007585266, 0.7955728466466846], [0.7827387172419544, -0.053875677106307016, 0.7955728460995993], [0.7827387172419544, -0.053875677106307016, 0.7955728460995993], [0.7827387172419544, -0.053875677106307016, 0.7955728460995993], [0.7827387172419544, -0.053875677106307016, 0.7955728460995993], [0.7827387172419544, -0.053875677106307016, 0.7955728460995993], [0.7827387172419544, -0.053875677106307016, 0.7955728460995993], [0.7827387172419544, -0.053875677106307016, 0.7955728460995993], [0.8856134659298642, -0.05993591844811764, 0.8153151542059217], [0.956954086706971, -0.03928861163342665, 0.8160306501149187]], "CMD": [[0.022438325056889957, 20.0, 0, 6.483919281944214], [0.20917513293646506, 20.0, 0, 3.563788174621567], [0.20917513293646506, 20.0, 0, 3.563788174621567], [0.20917513293646506, 20.0, 0, 3.563788174621567], [0.20917513293646506, 20.0, 0, 3.563788174621567], [0.20917513293646506, 20.0, 0, 3.563788174621567], [0.20917513293646506, 20.0, 0, 3.563788174621567], [0.20917513293646506, 20.0, 0, 3.563788174621567], [0.21921728034554994, 20.0, 0, 3.5637882546852846], [0.06623489230688634, 20.0, 0, 3.6479599437343797], [0.06623489230688634, 20.0, 0, 3.6479599437343797], [0.06623489230688634, 20.0, 0, 3.6479599437343797], [0.06623489230688634, 20.0, 0, 3.6479599437343797], [0.06623489230688634, 20.0, 0, 3.6479599437343797], [0.08557874295419583, 20.0, 0, 3.3501843997322274], [0.8140765109132909, 14.370011901948182, 0, 3.383668068528291], [0.9171337064932332, 13.609844584336866, 0, 3.3836680872621456], [0.9171337064932332, 13.609844584336866, 0, 3.3836680872621456], [0.9171337064932332, 13.609844584336866, 0, 3.3836680872621456], [0.9171337064932332, 13.609844584336866, 0, 3.3836680872621456], [0.9171337064932332, 13.609844584336866, 0, 3.3836680872621456], [1.1223791852588203, 11.928874606807492, 0, 3.0858923633435964], [1.3792158932264311, 7.359069128852843, 0, 3.0833969614479146], [1.4722496784451766, 5.937054917156191, 0, 3.0834005272972718], [1.4722496784451766, 5.937054917156191, 0, 3.0834005272972718], [1.4722496784451766, 5.937054917156191, 0, 3.0834005272972718], [1.4722496784451766, 5.937054917156191, 0, 3.0834005272972718], [1.4722496784451766, 5.937054917156191, 0, 3.0834005272972718], [1.4722496784451766, 5.937054917156191, 0, 3.0834005272972718], [1.4722496784451766, 5.937054917156191, 0, 3.0834005272972718], [1.4722496784451766, 5.937054917156191, 0, 3.0834005272972718], [1.133954431826041, 1.3305044062234928, 0, 2.7748493644466925]], "Distance": [[0.9650811746930974], [1.0010845489396512], [1.0010845489396512], [1.0010845489396512], [1.0010845489396512], [1.0010845489396512], [1.0010845489396512], [1.0010845489396512], [0.934131722756238], [0.8574614962409243], [0.8574614962409243], [0.8574614962409243], [0.8574614962409243], [0.8574614962409243], [0.795139600889139], [0.5603442653654815], [0.547262750550154], [0.547262750550154], [0.547262750550154], [0.547262750550154], [0.547262750550154], [0.48383931683640646], [0.3081819298443745], [0.3031427301143021], [0.3031427301143021], [0.3031427301143021], [0.3031427301143021], [0.3031427301143021], [0.3031427301143021], [0.3031427301143021], [0.2253554653492571], [0.19297996619455776]], "Time": [[1615322509.2024307], [1615322509.279472], [1615322509.325596], [1615322509.351198], [1615322509.378949], [1615322509.415231], [1615322509.4505217], [1615322509.4937885], [1615322509.602377], [1615322509.702791], [1615322509.791693], [1615322509.8584616], [1615322509.9430587], [1615322510.027317], [1615322510.1062999], [1615322510.223967], [1615322510.3219368], [1615322510.393201], [1615322510.4483426], [1615322510.4979124], [1615322510.5432372], [1615322510.5957398], [1615322510.6612277], [1615322510.7029283], [1615322510.741607], [1615322510.787694], [1615322510.8372836], [1615322510.8869388], [1615322510.9429274], [1615322511.0163867], [1615322511.0944471], [1615322511.1571183]]}