{"IMU": [[2.7281972160935095, 0.6597205877440667, 0.73], [2.7281972160935095, 0.6597205877440667, 0.73], [2.7281972160935095, 0.6597205877440667, 0.73], [2.7281972160935095, 0.6597205877440667, 0.73], [2.7281972160935095, 0.6597205877440667, 0.73], [2.7281972160935095, 0.6597205877440667, 0.73], [2.7281972160935095, 0.6597205877440667, 0.73], [2.7281972160935095, 0.6597205877440667, 0.73], [2.7281972160935095, 0.6597205877440667, 0.73], [2.7281972160935095, 0.6597205877440667, 0.73], [2.7281972160935095, 0.6597205877440667, 0.73]], "Kalman": [[2.5713023074696504, 0.9469615700243098, 0.7396993452103294], [2.5713023074696504, 0.9469615700243098, 0.7396993452103294], [2.5713023074696504, 0.9469615700243098, 0.7396993452103294], [2.5713023074696504, 0.9469615700243098, 0.7396993452103294], [2.5713023074696504, 0.9469615700243098, 0.7396993452103294], [2.5713023074696504, 0.9469615700243098, 0.7396993452103294], [2.5713023074696504, 0.9469615700243098, 0.7396993452103294], [2.5713023074696504, 0.9469615700243098, 0.7396993452103294], [2.5713023074696504, 0.9469615700243098, 0.7396993452103294], [2.599945282321439, 1.01461757234964, 0.7408667021405441], [2.599945282321439, 1.01461757234964, 0.7408667021405441]], "UWB": [[2.56070329, 1.17348781, 1.23433992], [2.56236871, 1.06869864, 1.02261566], [2.51564313, 0.8974802, 0.87956655], [2.52895829, 1.19725823, 1.36784074], [2.52977823, 1.16851861, 1.40954435], [2.44672049, 1.21392304, 1.68079197], [2.47146488, 1.20301147, 1.46139714], [2.53824222, 1.19339362, 1.5782497], [2.53824222, 1.19339362, 1.5782497], [2.53824222, 1.19339362, 1.5782497], [2.53824222, 1.19339362, 1.5782497]], "Distance": [[2.0542762263161065], [2.0542762263161065], [2.0542762263161065], [2.0542762263161065], [2.0542762263161065], [2.0542762263161065], [2.0542762263161065], [2.0542762263161065], [2.0542762263161065], [1.9878964871142433], [1.9878964871142433]], "Time": [[1615574045.0306337], [1615574045.5444763], [1615574046.0591104], [1615574046.5823436], [1615574047.0969994], [1615574047.6090376], [1615574048.1217158], [1615574048.6344883], [1615574049.1727977], [1615574049.6850045], [1615574050.2116094]]}