{"IMU": [[0.008906895518302918, -0.002266632318496704, 0.8], [0.074014892578125, 0.0024641504883766174, 0.79], [0.18148395538330078, 0.034636085033416746, 0.82], [0.3304867935180664, 0.07351048946380616, 0.88], [0.5098394775390624, 0.08749463081359864, 0.92], [0.709503173828125, 0.07974527835845947, 0.97]], "Kalman": [[0.04555421590951908, -0.011390143645081391, 0.8], [0.16260061509544582, 0.0038614178876074413, 0.79], [0.31195653472808066, 0.04930414505115707, 0.82], [0.498181678318156, 0.07665428525826062, 0.88], [0.7027839587610665, 0.05839000064776997, 0.92], [0.9124595466160064, 0.028924653744395797, 0.97]], "CMD": [[0, 10.0, 0, 5], [5, 10.0, 0, 5], [0, 10.0, 0, 5], [-5, 8.504684945506082, 0, 5], [-5, 6.202815579536157, 0, 5], [-5, 5, 0, 5]], "Distance": [[0.9752417598423218], [0.8633380800049472], [0.7129058204437781], [0.5216296650153607], [0.31328384469262055], [0.0969534247611107]], "Time": [[0.6], [1.2], [1.7], [2.3], [2.8], [3.3]], "Title": [["ModelBasedLQR"], ["ModelBasedLQR"], ["ModelBasedLQR"], ["ModelBasedLQR"], ["ModelBasedLQR"], ["ModelBasedLQR"]]}