{"IMU": [[0.03255977153778076, -0.00751928448677063, 0.78], [0.03255977153778076, -0.00751928448677063, 0.78], [0.03255977153778076, -0.00751928448677063, 0.78], [0.03255977153778076, -0.00751928448677063, 0.78], [0.03255977153778076, -0.00751928448677063, 0.78], [0.03255977153778076, -0.00751928448677063, 0.78], [0.03255977153778076, -0.00751928448677063, 0.78], [0.01784797787666321, -0.004663093090057373, 0.79], [0.01784797787666321, -0.004663093090057373, 0.79], [0.01784797787666321, -0.004663093090057373, 0.79], [0.01784797787666321, -0.004663093090057373, 0.79], [0.01784797787666321, -0.004663093090057373, 0.79], [0.01784797787666321, -0.004663093090057373, 0.79], [0.01784797787666321, -0.004663093090057373, 0.79], [0.01784797787666321, -0.004663093090057373, 0.79], [0.01784797787666321, -0.004663093090057373, 0.79], [0.01784797787666321, -0.004663093090057373, 0.79], [0.03034693479537964, 0.03643712759017945, 0.81], [0.03034693479537964, 0.03643712759017945, 0.81], [0.03034693479537964, 0.03643712759017945, 0.81], [0.03034693479537964, 0.03643712759017945, 0.81], [0.03034693479537964, 0.03643712759017945, 0.81], [0.03034693479537964, 0.03643712759017945, 0.81], [0.03034693479537964, 0.03643712759017945, 0.81], [0.03034693479537964, 0.03643712759017945, 0.81], [0.08004544258117675, 0.12861383438110352, 0.82], [0.08004544258117675, 0.12861383438110352, 0.82], [0.08004544258117675, 0.12861383438110352, 0.82], [0.08004544258117675, 0.12861383438110352, 0.82], [0.08004544258117675, 0.12861383438110352, 0.82], [0.08004544258117675, 0.12861383438110352, 0.82], [0.08004544258117675, 0.12861383438110352, 0.82], [0.08004544258117675, 0.12861383438110352, 0.82], [0.17261110305786131, 0.24691881179809572, 0.84], [0.17261110305786131, 0.24691881179809572, 0.84], [0.17261110305786131, 0.24691881179809572, 0.84], [0.17261110305786131, 0.24691881179809572, 0.84], [0.17261110305786131, 0.24691881179809572, 0.84], [0.17261110305786131, 0.24691881179809572, 0.84], [0.17261110305786131, 0.24691881179809572, 0.84], [0.17261110305786131, 0.24691881179809572, 0.84], [0.17261110305786131, 0.24691881179809572, 0.84], [0.2843351936340332, 0.35870235443115234, 0.86], [0.2843351936340332, 0.35870235443115234, 0.86]], "Kalman": [[0.09956839680645893, -0.05511835492004965, 0.7842141555570741], [-0.0021569094909918984, -0.024977462755051118, 0.7827457129340343], [-0.0021569094909918984, -0.024977462755051118, 0.7827457129340343], [-0.0021569094909918984, -0.024977462755051118, 0.7827457129340343], [-0.0021569094909918984, -0.024977462755051118, 0.7827457129340343], [-0.0021569094909918984, -0.024977462755051118, 0.7827457129340343], [-0.0021569094909918984, -0.024977462755051118, 0.7827457129340343], [-0.026308578380145158, -0.01846480102661906, 0.7926168639321161], [0.002636026517788168, 0.04472947807767154, 0.7864568548659944], [0.011648668059842675, 0.07053152684133751, 0.7864378360963846], [0.011648668059842675, 0.07053152684133751, 0.7864378360963846], [0.011648668059842675, 0.07053152684133751, 0.7864378360963846], [0.011648668059842675, 0.07053152684133751, 0.7864378360963846], [0.011648668059842675, 0.07053152684133751, 0.7864378360963846], [0.011648668059842675, 0.07053152684133751, 0.7864378360963846], [0.011648668059842675, 0.07053152684133751, 0.7864378360963846], [0.011648668059842675, 0.07053152684133751, 0.7864378360963846], [0.025026320475989995, 0.1102928177892633, 0.8064236598736436], [0.15984970171751586, 0.36603726004521525, 0.8060024034020823], [0.17065054791246745, 0.3908331827247344, 0.8060024031842822], [0.1756284078686337, 0.40226104921888267, 0.8060024031841279], [0.1756284078686337, 0.40226104921888267, 0.8060024031841279], [0.1756284078686337, 0.40226104921888267, 0.8060024031841279], [0.17605595078484954, 0.40324257609582237, 0.8060024031841279], [0.17605595078484954, 0.40324257609582237, 0.8060024031841279], [0.20649500331716034, 0.4529086757539896, 0.8158735573209954], [0.34945526509239805, 0.5937247458289548, 0.8178529723091149], [0.39394108072571965, 0.6487870354898742, 0.8178585965530534], [0.39394108072571965, 0.6487870354898742, 0.8178585965530534], [0.39394108072571965, 0.6487870354898742, 0.8178585965530534], [0.39394108072571965, 0.6487870354898742, 0.8178585965530534], [0.39394108072571965, 0.6487870354898742, 0.8178585965530534], [0.39394108072571965, 0.6487870354898742, 0.8178585965530534], [0.6115271600477962, 0.8201709374128541, 0.8371301537221575], [0.6566192569459448, 0.8518725133320515, 0.8371279911475191], [0.6566192569459448, 0.8518725133320515, 0.8371279911475191], [0.6566192569459448, 0.8518725133320515, 0.8371279911475191], [0.6566192569459448, 0.8518725133320515, 0.8371279911475191], [0.6566192569459448, 0.8518725133320515, 0.8371279911475191], [0.6566192569459448, 0.8518725133320515, 0.8371279911475191], [0.6566192569459448, 0.8518725133320515, 0.8371279911475191], [0.6566192569459448, 0.8518725133320515, 0.8371279911475191], [0.8223128030025969, 0.9481629545544972, 0.857805020900749], [0.8786722587694904, 0.9645545987824301, 0.8578452166276597]], "CMD": [[20.0, 20.0, 0, 6.296906676035057], [20.0, 20.0, 0, 3.276873793503803], [20.0, 20.0, 0, 3.276873793503803], [20.0, 20.0, 0, 3.276873793503803], [20.0, 20.0, 0, 3.276873793503803], [20.0, 20.0, 0, 3.276873793503803], [20.0, 20.0, 0, 3.276873793503803], [20.0, 20.0, 0, 3.1343322714560706], [20.0, 20.0, 0, 3.198905455260915], [20.0, 20.0, 0, 3.2211850345085855], [20.0, 20.0, 0, 3.2211850345085855], [20.0, 20.0, 0, 3.2211850345085855], [20.0, 20.0, 0, 3.2211850345085855], [20.0, 20.0, 0, 3.2211850345085855], [20.0, 20.0, 0, 3.2211850345085855], [20.0, 20.0, 0, 3.2211850345085855], [20.0, 20.0, 0, 3.2211850345085855], [20.0, 20.0, 0, 2.919736335558862], [17.324170946436073, 20.0, 0, 2.9260902000125655], [16.646577806963492, 20.0, 0, 2.9260902032976723], [16.334290821908514, 20.0, 0, 2.9260902033], [16.334290821908514, 20.0, 0, 2.9260902033], [16.334290821908514, 20.0, 0, 2.9260902033], [16.30746883643057, 20.0, 0, 2.9260902033], [16.30746883643057, 20.0, 0, 2.9260902033], [14.950253425344764, 20.0, 0, 2.7772023413407254], [11.597705528922742, 18.17763054563262, 0, 2.7476237935924885], [9.597525299691842, 16.5616489099482, 0, 2.7472617444187764], [9.597525299691842, 16.5616489099482, 0, 2.7472617444187764], [9.597525299691842, 16.5616489099482, 0, 2.7472617444187764], [9.597525299691842, 16.5616489099482, 0, 2.7472617444187764], [9.597525299691842, 16.5616489099482, 0, 2.7472617444187764], [9.597525299691842, 16.5616489099482, 0, 2.7472617444187764], [4.9141522443720635, 10.61571834309927, 0, 2.4565864187425883], [4.047849722342507, 9.383495775803748, 0, 2.4566190371284193], [4.047849722342507, 9.383495775803748, 0, 2.4566190371284193], [4.047849722342507, 9.383495775803748, 0, 2.4566190371284193], [4.047849722342507, 9.383495775803748, 0, 2.4566190371284193], [4.047849722342507, 9.383495775803748, 0, 2.4566190371284193], [4.047849722342507, 9.383495775803748, 0, 2.4566190371284193], [4.047849722342507, 9.383495775803748, 0, 2.4566190371284193], [4.047849722342507, 9.383495775803748, 0, 2.4566190371284193], [1.416540405387414, 4.855621918719738, 0, 2.144744791326843], [0.968609275052963, 3.315498525626632, 0, 2.144138514111772]],