{"IMU": [[2.0758258030010843, 2.0703488955898717, 0.71], [2.0752576694084786, 2.0703488955898717, 0.71], [2.0752576694084786, 2.0797800532980397, 0.73], [2.0752576694084786, 2.0797800532980397, 0.73], [2.060325424690404, 2.1003329769773913, 0.75], [2.0180620241357468, 2.1400580445929003, 0.75], [2.0180620241357468, 2.1400580445929003, 0.77], [1.9489577818109178, 2.1938924352331592, 0.77], [1.9489577818109178, 2.1938924352331592, 0.79], [1.8433604288293504, 2.2671959058447317, 0.79], [1.8433604288293504, 2.2671959058447317, 0.81], [1.653946690578618, 2.2671959058447317, 0.81], [1.653946690578618, 2.3829118100805715, 0.82], [1.653946690578618, 2.3829118100805715, 0.82], [1.4654981279565478, 2.5032758847876027, 0.83], [1.4654981279565478, 2.5032758847876027, 0.83], [1.4654981279565478, 2.5032758847876027, 0.83], [1.3106171083642626, 2.639188131491704, 0.85], [1.3106171083642626, 2.639188131491704, 0.85], [1.3106171083642626, 2.639188131491704, 0.85], [1.3106171083642626, 2.639188131491704, 0.85], [1.1945766878320359, 2.774076399008794, 0.85], [1.1945766878320359, 2.774076399008794, 0.85], [1.1945766878320359, 2.774076399008794, 0.85], [1.0609572267724656, 2.904620832602544, 0.87], [1.0609572267724656, 2.904620832602544, 0.87], [1.0609572267724656, 2.904620832602544, 0.87], [0.9731942415429735, 3.0351026288671923, 0.87], [0.9731942415429735, 3.0351026288671923, 0.89], [0.9731942415429735, 3.0351026288671923, 0.89], [0.9731942415429735, 3.0351026288671923, 0.89], [0.9731942415429735, 3.0351026288671923, 0.89], [0.9731942415429735, 3.0351026288671923, 0.89], [0.9731942415429735, 3.0351026288671923, 0.89], [0.9731942415429735, 3.0351026288671923, 0.89], [0.9731942415429735, 3.0351026288671923, 0.89], [0.9731942415429735, 3.0351026288671923, 0.89], [0.9731942415429735, 3.0351026288671923, 0.89], [0.9731942415429735, 3.0351026288671923, 0.89], [0.9731942415429735, 3.0351026288671923, 0.89], [0.9731942415429735, 3.0351026288671923, 0.89], [0.9731942415429735, 3.0351026288671923, 0.89], [0.9731942415429735, 3.0351026288671923, 0.89], [0.9731942415429735, 3.0351026288671923, 0.89], [0.9731942415429735, 3.0351026288671923, 0.89], [0.9731942415429735, 3.0351026288671923, 0.89], [0.9731942415429735, 3.0351026288671923, 0.89]], "Kalman": [[2.043143353768863, 2.16598330193954, 0.7080587243216055], [2.069616956774669, 2.2104708746444386, 0.7082406026125002], [2.059270744242232, 2.1805340002294793, 0.7269150170963771], [2.040924144524667, 2.185302376284311, 0.7269581264085766], [2.0312557074303776, 2.210102441081176, 0.7471745012002581], [2.0146365480507424, 2.2419106169999723, 0.7472598413597161], [2.0098665768099733, 2.3677486088558934, 0.7683747925897241], [1.9792226438152611, 2.362833409653402, 0.7684592143067978], [1.923142655053376, 2.434617011341475, 0.7886938466795198], [1.888536193774356, 2.5987516288694352, 0.7888962094315424], [1.8522725543571137, 2.6878308904401393, 0.8092863874379275], [1.7725494714093641, 2.756235730695007, 0.8096993277539962], [1.7662449387349204, 2.9580263396721356, 0.820227741668216], [1.8386830162759007, 2.991691081999313, 0.81949237657672], [1.6114749051460422, 3.1420965650799038, 0.8295256735457333], [1.665857184288951, 3.2499412360304865, 0.8301998530234332], [1.6329280867610199, 3.361303072275732, 0.8306019290592741], [1.4661890757189768, 3.4954272712535577, 0.8492508668103205], [1.4911000117784416, 3.4861616565164266, 0.8512963111734049], [1.4508775093192487, 3.581446862076414, 0.8512938387519972], [1.3892570903250026, 3.6240505067097537, 0.8514188516962897], [1.3321177186111381, 3.7485629525285464, 0.851556735680294], [1.20855263576552, 3.884732255087165, 0.8515649790396965], [1.2685047028449465, 3.886611751371808, 0.8517733148977622], [1.455265015168511, 7.907963300511918, 0.8574060943057458], [1.1035510656030687, 3.6531651358348842, 0.8719681465161178], [1.1795164644693215, 3.3881936170778904, 0.8721599667371335], [1.1200908152389533, 3.2815177223264578, 0.8726173866432844], [0.9792598287496292, 3.1417889555078116, 0.8920301956646091], [0.9595016128576948, 3.013845817409432, 0.8921834665119377], [0.9165972816546973, 2.9971991502786657, 0.8922243477270093], [0.8129760468247269, 3.0482884060589543, 0.8917735151051993], [0.7974684775421025, 3.110914965137011, 0.8916137966351454], [0.7777489500791387, 3.14296582987626, 0.8915757138679581], [1.3211466299061136, 3.543967846385606, 0.8848671098978803], [0.9366241648592208, 3.1056376862259434, 0.8914597122422631], [0.8882635751728771, 3.060180567462982, 0.891833246605081], [0.9148119234740729, 3.058117464579512, 0.8918953496227592], [0.9356477567416014, 3.0514930026327782, 0.8920491449393196], [0.9356477567416014, 3.0514930026327782, 0.8920491449393196], [0.9356477567416014, 3.0514930026327782, 0.8920491449393196], [0.9356477567416014, 3.0514930026327782, 0.8920491449393196], [0.9356477567416014, 3.0514930026327782, 0.8920491449393196], [0.9356477567416014, 3.0514930026327782, 0.8920491449393196], [0.9356477567416014, 3.0514930026327782, 0.8920491449393196], [0.9356477567416014, 3.0514930026327782, 0.8920491449393196], [0.9356477567416014, 3.0514930026327782, 0.8920491449393196]], "UWB": [[2.0177258, 2.20702126, 1.4498502], [2.0620973, 2.28110603, 1.64252365], [2.04414835, 2.22620984, 1.47802917], [2.00537424, 2.23688042, 1.55732612], [2.00736403, 2.23755545, 1.3975338], [2.00214502, 2.27101651, 1.47445855], [1.98431345, 2.44830287, 1.32465525], [1.97646469, 2.40747729, 1.42784861], [1.88794648, 2.48327008, 1.27519708], [1.88290801, 2.71133017, 1.45872273], [1.83807809, 2.78692389, 1.48685854], [1.78383504, 2.88472691, 1.78056513], [1.80058113, 3.09732763, 1.56631148], [1.92354094, 3.14907952, 0.7407924], [1.65797638, 3.31421009, 1.3861888], [1.74001932, 3.45688758, 1.22885216], [1.69030657, 3.6243348, 1.63090392], [1.50863613, 3.76988241, 1.3744266], [1.51864213, 3.82606508, 1.40412846], [1.46118302, 3.97858343, 1.40028879], [1.36524462, 4.03157035, 1.5236084], [1.31552055, 4.19444723, 1.68099094], [1.18160224, 4.36340059, 1.80458044], [1.28000473, 4.31277065, 1.995169], [1.63852981, 10.96017643, -12.10369809], [1.07738858, 3.91596519, 1.30394191], [1.19214957, 3.52711313, 1.49558929], [1.14430263, 3.29773084, 1.96627448], [0.89270325, 3.14001928, 1.5260586], [0.86889527, 2.94096004, 1.70683983], [0.80465052, 2.92189884, 1.74556478], [0.70361474, 2.97365645, 1.26447296], [0.59377646, 3.14604692, 1.09394455], [0.59377646, 3.14604692, 1.09394455], [1.53126829, 3.81831206, -6.00111222], [0.7773203, 2.99524278, 1.36549276], [0.74780262, 3.01353445, 1.37804884], [0.80433668, 3.01351752, 1.41661396], [0.8655136, 3.03703863, 1.53209569], [0.8445544, 2.98210077, 1.4010294], [0.84240226, 3.01398489, 1.52566232], [2.30514642, 3.51271668, -3.86590918], [0.79274921, 2.99565452, 1.40657476], [0.77280037, 2.95821381, 1.44892848], [0.77280037, 2.95821381, 1.44892848], [0.79460646, 3.05524895, 1.45626015], [0.76673121, 3.02867466, 1.41607777]], "Distance": [[0.8974505939355555], [0.8517508577684753], [0.8751597888920093], [0.873835917445326], [0.8463648874475345], [0.8203271967486042], [0.6996733358685817], [0.7129761849439699], [0.6640468385185175], [0.5500679669966869], [0.5047133953375907], [0.5275882099132735], [0.4714056705217935], [0.4039826765589633], [0.6289791070142183], [0.6136866129853566], [0.6934018829357471], [0.8981380488841099], [0.8723560836252354], [0.959884619032599], [1.0338372493503176], [1.1556822880744002], [1.337068433060404], [1.2945018487700064], [4.966192402509687], [1.282660171642079], [1.0992834051025517], [1.1232463690129304], [1.2336807335192537], [1.2452519263409227], [1.287923124040462], [1.3920776518838172], [1.4110791508839113], [1.433524713193478], [1.039971079602718], [1.2724224202816314], [1.3175637348752456], [1.291035494154498], [1.2699966580511213], [1.2699966580511213], [1.2699966580511213], [1.2699966580511213], [1.2699966580511213], [1.2699966580511213], [1.2699966580511213], [1.2699966580511213], [1.2699966580511213]],