{"IMU": [[0.012947762012481689, -0.007714809775352478, 0.7], [0.012947762012481689, -0.007714809775352478, 0.7], [0.012947762012481689, -0.007714809775352478, 0.7], [0.012947762012481689, -0.007714809775352478, 0.7], [-0.0029839450120925904, -0.005269172191619873, 0.72], [-0.0029839450120925904, -0.005269172191619873, 0.72], [-0.0029839450120925904, -0.005269172191619873, 0.72], [-0.0029839450120925904, -0.005269172191619873, 0.72], [-0.0029839450120925904, -0.005269172191619873, 0.72], [0.027935037612915038, -0.021641440391540527, 0.78], [0.027935037612915038, -0.021641440391540527, 0.78], [0.027935037612915038, -0.021641440391540527, 0.78], [0.027935037612915038, -0.021641440391540527, 0.78], [0.027935037612915038, -0.021641440391540527, 0.78], [0.13397810935974122, -0.04895664215087891, 0.82], [0.13397810935974122, -0.04895664215087891, 0.82], [0.13397810935974122, -0.04895664215087891, 0.82], [0.13397810935974122, -0.04895664215087891, 0.82], [0.13397810935974122, -0.04895664215087891, 0.82], [0.43935665130615237, -0.11076717376708985, 0.82], [0.43935665130615237, -0.11076717376708985, 0.89], [0.43935665130615237, -0.11076717376708985, 0.89], [0.43935665130615237, -0.11076717376708985, 0.89], [0.43935665130615237, -0.11076717376708985, 0.89], [0.8465486145019532, -0.11076717376708985, 0.89], [0.8465486145019532, -0.18192218780517577, 0.92], [0.8465486145019532, -0.18192218780517577, 0.92], [0.8465486145019532, -0.18192218780517577, 0.92], [0.8465486145019532, -0.18192218780517577, 0.92], [1.3118881225585937, -0.18192218780517577, 0.92], [1.3118881225585937, -0.2381825065612793, 0.97], [1.3118881225585937, -0.2381825065612793, 0.97], [1.3118881225585937, -0.2381825065612793, 0.97]], "Kalman": [[0.02164835684437535, -0.030034189065838265, 0.5911222766362751], [-0.027508431272478397, -0.014463338788568644, 0.6620596953754236], [-0.0510990465630779, 0.00022357113813624343, 0.6675016500577956], [-0.06633554042483686, 0.010345629978201779, 0.6687357546624234], [-0.08349695594388117, 0.019413611950165454, 0.6768551388368601], [-0.07825792319462495, 0.023981678497600606, 0.6863238714999489], [-0.044295086159105136, -0.022650457204789906, 0.6187269572210138], [-0.02810533903925749, -0.04482533521794427, 0.6031677291468795], [-0.017100222447940308, -0.05987899659704483, 0.5996428183202004], [0.004752497982799531, -0.07796579625096628, 0.6364553517361617], [0.10991803394814133, -0.09246202766883191, 0.6535911846595926], [0.22030448714471212, -0.11028688285530115, 0.6830350630483082], [0.31446112128964315, -0.12549024725904828, 0.6904682560018287], [0.3592019137726803, -0.13271424969752643, 0.6913894870221995], [0.43139667959369027, -0.1450879934311968, 0.707237582607563], [0.5922034913301271, -0.15478848931619388, 0.7261266261801995], [0.898865489699362, -0.19812640956296243, 0.7406730893792279], [1.1604430137889472, -0.23509291957399442, 0.746986928084481], [1.2847402543712483, -0.2526587813258883, 0.7477694321993704], [1.4602129472750658, -0.27512338974239964, 0.7479669776448483], [1.5863101209331323, -0.29967910310695, 0.8021331056787978], [2.110044610325215, -0.33603102893165493, 0.8112189699795052], [2.5567814475903043, -0.3772012444411625, 0.810029724493765], [2.7690633509964737, -0.3967646449987265, 0.8098823356342062], [2.99942068915849, -0.413451901363573, 0.809845126886845], [3.200326525167016, -0.44421712909344435, 0.8286917191456414], [3.501029288364807, -0.4505692611861154, 0.841314879606793], [3.6702876944022127, -0.44135407535501026, 0.8461474082451863], [3.8146623096295795, -0.433493674560813, 0.8473673941909358], [3.8832667221777064, -0.42975854301984284, 0.8475185928621756], [4.129372992085071, -0.4446281166014254, 0.8789754362678528], [4.42193271478082, -0.45560915565463267, 0.8914628628059539], [4.590651266355552, -0.4592781886847484, 0.8891812698130992]], "CMD": [[0.1688118641374795, 25.0, 0, 13.620765648208938], [0.43936805619194863, 25.0, 0, 7.266386620424202], [0.184604157314385, 25.0, 0, 6.596395415599754], [-0.00285357082197918, 25.0, 0, 6.490171670081803], [-0.1649409696153058, 25.0, 0, 6.46332765363341], [-0.24778742494238706, 25.0, 0, 6.307597086175252], [-0.12752167439222645, 25.0, 0, 6.101638998993867], [0.2891011976004185, 25.0, 0, 7.442224904996345], [0.5721322963673972, 25.0, 0, 7.745931859550074], [0.8134622467771413, 25.0, 0, 7.822603565790348], [0.9951236244033972, 25.0, 0, 7.096177100974921], [1.1801476098226193, 24.124235330357617, 0, 6.761695749707348], [1.465920483180451, 22.35447793699043, 0, 6.1212505000544315], [1.601706333861176, 21.51353078798705, 0, 6.041877068674592], [1.717523837396655, 20.79623019513045, 0, 6.021839014480769], [1.8518439729124097, 20.02101301485245, 0, 5.714549704548412], [1.9756571459673682, 17.968540456131745, 0, 5.3458467155219225], [2.6704678381745737, 13.05201378713593, 0, 5.006086622694282], [3.0006301410043026, 10.715762952285392, 0, 4.938665926588522], [3.2822529937985427, 8.722980341597122, 0, 4.921645375267168], [3.5115627355016206, 6.889621784719564, 0, 4.919535937242475], [3.824981845651983, 5.2801688898408745, 0, 3.8622450673627613], [4.44673557574176, -3.1165502476333073, 0, 3.6954086750309028], [4.814442839645972, -7.106531309487741, 0, 3.7081077258353723], [5.128091039585667, -10.509919012983069, 0, 3.711313638239641], [5.27713143949704, -12.756198055077409, 0, 3.7117109622394193], [5.770371777553535, -15.977200133711772, 0, 3.258891418810258], [5.750882281674011, -19.15852563045845, 0, 3.097439951261505], [5.603140765993232, -21.872143554867975, 0, 2.992325741461724], [5.514956867389855, -23.491846768753383, 0, 2.9778088082027754], [5.473053347493783, -24.98037723233293, 0, 2.9760096554937796], [5.726784544306442, -25.0, 0, 2.2206890390939034], [5.815209439110813, -25.0, 0, 2.1185808984947587]], "Distance": [[2.0203856733684553], [2.05552992596548], [2.077874515342616], [2.092745946817607], [2.1084968710084717], [2.1019333552269392], [2.0796693428657824], [2.067050175517611], [2.05731977936236], [2.0295950263469322], [1.9237874446779808], [1.8110621431259544], [1.7183128394864113], [1.6748348815809972], [1.6022723662552052], [1.4425176294019124], [1.1484780061078448], [0.9078216942162917], [0.7994080452628792], [0.6561886818821944], [0.5478121838273254], [0.40083032066211527], [0.6988383681257285], [0.8860165617361763], [1.0981543900690216], [1.2913013404658191], [1.5752087325459339], [1.734452369450833], [1.8719542665969329], [1.9376884506244112], [2.1786625361722303], [2.466803212214586], [2.6333801908253593]], "Time": [[1615213288.3365514], [1615213288.689338], [1615213289.0161855], [1615213289.371392], [1615213289.6986148], [1615213290.0500216], [1615213290.3960266], [1615213290.7424245], [1615213291.071331], [1615213291.4210916], [1615213291.7655625], [1615213292.110784], [1615213292.4608815], [1615213292.8030486], [1615213293.1504517], [1615213293.487631], [1615213293.8352993], [1615213294.176068], [1615213294.5214696], [1615213294.8857474], [1615213295.2383084], [1615213295.571491], [1615213295.9346535], [1615213296.2873082], [1615213296.635942], [1615213296.9841523], [1615213297.3373444], [1615213297.689617], [1615213298.0466728], [1615213298.4401722], [1615213298.8132744], [1615213299.1698651], [1615213299.5293372]]}