{"IMU": [[0.005906065702438354, -0.004911589920520782, 0.82], [-0.01668328285217285, 0.02133521318435669, 0.86], [-0.033735771179199216, 0.029821603298187255, 0.82], [-0.033735771179199216, 0.029821603298187255, 0.82], [-0.05827984809875488, 0.010258541107177735, 0.77], [-0.09529289245605468, -0.02773606538772583, 0.76], [-0.12709206581115723, -0.07421698570251464, 0.77], [-0.12709206581115723, -0.07421698570251464, 0.77], [-0.12840307235717774, -0.09893307685852051, 0.84], [-0.09665538787841797, -0.07098310470581054, 0.89], [-0.09665538787841797, -0.07098310470581054, 0.89], [-0.05768979549407959, -0.028006377220153807, 0.9], [-0.04134931087493896, -0.01655714750289917, 0.98]], "Kalman": [[-0.11128483355712891, 0.28025089601050096, 0.8383939122967542], [-0.15068693634214908, 0.30606314287876546, 0.8774641123485474], [-0.22580655028689825, 0.06110228349968799, 0.8461457057398613], [-0.22580655028689825, 0.06110228349968799, 0.8461457057398613], [-0.40600682819639905, -0.1439503991378151, 0.7631090265618368], [-0.5855090596298892, -0.3659173343571615, 0.7092328363281346], [-0.5693530322399801, -0.439991666537767, 0.6995576708652747], [-0.5099266065901213, -0.4592556114467392, 0.6850554966410588], [-0.16818341120199426, -0.2738486257933408, 0.7566212189947541], [0.31115414155383947, 0.1600869336008826, 0.8432697794172449], [0.31115414155383947, 0.1600869336008826, 0.8432697794172449], [0.32990330203329715, 0.21394994392238453, 0.8370044628176043], [0.1311398022724946, 0.059299865576274355, 0.934749293681598]], "CMD": [[-3.5770081342151734, 1.4203942271560708, 0, 3.1544555102504255], [-4.552631591364915, 2.2794109812650474, 0, 2.528134818364451], [-3.9064651255201817, 1.9233065966562861, 0, 2.391828250401909], [-0.7798846255582212, 2.8821027109402637, 0, 3.003145074557965], [-0.7408999681943121, 2.9211495508780434, 0, 3.0031260546118204], [1.8373241833281841, 5.182105562121039, 0, 4.623972073767322], [4.670419613562471, 7.473198832785586, 0, 5.675603528803088], [5.861751313606488, 6.508495229065242, 0, 6.147530938735436], [5.861751313606488, 6.508495229065242, 0, 6.147530938735436], [3.495292168378021, 2.146624465696792, 0, 4.7506102507090775], [-2.0432843278062705, -3.9714445562062335, 0, 3.059281460039372], [-2.0432843278062705, -3.9714445562062335, 0, 3.059281460039372], [-2.7307698231108386, -4.210751193578101, 0, 3.1815767445307044]], "time": [["Sat Mar  6 20:43:42 2021"], ["Sat Mar  6 20:43:43 2021"], ["Sat Mar  6 20:43:43 2021"], ["Sat Mar  6 20:43:43 2021"], ["Sat Mar  6 20:43:44 2021"], ["Sat Mar  6 20:43:44 2021"], ["Sat Mar  6 20:43:44 2021"], ["Sat Mar  6 20:43:45 2021"], ["Sat Mar  6 20:43:45 2021"], ["Sat Mar  6 20:43:45 2021"], ["Sat Mar  6 20:43:46 2021"], ["Sat Mar  6 20:43:46 2021"], ["Sat Mar  6 20:43:47 2021"]]}