{"IMU": [[0.002154969424009323, -0.009741289615631104, 0.73], [0.002154969424009323, -0.009741289615631104, 0.73], [0.002154969424009323, -0.009741289615631104, 0.73], [0.002154969424009323, -0.009741289615631104, 0.73], [0.002154969424009323, -0.009741289615631104, 0.73], [0.002154969424009323, -0.009741289615631104, 0.73], [0.002154969424009323, -0.009741289615631104, 0.73], [0.002154969424009323, -0.009741289615631104, 0.73], [0.002154969424009323, -0.009741289615631104, 0.73], [0.002154969424009323, -0.009741289615631104, 0.73], [0.008719727396965027, 0.016061797142028808, 0.76], [0.008719727396965027, 0.016061797142028808, 0.76], [0.008719727396965027, 0.016061797142028808, 0.76], [0.008719727396965027, 0.016061797142028808, 0.76], [0.008719727396965027, 0.016061797142028808, 0.76], [0.008719727396965027, 0.016061797142028808, 0.76], [0.008719727396965027, 0.016061797142028808, 0.76], [0.008719727396965027, 0.016061797142028808, 0.76], [0.008719727396965027, 0.016061797142028808, 0.76], [0.008719727396965027, 0.016061797142028808, 0.76], [0.008719727396965027, 0.016061797142028808, 0.76], [0.06402530670166015, 0.0916556453704834, 0.78], [0.06402530670166015, 0.0916556453704834, 0.78], [0.06402530670166015, 0.0916556453704834, 0.78], [0.06402530670166015, 0.0916556453704834, 0.78], [0.06402530670166015, 0.0916556453704834, 0.78], [0.06402530670166015, 0.0916556453704834, 0.78], [0.06402530670166015, 0.0916556453704834, 0.78], [0.06402530670166015, 0.0916556453704834, 0.78], [0.16737615585327148, 0.22309675216674804, 0.81], [0.16737615585327148, 0.22309675216674804, 0.81], [0.16737615585327148, 0.22309675216674804, 0.81], [0.16737615585327148, 0.22309675216674804, 0.81], [0.16737615585327148, 0.22309675216674804, 0.81], [0.29453908920288085, 0.366959228515625, 0.83], [0.29453908920288085, 0.366959228515625, 0.83], [0.29453908920288085, 0.366959228515625, 0.83], [0.29453908920288085, 0.366959228515625, 0.83], [0.29453908920288085, 0.366959228515625, 0.83], [0.29453908920288085, 0.366959228515625, 0.83], [0.4046943283081055, 0.4927469635009766, 0.83], [0.4046943283081055, 0.4927469635009766, 0.85], [0.4046943283081055, 0.4927469635009766, 0.85], [0.4046943283081055, 0.4927469635009766, 0.85], [0.4046943283081055, 0.4927469635009766, 0.85], [0.4046943283081055, 0.4927469635009766, 0.85], [0.4046943283081055, 0.4927469635009766, 0.85], [0.4046943283081055, 0.4927469635009766, 0.85], [0.503380355834961, 0.5968457412719727, 0.87]], "Kalman": [[-0.0012823181751073155, -0.012296439525388926, 0.7255581275691616], [-0.006451603646979957, 0.005843645233077339, 0.7259159184680013], [-0.006451603646979957, 0.005843645233077339, 0.7259159184680013], [-0.006451603646979957, 0.005843645233077339, 0.7259159184680013], [-0.006451603646979957, 0.005843645233077339, 0.7259159184680013], [-0.006451603646979957, 0.005843645233077339, 0.7259159184680013], [-0.006451603646979957, 0.005843645233077339, 0.7259159184680013], [-0.006451603646979957, 0.005843645233077339, 0.7259159184680013], [-0.006451603646979957, 0.005843645233077339, 0.7259159184680013], [-0.006451603646979957, 0.005843645233077339, 0.7259159184680013], [0.04258228147716692, 0.06758055151232632, 0.7558946751145567], [0.1245086612099265, 0.23883450294087902, 0.7519142835840668], [0.13535195328618224, 0.26150156792588314, 0.7519142477343578], [0.14549487052111704, 0.28270474459696826, 0.7519142472664976], [0.14549487052111704, 0.28270474459696826, 0.7519142472664976], [0.14901116530445319, 0.2900553968366355, 0.75191424726642], [0.14901116530445319, 0.2900553968366355, 0.75191424726642], [0.14901116530445319, 0.2900553968366355, 0.75191424726642], [0.14901116530445319, 0.2900553968366355, 0.75191424726642], [0.14901116530445319, 0.2900553968366355, 0.75191424726642], [0.14901116530445319, 0.2900553968366355, 0.75191424726642], [0.2277265670840981, 0.3369283242203552, 0.7718538351615118], [0.42172867545038517, 0.5257657254534525, 0.7719143151123852], [0.42172867545038517, 0.5257657254534525, 0.7719143151123852], [0.42172867545038517, 0.5257657254534525, 0.7719143151123852], [0.42172867545038517, 0.5257657254534525, 0.7719143151123852], [0.42172867545038517, 0.5257657254534525, 0.7719143151123852], [0.42172867545038517, 0.5257657254534525, 0.7719143151123852], [0.42172867545038517, 0.5257657254534525, 0.7719143151123852], [0.7091380387221173, 0.8873998657732036, 0.802929808961498], [0.7091380387221173, 0.8873998657732036, 0.802929808961498], [0.7091380387221173, 0.8873998657732036, 0.802929808961498], [0.7091380387221173, 0.8873998657732036, 0.802929808961498], [0.7091380387221173, 0.8873998657732036, 0.802929808961498], [0.8036607423632476, 0.991623870669458, 0.8226721194512534], [0.9116335119664636, 1.1051216396645631, 0.8255535847802372], [0.9116335119664636, 1.1051216396645631, 0.8255535847802372], [0.9116335119664636, 1.1051216396645631, 0.8255535847802372], [0.9116335119664636, 1.1051216396645631, 0.8255535847802372], [0.9116335119664636, 1.1051216396645631, 0.8255535847802372], [0.9323867853119951, 1.1084099028380554, 0.8255535890999854], [0.9392734569301601, 1.1489924694056777, 0.8444625630711093], [0.9244772495511259, 1.1311399929877024, 0.844459302743487], [0.9244772495511259, 1.1311399929877024, 0.844459302743487], [0.9244772495511259, 1.1311399929877024, 0.844459302743487], [0.9244772495511259, 1.1311399929877024, 0.844459302743487], [0.9244772495511259, 1.1311399929877024, 0.844459302743487], [0.9244772495511259, 1.1311399929877024, 0.844459302743487], [0.9858755664586516, 1.139737668127797, 0.8641016319649267]],