{"IMU": [[0.014676967859268189, -0.0007142983376979828, 0.77], [0.014676967859268189, -0.0007142983376979828, 0.77], [0.014676967859268189, -0.0007142983376979828, 0.77], [0.014676967859268189, -0.0007142983376979828, 0.77], [0.014676967859268189, -0.0007142983376979828, 0.77], [0.014676967859268189, -0.0007142983376979828, 0.77], [0.014676967859268189, -0.0007142983376979828, 0.77], [0.014676967859268189, -0.0007142983376979828, 0.77], [0.014676967859268189, -0.0007142983376979828, 0.77], [0.014676967859268189, -0.0007142983376979828, 0.77], [0.014676967859268189, -0.0007142983376979828, 0.77], [0.02631026029586792, 0.005832754969596863, 0.77], [0.02631026029586792, 0.005832754969596863, 0.77], [0.02631026029586792, 0.005832754969596863, 0.77], [0.02631026029586792, 0.005832754969596863, 0.77], [0.02631026029586792, 0.005832754969596863, 0.77], [0.02631026029586792, 0.005832754969596863, 0.77], [0.02631026029586792, 0.005832754969596863, 0.77], [0.02631026029586792, 0.005832754969596863, 0.77], [0.02631026029586792, 0.005832754969596863, 0.77], [0.02631026029586792, 0.005832754969596863, 0.77], [0.02631026029586792, 0.005832754969596863, 0.77], [0.02631026029586792, 0.005832754969596863, 0.77], [0.09429721832275391, 0.016138020753860473, 0.79], [0.09429721832275391, 0.016138020753860473, 0.79], [0.09429721832275391, 0.016138020753860473, 0.79], [0.09429721832275391, 0.016138020753860473, 0.79], [0.09429721832275391, 0.016138020753860473, 0.79], [0.09429721832275391, 0.016138020753860473, 0.79], [0.09429721832275391, 0.016138020753860473, 0.79], [0.20602916717529296, 0.014932514429092407, 0.82], [0.20602916717529296, 0.014932514429092407, 0.82], [0.20602916717529296, 0.014932514429092407, 0.82], [0.20602916717529296, 0.014932514429092407, 0.82], [0.20602916717529296, 0.014932514429092407, 0.82], [0.20602916717529296, 0.014932514429092407, 0.82], [0.20602916717529296, 0.014932514429092407, 0.82], [0.3477830123901367, 0.0002954494766891003, 0.83]], "Kalman": [[0.060457090363607205, 0.012561962487879311, 0.7716736104106063], [0.0503748238424111, 0.021929055102812324, 0.7716712753077272], [0.0503748238424111, 0.021929055102812324, 0.7716712753077272], [0.0503748238424111, 0.021929055102812324, 0.7716712753077272], [0.0503748238424111, 0.021929055102812324, 0.7716712753077272], [0.0503748238424111, 0.021929055102812324, 0.7716712753077272], [0.0503748238424111, 0.021929055102812324, 0.7716712753077272], [0.0503748238424111, 0.021929055102812324, 0.7716712753077272], [0.0503748238424111, 0.021929055102812324, 0.7716712753077272], [0.0503748238424111, 0.021929055102812324, 0.7716712753077272], [0.0503748238424111, 0.021929055102812324, 0.7716712753077272], [0.051173069886959, 0.030485944748895984, 0.7716712682379429], [0.13773332927441265, 0.03659186984073276, 0.7665949176433823], [0.16281973316347634, 0.03871571599840894, 0.7663159212466127], [0.19754615877388293, 0.04165401853584673, 0.7662997073366972], [0.19754615877388293, 0.04165401853584673, 0.7662997073366972], [0.19754615877388293, 0.04165401853584673, 0.7662997073366972], [0.19754615877388293, 0.04165401853584673, 0.7662997073366972], [0.19754615877388293, 0.04165401853584673, 0.7662997073366972], [0.19754615877388293, 0.04165401853584673, 0.7662997073366972], [0.19754615877388293, 0.04165401853584673, 0.7662997073366972], [0.19754615877388293, 0.04165401853584673, 0.7662997073366972], [0.19754615877388293, 0.04165401853584673, 0.7662997073366972], [0.251770586045354, 0.0480878985030752, 0.7860420041287584], [0.5548960944363714, 0.07930697789188638, 0.7842206155247096], [0.5782681397049411, 0.08213187004801145, 0.7842206144832651], [0.589039773113122, 0.08343379725408069, 0.7842206144825272], [0.589039773113122, 0.08343379725408069, 0.7842206144825272], [0.589039773113122, 0.08343379725408069, 0.7842206144825272], [0.589039773113122, 0.08343379725408069, 0.7842206144825272], [0.7766039390740348, 0.052233358231833414, 0.8150225251927762], [0.8586549996730015, 0.020797273264470745, 0.8150703949734804], [0.8586549996730015, 0.020797273264470745, 0.8150703949734804], [0.8586549996730015, 0.020797273264470745, 0.8150703949734804], [0.8586549996730015, 0.020797273264470745, 0.8150703949734804], [0.8586549996730015, 0.020797273264470745, 0.8150703949734804], [0.8586549996730015, 0.020797273264470745, 0.8150703949734804], [0.9614799554581552, 0.005833410698761823, 0.8249415509721572]], "CMD": [[0.5373608569239683, 20.0, 0, 3.398477902283661], [-0.5992508318738611, 20.0, 0, 3.4439109319903705], [-0.5992508318738611, 20.0, 0, 3.4439109319903705], [-0.5992508318738611, 20.0, 0, 3.4439109319903705], [-0.5992508318738611, 20.0, 0, 3.4439109319903705], [-0.5992508318738611, 20.0, 0, 3.4439109319903705], [-0.5992508318738611, 20.0, 0, 3.4439109319903705], [-0.5992508318738611, 20.0, 0, 3.4439109319903705], [-0.5992508318738611, 20.0, 0, 3.4439109319903705], [-0.5992508318738611, 20.0, 0, 3.4439109319903705], [-0.5992508318738611, 20.0, 0, 3.4439109319903705], [-0.8330832161069077, 20.0, 0, 3.443911038624818], [-0.9999385901067392, 20.0, 0, 3.5204782744414453], [-1.0579765024012973, 20.0, 0, 3.524686412257287], [-1.1382708986532755, 20.0, 0, 3.524930968704067], [-1.1382708986532755, 20.0, 0, 3.524930968704067], [-1.1382708986532755, 20.0, 0, 3.524930968704067], [-1.1382708986532755, 20.0, 0, 3.524930968704067], [-1.1382708986532755, 20.0, 0, 3.524930968704067], [-1.1382708986532755, 20.0, 0, 3.524930968704067], [-1.1382708986532755, 20.0, 0, 3.524930968704067], [-1.1382708986532755, 20.0, 0, 3.524930968704067], [-1.1382708986532755, 20.0, 0, 3.524930968704067], [-1.3140882288784965, 20.0, 0, 3.227155417965055], [-2.111454782160137, 12.624524803858368, 0, 3.2546273815437967], [-2.2444009200977715, 11.524580832354888, 0, 3.2546276675472408], [-2.2799784202508055, 11.230226595465542, 0, 3.2546276675583696], [-2.2799784202508055, 11.230226595465542, 0, 3.2546276675583696], [-2.2799784202508055, 11.230226595465542, 0, 3.2546276675583696], [-2.2799784202508055, 11.230226595465542, 0, 3.2546276675583696], [-1.4273703643517832, 6.10469875330196, 0, 2.7900385661906624], [-0.568322859603914, 3.8625060965943026, 0, 2.789316540255023], [-0.568322859603914, 3.8625060965943026, 0, 2.789316540255023], [-0.568322859603914, 3.8625060965943026, 0, 2.789316540255023], [-0.568322859603914, 3.8625060965943026, 0, 2.789316540255023], [-0.568322859603914, 3.8625060965943026, 0, 2.789316540255023], [-0.568322859603914, 3.8625060965943026, 0, 2.789316540255023], [-0.30464019239615014, 1.8920519578074326, 0, 2.673845463590654]], "Distance": [[0.9669703315678787], [0.9769354457535225], [0.9769354457535225], [0.9769354457535225], [0.9769354457535225], [0.9769354457535225], [0.9769354457535225], [0.9769354457535225], [0.9769354457535225], [0.9769354457535225], [0.9769354457535225], [0.976389238922183], [0.8940473750604769], [0.8700448002882161], [0.8368291649731433], [0.8368291649731433], [0.8368291649731433], [0.8368291649731433], [0.8368291649731433], [0.8368291649731433], [0.8368291649731433], [0.8368291649731433], [0.8368291649731433], [0.779703614129493], [0.5009668913759421], [0.48079532992687674], [0.47160391200821], [0.47160391200821], [0.47160391200821], [0.47160391200821], [0.29470458078467276], [0.2336876002443022], [0.2336876002443022], [0.2336876002443022], [0.2336876002443022], [0.2336876002443022], [0.2336876002443022], [0.17934124759218104]],