{"IMU": [[0.01941256046295166, -0.01372339129447937, 0.76], [0.01941256046295166, -0.01372339129447937, 0.76], [0.01941256046295166, -0.01372339129447937, 0.76], [0.01941256046295166, -0.01372339129447937, 0.76], [0.01941256046295166, -0.01372339129447937, 0.76], [0.01941256046295166, -0.01372339129447937, 0.76], [0.024995908737182618, -0.012983705997467041, 0.77], [0.024995908737182618, -0.012983705997467041, 0.77], [0.024995908737182618, -0.012983705997467041, 0.77], [0.024995908737182618, -0.012983705997467041, 0.77], [0.024995908737182618, -0.012983705997467041, 0.77], [0.024995908737182618, -0.012983705997467041, 0.77], [0.024995908737182618, -0.012983705997467041, 0.77], [0.024995908737182618, -0.012983705997467041, 0.77], [0.11313323020935058, -0.026648557186126708, 0.8], [0.11313323020935058, -0.026648557186126708, 0.8], [0.11313323020935058, -0.026648557186126708, 0.8], [0.11313323020935058, -0.026648557186126708, 0.8], [0.11313323020935058, -0.026648557186126708, 0.8], [0.11313323020935058, -0.026648557186126708, 0.8], [0.11313323020935058, -0.026648557186126708, 0.8], [0.24957414627075195, -0.04055747509002686, 0.82], [0.24957414627075195, -0.04055747509002686, 0.82], [0.24957414627075195, -0.04055747509002686, 0.82], [0.24957414627075195, -0.04055747509002686, 0.82], [0.24957414627075195, -0.04055747509002686, 0.82], [0.24957414627075195, -0.04055747509002686, 0.82], [0.24957414627075195, -0.04055747509002686, 0.82], [0.24957414627075195, -0.04055747509002686, 0.82], [0.43685245513916016, -0.05616285800933838, 0.84]], "Kalman": [[0.091043856499813, -0.026149880057932902, 0.7620007453111779], [-0.008100955719083371, -0.011304102473113621, 0.7583544906779315], [-0.008100955719083371, -0.011304102473113621, 0.7583544906779315], [-0.008100955719083371, -0.011304102473113621, 0.7583544906779315], [-0.008100955719083371, -0.011304102473113621, 0.7583544906779315], [-0.008100955719083371, -0.011304102473113621, 0.7583544906779315], [-0.005240753000986167, -0.010326358876451575, 0.7682256361645405], [0.1396134392054158, -0.003307701692083588, 0.7628815963998709], [0.1396134392054158, -0.003307701692083588, 0.7628815963998709], [0.1396134392054158, -0.003307701692083588, 0.7628815963998709], [0.1396134392054158, -0.003307701692083588, 0.7628815963998709], [0.1396134392054158, -0.003307701692083588, 0.7628815963998709], [0.1396134392054158, -0.003307701692083588, 0.7628815963998709], [0.1396134392054158, -0.003307701692083588, 0.7628815963998709], [0.39437841501697957, -0.0034264319192964625, 0.7931427998089864], [0.3995639768501683, -0.0028954275595537444, 0.7931428022030025], [0.3995639768501683, -0.0028954275595537444, 0.7931428022030025], [0.3995639768501683, -0.0028954275595537444, 0.7931428022030025], [0.3995639768501683, -0.0028954275595537444, 0.7931428022030025], [0.3995639768501683, -0.0028954275595537444, 0.7931428022030025], [0.3995639768501683, -0.0028954275595537444, 0.7931428022030025], [0.625957810800466, 0.011985091855593207, 0.8131542271622887], [0.6389029990145896, 0.01653105668975221, 0.813154304631918], [0.6389029990145896, 0.01653105668975221, 0.813154304631918], [0.6389029990145896, 0.01653105668975221, 0.813154304631918], [0.6389029990145896, 0.01653105668975221, 0.813154304631918], [0.6389029990145896, 0.01653105668975221, 0.813154304631918], [0.6389029990145896, 0.01653105668975221, 0.813154304631918], [0.6389029990145896, 0.01653105668975221, 0.813154304631918], [0.8982734974609075, 0.00440576953690287, 0.8345739903300983]], "CMD": [[0.20839142691109902, 20.0, 0, 6.645547567145744], [0.3089049108063013, 20.0, 0, 3.644769672945212], [0.3089049108063013, 20.0, 0, 3.644769672945212], [0.3089049108063013, 20.0, 0, 3.644769672945212], [0.3089049108063013, 20.0, 0, 3.644769672945212], [0.3089049108063013, 20.0, 0, 3.644769672945212], [0.2852778332262355, 20.0, 0, 3.5022282338353454], [0.09038889187329667, 20.0, 0, 3.5764867667665188], [0.09038889187329667, 20.0, 0, 3.5764867667665188], [0.09038889187329667, 20.0, 0, 3.5764867667665188], [0.09038889187329667, 20.0, 0, 3.5764867667665188], [0.09038889187329667, 20.0, 0, 3.5764867667665188], [0.09038889187329667, 20.0, 0, 3.5764867667665188], [0.09038889187329667, 20.0, 0, 3.5764867667665188], [0.19995936259179808, 17.588031828518496, 0, 3.1202706947795478], [0.07912276044536756, 16.40799317036806, 0, 3.1200531856607143], [0.07912276044536756, 16.40799317036806, 0, 3.1200531856607143], [0.07912276044536756, 16.40799317036806, 0, 3.1200531856607143], [0.07912276044536756, 16.40799317036806, 0, 3.1200531856607143], [0.07912276044536756, 16.40799317036806, 0, 3.1200531856607143], [0.07912276044536756, 16.40799317036806, 0, 3.1200531856607143], [-0.1743168472322119, 10.657622905016504, 0, 2.8182384472261024], [-0.451740826344019, 9.867624355593534, 0, 2.818217172371642], [-0.451740826344019, 9.867624355593534, 0, 2.818217172371642], [-0.451740826344019, 9.867624355593534, 0, 2.818217172371642], [-0.451740826344019, 9.867624355593534, 0, 2.818217172371642], [-0.451740826344019, 9.867624355593534, 0, 2.818217172371642], [-0.451740826344019, 9.867624355593534, 0, 2.818217172371642], [-0.451740826344019, 9.867624355593534, 0, 2.818217172371642], [-0.1203955686943834, 2.779859459715242, 0, 2.495141353351586]], "Distance": [[0.9399620908665474], [1.0367197653319695], [1.0367197653319695], [1.0367197653319695], [1.0367197653319695], [1.0367197653319695], [1.0316661092199195], [0.8924691099485126], [0.8924691099485126], [0.8924691099485126], [0.8924691099485126], [0.8924691099485126], [0.8924691099485126], [0.8924691099485126], [0.63998370753005], [0.6350761384882635], [0.6350761384882635], [0.6350761384882635], [0.6350761384882635], [0.6350761384882635], [0.6350761384882635], [0.41828524305226045], [0.40690985959241566], [0.40690985959241566], [0.40690985959241566], [0.40690985959241566], [0.40690985959241566], [0.40690985959241566], [0.40690985959241566], [0.19425101492490257]], "Time": [[1615320873.0750244], [1615320873.1686902], [1615320873.2217329], [1615320873.2576034], [1615320873.3042612], [1615320873.393724], [1615320873.4856334], [1615320873.5857368], [1615320873.6520283], [1615320873.7209926], [1615320873.763117], [1615320873.8108554], [1615320873.8945186], [1615320873.966898], [1615320874.0777113], [1615320874.1373723], [1615320874.2018418], [1615320874.2535164], [1615320874.317487], [1615320874.383801], [1615320874.450027], [1615320874.516937], [1615320874.5842214], [1615320874.6500514], [1615320874.7183995], [1615320874.7567644], [1615320874.8038416], [1615320874.8741245], [1615320874.9303513], [1615320875.0371084]]}