{"IMU": [[0.0013441720604896545, -0.00379604309797287, 0.78], [0.0013441720604896545, -0.00379604309797287, 0.78], [0.0013441720604896545, -0.00379604309797287, 0.78], [0.0013441720604896545, -0.00379604309797287, 0.78], [0.0013441720604896545, -0.00379604309797287, 0.78], [0.0013441720604896545, -0.00379604309797287, 0.78], [0.0013441720604896545, -0.00379604309797287, 0.78], [0.0013441720604896545, -0.00379604309797287, 0.78], [0.0013441720604896545, -0.00379604309797287, 0.78], [0.012876883745193482, 0.0015674184262752533, 0.8], [0.012876883745193482, 0.0015674184262752533, 0.8], [0.012876883745193482, 0.0015674184262752533, 0.8], [0.012876883745193482, 0.0015674184262752533, 0.8], [0.012876883745193482, 0.0015674184262752533, 0.8], [0.012876883745193482, 0.0015674184262752533, 0.8], [0.012876883745193482, 0.0015674184262752533, 0.8], [0.012876883745193482, 0.0015674184262752533, 0.8], [0.10112495422363281, 0.001967877447605133, 0.82], [0.10112495422363281, 0.001967877447605133, 0.82], [0.10112495422363281, 0.001967877447605133, 0.82], [0.10112495422363281, 0.001967877447605133, 0.82], [0.10112495422363281, 0.001967877447605133, 0.82], [0.10112495422363281, 0.001967877447605133, 0.82], [0.10112495422363281, 0.001967877447605133, 0.82], [0.10112495422363281, 0.001967877447605133, 0.82], [0.10112495422363281, 0.001967877447605133, 0.82], [0.10112495422363281, 0.001967877447605133, 0.82], [0.2501984214782715, 0.016780210733413695, 0.84], [0.2501984214782715, 0.016780210733413695, 0.84]], "Kalman": [[-0.08258754158850135, 0.03976252391401215, 0.7801336173348264], [-0.0893162405300195, 0.06176015252057911, 0.7793329097945413], [-0.0893162405300195, 0.06176015252057911, 0.7793329097945413], [-0.0893162405300195, 0.06176015252057911, 0.7793329097945413], [-0.0893162405300195, 0.06176015252057911, 0.7793329097945413], [-0.0893162405300195, 0.06176015252057911, 0.7793329097945413], [-0.0893162405300195, 0.06176015252057911, 0.7793329097945413], [-0.0893162405300195, 0.06176015252057911, 0.7793329097945413], [-0.0893162405300195, 0.06176015252057911, 0.7793329097945413], [0.13891180369765563, 0.017459233544892906, 0.795463234374158], [0.2778349718397175, -0.028746252150713907, 0.7952382711483181], [0.3441253297740575, -0.05079656764147767, 0.7952382337953953], [0.3441253297740575, -0.05079656764147767, 0.7952382337953953], [0.3441253297740575, -0.05079656764147767, 0.7952382337953953], [0.3441253297740575, -0.05079656764147767, 0.7952382337953953], [0.3441253297740575, -0.05079656764147767, 0.7952382337953953], [0.3441253297740575, -0.05079656764147767, 0.7952382337953953], [0.4002241994774365, -0.052042263281173694, 0.8149805420691304], [0.5562870580173108, 0.004901248321193899, 0.8156513884614398], [0.6015263277690157, 0.029216273640422234, 0.8156748738405676], [0.6641667355293561, 0.06288399486307567, 0.8156762386962644], [0.6641667355293561, 0.06288399486307567, 0.8156762386962644], [0.6641667355293561, 0.06288399486307567, 0.8156762386962644], [0.6713185753067994, 0.06672793775355301, 0.8156762394367107], [0.6713185753067994, 0.06672793775355301, 0.8156762394367107], [0.6713185753067994, 0.06672793775355301, 0.8156762394367107], [0.6713185753067994, 0.06672793775355301, 0.8156762394367107], [0.7804455763821938, 0.08590280232111264, 0.8354185479370294], [0.9797856860245794, 0.06707513710689093, 0.8370686000028886]], "CMD": [[-0.2771624300720601, 20.0, 0, 6.668194343196471], [-1.687707135628803, 20.0, 0, 3.3283495333901065], [-1.687707135628803, 20.0, 0, 3.3283495333901065], [-1.687707135628803, 20.0, 0, 3.3283495333901065], [-1.687707135628803, 20.0, 0, 3.3283495333901065], [-1.687707135628803, 20.0, 0, 3.3283495333901065], [-1.687707135628803, 20.0, 0, 3.3283495333901065], [-1.687707135628803, 20.0, 0, 3.3283495333901065], [-1.687707135628803, 20.0, 0, 3.3283495333901065], [-0.477104926619265, 20.0, 0, 3.085053814767039], [0.09785865125886223, 20.0, 0, 3.0882610083256368], [1.388107479906352, 17.922953811515807, 0, 3.0884475268545106], [1.388107479906352, 17.922953811515807, 0, 3.0884475268545106], [1.388107479906352, 17.922953811515807, 0, 3.0884475268545106], [1.388107479906352, 17.922953811515807, 0, 3.0884475268545106], [1.388107479906352, 17.922953811515807, 0, 3.0884475268545106], [1.388107479906352, 17.922953811515807, 0, 3.0884475268545106], [1.388107479906352, 17.922953811515807, 0, 3.0884475268545106], [-0.13393541673025114, 12.125253384138041, 0, 2.7805533422505], [-0.4954121517100097, 11.45270859537473, 0, 2.7802663828141325], [-1.7184181469094373, 9.177247362524904, 0, 2.780178523026637], [-1.7184181469094373, 9.177247362524904, 0, 2.780178523026637], [-1.7184181469094373, 9.177247362524904, 0, 2.780178523026637], [-1.8234607930241233, 8.981810490486044, 0, 2.780178511858391], [-1.8234607930241233, 8.981810490486044, 0, 2.780178511858391], [-1.8234607930241233, 8.981810490486044, 0, 2.780178511858391], [-1.8234607930241233, 8.981810490486044, 0, 2.780178511858391], [-2.347448419910295, 5.999719111366694, 0, 2.4824027845222547], [-1.8329486391870498, 0.5523924495942696, 0, 2.4575148412482557]], "Distance": [[1.1054040300889607], [1.1131568411601145], [1.1131568411601145], [1.1131568411601145], [1.1131568411601145], [1.1131568411601145], [1.1131568411601145], [1.1131568411601145], [1.1131568411601145], [0.8852191791527567], [0.7511830938677891], [0.6889697055947912], [0.6889697055947912], [0.6889697055947912], [0.6889697055947912], [0.6889697055947912], [0.6889697055947912], [0.6298187103230117], [0.4805097373563144], [0.4400120569261354], [0.3882185303615803], [0.3882185303615803], [0.3882185303615803], [0.3827000722803524], [0.3827000722803524], [0.3827000722803524], [0.3827000722803524], [0.28752476543755867], [0.17735369635962991]], "Time": [[1615322708.5366883], [1615322708.610496], [1615322708.6627173], [1615322708.7666974], [1615322708.811197], [1615322708.8432217], [1615322708.8749955], [1615322708.911123], [1615322708.9429276], [1615322708.9964898], [1615322709.0511734], [1615322709.1179175], [1615322709.1687849], [1615322709.2193382], [1615322709.2817748], [1615322709.3399775], [1615322709.3817225], [1615322709.440502], [1615322709.481722], [1615322709.522547], [1615322709.576137], [1615322709.6120627], [1615322709.646222], [1615322709.7103424], [1615322709.7720134], [1615322709.8347611], [1615322709.9015603], [1615322709.9585695], [1615322710.0096824]]}