{"IMU": [[-0.006108968853950501, 0.0038589245080947877, 0.77], [-0.006108968853950501, 0.0038589245080947877, 0.77], [0.006386994123458862, 0.0032921665906906128, 0.78], [0.006386994123458862, 0.0032921665906906128, 0.78], [0.006386994123458862, 0.0032921665906906128, 0.78], [0.006386994123458862, 0.0032921665906906128, 0.78], [0.006386994123458862, 0.0032921665906906128, 0.78], [0.0917507266998291, 0.0031205281615257264, 0.8], [0.0917507266998291, 0.0031205281615257264, 0.8], [0.0917507266998291, 0.0031205281615257264, 0.8], [0.0917507266998291, 0.0031205281615257264, 0.8], [0.22874473571777343, 0.0012756597995758057, 0.82], [0.22874473571777343, 0.0012756597995758057, 0.82], [0.22874473571777343, 0.0012756597995758057, 0.82], [0.22874473571777343, 0.0012756597995758057, 0.82], [0.40645713806152345, -0.0054400557279586795, 0.84], [0.40645713806152345, -0.0054400557279586795, 0.84], [0.40645713806152345, -0.0054400557279586795, 0.84], [0.40645713806152345, -0.0054400557279586795, 0.84], [0.6030506515502929, -0.016731543540954588, 0.86]], "Kalman": [[0.0008047499535684122, 0.004835920095852322, 0.7742042799347758], [0.0008047499535684122, 0.004835920095852322, 0.7742042799347758], [0.06734613006215583, 0.004065388631024868, 0.7718586627062483], [0.07007495866684202, 0.0040457391406423255, 0.7710808755854497], [0.07007495866684202, 0.0040457391406423255, 0.7710808755854497], [0.07007495866684202, 0.0040457391406423255, 0.7710808755854497], [0.07007495866684202, 0.0040457391406423255, 0.7710808755854497], [0.2742136778493939, 0.006657707206738939, 0.7922869908959472], [0.2742397220469115, 0.00665868726688307, 0.7922870329067234], [0.2742397220469115, 0.00665868726688307, 0.7922870329067234], [0.2742397220469115, 0.00665868726688307, 0.7922870329067234], [0.4795234780644387, 0.0010722277620701173, 0.8149637208982152], [0.48347835792237537, 0.0007441393779153737, 0.8151769548931356], [0.48347835792237537, 0.0007441393779153737, 0.8151769548931356], [0.48347835792237537, 0.0007441393779153737, 0.8151769548931356], [0.6972254108504887, -0.009838132544439859, 0.833234802772949], [0.7050895251828287, -0.011087540959951318, 0.8327969249968716], [0.7050895251828287, -0.011087540959951318, 0.8327969249968716], [0.7050895251828287, -0.011087540959951318, 0.8327969249968716], [0.8853642031990943, -0.020856559567415986, 0.8502935848858828]], "CMD": [[-0.07545882264577147, 15.591261986817877, 0, 2.799982276142387], [-0.07545882264577147, 15.591261986817877, 0, 2.799982276142387], [-0.07545882264577147, 15.591261986817877, 0, 2.799982276142387], [-0.06343558901185146, 14.552962324975802, 0, 2.8290691280304308], [-0.06312898191734471, 14.510382176910838, 0, 2.838714085659472], [-0.06312898191734471, 14.510382176910838, 0, 2.838714085659472], [-0.06312898191734471, 14.510382176910838, 0, 2.838714085659472], [-0.06312898191734471, 14.510382176910838, 0, 2.838714085659472], [-0.10388565927126722, 11.325038519321682, 0, 2.5757474227038006], [-0.10390095195252175, 11.324632130373463, 0, 2.575746901748715], [-0.10390095195252175, 11.324632130373463, 0, 2.575746901748715], [-0.10390095195252175, 11.324632130373463, 0, 2.575746901748715], [-0.011611416282500474, 8.059710294979276, 0, 2.2919001758421196], [-0.011611416282500474, 8.059710294979276, 0, 2.2919001758421196], [-0.011611416282500474, 8.059710294979276, 0, 2.2919001758421196], [-0.011611416282500474, 8.059710294979276, 0, 2.2919001758421196], [0.16615859170350925, 4.644841644485292, 0, 2.072078134784443], [0.1730079840633171, 4.601729717307711, 0, 2.0734035454260584], [0.1730079840633171, 4.601729717307711, 0, 2.0734035454260584], [0.1730079840633171, 4.601729717307711, 0, 2.0734035454260584]], "Distance": [[1.0244014062067162], [1.0244014062067162], [0.9601605273478699], [0.9576956280710455], [0.9576956280710455], [0.9576956280710455], [0.9576956280710455], [0.7549535115735369], [0.754928470697294], [0.754928470697294], [0.754928470697294], [0.5523906083038942], [0.548593399960803], [0.548593399960803], [0.548593399960803], [0.3458032268397658], [0.339193145585122], [0.339193145585122], [0.339193145585122], [0.1897060165400352]], "Time": [[1615307902.6356273], [1615307902.7931294], [1615307902.9041228], [1615307903.0171218], [1615307903.1311407], [1615307903.2456317], [1615307903.357773], [1615307903.4706967], [1615307903.583231], [1615307903.703227], [1615307903.8177378], [1615307903.933766], [1615307904.0475144], [1615307904.1767237], [1615307904.290557], [1615307904.4075525], [1615307904.5265512], [1615307904.6415892], [1615307904.7566183], [1615307904.8705804]]}