{"IMU": [[0.023275418281555174, -0.016994593143463136, 0.78], [0.023275418281555174, -0.016994593143463136, 0.78], [0.023275418281555174, -0.016994593143463136, 0.78], [0.023275418281555174, -0.016994593143463136, 0.78], [0.023275418281555174, -0.016994593143463136, 0.78], [0.023275418281555174, -0.016994593143463136, 0.78], [0.023275418281555174, -0.016994593143463136, 0.78], [0.023275418281555174, -0.016994593143463136, 0.78], [0.023275418281555174, -0.016994593143463136, 0.78], [0.023275418281555174, -0.016994593143463136, 0.78], [0.023275418281555174, -0.016994593143463136, 0.78], [0.023275418281555174, -0.016994593143463136, 0.78], [0.0341111969947815, -0.008375501036643982, 0.79], [0.0341111969947815, -0.008375501036643982, 0.79], [0.0341111969947815, -0.008375501036643982, 0.79], [0.0341111969947815, -0.008375501036643982, 0.79], [0.0341111969947815, -0.008375501036643982, 0.79], [0.0341111969947815, -0.008375501036643982, 0.79], [0.0341111969947815, -0.008375501036643982, 0.79], [0.0341111969947815, -0.008375501036643982, 0.79], [0.0341111969947815, -0.008375501036643982, 0.79], [0.0341111969947815, -0.008375501036643982, 0.79], [0.0341111969947815, -0.008375501036643982, 0.79], [0.10476041793823242, -0.006182597875595093, 0.81], [0.10476041793823242, -0.006182597875595093, 0.81], [0.10476041793823242, -0.006182597875595093, 0.81], [0.10476041793823242, -0.006182597875595093, 0.81], [0.10476041793823242, -0.006182597875595093, 0.81], [0.10476041793823242, -0.006182597875595093, 0.81], [0.10476041793823242, -0.006182597875595093, 0.81], [0.10476041793823242, -0.006182597875595093, 0.81], [0.2263120460510254, -0.007077131867408753, 0.83], [0.2263120460510254, -0.007077131867408753, 0.83], [0.2263120460510254, -0.007077131867408753, 0.83], [0.2263120460510254, -0.007077131867408753, 0.83], [0.2263120460510254, -0.007077131867408753, 0.83], [0.2263120460510254, -0.007077131867408753, 0.83], [0.2263120460510254, -0.007077131867408753, 0.83], [0.2263120460510254, -0.007077131867408753, 0.83], [0.2263120460510254, -0.007077131867408753, 0.83], [0.3560457229614258, -0.012129184007644653, 0.84]], "Kalman": [[-0.0010867991386841972, -0.0028150330209839175, 0.78], [-0.0010867991386841972, -0.0028150330209839175, 0.78], [-0.0010867991386841972, -0.0028150330209839175, 0.78], [-0.0010867991386841972, -0.0028150330209839175, 0.78], [-0.0010867991386841972, -0.0028150330209839175, 0.78], [-0.0010867991386841972, -0.0028150330209839175, 0.78], [-0.0010867991386841972, -0.0028150330209839175, 0.78], [-0.0010867991386841972, -0.0028150330209839175, 0.78], [-0.0010867991386841972, -0.0028150330209839175, 0.78], [-0.0010867991386841972, -0.0028150330209839175, 0.78], [-0.0010867991386841972, -0.0028150330209839175, 0.78], [-0.0010867991386841972, -0.0028150330209839175, 0.78], [-0.015942863047244776, 0.010200968437509162, 0.79], [0.12902705150232155, 0.02254342385418228, 0.79], [0.1710511419003792, 0.027087048794635714, 0.79], [0.22923117177928626, 0.033375819198565325, 0.79], [0.22923117177928626, 0.033375819198565325, 0.79], [0.22923117177928626, 0.033375819198565325, 0.79], [0.22923117177928626, 0.033375819198565325, 0.79], [0.22923117177928626, 0.033375819198565325, 0.79], [0.22923117177928626, 0.033375819198565325, 0.79], [0.22923117177928626, 0.033375819198565325, 0.79], [0.22923117177928626, 0.033375819198565325, 0.79], [0.28579748450595044, 0.03652364512414093, 0.81], [0.45910541501910646, 0.05110577771405511, 0.81], [0.591106377901134, 0.06761416004159398, 0.81], [0.6007680017727456, 0.06882246736271398, 0.81], [0.6007680017727456, 0.06882246736271398, 0.81], [0.6007680017727456, 0.06882246736271398, 0.81], [0.6007680017727456, 0.06882246736271398, 0.81], [0.6007680017727456, 0.06882246736271398, 0.81], [0.675046342322338, 0.06874540122483036, 0.83], [0.8214655168602484, 0.05843082472402217, 0.83], [0.8670276634446934, 0.054176003819061506, 0.83], [0.8670276634446934, 0.054176003819061506, 0.83], [0.8670276634446934, 0.054176003819061506, 0.83], [0.8670276634446934, 0.054176003819061506, 0.83], [0.8670276634446934, 0.054176003819061506, 0.83], [0.8670276634446934, 0.054176003819061506, 0.83], [0.8670276634446934, 0.054176003819061506, 0.83], [0.9619438404732851, 0.04985724298490867, 0.84]], "CMD": [[0.8207046442696885, 20.0, 0, 3.0166252070402946], [0.07692583522947416, 20.0, 0, 3.318287727744324], [0.07692583522947416, 20.0, 0, 3.318287727744324], [0.07692583522947416, 20.0, 0, 3.318287727744324], [0.07692583522947416, 20.0, 0, 3.318287727744324], [0.07692583522947416, 20.0, 0, 3.318287727744324], [0.07692583522947416, 20.0, 0, 3.318287727744324], [0.07692583522947416, 20.0, 0, 3.318287727744324], [0.07692583522947416, 20.0, 0, 3.318287727744324], [0.07692583522947416, 20.0, 0, 3.318287727744324], [0.07692583522947416, 20.0, 0, 3.318287727744324], [0.07692583522947416, 20.0, 0, 3.318287727744324], [-0.2787597912192944, 20.0, 0, 3.1674564673923093], [-0.6160395618765748, 20.0, 0, 3.1674564673923093], [-0.7402022771656781, 20.0, 0, 3.1674564673923093], [-0.9120542278470932, 20.0, 0, 3.1674564673923093], [-0.9120542278470932, 20.0, 0, 3.1674564673923093], [-0.9120542278470932, 20.0, 0, 3.1674564673923093], [-0.9120542278470932, 20.0, 0, 3.1674564673923093], [-0.9120542278470932, 20.0, 0, 3.1674564673923093], [-0.9120542278470932, 20.0, 0, 3.1674564673923093], [-0.9120542278470932, 20.0, 0, 3.1674564673923093], [-0.9120542278470932, 20.0, 0, 3.1674564673923093], [-0.9120542278470932, 20.0, 0, 3.1674564673923093], [-1.3965572007149811, 14.780916390889022, 0, 2.8657939466882794], [-1.8476784093711953, 11.173752906445905, 0, 2.8657939466882794], [-1.880697577955781, 10.909731674561039, 0, 2.8657939466882794], [-1.880697577955781, 10.909731674561039, 0, 2.8657939466882794], [-1.880697577955781, 10.909731674561039, 0, 2.8657939466882794], [-1.880697577955781, 10.909731674561039, 0, 2.8657939466882794], [-1.880697577955781, 10.909731674561039, 0, 2.8657939466882794], [-1.8785916072689666, 8.87994255889391, 0, 2.564131425984251], [-1.5967272715939107, 4.87877553492696, 0, 2.564131425984251], [-1.4804566454854022, 3.633708015388193, 0, 2.564131425984251], [-1.4804566454854022, 3.633708015388193, 0, 2.564131425984251], [-1.4804566454854022, 3.633708015388193, 0, 2.564131425984251], [-1.4804566454854022, 3.633708015388193, 0, 2.564131425984251], [-1.4804566454854022, 3.633708015388193, 0, 2.564131425984251], [-1.4804566454854022, 3.633708015388193, 0, 2.564131425984251], [-1.4804566454854022, 3.633708015388193, 0, 2.564131425984251], [-1.3821462317226054, 1.3932708830652643, 0, 2.4133001656322364]], "Distance": [[1.0249793675097298], [1.0249793675097298], [1.0249793675097298], [1.0249793675097298], [1.0249793675097298], [1.0249793675097298], [1.0249793675097298], [1.0249793675097298], [1.0249793675097298], [1.0249793675097298], [1.0249793675097298], [1.0249793675097298], [1.037469980642185], [0.8962154221914556], [0.8555640931906084], [0.7995614622178256], [0.7995614622178256], [0.7995614622178256], [0.7995614622178256], [0.7995614622178256], [0.7995614622178256], [0.7995614622178256], [0.7995614622178256], [0.7399454100075101], [0.5755681997621233], [0.45592287596836], [0.44746253521654555], [0.44746253521654555], [0.44746253521654555], [0.44746253521654555], [0.44746253521654555], [0.3731230491776863], [0.25335493472183973], [0.2225234407400279], [0.2225234407400279], [0.2225234407400279], [0.2225234407400279], [0.2225234407400279], [0.2225234407400279], [0.2225234407400279], [0.17185463612012045]],