{"IMU": [[0.01709092378616333, -0.007088190317153931, 0.74], [0.01709092378616333, -0.007088190317153931, 0.74], [0.01709092378616333, -0.007088190317153931, 0.74], [0.01709092378616333, -0.007088190317153931, 0.74], [0.01709092378616333, -0.007088190317153931, 0.74], [0.02896458387374878, -0.005325825810432434, 0.76], [0.02896458387374878, -0.005325825810432434, 0.76], [0.02896458387374878, -0.005325825810432434, 0.76], [0.02896458387374878, -0.005325825810432434, 0.76], [0.02896458387374878, -0.005325825810432434, 0.76], [0.02896458387374878, -0.005325825810432434, 0.76], [0.02896458387374878, -0.005325825810432434, 0.76], [0.02896458387374878, -0.005325825810432434, 0.76], [0.02896458387374878, -0.005325825810432434, 0.76], [0.02896458387374878, -0.005325825810432434, 0.76], [0.02896458387374878, -0.005325825810432434, 0.76], [0.02896458387374878, -0.005325825810432434, 0.76], [0.10452383995056153, -0.02866863250732422, 0.79], [0.10452383995056153, -0.02866863250732422, 0.79], [0.10452383995056153, -0.02866863250732422, 0.79], [0.10452383995056153, -0.02866863250732422, 0.79], [0.10452383995056153, -0.02866863250732422, 0.79], [0.10452383995056153, -0.02866863250732422, 0.79], [0.10452383995056153, -0.02866863250732422, 0.79], [0.2298704528808594, -0.05328965187072754, 0.82], [0.2298704528808594, -0.05328965187072754, 0.82]], "Kalman": [[0.10170840820192442, -0.016868088446224637, 0.7405411044468027], [-0.02639034902513666, 0.021360917059041265, 0.7382370147246283], [-0.02639034902513666, 0.021360917059041265, 0.7382370147246283], [-0.02639034902513666, 0.021360917059041265, 0.7382370147246283], [-0.02639034902513666, 0.021360917059041265, 0.7382370147246283], [0.1390703809603026, 0.014632200350378852, 0.752394160365863], [0.25959900003704706, 0.0017451004775085547, 0.7520551986832053], [0.25959900003704706, 0.0017451004775085547, 0.7520551986832053], [0.25959900003704706, 0.0017451004775085547, 0.7520551986832053], [0.25959900003704706, 0.0017451004775085547, 0.7520551986832053], [0.25959900003704706, 0.0017451004775085547, 0.7520551986832053], [0.25959900003704706, 0.0017451004775085547, 0.7520551986832053], [0.25959900003704706, 0.0017451004775085547, 0.7520551986832053], [0.25959900003704706, 0.0017451004775085547, 0.7520551986832053], [0.25959900003704706, 0.0017451004775085547, 0.7520551986832053], [0.25959900003704706, 0.0017451004775085547, 0.7520551986832053], [0.25959900003704706, 0.0017451004775085547, 0.7520551986832053], [0.4907381212280425, -0.04285728261392716, 0.7826727284429207], [0.6131827082210487, -0.07415937607763341, 0.7827098778595808], [0.6337015408618117, -0.07940488059534609, 0.7827098779390305], [0.640815497784599, -0.08122351752752803, 0.7827098779390436], [0.640815497784599, -0.08122351752752803, 0.7827098779390436], [0.640815497784599, -0.08122351752752803, 0.7827098779390436], [0.640815497784599, -0.08122351752752803, 0.7827098779390436], [0.7165262570195543, -0.09425945607612414, 0.8123233403496466], [0.9766439984139906, -0.04350564638890875, 0.8124711953055317]], "CMD": [[0.09500818574155759, 20.0, 0, 6.886187410149614], [-0.5837254390216476, 20.0, 0, 3.9482040982590187], [-0.5837254390216476, 20.0, 0, 3.9482040982590187], [-0.5837254390216476, 20.0, 0, 3.9482040982590187], [-0.5837254390216476, 20.0, 0, 3.9482040982590187], [-0.6831174396296555, 20.0, 0, 3.717262076111953], [-0.04768800606991769, 20.0, 0, 3.7397826880342038], [-0.04768800606991769, 20.0, 0, 3.7397826880342038], [-0.04768800606991769, 20.0, 0, 3.7397826880342038], [-0.04768800606991769, 20.0, 0, 3.7397826880342038], [-0.04768800606991769, 20.0, 0, 3.7397826880342038], [-0.04768800606991769, 20.0, 0, 3.7397826880342038], [-0.04768800606991769, 20.0, 0, 3.7397826880342038], [-0.04768800606991769, 20.0, 0, 3.7397826880342038], [-0.04768800606991769, 20.0, 0, 3.7397826880342038], [-0.04768800606991769, 20.0, 0, 3.7397826880342038], [-0.04768800606991769, 20.0, 0, 3.7397826880342038], [1.1711522515603214, 13.916495857434514, 0, 3.2779746277818838], [1.8013625393286345, 11.451297436636107, 0, 3.277414694040663], [2.1698810335655248, 10.009763545376021, 0, 3.277414297249916], [2.219578555386553, 9.81536189040693, 0, 3.2774142972497184], [2.219578555386553, 9.81536189040693, 0, 3.2774142972497184], [2.219578555386553, 9.81536189040693, 0, 3.2774142972497184], [2.219578555386553, 9.81536189040693, 0, 3.2774142972497184], [2.575808998644499, 7.746429360453551, 0, 2.8307507113718917], [1.1888699566640295, 0.6382447084037095, 0, 2.828520596437347]], "Distance": [[0.9351637475782705], [1.0594589646653707], [1.0594589646653707], [1.0594589646653707], [1.0594589646653707], [0.8959478567683825], [0.7808157981379744], [0.7808157981379744], [0.7808157981379744], [0.7808157981379744], [0.7808157981379744], [0.7808157981379744], [0.7808157981379744], [0.7808157981379744], [0.7808157981379744], [0.7808157981379744], [0.7808157981379744], [0.5553517361149044], [0.4498246630179636], [0.43323745610766756], [0.42758129469907286], [0.42758129469907286], [0.42758129469907286], [0.42758129469907286], [0.35279560172517055], [0.1939208515553149]], "Time": [[1615322909.83314], [1615322909.919035], [1615322909.971949], [1615322910.0594337], [1615322910.136964], [1615322910.2566428], [1615322910.3554847], [1615322910.4011874], [1615322910.4384458], [1615322910.4675367], [1615322910.4956908], [1615322910.5255182], [1615322910.5556865], [1615322910.5855515], [1615322910.6154134], [1615322910.6505165], [1615322910.6950846], [1615322910.7630162], [1615322910.8167546], [1615322910.876435], [1615322910.932039], [1615322910.997003], [1615322911.0652404], [1615322911.1265035], [1615322911.2222369], [1615322911.3308794]]}