{"IMU": [[-0.00394092857837677, -0.002111620754003525, 0.77], [-0.00394092857837677, -0.002111620754003525, 0.77], [-0.00394092857837677, -0.002111620754003525, 0.77], [0.01683231830596924, 0.001765841543674469, 0.77], [0.01683231830596924, 0.001765841543674469, 0.77], [0.01683231830596924, 0.001765841543674469, 0.77], [0.01683231830596924, 0.001765841543674469, 0.77], [0.01683231830596924, 0.001765841543674469, 0.77], [0.11714187622070313, 0.013712809085845948, 0.78], [0.11714187622070313, 0.013712809085845948, 0.78], [0.11714187622070313, 0.013712809085845948, 0.78], [0.11714187622070313, 0.013712809085845948, 0.78], [0.26521692276000974, 0.03062983274459839, 0.8], [0.26521692276000974, 0.03062983274459839, 0.8], [0.26521692276000974, 0.03062983274459839, 0.8], [0.26521692276000974, 0.03062983274459839, 0.8], [0.4553190994262695, 0.048469648361206055, 0.81], [0.4553190994262695, 0.048469648361206055, 0.81], [0.4553190994262695, 0.048469648361206055, 0.81], [0.4553190994262695, 0.048469648361206055, 0.81], [0.6620124816894531, 0.06498349666595458, 0.83], [0.6620124816894531, 0.06498349666595458, 0.83], [0.6620124816894531, 0.06498349666595458, 0.83], [0.6620124816894531, 0.06498349666595458, 0.83], [0.6620124816894531, 0.06498349666595458, 0.83], [0.8546539306640625, 0.08043249130249024, 0.85]], "Kalman": [[0.0009127266766852131, 0.00030198096359349957, 0.7764852705291081], [0.0009127266766852131, 0.00030198096359349957, 0.7764852705291081], [0.0009127266766852131, 0.00030198096359349957, 0.7764852705291081], [0.021037277715100403, 0.003934861333147187, 0.7764859573819387], [0.07327285436461616, -0.00022732727203445382, 0.7604747695100967], [0.07327285436461616, -0.00022732727203445382, 0.7604747695100967], [0.07327285436461616, -0.00022732727203445382, 0.7604747695100967], [0.07327285436461616, -0.00022732727203445382, 0.7604747695100967], [0.24688043600440746, 0.007619902014018473, 0.7642482661093802], [0.2468985117585113, 0.007617947799220581, 0.7642422894528322], [0.2468985117585113, 0.007617947799220581, 0.7642422894528322], [0.2468985117585113, 0.007617947799220581, 0.7642422894528322], [0.4398360080099491, 0.019845012952109886, 0.7843040638101503], [0.44310955117035683, 0.01925518574982199, 0.784531201079125], [0.44310955117035683, 0.01925518574982199, 0.784531201079125], [0.44310955117035683, 0.01925518574982199, 0.784531201079125], [0.627296005248368, 0.03597551371635848, 0.7932829336714817], [0.6565943062941657, 0.031748647087987206, 0.7948057824377559], [0.6565943062941657, 0.031748647087987206, 0.7948057824377559], [0.6565943062941657, 0.031748647087987206, 0.7948057824377559], [0.8568423858863625, 0.04722584929764816, 0.8123068920581271], [0.8659714209086369, 0.04792246841445594, 0.8152834533844571], [0.8659714209086369, 0.04792246841445594, 0.8152834533844571], [0.8659714209086369, 0.04792246841445594, 0.8152834533844571], [0.8659714209086369, 0.04792246841445594, 0.8152834533844571], [1.04234133104508, 0.06688709870002421, 0.8363677433118522]], "CMD": [[-0.005830791836655045, 15.589810906099038, 0, 2.7719694097682632], [-0.00471205634554325, 15.58957713755692, 0, 2.7716968275327636], [-0.00471205634554325, 15.58957713755692, 0, 2.7716968275327636], [-0.00471205634554325, 15.58957713755692, 0, 2.7716968275327636], [-0.061398864660381844, 15.275557282486112, 0, 2.771688310206786], [0.003547173642862179, 14.460482790751627, 0, 2.9702352191038788], [0.003547173642862179, 14.460482790751627, 0, 2.9702352191038788], [0.003547173642862179, 14.460482790751627, 0, 2.9702352191038788], [0.003547173642862179, 14.460482790751627, 0, 2.9702352191038788], [-0.1188995730403267, 11.751541482115424, 0, 2.9234419335888773], [-0.11886907982602146, 11.751259431317216, 0, 2.9235160471832367], [-0.11886907982602146, 11.751259431317216, 0, 2.9235160471832367], [-0.11886907982602146, 11.751259431317216, 0, 2.9235160471832367], [-0.3027009738594044, 8.70208614687915, 0, 2.672610699433671], [-0.300454436323998, 8.689617855225078, 0, 2.6719231784635418], [-0.300454436323998, 8.689617855225078, 0, 2.6719231784635418], [-0.300454436323998, 8.689617855225078, 0, 2.6719231784635418], [-0.5700533171475601, 5.58691137138098, 0, 2.555646557698752], [-0.4954001477217078, 5.358440342949785, 0, 2.544513120865288], [-0.4954001477217078, 5.358440342949785, 0, 2.544513120865288], [-0.4954001477217078, 5.358440342949785, 0, 2.544513120865288], [-0.7369036120972311, 2.2338055219435633, 0, 2.3274904211626124], [-0.7477735308189936, 2.091357710354686, 0, 2.2905795401451723], [-0.7477735308189936, 2.091357710354686, 0, 2.2905795401451723], [-0.7477735308189936, 2.091357710354686, 0, 2.2905795401451723], [-0.7477735308189936, 2.091357710354686, 0, 2.2905795401451723]], "Distance": [[1.0237843059939746], [1.0237843059939746], [1.0237843059939746], [1.0041623484300939], [0.9571810644681787], [0.9571810644681787], [0.9571810644681787], [0.9571810644681787], [0.7891932720265983], [0.789177789096132], [0.789177789096132], [0.789177789096132], [0.6005849310048621], [0.5974316174126927], [0.5974316174126927], [0.5974316174126927], [0.42770837120922645], [0.40129803635513145], [0.40129803635513145], [0.40129803635513145], [0.24073447216689356], [0.23319610971402666], [0.23319610971402666], [0.23319610971402666], [0.23319610971402666], [0.1817751020245395]], "Time": [[1615307334.4607077], [1615307334.5757565], [1615307334.6867652], [1615307334.8049781], [1615307334.9175086], [1615307335.0341508], [1615307335.1487012], [1615307335.262676], [1615307335.3757524], [1615307335.489279], [1615307335.6019654], [1615307335.7141795], [1615307335.830259], [1615307335.9443035], [1615307336.0628386], [1615307336.1769607], [1615307336.2940326], [1615307336.41502], [1615307336.5330718], [1615307336.6597435], [1615307336.773743], [1615307336.8882961], [1615307337.0025208], [1615307337.1166906], [1615307337.2326891], [1615307337.3476672]]}