{"IMU": [[0.014310518503189087, 0.007673639059066773, 0.76], [0.014310518503189087, 0.007673639059066773, 0.76], [0.014310518503189087, 0.007673639059066773, 0.76], [0.014310518503189087, 0.007673639059066773, 0.76], [0.014310518503189087, 0.007673639059066773, 0.76], [0.014310518503189087, 0.007673639059066773, 0.76], [0.014310518503189087, 0.007673639059066773, 0.76], [0.021748456954956055, 0.006131446361541748, 0.75], [0.021748456954956055, 0.006131446361541748, 0.75], [0.021748456954956055, 0.006131446361541748, 0.75], [0.021748456954956055, 0.006131446361541748, 0.75], [0.021748456954956055, 0.006131446361541748, 0.75], [0.021748456954956055, 0.006131446361541748, 0.75], [0.021748456954956055, 0.006131446361541748, 0.75], [0.021748456954956055, 0.006131446361541748, 0.75], [0.021748456954956055, 0.006131446361541748, 0.75], [0.021748456954956055, 0.006131446361541748, 0.75], [0.021748456954956055, 0.006131446361541748, 0.75], [0.021748456954956055, 0.006131446361541748, 0.75], [0.08308128356933593, 0.003436969518661499, 0.77], [0.08308128356933593, 0.003436969518661499, 0.77], [0.08308128356933593, 0.003436969518661499, 0.77], [0.08308128356933593, 0.003436969518661499, 0.77], [0.08308128356933593, 0.003436969518661499, 0.77], [0.08308128356933593, 0.003436969518661499, 0.77], [0.08308128356933593, 0.003436969518661499, 0.77], [0.08308128356933593, 0.003436969518661499, 0.77], [0.20076436996459962, -0.001763160228729248, 0.79], [0.20076436996459962, -0.001763160228729248, 0.79], [0.20076436996459962, -0.001763160228729248, 0.79], [0.20076436996459962, -0.001763160228729248, 0.79], [0.20076436996459962, -0.001763160228729248, 0.79], [0.20076436996459962, -0.001763160228729248, 0.79], [0.20076436996459962, -0.001763160228729248, 0.79], [0.37343326568603513, 0.001041378676891327, 0.8], [0.37343326568603513, 0.001041378676891327, 0.8], [0.37343326568603513, 0.001041378676891327, 0.8], [0.37343326568603513, 0.001041378676891327, 0.8], [0.37343326568603513, 0.001041378676891327, 0.8], [0.37343326568603513, 0.001041378676891327, 0.8], [0.37343326568603513, 0.001041378676891327, 0.8], [0.37343326568603513, 0.001041378676891327, 0.8], [0.5681990432739258, 0.004941776394844055, 0.83]], "Kalman": [[0.03802062759066881, 0.014597016580709225, 0.7712127494304217], [0.02364332991110094, 0.014335119760810167, 0.7696273774690625], [0.02364332991110094, 0.014335119760810167, 0.7696273774690625], [0.02364332991110094, 0.014335119760810167, 0.7696273774690625], [0.02364332991110094, 0.014335119760810167, 0.7696273774690625], [0.02364332991110094, 0.014335119760810167, 0.7696273774690625], [0.02364332991110094, 0.014335119760810167, 0.7696273774690625], [0.029036137796044532, 0.013154728608896365, 0.7603315215938197], [0.08778950347397563, -0.004260285950770761, 0.7434883882398401], [0.09449573338902527, -0.007240923545166589, 0.7430061096827992], [0.09449573338902527, -0.007240923545166589, 0.7430061096827992], [0.09449573338902527, -0.007240923545166589, 0.7430061096827992], [0.09449573338902527, -0.007240923545166589, 0.7430061096827992], [0.09449573338902527, -0.007240923545166589, 0.7430061096827992], [0.09449573338902527, -0.007240923545166589, 0.7430061096827992], [0.09449573338902527, -0.007240923545166589, 0.7430061096827992], [0.09449573338902527, -0.007240923545166589, 0.7430061096827992], [0.09449573338902527, -0.007240923545166589, 0.7430061096827992], [0.09449573338902527, -0.007240923545166589, 0.7430061096827992], [0.1464179860756706, -0.009789029356367128, 0.76158934828862], [0.2773546740688934, -0.026864689186189845, 0.7597328204679822], [0.2825499662767862, -0.02785875469631264, 0.7597261776454387], [0.28284124209710404, -0.027914487316408734, 0.7597261720240803], [0.28284124209710404, -0.027914487316408734, 0.7597261720240803], [0.28284124209710404, -0.027914487316408734, 0.7597261720240803], [0.28284124209710404, -0.027914487316408734, 0.7597261720240803], [0.28284124209710404, -0.027914487316408734, 0.7597261720240803], [0.38028420227449067, -0.031847523072537014, 0.7783152196090077], [0.562656817259494, -0.018854258682894483, 0.7812796851344761], [0.562656817259494, -0.018854258682894483, 0.7812796851344761], [0.562656817259494, -0.018854258682894483, 0.7812796851344761], [0.562656817259494, -0.018854258682894483, 0.7812796851344761], [0.562656817259494, -0.018854258682894483, 0.7812796851344761], [0.562656817259494, -0.018854258682894483, 0.7812796851344761], [0.7947490324946764, -0.004903364240881843, 0.7895552348423797], [0.8045596003939326, -0.0029618543905630956, 0.78950763524557], [0.8045596003939326, -0.0029618543905630956, 0.78950763524557], [0.8045596003939326, -0.0029618543905630956, 0.78950763524557], [0.8045596003939326, -0.0029618543905630956, 0.78950763524557], [0.8045596003939326, -0.0029618543905630956, 0.78950763524557], [0.8045596003939326, -0.0029618543905630956, 0.78950763524557], [0.8045596003939326, -0.0029618543905630956, 0.78950763524557], [1.0220850000116093, -0.00865208463167993, 0.8156826555864626]], "CMD": [[-0.10254635167310322, 20.0, 0, 9.4195516650714], [-0.39173290419500273, 20.0, 0, 3.474739300694025], [-0.39173290419500273, 20.0, 0, 3.474739300694025], [-0.39173290419500273, 20.0, 0, 3.474739300694025], [-0.39173290419500273, 20.0, 0, 3.474739300694025], [-0.39173290419500273, 20.0, 0, 3.474739300694025], [-0.39173290419500273, 20.0, 0, 3.474739300694025], [-0.3594765950925565, 20.0, 0, 3.6149498664653805], [0.015973586766266906, 20.0, 0, 3.8332347820355324], [0.16612714148850716, 20.0, 0, 3.875102812949347], [0.19787124605380862, 20.0, 0, 3.8762712379310833], [0.19787124605380862, 20.0, 0, 3.8762712379310833], [0.19787124605380862, 20.0, 0, 3.8762712379310833], [0.19787124605380862, 20.0, 0, 3.8762712379310833], [0.19787124605380862, 20.0, 0, 3.8762712379310833], [0.19787124605380862, 20.0, 0, 3.8762712379310833], [0.19787124605380862, 20.0, 0, 3.8762712379310833], [0.19787124605380862, 20.0, 0, 3.8762712379310833], [0.19787124605380862, 20.0, 0, 3.8762712379310833], [0.2282686515751062, 20.0, 0, 3.8763447823280406], [0.6800126307823297, 20.0, 0, 3.622658983185259], [0.761290527497201, 19.6056112550617, 0, 3.6240803455334576], [0.762813521479318, 19.597651619919564, 0, 3.6240804303211145], [0.762813521479318, 19.597651619919564, 0, 3.6240804303211145], [0.762813521479318, 19.597651619919564, 0, 3.6240804303211145], [0.762813521479318, 19.597651619919564, 0, 3.6240804303211145], [0.762813521479318, 19.597651619919564, 0, 3.6240804303211145], [0.8702907902261712, 16.93484765172388, 0, 3.343699482723297], [0.5152264950367379, 11.951188267934063, 0, 3.2989860755756477], [0.5152264950367379, 11.951188267934063, 0, 3.2989860755756477], [0.5152264950367379, 11.951188267934063, 0, 3.2989860755756477], [0.5152264950367379, 11.951188267934063, 0, 3.2989860755756477], [0.5152264950367379, 11.951188267934063, 0, 3.2989860755756477], [0.5152264950367379, 11.951188267934063, 0, 3.2989860755756477], [0.1994213969874303, 5.9394639580664315, 0, 3.1706352845599635], [0.08093799295559063, 5.340760078197614, 0, 3.1748828670386686], [0.08093799295559063, 5.340760078197614, 0, 3.1748828670386686], [0.08093799295559063, 5.340760078197614, 0, 3.1748828670386686], [0.08093799295559063, 5.340760078197614, 0, 3.1748828670386686], [0.08093799295559063, 5.340760078197614, 0, 3.1748828670386686], [0.08093799295559063, 5.340760078197614, 0, 3.1748828670386686], [0.08093799295559063, 5.340760078197614, 0, 3.1748828670386686], [0.17938590363751186, -0.3994563842521965, 0, 2.7648093286186084]],