{"IMU": [[2.612783303142839, 1.242657312422213, 0.62], [2.6235375925463966, 1.263685295253214, 0.62], [2.610523216382914, 1.2034770092062324, 0.62], [2.610523216382914, 1.2034770092062324, 0.64], [2.5738034221095374, 1.13118850079101, 0.68], [2.5738034221095374, 1.13118850079101, 0.68], [2.5738034221095374, 1.13118850079101, 0.68], [2.505143980638438, 1.065107472806391, 0.73], [2.505143980638438, 1.065107472806391, 0.73], [2.4150041719836524, 0.9967407735876409, 0.77], [2.4150041719836524, 0.9967407735876409, 0.77], [2.4150041719836524, 0.9967407735876409, 0.77], [2.267173494951182, 0.8955246671728461, 0.81], [2.267173494951182, 0.8955246671728461, 0.81], [2.267173494951182, 0.8955246671728461, 0.81], [2.1139308115405373, 0.7982535108618108, 0.86], [2.1139308115405373, 0.7982535108618108, 0.86]], "Kalman": [[2.59732716383123, 1.3699472568349325, 0.6216433011932913], [2.6124791221470938, 1.3845098927026853, 0.6157525673830392], [2.6112420112935726, 1.420620719169487, 0.6158155504440735], [2.697030547398569, 1.5428260851588744, 0.633126482313662], [2.7028751003709424, 1.600667602630089, 0.6730499208991426], [2.6399298046352313, 1.7837487732538222, 0.669566890441962], [2.6890143968494007, 2.107446506746711, 0.6703703541201427], [2.6408862614263753, 2.039502834782175, 0.7191124111718061], [2.481960637545438, 2.38949809671382, 0.7179269752997619], [2.6222311456966674, 2.4421887805476246, 0.7572858556567228], [2.5536637590745155, 2.642063840888905, 0.7584432951232976], [2.537071402547601, 2.7473662788745346, 0.7584587809578235], [2.44872045853459, 2.7875157657885783, 0.798148339875172], [2.1962632669862128, 2.992173595966904, 0.7995186900208399], [2.366082591743774, 3.117996633060587, 0.7972375861541104], [2.3371405294666663, 3.2764442816708215, 0.8476565079196424], [2.413475089566113, 3.3708695460354994, 0.8497649373200178]], "UWB": [[2.62794477, 1.48417391, 1.33966789], [2.58993298, 1.52935136, 1.55990435], [2.6111395, 1.58982158, 1.71830976], [2.68502137, 1.74862064, 1.50390086], [2.73086901, 1.9068642, 1.39779043], [2.58757796, 2.30235145, 1.7438428], [2.69324233, 2.88437185, 2.54911507], [2.67355, 2.85838022, 1.390095], [2.34227113, 3.44034783, 1.53506006], [2.5851299, 3.56071013, 3.15796201], [2.50891172, 4.01113909, 2.99568059], [2.50671536, 4.2111922, 3.06698198], [2.39430324, 4.30757391, 2.83646055], [1.90557719, 4.73188603, 4.75678259], [2.23562246, 4.92100833, 2.37344969], [2.37364976, 5.32744979, 3.01649194], [2.52546856, 5.46530235, 2.83268502]], "Distance": [[2.2821290691882394], [2.268280621788446], [2.2321529434321956], [2.116365503403194], [2.05934979575118], [1.8714897786407672], [1.5540906414248388], [1.6166477840993538], [1.2606309796232396], [1.2139803930926372], [1.009363710404547], [0.903394666466241], [0.8640073180454926], [0.7245630275034757], [0.5485995394355855], [0.40751329038305767], [0.29223341776056405]], "Time": [[1615575532.6951647], [1615575533.3235476], [1615575533.8432512], [1615575534.3664155], [1615575534.8918772], [1615575535.478099], [1615575536.134375], [1615575536.6874695], [1615575537.418171], [1615575538.021714], [1615575538.7080514], [1615575539.2639005], [1615575539.8126955], [1615575540.4523945], [1615575541.224818], [1615575541.8714247], [1615575542.6554441]]}