{"IMU": [[2.4464355782397402, 1.3319441441913549, 0.64], [2.5083882979281555, 1.3249222890754644, 0.68], [2.5083882979281555, 1.3249222890754644, 0.68], [2.6733545998461854, 1.348950479673356, 0.72], [2.6733545998461854, 1.348950479673356, 0.72], [2.9341230706103456, 1.3585312787910404, 0.75], [2.9341230706103456, 1.3585312787910404, 0.75], [3.251666100395502, 1.3506095358451309, 0.79], [3.623921044243158, 1.3265265194793645, 0.84], [3.623921044243158, 1.3265265194793645, 0.84], [4.085483162773432, 1.28384554070434, 0.89], [4.085483162773432, 1.28384554070434, 0.89], [4.593013985527338, 1.2087265984435978, 0.93], [5.107904122246088, 1.2087265984435978, 0.93], [5.107904122246088, 1.1212665955444279, 0.97]], "Kalman": [[2.4180269694083383, 1.253633430813214, 0.6383999210950259], [2.505023297130088, 1.2383135537894052, 0.677834292643337], [2.5936650169708195, 1.3463229179443001, 0.670366704607242], [2.616262349422991, 1.4542778984954283, 0.7080957978206351], [2.6924122670059796, 1.606821637698685, 0.7102763181993801], [2.8121279671123673, 1.7965997924698285, 0.7407741864900571], [2.7992269559549308, 1.7771921099006325, 0.7410597850589369], [2.9793106548489576, 2.0158331492210015, 0.780098520820092], [3.052978282148949, 2.083162847568069, 0.8182852810736827], [3.0614274829653354, 2.3749736908730874, 0.8308920313528129], [3.243385825878531, 2.4313721221149938, 0.8806358676314383], [3.099139586594632, 2.6276962071732988, 0.881270533340646], [3.2509238324087333, 2.8639508179185977, 0.9213973403410582], [2.887331834647205, 2.8450700602197654, 0.9266620600488983], [2.6672744124353978, 3.1876556684641795, 0.9686345706253368]], "UWB": [[2.3768281, 1.23003303, 0.94670724], [2.47656187, 1.21127812, 0.9345222], [2.57862385, 1.34709941, 1.07182681], [2.52411293, 1.50068329, 1.02609011], [2.56058578, 1.73626558, 1.29422765], [2.54300862, 2.02669511, 1.37409885], [2.62439798, 2.12727165, 1.42460484], [2.62210563, 2.38382956, 1.28136725], [2.62197941, 2.5798596, 1.15102838], [2.48371495, 2.97615469, 1.81400009], [2.49930636, 3.0305234, 1.71245864], [2.26370917, 3.33678819, 1.25340464], [2.21580647, 3.72965214, 1.4283419], [1.4581696, 3.71965886, 5.96413008], [1.09532954, 4.26925151, 6.91419341]], "Distance": [[1.748289384431996], [1.7616936079455394], [1.6563275724084285], [1.5500883036050117], [1.406402655600079], [1.243219983485368], [1.2588867730099165], [1.0946794480686974], [1.0706891914126597], [0.8401539773931936], [0.9359274275418533], [0.7053923435776248], [0.763148728639731], [0.4171681152383018], [0.25138691088110693]], "Time": [[1615573665.7508373], [1615573665.9678528], [1615573666.2943475], [1615573666.5257847], [1615573666.8274279], [1615573667.054887], [1615573667.3606756], [1615573667.6692703], [1615573667.9865398], [1615573668.2900565], [1615573668.5323262], [1615573668.8506086], [1615573669.0947657], [1615573669.4489791], [1615573669.7668438]]}