{"IMU": [[0.03087143898010254, -0.010325884819030762, 0.89], [0.03087143898010254, -0.010325884819030762, 0.89], [0.03087143898010254, -0.010325884819030762, 0.89], [0.03087143898010254, -0.010325884819030762, 0.89], [0.03087143898010254, -0.010325884819030762, 0.89], [0.03087143898010254, -0.010325884819030762, 0.89], [0.03087143898010254, -0.010325884819030762, 0.89], [0.03087143898010254, -0.010325884819030762, 0.89], [0.03087143898010254, -0.010325884819030762, 0.89], [0.03970325469970703, -0.015662124156951906, 0.84], [0.03970325469970703, -0.015662124156951906, 0.84], [0.03970325469970703, -0.015662124156951906, 0.84], [0.03970325469970703, -0.015662124156951906, 0.84], [0.03970325469970703, -0.015662124156951906, 0.84], [0.03970325469970703, -0.015662124156951906, 0.84], [0.03970325469970703, -0.015662124156951906, 0.84], [0.03970325469970703, -0.015662124156951906, 0.84], [0.03970325469970703, -0.015662124156951906, 0.84], [0.1299594783782959, -0.011794726848602295, 0.82], [0.1299594783782959, -0.011794726848602295, 0.82], [0.1299594783782959, -0.011794726848602295, 0.82], [0.1299594783782959, -0.011794726848602295, 0.82], [0.1299594783782959, -0.011794726848602295, 0.82], [0.1299594783782959, -0.011794726848602295, 0.82], [0.1299594783782959, -0.011794726848602295, 0.82], [0.1299594783782959, -0.011794726848602295, 0.82], [0.1299594783782959, -0.011794726848602295, 0.82], [0.1299594783782959, -0.011794726848602295, 0.82], [0.2665970611572266, -0.0009648259729146957, 0.81], [0.2665970611572266, -0.0009648259729146957, 0.81], [0.2665970611572266, -0.0009648259729146957, 0.81], [0.2665970611572266, -0.0009648259729146957, 0.81], [0.2665970611572266, -0.0009648259729146957, 0.81], [0.2665970611572266, -0.0009648259729146957, 0.81], [0.4626477813720703, 0.014542998075485229, 0.81], [0.4626477813720703, 0.014542998075485229, 0.81], [0.4626477813720703, 0.014542998075485229, 0.81], [0.4626477813720703, 0.014542998075485229, 0.81], [0.4626477813720703, 0.014542998075485229, 0.81], [0.4626477813720703, 0.014542998075485229, 0.81], [0.4626477813720703, 0.014542998075485229, 0.81], [0.4626477813720703, 0.014542998075485229, 0.81], [0.6837210845947266, 0.03128163576126099, 0.82]], "Kalman": [[0.020682259078359043, -0.029850068101380058, 0.9082074775205483], [0.01263848849454435, -0.03211457133946735, 0.9088001975112281], [0.01263848849454435, -0.03211457133946735, 0.9088001975112281], [0.01263848849454435, -0.03211457133946735, 0.9088001975112281], [0.01263848849454435, -0.03211457133946735, 0.9088001975112281], [0.01263848849454435, -0.03211457133946735, 0.9088001975112281], [0.01263848849454435, -0.03211457133946735, 0.9088001975112281], [0.01263848849454435, -0.03211457133946735, 0.9088001975112281], [0.01263848849454435, -0.03211457133946735, 0.9088001975112281], [0.020488910871193495, -0.03678069393565331, 0.8594444498796682], [0.1207863846724517, -0.01647539884473921, 0.8503328344923656], [0.12575570554818943, -0.014741447131458895, 0.8503070913389726], [0.12575570554818943, -0.014741447131458895, 0.8503070913389726], [0.12575570554818943, -0.014741447131458895, 0.8503070913389726], [0.12575570554818943, -0.014741447131458895, 0.8503070913389726], [0.12575570554818943, -0.014741447131458895, 0.8503070913389726], [0.12575570554818943, -0.014741447131458895, 0.8503070913389726], [0.12575570554818943, -0.014741447131458895, 0.8503070913389726], [0.21181301032466487, -0.011048428044516199, 0.830367485204304], [0.30611784526726216, 0.0004304800455158242, 0.8244782106724938], [0.30653272554835864, 0.0005137846934558567, 0.8244781604053882], [0.3067770297985703, 0.0005628390363143481, 0.8244781574820393], [0.3067770297985703, 0.0005628390363143481, 0.8244781574820393], [0.3067770297985703, 0.0005628390363143481, 0.8244781574820393], [0.3067770297985703, 0.0005628390363143481, 0.8244781574820393], [0.3067770297985703, 0.0005628390363143481, 0.8244781574820393], [0.3067770297985703, 0.0005628390363143481, 0.8244781574820393], [0.3067770297985703, 0.0005628390363143481, 0.8244781574820393], [0.5140035092060332, 0.02338677666007584, 0.8121069999621718], [0.5267459707662261, 0.02704862438928285, 0.8119686957571166], [0.5267459707662261, 0.02704862438928285, 0.8119686957571166], [0.5267459707662261, 0.02704862438928285, 0.8119686957571166], [0.5267459707662261, 0.02704862438928285, 0.8119686957571166], [0.5267459707662261, 0.02704862438928285, 0.8119686957571166], [0.7066813773969771, 0.04052692148713998, 0.8119686903751049], [0.7930578798879127, 0.04685455435175751, 0.809975960301899], [0.7973374747870023, 0.047316693254780676, 0.8099699270894928], [0.7973374747870023, 0.047316693254780676, 0.8099699270894928], [0.7973374747870023, 0.047316693254780676, 0.8099699270894928], [0.7973374747870023, 0.047316693254780676, 0.8099699270894928], [0.7973374747870023, 0.047316693254780676, 0.8099699270894928], [0.7973374747870023, 0.047316693254780676, 0.8099699270894928], [1.0001586507935267, 0.061782527874109164, 0.8198410769540176]], "CMD": [[0.16934112658712555, 20.0, 0, 4.627662956630863], [0.8775883639409618, 20.0, 0, 1.3755781153236277], [0.8775883639409618, 20.0, 0, 1.3755781153236277], [0.8775883639409618, 20.0, 0, 1.3755781153236277], [0.8775883639409618, 20.0, 0, 1.3755781153236277], [0.8775883639409618, 20.0, 0, 1.3755781153236277], [0.8775883639409618, 20.0, 0, 1.3755781153236277], [0.8775883639409618, 20.0, 0, 1.3755781153236277], [0.8775883639409618, 20.0, 0, 1.3755781153236277], [1.0050985477715115, 20.0, 0, 2.1200170774120424], [0.45021987572540034, 20.0, 0, 2.257448720683008], [0.4028365296696426, 20.0, 0, 2.257837007910178], [0.4028365296696426, 20.0, 0, 2.257837007910178], [0.4028365296696426, 20.0, 0, 2.257837007910178], [0.4028365296696426, 20.0, 0, 2.257837007910178], [0.4028365296696426, 20.0, 0, 2.257837007910178], [0.4028365296696426, 20.0, 0, 2.257837007910178], [0.4028365296696426, 20.0, 0, 2.257837007910178], [0.3588417127436415, 20.0, 0, 2.257837267943135], [-0.011763640711877825, 18.961576615888674, 0, 2.647417270350857], [-0.014040089895072293, 18.95023926676854, 0, 2.6474180285359457], [-0.015380587952428474, 18.943563214176066, 0, 2.647418072629186], [-0.015380587952428474, 18.943563214176066, 0, 2.647418072629186], [-0.015380587952428474, 18.943563214176066, 0, 2.647418072629186], [-0.015380587952428474, 18.943563214176066, 0, 2.647418072629186], [-0.015380587952428474, 18.943563214176066, 0, 2.647418072629186], [-0.015380587952428474, 18.943563214176066, 0, 2.647418072629186], [-0.015380587952428474, 18.943563214176066, 0, 2.647418072629186], [-0.46442093029328957, 13.88852404339239, 0, 2.7981425237410873], [-0.7391522612500809, 12.932516671437664, 0, 2.8360998604587238], [-0.7391522612500809, 12.932516671437664, 0, 2.8360998604587238], [-0.7391522612500809, 12.932516671437664, 0, 2.8360998604587238], [-0.7391522612500809, 12.932516671437664, 0, 2.8360998604587238], [-0.7391522612500809, 12.932516671437664, 0, 2.8360998604587238], [-0.7411831473188647, 10.833968947177395, 0, 2.8360999371875013], [-1.2715540894542001, 5.736842018571355, 0, 2.8658591645072717], [-1.2930136598002007, 5.538117636813782, 0, 2.8662475401877057], [-1.2930136598002007, 5.538117636813782, 0, 2.8662475401877057], [-1.2930136598002007, 5.538117636813782, 0, 2.8662475401877057], [-1.2930136598002007, 5.538117636813782, 0, 2.8662475401877057], [-1.2930136598002007, 5.538117636813782, 0, 2.8662475401877057], [-1.2930136598002007, 5.538117636813782, 0, 2.8662475401877057], [-1.293466891160786, 3.175497468421496, 0, 2.866247589555856]],