{"IMU": [[0.04102322101593017, -0.004229282438755036, 0.75], [-0.006832113265991211, 0.01363925337791443, 0.75], [-0.006832113265991211, 0.01363925337791443, 0.75], [-0.027912037372589113, 0.036162779331207276, 0.78], [-0.027912037372589113, 0.036162779331207276, 0.78], [-0.027912037372589113, 0.036162779331207276, 0.78], [-0.028001036643981934, 0.05884514808654785, 0.81], [-0.028001036643981934, 0.05884514808654785, 0.81], [-0.010629533529281617, 0.07989386558532714, 0.83], [-0.010629533529281617, 0.07989386558532714, 0.83], [0.02494391441345215, 0.09884398460388183, 0.85], [0.02494391441345215, 0.09884398460388183, 0.85], [0.02494391441345215, 0.09884398460388183, 0.85], [0.0881082820892334, 0.11510018348693847, 0.87], [0.0881082820892334, 0.11510018348693847, 0.87], [0.19297031402587891, 0.12552846908569337, 0.89], [0.19297031402587891, 0.12552846908569337, 0.89], [0.3321171569824219, 0.13074220657348634, 0.9], [0.3321171569824219, 0.13074220657348634, 0.9], [0.5119321441650391, 0.13122140884399414, 0.91], [0.5119321441650391, 0.13122140884399414, 0.91], [0.5119321441650391, 0.13122140884399414, 0.91], [0.7209600067138672, 0.12857188224792482, 0.93], [0.7209600067138672, 0.12857188224792482, 0.93], [0.9476241302490235, 0.12099395751953125, 0.93], [0.9476241302490235, 0.12099395751953125, 0.93], [1.2016870880126953, 0.10530123710632325, 0.95], [1.2016870880126953, 0.10530123710632325, 0.95], [1.2016870880126953, 0.10530123710632325, 0.95], [1.4219886779785156, 0.08896550178527832, 0.95], [1.4219886779785156, 0.08896550178527832, 0.95], [1.6373336791992188, 0.06846961975097657, 0.95]], "Kalman": [[-0.012741641354654339, 0.028428057309537087, 0.7464849324795095], [-0.06088042988181005, 0.04015778429547474, 0.7368858215235391], [-0.06088042988181005, 0.04015778429547474, 0.7368858215235391], [-0.08020245125571798, 0.05953821443663502, 0.7656625472366015], [-0.042798797554499425, 0.0684118184076888, 0.7648979495455318], [-0.042798797554499425, 0.0684118184076888, 0.7648979495455318], [-0.015819948670643052, 0.09364981586425816, 0.7955286019730461], [-0.015819948670643052, 0.09364981586425816, 0.7955286019730461], [0.027652669320075336, 0.11366499308438822, 0.8187881701724149], [0.027652669320075336, 0.11366499308438822, 0.8187881701724149], [0.09034525615252403, 0.12993540819277366, 0.8407769264986061], [0.09500270429832894, 0.12962639553315528, 0.8410568625722208], [0.09500270429832894, 0.12962639553315528, 0.8410568625722208], [0.21029886877672535, 0.14530522590311434, 0.8614665581206862], [0.21029886877672535, 0.14530522590311434, 0.8614665581206862], [0.391594669250702, 0.15138632837538282, 0.8841645507253475], [0.391594669250702, 0.15138632837538282, 0.8841645507253475], [0.5788406562205539, 0.1477666561463296, 0.8946450919035951], [0.5817874497866885, 0.14706189755167381, 0.8946525747860128], [0.746711687623585, 0.14741558448846329, 0.9042450692754782], [0.796852376443178, 0.14525572343001725, 0.9046916764931933], [0.796852376443178, 0.14525572343001725, 0.9046916764931933], [1.0583191766496642, 0.1425103366935602, 0.9254975717968538], [1.0583191766496642, 0.1425103366935602, 0.9254975717968538], [1.2849041292749983, 0.1291609322649804, 0.9277095411411221], [1.2849041292749983, 0.1291609322649804, 0.9277095411411221], [1.5310967689947463, 0.11422931455794494, 0.9476131635328153], [1.588628216553806, 0.1078126734155138, 0.9500939743588536], [1.588628216553806, 0.1078126734155138, 0.9500939743588536], [1.7693362829456851, 0.09312873484872358, 0.9518079060893021], [1.7693362829456851, 0.09312873484872358, 0.9518079060893021], [1.9441109505766996, 0.060690003851637545, 0.9516597121225956]], "CMD": [[-0.1511556524853387, 10.70200727298057, 0, 3.4638773625209396], [-0.1511556524853387, 10.70200727298057, 0, 3.4638773625209396], [-0.2135241258821992, 10.957967429189866, 0, 3.5950338395931563], [-0.2135241258821992, 10.957967429189866, 0, 3.5950338395931563], [-0.3165723761209106, 11.060705112469014, 0, 3.201845972142656], [-0.363754474550519, 10.861825054680239, 0, 3.2122929749951323], [-0.363754474550519, 10.861825054680239, 0, 3.2122929749951323], [-0.4979481667692006, 10.71837503057414, 0, 2.793774168280269], [-0.4979481667692006, 10.71837503057414, 0, 2.793774168280269], [-0.6043714492107861, 10.4872255057901, 0, 2.4759694218570854], [-0.6043714492107861, 10.4872255057901, 0, 2.4759694218570854], [-0.6908833478304023, 10.15388092422162, 0, 2.175528284321437], [-0.6892402876071075, 10.129116670873938, 0, 2.171703406227087], [-0.6892402876071075, 10.129116670873938, 0, 2.171703406227087], [-0.7726066537633709, 9.51607207267896, 0, 1.8928376051615958], [-0.7726066537633709, 9.51607207267896, 0, 1.8928376051615958], [-0.804940661044184, 8.552098885376349, 0, 1.5827058898086246], [-0.804940661044184, 8.552098885376349, 0, 1.5827058898086246], [-0.7819471038106353, 7.540819305949259, 0, 1.4394038388629657], [-0.7819471038106353, 7.540819305949259, 0, 1.4394038388629657], [-0.774909628625917, 6.43311385820054, 0, 1.3023768292678028], [-0.7723434427201696, 6.397291313110747, 0, 1.3022355928740479], [-0.7723434427201696, 6.397291313110747, 0, 1.3022355928740479], [-0.7577458668480209, 5.00703856533659, 0, 1.0179563567158052], [-0.7577458668480209, 5.00703856533659, 0, 1.0179563567158052], [-0.6867653592909427, 3.8022571064941033, 0, 0.9877333383637216], [-0.6867653592909427, 3.8022571064941033, 0, 0.9877333383637216], [-0.6073720193735013, 2.493219042839926, 0, 0.7157822164479464], [-0.5732539096452273, 2.1873169054012807, 0, 0.6818859098297364], [-0.49838051268254185, 1.1145101434179818, 0, 0.6818859061848935], [-0.49517751170673074, 1.2264687761249717, 0, 0.6584677778028218], [-0.49517751170673074, 1.2264687761249717, 0, 0.6584677778028218]], "Distance": [[2.028843749219082], [2.077996598848203], [2.077996598848203], [2.0942065511683032], [2.0574207343943653], [2.0574207343943653], [2.0283266270699647], [2.0283266270699647], [1.9839131661346874], [1.9839131661346874], [1.920681243240695], [1.916006424828733], [1.916006424828733], [1.8009262234460228], [1.8009262234460228], [1.6196615015830926], [1.6196615015830926], [1.4326997318839338], [1.429703507477428], [1.265555986611203], [1.2156262196042353], [1.2156262196042353], [0.9553128183681213], [0.9553128183681213], [0.7302537649293801], [0.7302537649293801], [0.48545129208457544], [0.4281832880437972], [0.4281832880437972], [0.2533795365362689], [0.2533795365362689], [0.09562241288015184]], "Time": [[1615223503.5287101], [1615223503.758833], [1615223503.970385], [1615223504.182286], [1615223504.3933003], [1615223504.604154], [1615223504.8336616], [1615223505.0478556], [1615223505.2597196], [1615223505.471721], [1615223505.6841197], [1615223505.896102], [1615223506.1103964], [1615223506.3293076], [1615223506.541184], [1615223506.7801354], [1615223506.9923036], [1615223507.2241778], [1615223507.4481716], [1615223507.6642818], [1615223507.8968914], [1615223508.1102319], [1615223508.3242028], [1615223508.537259], [1615223508.7591498], [1615223508.9728932], [1615223509.2042124], [1615223509.417754], [1615223509.6322417], [1615223509.8764188], [1615223510.090182], [1615223510.328352]]}