{"IMU": [[0.020091943740844727, 0.011413427591323853, 0.76], [0.020091943740844727, 0.011413427591323853, 0.76], [0.020091943740844727, 0.011413427591323853, 0.76], [0.020091943740844727, 0.011413427591323853, 0.76], [0.020091943740844727, 0.011413427591323853, 0.76], [0.020091943740844727, 0.011413427591323853, 0.76], [0.020091943740844727, 0.011413427591323853, 0.76], [0.020091943740844727, 0.011413427591323853, 0.76], [0.020091943740844727, 0.011413427591323853, 0.76], [0.01791141986846924, 0.020608348846435545, 0.76], [0.01791141986846924, 0.020608348846435545, 0.76], [0.01791141986846924, 0.020608348846435545, 0.76], [0.01791141986846924, 0.020608348846435545, 0.76], [0.01791141986846924, 0.020608348846435545, 0.76], [0.01791141986846924, 0.020608348846435545, 0.76], [0.01791141986846924, 0.020608348846435545, 0.76], [0.01791141986846924, 0.020608348846435545, 0.76], [0.01791141986846924, 0.020608348846435545, 0.76], [0.07505734443664551, 0.020853774547576906, 0.78], [0.07505734443664551, 0.020853774547576906, 0.78], [0.07505734443664551, 0.020853774547576906, 0.78], [0.07505734443664551, 0.020853774547576906, 0.78], [0.07505734443664551, 0.020853774547576906, 0.78], [0.07505734443664551, 0.020853774547576906, 0.78], [0.07505734443664551, 0.020853774547576906, 0.78], [0.07505734443664551, 0.020853774547576906, 0.78], [0.07505734443664551, 0.020853774547576906, 0.78], [0.07505734443664551, 0.020853774547576906, 0.78], [0.17806838989257812, 0.024703304767608642, 0.8], [0.17806838989257812, 0.024703304767608642, 0.8], [0.17806838989257812, 0.024703304767608642, 0.8], [0.17806838989257812, 0.024703304767608642, 0.8], [0.17806838989257812, 0.024703304767608642, 0.8], [0.17806838989257812, 0.024703304767608642, 0.8], [0.17806838989257812, 0.024703304767608642, 0.8], [0.17806838989257812, 0.024703304767608642, 0.8], [0.17806838989257812, 0.024703304767608642, 0.8], [0.29371530532836915, 0.022797186374664307, 0.82], [0.29371530532836915, 0.022797186374664307, 0.82], [0.29371530532836915, 0.022797186374664307, 0.82], [0.29371530532836915, 0.022797186374664307, 0.82], [0.29371530532836915, 0.022797186374664307, 0.82], [0.29371530532836915, 0.022797186374664307, 0.82], [0.29371530532836915, 0.022797186374664307, 0.82], [0.29371530532836915, 0.022797186374664307, 0.82], [0.41368011474609373, 0.012062433958053589, 0.84]], "Kalman": [[0.08542461909284257, 0.05850990564387172, 0.7625494954770248], [0.04676188704516446, 0.061133434637003034, 0.7619674873134171], [0.04676188704516446, 0.061133434637003034, 0.7619674873134171], [0.04676188704516446, 0.061133434637003034, 0.7619674873134171], [0.04676188704516446, 0.061133434637003034, 0.7619674873134171], [0.04676188704516446, 0.061133434637003034, 0.7619674873134171], [0.04676188704516446, 0.061133434637003034, 0.7619674873134171], [0.04676188704516446, 0.061133434637003034, 0.7619674873134171], [0.04676188704516446, 0.061133434637003034, 0.7619674873134171], [0.07817298708478045, 0.04369025911443253, 0.7562747279805123], [0.10623574700773766, 0.020700550562565704, 0.7559436713225426], [0.10623574700773766, 0.020700550562565704, 0.7559436713225426], [0.10623574700773766, 0.020700550562565704, 0.7559436713225426], [0.10623574700773766, 0.020700550562565704, 0.7559436713225426], [0.10623574700773766, 0.020700550562565704, 0.7559436713225426], [0.10623574700773766, 0.020700550562565704, 0.7559436713225426], [0.10623574700773766, 0.020700550562565704, 0.7559436713225426], [0.10623574700773766, 0.020700550562565704, 0.7559436713225426], [0.2293435925575465, 0.012298540480125603, 0.7759436578863612], [0.5016694901767279, 0.02172449556697782, 0.7750796136307693], [0.5284036439845514, 0.022649839002447297, 0.7750796131977934], [0.5284036439845514, 0.022649839002447297, 0.7750796131977934], [0.5284036439845514, 0.022649839002447297, 0.7750796131977934], [0.5284036439845514, 0.022649839002447297, 0.7750796131977934], [0.5284036439845514, 0.022649839002447297, 0.7750796131977934], [0.5284036439845514, 0.022649839002447297, 0.7750796131977934], [0.5284036439845514, 0.022649839002447297, 0.7750796131977934], [0.5284036439845514, 0.022649839002447297, 0.7750796131977934], [0.5998628015142815, 0.024982311844415163, 0.7948219214712222], [0.7296232197109971, 0.04596829186083167, 0.7949091579681918], [0.7700015595926141, 0.054503867421289966, 0.7949086847752775], [0.7700015595926141, 0.054503867421289966, 0.7949086847752775], [0.7700015595926141, 0.054503867421289966, 0.7949086847752775], [0.7700015595926141, 0.054503867421289966, 0.7949086847752775], [0.7700015595926141, 0.054503867421289966, 0.7949086847752775], [0.7700015595926141, 0.054503867421289966, 0.7949086847752775], [0.7700015595926141, 0.054503867421289966, 0.7949086847752775], [0.8756367053759182, 0.017392834704556586, 0.8148608434368696], [0.8902381653757743, -0.02316805904227178, 0.8148588849100731], [0.8902381653757743, -0.02316805904227178, 0.8148588849100731], [0.8902381653757743, -0.02316805904227178, 0.8148588849100731], [0.8902381653757743, -0.02316805904227178, 0.8148588849100731], [0.8902381653757743, -0.02316805904227178, 0.8148588849100731], [0.8902381653757743, -0.02316805904227178, 0.8148588849100731], [0.8902381653757743, -0.02316805904227178, 0.8148588849100731], [0.9640866709429516, -0.03834713271757436, 0.834601193107635]],