{"IMU": [[-0.03896075487136841, 0.0021901266276836396, 0.82], [-0.01803861379623413, 0.03361634969711304, 0.84], [0.06259951114654541, 0.07506006240844726, 0.85], [0.20827058792114259, 0.11381104469299316, 0.86], [0.3904849624633789, 0.12760080337524415, 0.89], [0.803677978515625, 0.07203213691711426, 1.04]], "Kalman": [[-0.08475624421512457, -0.003908521112473184, 0.82], [0.023881462870126706, 0.06910555247136388, 0.84], [0.177977845770858, 0.11657558867798717, 0.85], [0.3735815090245698, 0.14373151018069796, 0.86], [0.5822892146045937, 0.12802330869495146, 0.89], [0.9996984014271143, 0.04629270798811561, 1.04]], "CMD": [[5, 10.0, 0, 5], [0, 10.0, 0, 5], [-5, 10.0, 0, 5], [-5, 10.0, 0, 5], [-5, 7.742958372084704, 0, 5], [-5, 5.163189256835486, 0, 5]], "Distance": [[1.0995960103151474], [0.9915558360026612], [0.8436885028961449], [0.6577680996025569], [0.45052443641255463], [0.061180926558627016]], "Time": [[0.6], [1.1], [1.7], [2.3], [2.9], [3.5]], "Title": [["ModelBasedAgentLQR"], ["ModelBasedAgentLQR"], ["ModelBasedAgentLQR"], ["ModelBasedAgentLQR"], ["ModelBasedAgentLQR"], ["ModelBasedAgentLQR"]]}