{"IMU": [[2.734490220171738, 0.9713138801339711, 0.66], [2.8058632310455325, 1.0072039884809103, 0.7], [2.8873998197143553, 1.0263892156365957, 0.74], [3.143474763256836, 1.027566893744811, 0.78], [3.2929750379150393, 0.9875541186812963, 0.86], [3.4253166516845703, 0.9492163640740957, 0.9], [3.5643503888671875, 0.8992004472497549, 0.93], [3.696946977001953, 0.8402270108941641, 0.96], [3.8801293500488283, 0.7556546289208974, 1.0], [4.0432967694824224, 0.6786144334558095, 1.03], [4.176334184033204, 0.6180271035913076, 1.05], [4.3301563581054685, 0.5372036248925771, 1.05], [4.4542357953613285, 0.4736705667260732, 1.03], [4.495279801708985, 0.4221205407861318, 1.06], [4.501939500195313, 0.36988470857177635, 1.05], [4.513632310253906, 0.32861269776855373, 1.04], [4.527650712353516, 0.2954467279199209, 1.02], [4.54042537055664, 0.2827526361230459, 1.0], [4.549166673046875, 0.27257227723632715, 1.0], [4.548962205273438, 0.27826510255370995, 0.98], [4.5429944928710935, 0.2825776941064443, 0.96], [4.527701218945312, 0.28516146485839744, 0.96], [4.527701218945312, 0.28516146485839744, 0.94], [4.50595744453125, 0.28531374757324124, 0.93], [4.487942765576172, 0.28479075257812403, 0.93], [4.481549485546875, 0.28700617616210833, 0.92], [4.482790635449219, 0.2876448327783193, 0.91], [4.4960285504882815, 0.28699839417968653, 0.91], [4.4960285504882815, 0.28699839417968653, 0.91], [4.5142852338378905, 0.2974534112695303, 0.93], [4.540401719433594, 0.3103953820947256, 0.94], [4.568704331738282, 0.31936159913574114, 0.96], [4.598354447705078, 0.31936159913574114, 0.96], [4.598354447705078, 0.3281105310205068, 0.98], [4.642159684521484, 0.33613421266113186, 0.99], [4.642159684521484, 0.33613421266113186, 0.99]], "Kalman": [[2.693210498916183, 1.160433375008214, 0.6469768859227109], [2.8787736577786744, 1.1203013834344495, 0.6886865085039541], [2.8835999476640395, 1.2663382904972873, 0.7328962617557919], [3.1381728107438644, 0.9822080547093085, 0.7660567082195171], [3.02525043713013, 1.6208703782693676, 0.8488260708982286], [3.057744659295697, 1.7169504030117737, 0.8909012248672443], [3.0332076480934274, 1.884772338300853, 0.921437259705939], [3.027771504606325, 2.1039515285357893, 0.9519653676684772], [3.133714935285759, 2.149213921801902, 0.9983018885874255], [3.0821000030042818, 2.372409563772219, 1.0224360308192602], [33.53133907764825, 37.910943424618694, 0.8055251970881699], [2.92044889834922, 2.675066760396573, 1.050769974791049], [2.968873815526363, 2.9408714711089767, 1.0446253545064559], [2.7908400310526167, 2.7683201534527653, 1.0587673940214968], [2.8737755137271566, 3.0816332116613685, 1.062343540861667], [2.9096807284198487, 3.095087400433394, 1.053541050650513], [2.9045434770159493, 3.081644915800225, 1.032175098882873], [3.0527974192170255, 2.977077543666306, 1.006989699727754], [2.761037359511313, 2.676403979720955, 1.0048789799459534], [2.9060906721087907, 2.9785088815266847, 0.9936551043536431], [2.858305990957926, 2.8767193698699716, 0.973403997094538], [2.9622224916559254, 2.9663750115536813, 0.9717678035801252], [2.900793535357261, 2.7394741227337946, 0.9517920228301676], [2.9228136784871306, 2.782582756781884, 0.9338246410710749], [2.9489635857045204, 2.8474791278313547, 0.933305878834915], [2.9344125269210535, 2.938092866361541, 0.9292013165698719], [2.930397921377323, 3.05331584686605, 0.9208389207414347], [3.091657092994383, 3.207875273758041, 0.9158452609258692], [2.962767976853506, 3.007945705548633, 0.9117642203544175], [2.9909960342793465, 3.156420916826829, 0.9304050859396892], [3.1378897707669053, 3.392920648591174, 0.9402157936658604], [2.9960593601110754, 3.265103415946789, 0.9588850125294467], [2.888285677049993, 3.0067343036581518, 0.9641654024833863], [2.8713090071720586, 2.9508057970913706, 0.9775816825212172], [3.0321988531871575, 3.2124197060420836, 0.9881785175354455], [2.8370105960638794, 3.0134298676952147, 0.9893300501121249]], "UWB": [[2.64523482, 1.24300061, 1.00789178], [2.91270792, 1.15995893, 1.15802529], [2.87610107, 1.43190199, 1.22668229], [3.159778, 0.7436672, -1.20353859], [2.78893649, 1.95017183, 1.67505585], [2.75966349, 2.13657995, 1.54204267], [2.68417298, 2.40658684, 1.74919217], [2.58371908, 2.78213167, 1.23279692], [2.61431924, 2.91520052, 0.99366985], [2.45215319, 3.26052459, 1.0795522], [48.55500293, 57.1251643, -244.84460525], [2.12352231, 3.79244329, 1.38674063], [2.15629335, 4.25425403, 3.20895201], [1.89296116, 3.94380302, 1.46683301], [2.05306272, 4.46486917, 3.36492571], [2.09971973, 4.4953628, 3.28489553], [2.05970847, 4.45241356, 3.14238915], [2.08068892, 4.37669907, 3.00665906], [1.83314518, 3.84137734, 1.58210276], [2.09061714, 4.34380341, 3.37288821], [2.01298183, 4.167148, 3.02730279], [2.14335213, 4.26456218, 2.90276884], [2.14156113, 3.99566633, 1.8293819], [2.12934858, 3.97023295, 1.45910974], [2.19064479, 4.1270281, 1.37079489], [2.14660166, 4.23194716, 1.54313896], [2.15434977, 4.44055257, 1.38447282], [2.38732558, 4.66646832, 2.65463732], [2.19192937, 4.36525761, 1.49268301], [2.26771428, 4.66678947, 3.24641443], [2.41887551, 4.92104451, 3.28084527], [2.25503378, 4.88144096, 3.52108002], [2.0145005, 4.34411385, 1.9647326], [2.00531737, 4.26036208, 2.08206079], [2.20798015, 4.67368949, 3.47493723], [1.91533685, 4.36086956, 2.53703416]], "Distance": [[1.8496852880085062], [1.9174817790387164], [1.7755933776751145], [2.1163054767336207], [1.4757664229952754], [1.3990337284370677], [1.2361404181581765], [1.0399257782590894], [1.0608635963496598], [0.8559849117491274], [46.70886399548705], [0.5313745254735597], [0.47258738643246356], [0.3718379686891016], [0.38258608953822354], [0.4205709368938829], [0.4127000327988595], [0.5532724696723794], [0.41575820785773376], [0.40665895065398894], [0.3789212278582426], [0.46344392502289544], [0.4780263493882924], [0.47543839176530966], [0.4741633871733925], [0.43880147759694826], [0.4336876182841337], [0.6271126255550469], [0.46283618553193595], [0.5153102064766337], [0.7491928962145622], [0.562454184712378], [0.3883440714726205], [0.374553665590013], [0.5730250874514403], [0.3372780799364854]], "Time": [[1615573769.26201], [1615573769.9323108], [1615573770.472223], [1615573771.046203], [1615573771.6521878], [1615573772.3103018], [1615573772.8585603], [1615573773.376508], [1615573774.0219505], [1615573774.6423342], [1615573775.282093], [1615573775.91894], [1615573776.5718684], [1615573777.191217], [1615573777.9728625], [1615573778.7426548], [1615573779.4397202], [1615573780.12073], [1615573780.8233325], [1615573781.5436647], [1615573782.2408311], [1615573782.9576092], [1615573783.7926304], [1615573784.5334027], [1615573785.2360253], [1615573785.979346], [1615573786.7856786], [1615573787.6389117], [1615573788.3921304], [1615573789.1943605], [1615573790.0111547], [1615573790.8381195], [1615573791.643516], [1615573792.3608356], [1615573793.206607], [1615573793.9629645]]}