{"IMU": [[0.029281530380249023, -0.008328824043273926, 0.75], [0.029281530380249023, -0.008328824043273926, 0.75], [0.029281530380249023, -0.008328824043273926, 0.75], [0.029281530380249023, -0.008328824043273926, 0.75], [0.029281530380249023, -0.008328824043273926, 0.75], [0.029281530380249023, -0.008328824043273926, 0.75], [0.029281530380249023, -0.008328824043273926, 0.75], [0.029281530380249023, -0.008328824043273926, 0.75], [0.029281530380249023, -0.008328824043273926, 0.75], [0.029281530380249023, -0.008328824043273926, 0.75], [0.029281530380249023, -0.008328824043273926, 0.75], [0.029478018283843995, -0.00675140917301178, 0.76], [0.029478018283843995, -0.00675140917301178, 0.76], [0.029478018283843995, -0.00675140917301178, 0.76], [0.029478018283843995, -0.00675140917301178, 0.76], [0.029478018283843995, -0.00675140917301178, 0.76], [0.029478018283843995, -0.00675140917301178, 0.76], [0.029478018283843995, -0.00675140917301178, 0.76], [0.029478018283843995, -0.00675140917301178, 0.76], [0.029478018283843995, -0.00675140917301178, 0.76], [0.029478018283843995, -0.00675140917301178, 0.76], [0.029478018283843995, -0.00675140917301178, 0.76], [0.029478018283843995, -0.00675140917301178, 0.76], [0.029478018283843995, -0.00675140917301178, 0.76], [0.0745078706741333, -0.013789145946502686, 0.79], [0.0745078706741333, -0.013789145946502686, 0.79], [0.0745078706741333, -0.013789145946502686, 0.79], [0.0745078706741333, -0.013789145946502686, 0.79], [0.0745078706741333, -0.013789145946502686, 0.79], [0.0745078706741333, -0.013789145946502686, 0.79], [0.0745078706741333, -0.013789145946502686, 0.79], [0.1715239143371582, -0.021149499416351317, 0.82], [0.1715239143371582, -0.021149499416351317, 0.82], [0.1715239143371582, -0.021149499416351317, 0.82], [0.1715239143371582, -0.021149499416351317, 0.82], [0.1715239143371582, -0.021149499416351317, 0.82], [0.1715239143371582, -0.021149499416351317, 0.82], [0.1715239143371582, -0.021149499416351317, 0.82], [0.1715239143371582, -0.021149499416351317, 0.82], [0.31890560150146485, -0.021539170742034913, 0.84]], "Kalman": [[0.15441443316364253, -0.03163963461088112, 0.7484307605054371], [0.00914588545576695, -0.017248702162781814, 0.7482243801959383], [0.00914588545576695, -0.017248702162781814, 0.7482243801959383], [0.00914588545576695, -0.017248702162781814, 0.7482243801959383], [0.00914588545576695, -0.017248702162781814, 0.7482243801959383], [0.00914588545576695, -0.017248702162781814, 0.7482243801959383], [0.00914588545576695, -0.017248702162781814, 0.7482243801959383], [0.00914588545576695, -0.017248702162781814, 0.7482243801959383], [0.00914588545576695, -0.017248702162781814, 0.7482243801959383], [0.00914588545576695, -0.017248702162781814, 0.7482243801959383], [0.00914588545576695, -0.017248702162781814, 0.7482243801959383], [-0.004332668459426127, -0.013952924574777675, 0.758095529072838], [-0.004332668459426127, -0.013952924574777675, 0.758095529072838], [0.0947438287369219, -0.014065697918343334, 0.7529954681519491], [0.12116448155068313, -0.014243801655950246, 0.7529796584934965], [0.12116448155068313, -0.014243801655950246, 0.7529796584934965], [0.12116448155068313, -0.014243801655950246, 0.7529796584934965], [0.12116448155068313, -0.014243801655950246, 0.7529796584934965], [0.12116448155068313, -0.014243801655950246, 0.7529796584934965], [0.12116448155068313, -0.014243801655950246, 0.7529796584934965], [0.12116448155068313, -0.014243801655950246, 0.7529796584934965], [0.12116448155068313, -0.014243801655950246, 0.7529796584934965], [0.12116448155068313, -0.014243801655950246, 0.7529796584934965], [0.12116448155068313, -0.014243801655950246, 0.7529796584934965], [0.2960398893712256, -0.03099460093124828, 0.7823446393614064], [0.39658738615981226, -0.04414840056801948, 0.782307777548202], [0.39658738615981226, -0.04414840056801948, 0.782307777548202], [0.39658738615981226, -0.04414840056801948, 0.782307777548202], [0.39658738615981226, -0.04414840056801948, 0.782307777548202], [0.39658738615981226, -0.04414840056801948, 0.782307777548202], [0.39658738615981226, -0.04414840056801948, 0.782307777548202], [0.45994629484488986, -0.04842980158643557, 0.8119212399588049], [0.7105444389217186, -0.05041624527365644, 0.8135500200120834], [0.7174675209121721, -0.050464178393592796, 0.8135500288376845], [0.7174675209121721, -0.050464178393592796, 0.8135500288376845], [0.7174675209121721, -0.050464178393592796, 0.8135500288376845], [0.7174675209121721, -0.050464178393592796, 0.8135500288376845], [0.7174675209121721, -0.050464178393592796, 0.8135500288376845], [0.7174675209121721, -0.050464178393592796, 0.8135500288376845], [0.9626251925260563, -0.008673083937297614, 0.8361327356610612]], "CMD": [[0.2552331898690099, 20.0, 0, 6.8850866230387755], [0.4713517783292848, 20.0, 0, 3.797563406095631], [0.4713517783292848, 20.0, 0, 3.797563406095631], [0.4713517783292848, 20.0, 0, 3.797563406095631], [0.4713517783292848, 20.0, 0, 3.797563406095631], [0.4713517783292848, 20.0, 0, 3.797563406095631], [0.4713517783292848, 20.0, 0, 3.797563406095631], [0.4713517783292848, 20.0, 0, 3.797563406095631], [0.4713517783292848, 20.0, 0, 3.797563406095631], [0.4713517783292848, 20.0, 0, 3.797563406095631], [0.4713517783292848, 20.0, 0, 3.797563406095631], [0.38128873402468, 20.0, 0, 3.648675623473116], [0.38128873402468, 20.0, 0, 3.648675623473116], [0.3843704682639382, 20.0, 0, 3.725600485130089], [0.3892374729032352, 20.0, 0, 3.725838944201103], [0.3892374729032352, 20.0, 0, 3.725838944201103], [0.3892374729032352, 20.0, 0, 3.725838944201103], [0.3892374729032352, 20.0, 0, 3.725838944201103], [0.3892374729032352, 20.0, 0, 3.725838944201103], [0.3892374729032352, 20.0, 0, 3.725838944201103], [0.3892374729032352, 20.0, 0, 3.725838944201103], [0.3892374729032352, 20.0, 0, 3.725838944201103], [0.3892374729032352, 20.0, 0, 3.725838944201103], [0.3892374729032352, 20.0, 0, 3.725838944201103], [0.6622901004964725, 20.0, 0, 3.273362942844256], [1.199991325889746, 16.53858441024598, 0, 3.28347922812354], [1.2064343694814843, 16.48933385919305, 0, 3.283479228123585], [1.2064343694814843, 16.48933385919305, 0, 3.283479228123585], [1.2064343694814843, 16.48933385919305, 0, 3.283479228123585], [1.2064343694814843, 16.48933385919305, 0, 3.283479228123585], [1.2064343694814843, 16.48933385919305, 0, 3.283479228123585], [1.2772538780620066, 15.250077026655138, 0, 2.9370660813496423], [1.3687663738085125, 9.202288343941357, 0, 2.812305938725073], [1.379024346485095, 7.720707633365013, 0, 2.8122484143008855], [1.379024346485095, 7.720707633365013, 0, 2.8122484143008855], [1.379024346485095, 7.720707633365013, 0, 2.8122484143008855], [1.379024346485095, 7.720707633365013, 0, 2.8122484143008855], [1.379024346485095, 7.720707633365013, 0, 2.8122484143008855], [1.379024346485095, 7.720707633365013, 0, 2.8122484143008855], [0.2370076020134071, 1.0213337676831253, 0, 2.471630601067891]], "Distance": [[0.8827814562960341], [1.022487338192144], [1.022487338192144], [1.022487338192144], [1.022487338192144], [1.022487338192144], [1.022487338192144], [1.022487338192144], [1.022487338192144], [1.022487338192144], [1.022487338192144], [1.0331488596003824], [1.0331488596003824], [0.9384550166210911], [0.9130026306050182], [0.9130026306050182], [0.9130026306050182], [0.9130026306050182], [0.9130026306050182], [0.9130026306050182], [0.9130026306050182], [0.9130026306050182], [0.9130026306050182], [0.9130026306050182], [0.7374919380292099], [0.6429974864104563], [0.6429974864104563], [0.6429974864104563], [0.6429974864104563], [0.6429974864104563], [0.6429974864104563], [0.5739138176696025], [0.3479797618599833], [0.3422496556417297], [0.3422496556417297], [0.3422496556417297], [0.3422496556417297], [0.3422496556417297], [0.3422496556417297], [0.1682990758757321]],