{"IMU": [[0.007282915711402893, -0.0110304856300354, 0.77], [0.007282915711402893, -0.0110304856300354, 0.77], [0.007282915711402893, -0.0110304856300354, 0.77], [0.007282915711402893, -0.0110304856300354, 0.77], [0.007282915711402893, -0.0110304856300354, 0.77], [0.007282915711402893, -0.0110304856300354, 0.77], [0.007282915711402893, -0.0110304856300354, 0.77], [0.007282915711402893, -0.0110304856300354, 0.77], [0.007282915711402893, -0.0110304856300354, 0.77], [0.0024784591794013975, -0.019838211536407472, 0.78], [0.0024784591794013975, -0.019838211536407472, 0.78], [0.0024784591794013975, -0.019838211536407472, 0.78], [0.0024784591794013975, -0.019838211536407472, 0.78], [0.0024784591794013975, -0.019838211536407472, 0.78], [0.0024784591794013975, -0.019838211536407472, 0.78], [0.0024784591794013975, -0.019838211536407472, 0.78], [0.0024784591794013975, -0.019838211536407472, 0.78], [0.0024784591794013975, -0.019838211536407472, 0.78], [0.0024784591794013975, -0.019838211536407472, 0.78], [0.0353467059135437, -0.022690391540527342, 0.81], [0.0353467059135437, -0.022690391540527342, 0.81], [0.0353467059135437, -0.022690391540527342, 0.81], [0.0353467059135437, -0.022690391540527342, 0.81], [0.0353467059135437, -0.022690391540527342, 0.81], [0.0353467059135437, -0.022690391540527342, 0.81], [0.0353467059135437, -0.022690391540527342, 0.81], [0.0353467059135437, -0.022690391540527342, 0.81], [0.12062271118164063, -0.030335638523101807, 0.82], [0.12062271118164063, -0.030335638523101807, 0.82], [0.12062271118164063, -0.030335638523101807, 0.82], [0.12062271118164063, -0.030335638523101807, 0.82], [0.12062271118164063, -0.030335638523101807, 0.82], [0.12062271118164063, -0.030335638523101807, 0.82], [0.12062271118164063, -0.030335638523101807, 0.82], [0.12062271118164063, -0.030335638523101807, 0.82], [0.24445281982421874, -0.04028147697448731, 0.84], [0.24445281982421874, -0.04028147697448731, 0.84]], "Kalman": [[-0.05908630385750126, -0.06158907850264854, 0.7711005243990529], [-0.07532195717048881, -0.07971967934189811, 0.7710951301465607], [-0.07532195717048881, -0.07971967934189811, 0.7710951301465607], [-0.07532195717048881, -0.07971967934189811, 0.7710951301465607], [-0.07532195717048881, -0.07971967934189811, 0.7710951301465607], [-0.07532195717048881, -0.07971967934189811, 0.7710951301465607], [-0.07532195717048881, -0.07971967934189811, 0.7710951301465607], [-0.07532195717048881, -0.07971967934189811, 0.7710951301465607], [-0.07532195717048881, -0.07971967934189811, 0.7710951301465607], [-0.08429240043391281, -0.09122820407390146, 0.7809662804635571], [0.02845039452809427, -0.06026864086126404, 0.7768176014396], [0.05955148275408283, -0.048872701464367424, 0.7768168923746909], [0.0629530104631435, -0.04762603495722014, 0.7768168923746075], [0.06324516081586888, -0.04751895860062008, 0.7768168923746075], [0.06324516081586888, -0.04751895860062008, 0.7768168923746075], [0.06324516081586888, -0.04751895860062008, 0.7768168923746075], [0.06324516081586888, -0.04751895860062008, 0.7768168923746075], [0.06324516081586888, -0.04751895860062008, 0.7768168923746075], [0.06324516081586888, -0.04751895860062008, 0.7768168923746075], [0.2609404082259809, -0.03274153262000619, 0.8069549963800736], [0.31618529605041423, -0.026086938570225385, 0.8069554788242808], [0.31618529605041423, -0.026086938570225385, 0.8069554788242808], [0.31618529605041423, -0.026086938570225385, 0.8069554788242808], [0.31618529605041423, -0.026086938570225385, 0.8069554788242808], [0.31618529605041423, -0.026086938570225385, 0.8069554788242808], [0.31618529605041423, -0.026086938570225385, 0.8069554788242808], [0.31618529605041423, -0.026086938570225385, 0.8069554788242808], [0.5055415829807193, -0.05991258806211409, 0.8181107828037204], [0.5860749469648479, -0.09283675062455721, 0.8181783801907329], [0.5860749469648479, -0.09283675062455721, 0.8181783801907329], [0.5860749469648479, -0.09283675062455721, 0.8181783801907329], [0.5860749469648479, -0.09283675062455721, 0.8181783801907329], [0.5860749469648479, -0.09283675062455721, 0.8181783801907329], [0.5860749469648479, -0.09283675062455721, 0.8181783801907329], [0.5860749469648479, -0.09283675062455721, 0.8181783801907329], [0.8570733931087932, -0.0774212293382215, 0.8380136611777215], [0.9127887299563842, -0.06498773369744823, 0.8380132053438762]], "CMD": [[0.06799087127288572, 20.0, 0, 6.746325247429805], [2.178483474932, 20.0, 0, 3.4526010020708147], [2.178483474932, 20.0, 0, 3.4526010020708147], [2.178483474932, 20.0, 0, 3.4526010020708147], [2.178483474932, 20.0, 0, 3.4526010020708147], [2.178483474932, 20.0, 0, 3.4526010020708147], [2.178483474932, 20.0, 0, 3.4526010020708147], [2.178483474932, 20.0, 0, 3.4526010020708147], [2.178483474932, 20.0, 0, 3.4526010020708147], [2.492974591259646, 20.0, 0, 3.3037131977271397], [1.6469488996535786, 20.0, 0, 3.3662882463250816], [1.3355343798962451, 20.0, 0, 3.3662989412404727], [1.3014669776313164, 20.0, 0, 3.3662989412417303], [1.3014669776313164, 20.0, 0, 3.3662989412417303], [1.298540923796996, 20.0, 0, 3.3662989412417303], [1.298540923796996, 20.0, 0, 3.3662989412417303], [1.298540923796996, 20.0, 0, 3.3662989412417303], [1.298540923796996, 20.0, 0, 3.3662989412417303], [1.298540923796996, 20.0, 0, 3.3662989412417303], [1.0260534306944018, 20.0, 0, 2.91184733302888], [0.7128724683283341, 18.686465434473504, 0, 2.911714843298493], [0.7128724683283341, 18.686465434473504, 0, 2.911714843298493], [0.7128724683283341, 18.686465434473504, 0, 2.911714843298493], [0.7128724683283341, 18.686465434473504, 0, 2.911714843298493], [0.7128724683283341, 18.686465434473504, 0, 2.911714843298493], [0.7128724683283341, 18.686465434473504, 0, 2.911714843298493], [0.7128724683283341, 18.686465434473504, 0, 2.911714843298493], [1.392329804147741, 14.110970340698657, 0, 2.7467876208906445], [2.5369310159240483, 11.311245797040112, 0, 2.7424384075076613], [2.5369310159240483, 11.311245797040112, 0, 2.7424384075076613], [2.5369310159240483, 11.311245797040112, 0, 2.7424384075076613], [2.5369310159240483, 11.311245797040112, 0, 2.7424384075076613], [2.5369310159240483, 11.311245797040112, 0, 2.7424384075076613], [2.5369310159240483, 11.311245797040112, 0, 2.7424384075076613], [2.5369310159240483, 11.311245797040112, 0, 2.7424384075076613], [2.3610563540411373, 5.005300409994082, 0, 2.443142057893575], [1.7759065904667446, 2.383204651426608, 0, 2.4432672398366155]], "Distance": [[1.085288894046068], [1.1023021265923265], [1.1023021265923265], [1.1023021265923265], [1.1023021265923265], [1.1023021265923265], [1.1023021265923265], [1.1023021265923265], [1.1023021265923265], [1.109949712893001], [0.9986747858993201], [0.9678030037501225], [0.9644355858921629], [0.9641464513706942], [0.9641464513706942], [0.9641464513706942], [0.9641464513706942], [0.9641464513706942], [0.9641464513706942], [0.7645570361811499], [0.7110198765559153], [0.7110198765559153], [0.7110198765559153], [0.7110198765559153], [0.7110198765559153], [0.7110198765559153], [0.7110198765559153], [0.5302474249836475], [0.461531920051848], [0.461531920051848], [0.461531920051848], [0.461531920051848], [0.461531920051848], [0.461531920051848], [0.461531920051848], [0.2294812316393676], [0.19511261567801333]],