{"IMU": [[0.01370010495185852, 0.005641157031059265, 0.78], [0.01370010495185852, 0.005641157031059265, 0.76], [0.01370010495185852, 0.005641157031059265, 0.76], [0.01370010495185852, 0.005641157031059265, 0.76], [0.01370010495185852, 0.005641157031059265, 0.76], [0.01370010495185852, 0.005641157031059265, 0.76], [0.01370010495185852, 0.005641157031059265, 0.76], [0.01370010495185852, 0.005641157031059265, 0.76], [0.01370010495185852, 0.005641157031059265, 0.76], [0.0198572838306427, 0.011460596323013305, 0.77], [0.0198572838306427, 0.011460596323013305, 0.77], [0.0198572838306427, 0.011460596323013305, 0.77], [0.0198572838306427, 0.011460596323013305, 0.77], [0.0198572838306427, 0.011460596323013305, 0.77], [0.0198572838306427, 0.011460596323013305, 0.77], [0.0198572838306427, 0.011460596323013305, 0.77], [0.0198572838306427, 0.011460596323013305, 0.77], [0.06503929138183594, 0.019272205829620363, 0.79], [0.06503929138183594, 0.019272205829620363, 0.79], [0.06503929138183594, 0.019272205829620363, 0.79], [0.06503929138183594, 0.019272205829620363, 0.79], [0.06503929138183594, 0.019272205829620363, 0.79], [0.06503929138183594, 0.019272205829620363, 0.79], [0.06503929138183594, 0.019272205829620363, 0.79], [0.06503929138183594, 0.019272205829620363, 0.79], [0.1629665946960449, 0.02785810947418213, 0.82], [0.1629665946960449, 0.02785810947418213, 0.82], [0.1629665946960449, 0.02785810947418213, 0.82], [0.1629665946960449, 0.02785810947418213, 0.82], [0.1629665946960449, 0.02785810947418213, 0.82], [0.1629665946960449, 0.02785810947418213, 0.82], [0.1629665946960449, 0.02785810947418213, 0.82], [0.2992777442932129, 0.033945281505584714, 0.84], [0.2992777442932129, 0.033945281505584714, 0.84]], "Kalman": [[0.08302603256782666, 0.025919962027637283, 0.7815571164410486], [0.022733307672321165, 0.02971229336411928, 0.7602248844877539], [0.022733307672321165, 0.02971229336411928, 0.7602248844877539], [0.022733307672321165, 0.02971229336411928, 0.7602248844877539], [0.022733307672321165, 0.02971229336411928, 0.7602248844877539], [0.022733307672321165, 0.02971229336411928, 0.7602248844877539], [0.022733307672321165, 0.02971229336411928, 0.7602248844877539], [0.022733307672321165, 0.02971229336411928, 0.7602248844877539], [0.022733307672321165, 0.02971229336411928, 0.7602248844877539], [0.1479908433403933, 0.03622151798698266, 0.7630989966515678], [0.1479908433403933, 0.03622151798698266, 0.7630989966515678], [0.1479908433403933, 0.03622151798698266, 0.7630989966515678], [0.1479908433403933, 0.03622151798698266, 0.7630989966515678], [0.1479908433403933, 0.03622151798698266, 0.7630989966515678], [0.1479908433403933, 0.03622151798698266, 0.7630989966515678], [0.1479908433403933, 0.03622151798698266, 0.7630989966515678], [0.1479908433403933, 0.03622151798698266, 0.7630989966515678], [0.19544299171139015, 0.041864785058498694, 0.7830848186791631], [0.3644809483028191, 0.05029921131382771, 0.7831993164663144], [0.3644809483028191, 0.05029921131382771, 0.7831993164663144], [0.43051248538837583, 0.05386790013855893, 0.7831996204568457], [0.4355512830423608, 0.05414022305317202, 0.7831996204574602], [0.4355512830423608, 0.05414022305317202, 0.7831996204574602], [0.4355512830423608, 0.05414022305317202, 0.7831996204574602], [0.4355512830423608, 0.05414022305317202, 0.7831996204574602], [0.6497236458975051, 0.03869972338813931, 0.813292500494289], [0.752706616974098, 0.017436481213882835, 0.8132991372752514], [0.752706616974098, 0.017436481213882835, 0.8132991372752514], [0.752706616974098, 0.017436481213882835, 0.8132991372752514], [0.752706616974098, 0.017436481213882835, 0.8132991372752514], [0.752706616974098, 0.017436481213882835, 0.8132991372752514], [0.752706616974098, 0.017436481213882835, 0.8132991372752514], [0.8573677920445273, 0.015412375794321065, 0.8330414458071125], [1.0162882728437042, 0.049255360788155796, 0.83533302908054]], "CMD": [[-0.16010139443765117, 20.0, 0, 6.655507561135543], [-0.8119418019541224, 20.0, 0, 3.6165582873761997], [-0.8119418019541224, 20.0, 0, 3.6165582873761997], [-0.8119418019541224, 20.0, 0, 3.6165582873761997], [-0.8119418019541224, 20.0, 0, 3.6165582873761997], [-0.8119418019541224, 20.0, 0, 3.6165582873761997], [-0.8119418019541224, 20.0, 0, 3.6165582873761997], [-0.8119418019541224, 20.0, 0, 3.6165582873761997], [-0.8119418019541224, 20.0, 0, 3.6165582873761997], [-0.9858012663259119, 20.0, 0, 3.5732069413567746], [-0.9898180602706265, 20.0, 0, 3.573207691370089], [-0.9898180602706265, 20.0, 0, 3.573207691370089], [-0.9898180602706265, 20.0, 0, 3.573207691370089], [-0.9898180602706265, 20.0, 0, 3.573207691370089], [-0.9898180602706265, 20.0, 0, 3.573207691370089], [-0.9898180602706265, 20.0, 0, 3.573207691370089], [-0.9898180602706265, 20.0, 0, 3.573207691370089], [-1.1101305053530894, 20.0, 0, 3.2754321969623055], [-1.3745163246247118, 17.366699961111507, 0, 3.2700320342564093], [-1.3745163246247118, 17.366699961111507, 0, 3.2700320342564093], [-1.424901156127161, 16.434428190395, 0, 3.2700275081967014], [-1.4794788717681204, 15.424575368211826, 0, 3.270027449119644], [-1.4794788717681204, 15.424575368211826, 0, 3.270027449119644], [-1.4794788717681204, 15.424575368211826, 0, 3.270027449119644], [-1.4794788717681204, 15.424575368211826, 0, 3.270027449119644], [-1.629518187190436, 12.34216053735839, 0, 2.818900473151632], [-0.47648317829399833, 6.757736017370313, 0, 2.8160326433582323], [-0.47648317829399833, 6.757736017370313, 0, 2.8160326433582323], [-0.47648317829399833, 6.757736017370313, 0, 2.8160326433582323], [-0.47648317829399833, 6.757736017370313, 0, 2.8160326433582323], [-0.47648317829399833, 6.757736017370313, 0, 2.8160326433582323], [-0.47648317829399833, 6.757736017370313, 0, 2.8160326433582323], [-0.4211708608783143, 3.8976813578420444, 0, 2.518256915546338], [-1.2122941939516858, 0.06263886521524219, 0, 2.48369773845208]], "Distance": [[0.9429901350265357], [1.006690177924146], [1.006690177924146], [1.006690177924146], [1.006690177924146], [1.006690177924146], [1.006690177924146], [1.006690177924146], [1.006690177924146], [0.8850727014119175], [0.8850727014119175], [0.8850727014119175], [0.8850727014119175], [0.8850727014119175], [0.8850727014119175], [0.8850727014119175], [0.8850727014119175], [0.8343361646852928], [0.6733624671078353], [0.6733624671078353], [0.6117353876750293], [0.6070715957752938], [0.6070715957752938], [0.6070715957752938], [0.6070715957752938], [0.3988118393494982], [0.31034699983676817], [0.31034699983676817], [0.31034699983676817], [0.31034699983676817], [0.31034699983676817], [0.31034699983676817], [0.22012870528865142], [0.17264590846699102]], "Time": [[1615322274.3857157], [1615322274.4921298], [1615322274.5436497], [1615322274.5764987], [1615322274.632533], [1615322274.6634738], [1615322274.6931665], [1615322274.7233322], [1615322274.7961662], [1615322274.8612723], [1615322274.903554], [1615322274.9536164], [1615322275.00968], [1615322275.0809555], [1615322275.1115603], [1615322275.169925], [1615322275.2460706], [1615322275.3149388], [1615322275.4095], [1615322275.446657], [1615322275.4875693], [1615322275.523604], [1615322275.641019], [1615322275.7091172], [1615322275.761087], [1615322275.8598528], [1615322275.9303613], [1615322276.0229218], [1615322276.0640585], [1615322276.1385794], [1615322276.210776], [1615322276.2660568], [1615322276.3098552], [1615322276.389658]]}