{"IMU": [[0.035174474716186524, -0.012111341953277588, 0.77], [0.0006582985818386078, 0.0006116651371121406, 0.77], [0.0006582985818386078, 0.0006116651371121406, 0.77], [-0.005724357962608337, 0.015386683940887451, 0.79], [-0.005724357962608337, 0.015386683940887451, 0.79], [-0.005724357962608337, 0.015386683940887451, 0.79], [0.013580546379089356, 0.02513662338256836, 0.81], [0.013580546379089356, 0.02513662338256836, 0.81], [0.06235543727874756, 0.030932769775390626, 0.82], [0.06235543727874756, 0.030932769775390626, 0.82], [0.15230298042297363, 0.031618735790252685, 0.84], [0.15230298042297363, 0.031618735790252685, 0.84], [0.29668798446655276, 0.02513974666595459, 0.86], [0.29668798446655276, 0.02513974666595459, 0.86], [0.29668798446655276, 0.02513974666595459, 0.86], [0.4922793197631836, 0.009066710472106934, 0.88], [0.4922793197631836, 0.009066710472106934, 0.88], [0.7328643798828125, -0.015867385864257812, 0.9], [0.7328643798828125, -0.015867385864257812, 0.9], [0.9881111907958985, -0.045968365669250486, 0.91], [0.9881111907958985, -0.045968365669250486, 0.91], [0.9881111907958985, -0.045968365669250486, 0.91], [1.2242523193359376, -0.07683789730072021, 0.92]], "Kalman": [[-0.041702086301159, 0.012296616164873465, 0.7719082091172925], [-0.0756340064326604, 0.030433614788082465, 0.7617037478326792], [-0.0756340064326604, 0.030433614788082465, 0.7617037478326792], [-0.0806655550704201, 0.040904391600031696, 0.7808879742287511], [0.01369909940988067, 0.05855293709731117, 0.7796428385795947], [0.01369909940988067, 0.05855293709731117, 0.7796428385795947], [0.10740646375518104, 0.0679924353338943, 0.8004135428971971], [0.10740646375518104, 0.0679924353338943, 0.8004135428971971], [0.2503246784004963, 0.07706136614772242, 0.8125361327518913], [0.2503246784004963, 0.07706136614772242, 0.8125361327518913], [0.47589525633319285, 0.07549969089819994, 0.8319357377106241], [0.5012435358458428, 0.07495196617095833, 0.8319286030718903], [0.6173805671735864, 0.07039299205403607, 0.8511134853862578], [0.777269310147874, 0.0627705371665291, 0.8515963545014975], [0.777269310147874, 0.0627705371665291, 0.8515963545014975], [1.1562565282043071, 0.04007876029180971, 0.8722766697813721], [1.1562565282043071, 0.04007876029180971, 0.8722766697813721], [1.4849068033827963, -0.0007448613423639526, 0.8962938400352801], [1.4849068033827963, -0.0007448613423639526, 0.8962938400352801], [1.7053538465959275, -0.03193606056732238, 0.9059100591953853], [1.7138338549425522, -0.03648113732208028, 0.9058649758712463], [1.7138338549425522, -0.03648113732208028, 0.9058649758712463], [1.9244423349076356, -0.07799650441970829, 0.9176248137538797]], "CMD": [[-0.07115886592292506, 11.815055708470636, 0, 3.1165090057284734], [-0.07115886592292506, 11.815055708470636, 0, 3.1165090057284734], [-0.17611524058475758, 12.011415172145071, 0, 3.25593662549958], [-0.17611524058475758, 12.011415172145071, 0, 3.25593662549958], [-0.23670821944009418, 12.040532068216185, 0, 2.993814897663979], [-0.33883798147682564, 11.494456488886595, 0, 3.0108276820738524], [-0.3775372931280878, 11.408694118602511, 0, 2.748696521679961], [-0.3934630897497421, 10.952184559273467, 0, 2.7270292743774585], [-0.3934630897497421, 10.952184559273467, 0, 2.7270292743774585], [-0.445943774126062, 10.125136049542704, 0, 2.561393499811881], [-0.445943774126062, 10.125136049542704, 0, 2.561393499811881], [-0.4369065692392927, 8.819789416285843, 0, 2.296328968872424], [-0.4337369598194432, 8.673102327819171, 0, 2.296426452283731], [-0.40735478901875816, 8.001032928390009, 0, 2.0342957623751543], [-0.36324466652074205, 7.075778250896427, 0, 2.0276981292888903], [-0.36324466652074205, 7.075778250896427, 0, 2.0276981292888903], [-0.23193040196772602, 4.88263012993468, 0, 1.7451347430240347], [-0.23193040196772602, 4.88263012993468, 0, 1.7451347430240347], [0.004310412529900408, 2.98077513556931, 0, 1.4169785779172042], [0.004310412529900408, 2.98077513556931, 0, 1.4169785779172042], [0.18480969248338672, 1.7050777094823433, 0, 1.2855883446363516], [0.21111144111608052, 1.656005040312876, 0, 1.2862043360542963], [0.21111144111608052, 1.656005040312876, 0, 1.2862043360542963]], "Distance": [[2.0544401867768487], [2.0894898509841484], [2.0894898509841484], [2.092570763712962], [1.9993441406414003], [1.9993441406414003], [1.9043025018513082], [1.9043025018513082], [1.7613758504903196], [1.7613758504903196], [1.5352006609079674], [1.5100121623821876], [1.39239321443096], [1.2333021212337534], [1.2333021212337534], [0.8542965540762261], [0.8542965540762261], [0.5254298465393612], [0.5254298465393612], [0.3109488456981177], [0.30345236648455015], [0.30345236648455015], [0.13630145547640524]], "Time": [[1615223616.7588022], [1615223616.9857283], [1615223617.1987996], [1615223617.4168155], [1615223617.6367986], [1615223617.8526235], [1615223618.093465], [1615223618.3057015], [1615223618.522233], [1615223618.7368884], [1615223618.9511373], [1615223619.1653128], [1615223619.3827329], [1615223619.597272], [1615223619.8256063], [1615223620.0381024], [1615223620.2505994], [1615223620.4754376], [1615223620.6888123], [1615223620.921841], [1615223621.139055], [1615223621.3589838], [1615223621.575887]]}