{"IMU": [[2.590873667774759, 1.0579821395314384, 0.46], [2.604560563741289, 1.0501157563365149, 0.65], [2.604560563741289, 1.0501157563365149, 0.65], [2.613835120378099, 1.0006123274005103, 0.69], [2.613835120378099, 1.0006123274005103, 0.69], [2.581352425990663, 0.925193311516111, 0.73], [2.581352425990663, 0.925193311516111, 0.73], [2.5043199064117294, 0.8219561403430152, 0.76], [2.5043199064117294, 0.8219561403430152, 0.76], [2.4130917169433457, 0.7094119089282203, 0.78]], "Kalman": [[2.532145991323945, 1.333820414999769, 0.338848688345589], [2.551913165909628, 1.3903109919925702, 0.5257566812861927], [2.6429681103879505, 1.4178736864906876, 0.6370824565955884], [2.7348346586493237, 1.5291404532466841, 0.6805849566167157], [2.8479843632872357, 1.7398009442825144, 0.6805303111399861], [2.876230955760588, 1.8498111376988975, 0.7206248213451738], [3.001273608946948, 2.3845295827251003, 0.7241542480075635], [2.9101849318266333, 2.2732621193527316, 0.7529235064517643], [2.81667427068372, 2.3971703424204973, 0.7499325569266553], [2.7975629318382276, 2.8550494808907207, 0.77084706632818]], "UWB": [[2.51289422, 1.48307409, 1.61407633], [2.52598296, 1.57085558, 1.4681353], [2.67952926, 1.5859152, 1.45891059], [2.76026366, 1.76160305, 1.73059994], [2.93751791, 2.09719239, 1.63147909], [2.97947684, 2.31966306, 1.86627187], [3.11651756, 3.11257441, 2.887701], [3.03076337, 2.95673623, 1.70115739], [2.8611834, 3.15595706, 1.46872897], [2.87892013, 3.94457588, 2.48683257]], "Distance": [[1.6664896562024445], [1.6105259014665687], [1.5885728036468674], [1.4894882084723984], [1.3073617621468303], [1.210158729685503], [0.7937751983825375], [0.8345056173958946], [0.6809450710376618], [0.33098995663646835]], "Time": [[1615575448.8156223], [1615575449.2964916], [1615575449.69417], [1615575450.1819408], [1615575450.7744222], [1615575451.279536], [1615575451.9983897], [1615575452.56845], [1615575453.229901], [1615575453.9806156]], "Title":[["ModelBasedAgentUWB"]]}