{"IMU": [[2.2449913620275805, 1.9050264105352903, 0.56], [2.1883218192381215, 1.9152616715583348, 0.41], [2.1883218192381215, 1.9152616715583348, 0.41], [2.2243856465143512, 1.9263838046941304, 0.45], [2.2243856465143512, 1.9263838046941304, 0.45], [2.255258085660393, 1.9430519348535085, 0.56], [2.3068119549078294, 1.9551535421762014, 0.56], [2.3068119549078294, 1.9551535421762014, 0.7], [2.3581619858068774, 1.9651975208673025, 0.83], [2.3581619858068774, 1.9651975208673025, 0.83], [2.422246076993401, 1.9809353023919607, 0.88], [2.422246076993401, 1.9809353023919607, 0.88], [2.497168428830559, 1.999652820244744, 0.88], [2.582892076901848, 2.0205998283776783, 0.87], [2.582892076901848, 2.0205998283776783, 0.87], [2.6764174293798755, 2.039885650292351, 0.87], [2.6764174293798755, 2.039885650292351, 0.87], [2.757589342526848, 2.052030072823479, 0.87], [2.757589342526848, 2.052030072823479, 0.87], [2.828196718625481, 2.0545770603570483, 0.88], [2.903098490170891, 2.0519110542687917, 0.88], [2.903098490170891, 2.0519110542687917, 0.88], [2.966324274472649, 2.0401941639337084, 0.88], [2.966324274472649, 2.0401941639337084, 0.88], [3.0217963051122974, 2.0401941639337084, 0.88], [3.0217963051122974, 2.015584321633294, 0.88], [3.063209040097649, 1.9813139015588308, 0.88], [3.063209040097649, 1.9813139015588308, 0.88], [3.0981810402197194, 1.9367426926049733, 0.89], [3.122167246274407, 1.8754818970117115, 0.89], [3.122167246274407, 1.8754818970117115, 0.9], [3.1382192634863206, 1.8008359581384206, 0.9], [3.1382192634863206, 1.8008359581384206, 0.9], [3.152118418149407, 1.7166394096765065, 0.9], [3.152118418149407, 1.7166394096765065, 0.9], [3.1688556312841722, 1.6241782623681569, 0.9], [3.1688556312841722, 1.6241782623681569, 0.9], [3.1751706337255787, 1.5341128021630788, 0.91], [3.1836110328955005, 1.4199518829736255, 0.91], [3.1836110328955005, 1.4199518829736255, 0.91], [3.1953750252050708, 1.2995453125390553, 0.91], [3.1953750252050708, 1.2995453125390553, 0.91], [3.230839197568352, 1.1301133972558524, 0.9], [3.230839197568352, 1.1301133972558524, 0.9], [3.2980175422949145, 0.9282782226953054, 0.89], [3.2980175422949145, 0.9282782226953054, 0.89], [3.2980175422949145, 0.9282782226953054, 0.89], [3.2980175422949145, 0.9282782226953054, 0.89], [3.2980175422949145, 0.9282782226953054, 0.89], [3.2980175422949145, 0.9282782226953054, 0.89], [3.2980175422949145, 0.9282782226953054, 0.89], [3.2980175422949145, 0.9282782226953054, 0.89]], "Kalman": [[2.219923714763685, 1.903494306827817, 0.5798888863802367], [2.2648882138134434, 1.884239666841737, 0.41089081565944174], [2.2910443395471294, 1.8728698303061808, 0.40982409717998974], [2.254114009013722, 1.9628001332487024, 0.44997517083384364], [2.2546477612608693, 1.9401971382941867, 0.4428922782553495], [2.3096656665138404, 2.002745983543734, 0.5511059846619274], [2.3891075798156316, 1.9857651943525791, 0.5510749397852225], [2.3698448424530647, 2.0624798237092885, 0.690968361374542], [2.418602164868966, 2.1525376948356176, 0.820280080296228], [2.4090882881094484, 2.224841454125254, 0.8170515113275112], [2.4999199210662324, 2.2722431309841187, 0.8778007220557675], [2.495462045674296, 2.2556902055071495, 0.8810727448085652], [2.5741712368012597, 2.3603234289016317, 0.8812336154811071], [2.6178754342111312, 2.50843703377953, 0.8756311334473219], [2.6531713695501984, 2.5897678902807444, 0.8746693722450734], [2.7240955554808792, 2.645586080496427, 0.8744295074421403], [2.7124427393977104, 2.6513667476760694, 0.8723568802948446], [2.8007960646444308, 2.714932374849141, 0.8721084292229716], [2.820136999968945, 2.7250155566856438, 0.8728536395478336], [2.792833338717641, 2.8763558379311114, 0.884124214227237], [2.8406466608880843, 2.90477618449707, 0.8839323898401272], [2.855513665154775, 2.9676935192239484, 0.8840910119156458], [2.8421930363318637, 2.9792917179539344, 0.8840145943533644], [2.8210010116048516, 3.01760354768246, 0.8834945913339097], [3.1986058894930554, 3.383568071228669, 0.8829645675616442], [2.8115353067487234, 3.005231672392771, 0.8840753470934777], [2.783316240452389, 3.0570665354649917, 0.8844797767905725], [2.6298167394677106, 3.1425722143163926, 0.8838941088531895], [3.2809685408062186, 2.9777653832928133, 0.8835157967963417], [2.4701963123233943, 3.1997668891789064, 0.8931783327368638], [2.5317641838321094, 3.4608963826891093, 0.9054645638147157], [2.4646560991882382, 3.452998123200765, 0.9056053834389589], [2.285437223360039, 3.3037259032273254, 0.9041516218425278], [2.2049259986547356, 3.208369404230365, 0.9037211284577237], [2.1004262918676844, 3.1774444674627333, 0.9043075086296768], [1.981126595182704, 3.1839834303358905, 0.9042998738599805], [1.8726323841147847, 3.2170165351199893, 0.9047413048574041], [1.6738632587829736, 3.4067065635654785, 0.9150885874907547], [1.8964010347692328, 3.170855087019575, 0.9154039174887579], [1.9713587492363205, 3.0783964021844015, 0.9142437487834117], [2.1810322582637793, 2.8299670377144865, 0.9142294687392819], [2.1934731626774666, 2.5350190645529307, 0.9134492016294956], [2.2070231489824272, 2.397347531240812, 0.9045910222458846], [1.9538266667178614, 2.0352466168774788, 0.906047598933966], [1.6655731172609132, 2.146735419284882, 0.8953276053928358], [1.6145992859139755, 2.148609542030879, 0.8931454108433452], [1.779180226073475, 2.2205571887185958, 0.8923646798693412], [1.5717414575179465, 2.2082344309483832, 0.8930177392025171], [1.548268351372048, 2.179623239164252, 0.8929806448003761], [1.5021013862636123, 2.1878451816137883, 0.8929997015622527], [1.5291630807740892, 2.210476828511409, 0.8929874230271742], [1.56236652883592, 2.2097426001924916, 0.8930434151981709]], "UWB": [[2.33831687, 1.97678834, 0.7817739], [2.31675031, 1.84182544, 1.17591977], [2.27007531, 1.96301559, 1.07507408], [2.24326307, 1.97123507, 1.39545098], [2.24536795, 1.9397444, 1.85131953], [2.30883533, 2.01502126, 1.50379438], [2.41605227, 1.97939998, 1.47258581], [2.36544436, 2.10746597, 1.49027993], [2.41076098, 2.23469897, 1.31317665], [2.50846502, 2.38177868, 1.31142406], [2.48731306, 2.40175488, 1.47408337], [2.46555694, 2.51345669, 1.57604274], [2.5532057, 2.52410925, 1.53412068], [2.5748986, 2.74014036, 1.65447598], [2.61207877, 2.87438944, 1.69675313], [2.69887955, 2.94358809, 1.45203928], [2.72251746, 3.00214439, 1.50793163], [2.7651993, 3.03479474, 1.33091671], [2.79698544, 3.05334321, 1.18230124], [2.72687642, 3.2947795, 1.66728605], [2.77142951, 3.36503273, 1.45372401], [2.7805552, 3.42758954, 1.69001169], [2.72829343, 3.45213101, 1.61292989], [2.70923296, 3.51793337, 1.44071678], [2.8042172, 4.01596455, 3.13937103], [2.67448711, 3.52318697, 1.46377741], [2.59233071, 3.55653827, 1.77897421], [2.37629895, 3.76305143, 1.6409795], [3.45471684, 3.51418444, -9.43315243], [2.1232576, 3.88811891, 1.35201129], [2.23618202, 4.33205835, 3.08528592], [2.11481736, 4.33259947, 3.15505834], [1.78051433, 3.96564708, 1.86247085], [1.71566326, 4.01487613, 1.7554508], [1.56391836, 3.98129586, 1.62563761], [1.37884169, 4.02680537, 1.38323318], [1.21357954, 4.08099396, 1.76705517], [0.91443963, 4.41073361, 1.65984792], [1.24529169, 4.10778129, 1.97412073], [1.35534731, 3.9878978, 1.44453047], [1.66916197, 3.64672304, 1.40782936], [1.67304683, 3.2229516, 1.00918653], [1.65523173, 3.12501111, 2.11471366], [1.27199919, 2.62229194, 2.05029182], [0.79025208, 2.90920911, 1.30649952], [0.71051226, 2.83633538, 1.24639894], [1.0899699, 2.98882111, 0.30911997], [0.65300612, 2.96605504, 1.07567012], [0.6404544, 2.9282183, 1.08322782], [0.50434658, 2.9395085, 1.06781192], [0.56547777, 2.96608845, 1.08186823], [0.65985507, 2.96648608, 1.17936056]],