{"IMU": [[0.028475732803344728, -0.018380311727523805, 0.78], [0.028475732803344728, -0.018380311727523805, 0.78], [0.028475732803344728, -0.018380311727523805, 0.78], [0.028475732803344728, -0.018380311727523805, 0.78], [0.028475732803344728, -0.018380311727523805, 0.78], [0.028475732803344728, -0.018380311727523805, 0.78], [0.028475732803344728, -0.018380311727523805, 0.78], [0.028475732803344728, -0.018380311727523805, 0.78], [0.028475732803344728, -0.018380311727523805, 0.78], [0.028475732803344728, -0.018380311727523805, 0.78], [0.02256209373474121, -0.00976312518119812, 0.78], [0.02256209373474121, -0.00976312518119812, 0.78], [0.02256209373474121, -0.00976312518119812, 0.78], [0.02256209373474121, -0.00976312518119812, 0.78], [0.02256209373474121, -0.00976312518119812, 0.78], [0.02256209373474121, -0.00976312518119812, 0.78], [0.02256209373474121, -0.00976312518119812, 0.78], [0.02256209373474121, -0.00976312518119812, 0.78], [0.02256209373474121, -0.00976312518119812, 0.78], [0.02256209373474121, -0.00976312518119812, 0.78], [0.02256209373474121, -0.00976312518119812, 0.78], [0.07913161277770996, -0.007077902555465698, 0.79], [0.07913161277770996, -0.007077902555465698, 0.79], [0.07913161277770996, -0.007077902555465698, 0.79], [0.07913161277770996, -0.007077902555465698, 0.79], [0.07913161277770996, -0.007077902555465698, 0.79], [0.07913161277770996, -0.007077902555465698, 0.79], [0.07913161277770996, -0.007077902555465698, 0.79], [0.07913161277770996, -0.007077902555465698, 0.79], [0.18913129806518555, -0.004351569712162018, 0.81], [0.18913129806518555, -0.004351569712162018, 0.81], [0.18913129806518555, -0.004351569712162018, 0.81], [0.18913129806518555, -0.004351569712162018, 0.81], [0.18913129806518555, -0.004351569712162018, 0.81], [0.18913129806518555, -0.004351569712162018, 0.81], [0.18913129806518555, -0.004351569712162018, 0.81], [0.18913129806518555, -0.004351569712162018, 0.81], [0.3548445129394531, 0.006049073934555053, 0.83], [0.3548445129394531, 0.006049073934555053, 0.83], [0.3548445129394531, 0.006049073934555053, 0.83], [0.3548445129394531, 0.006049073934555053, 0.83], [0.3548445129394531, 0.006049073934555053, 0.83], [0.3548445129394531, 0.006049073934555053, 0.83], [0.5669913864135743, 0.013578672409057618, 0.85]], "Kalman": [[0.012073895281933459, -0.02256168982178615, 0.7841182032646383], [-0.004466442903359638, -0.014388279518853107, 0.7838597732824699], [-0.004466442903359638, -0.014388279518853107, 0.7838597732824699], [-0.004466442903359638, -0.014388279518853107, 0.7838597732824699], [-0.004466442903359638, -0.014388279518853107, 0.7838597732824699], [-0.004466442903359638, -0.014388279518853107, 0.7838597732824699], [-0.004466442903359638, -0.014388279518853107, 0.7838597732824699], [-0.004466442903359638, -0.014388279518853107, 0.7838597732824699], [-0.004466442903359638, -0.014388279518853107, 0.7838597732824699], [-0.004466442903359638, -0.014388279518853107, 0.7838597732824699], [-0.010176469102238364, -0.006815644750542579, 0.7838597709261885], [0.054639065412683076, -0.00155377216740817, 0.7767691825408829], [0.0646998919651367, -0.00019407204407797304, 0.7763568361644262], [0.0646998919651367, -0.00019407204407797304, 0.7763568361644262], [0.0646998919651367, -0.00019407204407797304, 0.7763568361644262], [0.0646998919651367, -0.00019407204407797304, 0.7763568361644262], [0.0646998919651367, -0.00019407204407797304, 0.7763568361644262], [0.0646998919651367, -0.00019407204407797304, 0.7763568361644262], [0.0646998919651367, -0.00019407204407797304, 0.7763568361644262], [0.0646998919651367, -0.00019407204407797304, 0.7763568361644262], [0.0646998919651367, -0.00019407204407797304, 0.7763568361644262], [0.19104286826378614, 0.00761953880333667, 0.7847021931177841], [0.20187046617083027, 0.009055948715156994, 0.7846060047294884], [0.20245371476347235, 0.009133323592458395, 0.7846059887583579], [0.20245530528365469, 0.0091335345939173, 0.7846059887583561], [0.20245530528365469, 0.0091335345939173, 0.7846059887583561], [0.20245530528365469, 0.0091335345939173, 0.7846059887583561], [0.20245530528365469, 0.0091335345939173, 0.7846059887583561], [0.20245530528365469, 0.0091335345939173, 0.7846059887583561], [0.30319484410756525, 0.011483458012609207, 0.8043482970320914], [0.3961523574636856, 0.01993261654746594, 0.8043320759888465], [0.41058145113402456, 0.022288277619285847, 0.804316970474994], [0.41058145113402456, 0.022288277619285847, 0.804316970474994], [0.41058145113402456, 0.022288277619285847, 0.804316970474994], [0.41058145113402456, 0.022288277619285847, 0.804316970474994], [0.41058145113402456, 0.022288277619285847, 0.804316970474994], [0.41058145113402456, 0.022288277619285847, 0.804316970474994], [0.647919712067429, 0.04683092426034837, 0.8251317199690783], [0.647919712067429, 0.04683092426034837, 0.8251317199690783], [0.647919712067429, 0.04683092426034837, 0.8251317199690783], [0.647919712067429, 0.04683092426034837, 0.8251317199690783], [0.647919712067429, 0.04683092426034837, 0.8251317199690783], [0.647919712067429, 0.04683092426034837, 0.8251317199690783], [0.912529593457778, 0.04451132181160046, 0.8455884651866855]], "CMD": [[0.3203541596292434, 20.0, 0, 6.286380545529618], [0.3931855900987086, 20.0, 0, 3.2600702808575273], [0.3931855900987086, 20.0, 0, 3.2600702808575273], [0.3931855900987086, 20.0, 0, 3.2600702808575273], [0.3931855900987086, 20.0, 0, 3.2600702808575273], [0.3931855900987086, 20.0, 0, 3.2600702808575273], [0.3931855900987086, 20.0, 0, 3.2600702808575273], [0.3931855900987086, 20.0, 0, 3.2600702808575273], [0.3931855900987086, 20.0, 0, 3.2600702808575273], [0.3931855900987086, 20.0, 0, 3.2600702808575273], [0.3914902689538316, 20.0, 0, 3.2600703080850355], [0.042459616225889625, 20.0, 0, 3.367018554676917], [0.005303367304789671, 20.0, 0, 3.3732380270431723], [0.005303367304789671, 20.0, 0, 3.3732380270431723], [0.005303367304789671, 20.0, 0, 3.3732380270431723], [0.005303367304789671, 20.0, 0, 3.3732380270431723], [0.005303367304789671, 20.0, 0, 3.3732380270431723], [0.005303367304789671, 20.0, 0, 3.3732380270431723], [0.005303367304789671, 20.0, 0, 3.3732380270431723], [0.005303367304789671, 20.0, 0, 3.3732380270431723], [0.005303367304789671, 20.0, 0, 3.3732380270431723], [-0.18172084413148673, 20.0, 0, 3.2426254182815244], [-0.2474700699834935, 20.0, 0, 3.2488147778907175], [-0.2495689619694655, 20.0, 0, 3.2488150187848044], [-0.24959024352361175, 20.0, 0, 3.2488150187853186], [-0.24959024352361175, 20.0, 0, 3.2488150187853186], [-0.24959024352361175, 20.0, 0, 3.2488150187853186], [-0.24959024352361175, 20.0, 0, 3.2488150187853186], [-0.24959024352361175, 20.0, 0, 3.2488150187853186], [-0.2964079248546536, 19.469372103986867, 0, 3.017872920936023], [-0.5446945612335022, 16.501221799955687, 0, 2.951283958906453], [-0.6090672325721735, 16.106920889834505, 0, 2.9515117972757174], [-0.6090672325721735, 16.106920889834505, 0, 2.9515117972757174], [-0.6090672325721735, 16.106920889834505, 0, 2.9515117972757174], [-0.6090672325721735, 16.106920889834505, 0, 2.9515117972757174], [-0.6090672325721735, 16.106920889834505, 0, 2.9515117972757174], [-0.6090672325721735, 16.106920889834505, 0, 2.9515117972757174], [-1.2615437570747763, 9.684246776680077, 0, 2.637569134096011], [-1.2797391492183583, 9.62122647057983, 0, 2.637560307265297], [-1.2797391492183583, 9.62122647057983, 0, 2.637560307265297], [-1.2797391492183583, 9.62122647057983, 0, 2.637560307265297], [-1.2797391492183583, 9.62122647057983, 0, 2.637560307265297], [-1.2797391492183583, 9.62122647057983, 0, 2.637560307265297], [-1.2350432044966315, 2.4754900147562036, 0, 2.3290300308334224]],