{"IMU": [[0.005002216696739197, 0.006438831090927124, 0.69], [0.005002216696739197, 0.005537683963775635, 0.7], [0.03890834093093872, -0.008032865524291992, 0.74], [0.1711827278137207, -0.044091954231262206, 0.79], [0.1711827278137207, -0.044091954231262206, 0.79], [0.45017787933349607, -0.11921448707580566, 0.83], [0.8407180023193359, -0.22165481567382814, 0.87], [0.8407180023193359, -0.22165481567382814, 0.87], [1.2762591552734375, -0.33126461029052734, 0.91], [1.7289208984375, -0.4360442352294922, 0.93], [2.150320739746094, -0.516756362915039, 0.95], [2.150320739746094, -0.516756362915039, 0.95], [2.537508697509766, -0.5756320953369141, 0.97], [2.8002117919921874, -0.5896653366088868, 0.99], [2.9262728881835938, -0.5580699920654297, 1.0], [2.9262728881835938, -0.5580699920654297, 1.0], [2.9926553344726563, -0.3706346130371094, 1.0], [2.9926553344726563, -0.3706346130371094, 1.0], [2.9743255615234374, -0.2300592041015625, 1.0], [2.9052523803710937, -0.08221817016601562, 1.01], [2.9052523803710937, -0.08221817016601562, 1.01], [2.782568054199219, 0.05702606678009033, 1.02], [2.782568054199219, 0.05702606678009033, 1.02], [2.782568054199219, 0.05702606678009033, 1.02], [2.782568054199219, 0.05702606678009033, 1.02], [2.782568054199219, 0.05702606678009033, 1.02], [2.782568054199219, 0.05702606678009033, 1.02], [2.782568054199219, 0.05702606678009033, 1.02], [2.782568054199219, 0.05702606678009033, 1.02], [2.782568054199219, 0.05702606678009033, 1.02], [2.782568054199219, 0.05702606678009033, 1.02], [2.782568054199219, 0.05702606678009033, 1.02], [2.782568054199219, 0.05702606678009033, 1.02], [2.782568054199219, 0.05702606678009033, 1.02], [2.782568054199219, 0.05702606678009033, 1.02], [2.782568054199219, 0.05702606678009033, 1.02], [2.782568054199219, 0.05702606678009033, 1.02], [2.782568054199219, 0.05702606678009033, 1.02], [2.782568054199219, 0.05702606678009033, 1.02], [2.782568054199219, 0.05702606678009033, 1.02], [2.782568054199219, 0.05702606678009033, 1.02], [2.782568054199219, 0.05702606678009033, 1.02], [2.782568054199219, 0.05702606678009033, 1.02], [2.782568054199219, 0.05702606678009033, 1.02], [2.782568054199219, 0.05702606678009033, 1.02], [2.782568054199219, 0.05702606678009033, 1.02], [2.782568054199219, 0.05702606678009033, 1.02]], "Kalman": [[-0.0007329741912549198, -0.003499149461683509, 0.6813705987253901], [0.013190983852203832, 0.00023071260249689883, 0.6539442216489662], [0.10700521027165626, -0.011087071278904988, 0.6897637895037568], [0.2227599897954164, -0.0381303413385392, 0.7147600796102979], [0.37649428723809214, -0.04162656808412846, 0.7434662674530685], [0.8266572188789995, -0.11191344433750958, 0.7872807324661497], [1.264925525574839, -0.215511443307065, 0.8286400538099374], [1.2688841858443256, -0.21612962157734295, 0.8294997868402958], [1.7460757105325362, -0.32138564384381985, 0.8797325303494525], [2.176636401429918, -0.419889811626738, 0.9024678456759365], [2.569064354910574, -0.49575102322493003, 0.9262746738214533], [2.5668158504879655, -0.49497831367744727, 0.9306859652926288], [2.8874276244629584, -0.5398734098608464, 0.9534352804032168], [2.9717734545690653, -0.5424374264107792, 0.9800963109744203], [3.011946903076109, -0.49858721656535704, 0.9899542509480719], [2.9840561060096302, -0.48587423974556804, 0.9929485434897097], [3.0002792048711138, -0.28303262964789055, 0.9990391790566843], [2.972795143248219, -0.2328337569253585, 0.9996263280045935], [2.8964194598490476, -0.09496477811635855, 1.0001524279002254], [2.770041257678807, 0.04997938691478773, 1.0066751150903674], [2.7661117508304254, 0.05022317437446536, 1.005627739655993], [2.5980268072195467, 0.14990761932709062, 1.0209255695910864], [2.598023850758106, 0.14990338783664292, 1.0209269201950661], [2.5980238155621365, 0.14990333746175666, 1.020926936273685], [2.5980238067631443, 0.1499033248680351, 1.0209269402933396], [2.598023805296646, 0.14990332276908147, 1.0209269409632822], [2.598023805296646, 0.14990332276908147, 1.0209269409632822], [2.5980238045633963, 0.1499033217196047, 1.0209269412982533], [2.5980238045633963, 0.1499033217196047, 1.0209269412982533], [2.5980238038301917, 0.1499033206701919, 1.020926941633204], [2.5980238038301917, 0.1499033206701919, 1.020926941633204], [2.5980238038301917, 0.1499033206701919, 1.020926941633204], [2.5980238038301917, 0.1499033206701919, 1.020926941633204], [2.5980238038301917, 0.1499033206701919, 1.020926941633204], [2.5980238038301917, 0.1499033206701919, 1.020926941633204], [2.5980238038301917, 0.1499033206701919, 1.020926941633204], [2.5980238038301917, 0.1499033206701919, 1.020926941633204], [2.5980238038301917, 0.1499033206701919, 1.020926941633204], [2.5980238038301917, 0.1499033206701919, 1.020926941633204], [2.5980238038301917, 0.1499033206701919, 1.020926941633204], [2.5980238038301917, 0.1499033206701919, 1.020926941633204], [2.5980238038301917, 0.1499033206701919, 1.020926941633204], [2.5980238038301473, 0.1499033206701284, 1.0209269416332243], [2.598023803830147, 0.1499033206701279, 1.0209269416332245], [2.598023803830147, 0.1499033206701279, 1.0209269416332245], [2.598023803830147, 0.1499033206701279, 1.0209269416332245], [2.598023803830147, 0.1499033206701279, 1.0209269416332245]],