{"IMU": [[1.9573187395333957, 1.8452013815920185, 0.66], [1.9675002675652218, 1.8378287477772068, 0.66], [1.9675002675652218, 1.8378287477772068, 0.64], [1.9866698344945621, 1.8540065957586598, 0.65], [1.9866698344945621, 1.8540065957586598, 0.65], [1.9866698344945621, 1.8540065957586598, 0.65], [1.9975133606195163, 1.8965300990621876, 0.66], [2.003979432225199, 1.9773221303503346, 0.68], [2.003979432225199, 1.9773221303503346, 0.68], [2.0048227831124974, 2.1132344152014086, 0.7], [2.002855181336374, 2.2949142743627857, 0.72], [2.002855181336374, 2.2949142743627857, 0.72], [1.9988773843049719, 2.5268896390478446, 0.74], [1.9988773843049719, 2.5268896390478446, 0.74], [1.991304947972269, 2.784906683115227, 0.76], [1.9844658240079593, 3.038461828378899, 0.78], [1.9844658240079593, 3.038461828378899, 0.78], [1.9807765742540073, 3.2533159543554615, 0.8], [1.9807765742540073, 3.2533159543554615, 0.8], [1.980873436570139, 3.425244512705071, 0.83], [1.9852085324525548, 3.54554221167968, 0.85], [1.9852085324525548, 3.54554221167968, 0.85], [1.9928554173707678, 3.616057806162102, 0.87], [1.9928554173707678, 3.616057806162102, 0.87], [2.0020123907327365, 3.616057806162102, 0.87], [2.0020123907327365, 3.647476263193352, 0.88], [2.012615551590891, 3.653397283701165, 0.9], [2.012615551590891, 3.653397283701165, 0.9], [2.024364232659311, 3.637386846689446, 0.91], [2.024364232659311, 3.637386846689446, 0.91], [2.0391088434457494, 3.594695501474602, 0.92], [2.057625875115366, 3.5229274655859304, 0.92], [2.057625875115366, 3.5229274655859304, 0.92], [2.083546228051157, 3.419683752207024, 0.93], [2.083546228051157, 3.419683752207024, 0.93], [2.114446410775156, 3.2973146726171803, 0.93], [2.114446410775156, 3.2973146726171803, 0.93], [2.1492934414148044, 3.1662876035253835, 0.93], [2.1492934414148044, 3.1662876035253835, 0.93], [2.1872264858483983, 3.0433953000585863, 0.93], [2.1872264858483983, 3.0433953000585863, 0.93], [2.233780135750742, 2.93141867652343, 0.93], [2.233780135750742, 2.93141867652343, 0.93], [2.2931311985254004, 2.8219269467871024, 0.93], [2.2931311985254004, 2.8219269467871024, 0.93], [2.383951282143564, 2.721509924082024, 0.93], [2.383951282143564, 2.721509924082024, 0.93], [2.533067531228037, 2.6222815610449146, 0.93], [2.533067531228037, 2.6222815610449146, 0.94]], "Kalman": [[1.9645612278514641, 1.8475825929862149, 0.6694291424792034], [1.9417786533507113, 1.8685189819406613, 0.6696139478684122], [1.9073553958448837, 1.8778862834527639, 0.6414839368797498], [1.8886543303256715, 1.9058251592283493, 0.650816128117477], [1.835006205806117, 1.7548211158890104, 0.6515505162892042], [1.9873173626292897, 1.9273007900012478, 0.648429054465293], [1.9901933683997002, 2.0567190834188276, 0.6575784492612531], [1.9742151717930865, 2.063104040203446, 0.6771621375971583], [1.9924524836240523, 2.1017500501231776, 0.6770017903308483], [2.0064696669330315, 2.321975969062481, 0.6946621765057821], [2.0149747327521403, 2.4590886233133973, 0.7133480691391463], [2.015660265664006, 2.5277299185914592, 0.716392141372083], [2.0128182251565834, 2.693856546238888, 0.7366665040125111], [1.9788820087905346, 2.865874098982011, 0.737401129596719], [1.9485956539778253, 3.1076846896585977, 0.7572959695184419], [1.9437888164607795, 3.258288151174405, 0.7768433519468663], [1.959427296284392, 3.4053193051408357, 0.7762356979183439], [1.9446971634635442, 3.5035760401794684, 0.7961758680924004], [1.9300160426061064, 3.6527157883855295, 0.7968564709814074], [1.956664195130938, 3.757167751055743, 0.8275553189336058], [1.9761171350098548, 3.8405734522142136, 0.842388391238305], [1.9545146287036357, 3.89730122761719, 0.8482785402375038], [1.9439297548753345, 3.9971713569276037, 0.8669502017621846], [1.9435339098445765, 3.990664918999784, 0.8689975877761237], [1.9162113620669656, 4.005363429666093, 0.8688866132380313], [1.8830368539275446, 3.9344239439915065, 0.8807945226113686], [1.8793183497079964, 3.9218518474604784, 0.8962096283120633], [1.8425242651002978, 3.8288361930422834, 0.901312475138379], [1.8455239893060071, 3.7680544093892987, 0.9113841025043086], [1.8073862164668362, 3.676336557717572, 0.912092579412786], [1.8068538450250577, 3.528736590270594, 0.921897783627347], [1.7892332555299402, 3.3928576040140266, 0.9221637757135762], [1.7864468433514764, 3.2373441163407253, 0.9235789054023839], [1.7297232129128484, 3.1236683303030173, 0.9312619644333532], [1.6487589754074639, 3.0115868082013897, 0.9337809271137627], [1.6254338710058527, 2.9070156099268214, 0.9336918829604246], [1.5799565730780127, 2.845219930665301, 0.933556949767141], [1.5534613050578456, 2.7233273609343276, 0.9335086896089756], [1.4317936681766577, 2.675599730431216, 0.9334673731899579], [1.492753819095515, 2.6370173285317886, 0.9339290245840557], [1.4194296361912522, 2.6528519756312123, 0.9348536109980627], [0.8617289388363746, 2.0829380845954453, 0.9379907079200928], [1.647466428995654, 2.554656740575035, 0.9347640630943259], [1.5292594865673357, 2.474126191649885, 0.9356934411083919], [1.4394049076574653, 2.554270514074024, 0.9357144014219543], [1.508076053236658, 2.5621584095593675, 0.9354307961488401], [1.7427236635156627, 2.5919321001080693, 0.9320721636602166], [1.5486430177594752, 2.588462461672255, 0.9345060406938588], [1.566008962339507, 2.516202953150031, 0.945890307045296]], "UWB": [[1.965814, 1.85219015, 0.65403633], [1.91747048, 1.87737092, 0.83805382], [1.86721973, 1.93454033, 0.90227194], [1.82374992, 1.93029236, 0.77792942], [1.75000841, 1.68720115, 4.15502742], [1.96491315, 1.94684599, 1.01105639], [2.00527106, 2.09840625, 1.07489083], [1.95329731, 2.03576143, 1.01083685], [1.98077975, 2.09057883, 0.95188974], [2.00572723, 2.30784569, 1.1565024], [2.03826448, 2.44993286, 0.92024191], [2.02117597, 2.64449601, 1.33370134], [2.02117597, 2.64449601, 1.33370134], [1.96911644, 2.92398163, 1.40844125], [1.9287386, 3.08670768, 1.66560505], [1.92569511, 3.18772474, 1.48978133], [1.92740904, 3.46863674, 1.59720057], [1.92740904, 3.46863674, 1.59720057], [1.89654151, 3.71913048, 1.44892818], [1.94280604, 3.82781517, 1.5776252], [1.97155029, 3.90482881, 1.05998243], [1.9195761, 4.03421867, 1.31011035], [1.91317838, 4.1341916, 1.1546198], [1.91130728, 4.14628395, 1.40493992], [1.86925815, 4.1664577, 1.29166428], [1.81649671, 4.05790587, 1.38508035], [1.80673409, 4.03046083, 1.51412785], [1.74375544, 3.90833516, 1.5460068], [1.77450102, 3.84324765, 1.73796135], [1.69460275, 3.71078351, 1.66290469], [1.68414377, 3.52212722, 1.45359624], [1.66655348, 3.36352422, 1.17703788], [1.64106984, 3.14412646, 1.26200931], [1.5348207, 3.0303608, 1.30380218], [1.41027071, 2.87843473, 1.40341625], [1.3677502, 2.78235746, 1.31196843], [1.29811727, 2.71432294, 1.2777623], [1.24172329, 2.59480263, 1.23048254], [1.05584052, 2.5232785, 1.34118338], [1.12846429, 2.52595402, 1.79263827], [1.01704693, 2.54228454, 1.84852147], [-0.2013505, 1.43513346, 6.19474721], [1.32820017, 2.44671085, 1.66937613], [1.10548283, 2.37867025, 2.59926372], [1.01436798, 2.5316816, 1.45681299], [1.02797663, 2.55415609, 1.24227722], [1.3757887, 2.59886601, -1.40121441], [0.98250514, 2.62557703, 1.18586926], [0.94784264, 2.50086913, 1.24889997]],