{"IMU": [[0.0180124568939209, -0.003089303970336914, 0.75], [0.0180124568939209, -0.003089303970336914, 0.75], [0.0180124568939209, -0.003089303970336914, 0.75], [0.0180124568939209, -0.003089303970336914, 0.75], [0.0180124568939209, -0.003089303970336914, 0.75], [0.0180124568939209, -0.003089303970336914, 0.75], [0.0180124568939209, -0.003089303970336914, 0.75], [0.0180124568939209, -0.003089303970336914, 0.75], [0.0180124568939209, -0.003089303970336914, 0.75], [0.0135430908203125, -0.009100316166877747, 0.75], [0.0135430908203125, -0.009100316166877747, 0.76], [0.0135430908203125, -0.009100316166877747, 0.76], [0.0135430908203125, -0.009100316166877747, 0.76], [0.0135430908203125, -0.009100316166877747, 0.76], [0.0135430908203125, -0.009100316166877747, 0.76], [0.0135430908203125, -0.009100316166877747, 0.76], [0.0135430908203125, -0.009100316166877747, 0.76], [0.0135430908203125, -0.009100316166877747, 0.76], [0.0135430908203125, -0.009100316166877747, 0.76], [0.0135430908203125, -0.009100316166877747, 0.76], [0.04667583465576172, -0.01483052372932434, 0.79], [0.04667583465576172, -0.01483052372932434, 0.79], [0.04667583465576172, -0.01483052372932434, 0.79], [0.04667583465576172, -0.01483052372932434, 0.79], [0.04667583465576172, -0.01483052372932434, 0.79], [0.04667583465576172, -0.01483052372932434, 0.79], [0.04667583465576172, -0.01483052372932434, 0.79], [0.04667583465576172, -0.01483052372932434, 0.79], [0.04667583465576172, -0.01483052372932434, 0.79], [0.1359834384918213, -0.026011531352996827, 0.81], [0.1359834384918213, -0.026011531352996827, 0.81], [0.1359834384918213, -0.026011531352996827, 0.81], [0.1359834384918213, -0.026011531352996827, 0.81], [0.1359834384918213, -0.026011531352996827, 0.81], [0.1359834384918213, -0.026011531352996827, 0.81], [0.1359834384918213, -0.026011531352996827, 0.81], [0.1359834384918213, -0.026011531352996827, 0.81], [0.1359834384918213, -0.026011531352996827, 0.81], [0.1359834384918213, -0.026011531352996827, 0.81], [0.26619758605957033, -0.039053606986999514, 0.83], [0.26619758605957033, -0.039053606986999514, 0.83]], "Kalman": [[-0.05487127223718116, -0.04407286937705826, 0.7481209742254017], [-0.061891536466421176, -0.05694308084603972, 0.748269064566453], [-0.061891536466421176, -0.05694308084603972, 0.748269064566453], [-0.061891536466421176, -0.05694308084603972, 0.748269064566453], [-0.061891536466421176, -0.05694308084603972, 0.748269064566453], [-0.061891536466421176, -0.05694308084603972, 0.748269064566453], [-0.061891536466421176, -0.05694308084603972, 0.748269064566453], [-0.061891536466421176, -0.05694308084603972, 0.748269064566453], [-0.061891536466421176, -0.05694308084603972, 0.748269064566453], [-0.06271385599382971, -0.058001918370104086, 0.7482691449068132], [0.06992628218328119, -0.04300932716616426, 0.7535995560418681], [0.0948641703437429, -0.03786557152529203, 0.7535995134392157], [0.0948641703437429, -0.03786557152529203, 0.7535995134392157], [0.0948641703437429, -0.03786557152529203, 0.7535995134392157], [0.0948641703437429, -0.03786557152529203, 0.7535995134392157], [0.0948641703437429, -0.03786557152529203, 0.7535995134392157], [0.0948641703437429, -0.03786557152529203, 0.7535995134392157], [0.0948641703437429, -0.03786557152529203, 0.7535995134392157], [0.0948641703437429, -0.03786557152529203, 0.7535995134392157], [0.0948641703437429, -0.03786557152529203, 0.7535995134392157], [0.27301200087245797, -0.038624644731426135, 0.7836182272231552], [0.32189232984562477, -0.03770462109343125, 0.7836183482001593], [0.32189232984562477, -0.03770462109343125, 0.7836183482001593], [0.32189232984562477, -0.03770462109343125, 0.7836183482001593], [0.32189232984562477, -0.03770462109343125, 0.7836183482001593], [0.32189232984562477, -0.03770462109343125, 0.7836183482001593], [0.32189232984562477, -0.03770462109343125, 0.7836183482001593], [0.32189232984562477, -0.03770462109343125, 0.7836183482001593], [0.32189232984562477, -0.03770462109343125, 0.7836183482001593], [0.5517732740923237, -0.05060640185715281, 0.8040082546395645], [0.5973700227690879, -0.05349037104162327, 0.8040304622906737], [0.6605054134777328, -0.057483649653376136, 0.8040317528910496], [0.6605054134777328, -0.057483649653376136, 0.8040317528910496], [0.6605054134777328, -0.057483649653376136, 0.8040317528910496], [0.6605054134777328, -0.057483649653376136, 0.8040317528910496], [0.6605054134777328, -0.057483649653376136, 0.8040317528910496], [0.6605054134777328, -0.057483649653376136, 0.8040317528910496], [0.6605054134777328, -0.057483649653376136, 0.8040317528910496], [0.6605054134777328, -0.057483649653376136, 0.8040317528910496], [0.8896673495558116, -0.06250311767914922, 0.8248700713701581], [0.9263934721694207, -0.06059965613989184, 0.8249169237162892]], "CMD": [[0.1136453785841258, 20.0, 0, 7.001519368859252], [1.556071997013389, 20.0, 0, 3.7968894261033537], [1.556071997013389, 20.0, 0, 3.7968894261033537], [1.556071997013389, 20.0, 0, 3.7968894261033537], [1.556071997013389, 20.0, 0, 3.7968894261033537], [1.556071997013389, 20.0, 0, 3.7968894261033537], [1.556071997013389, 20.0, 0, 3.7968894261033537], [1.556071997013389, 20.0, 0, 3.7968894261033537], [1.556071997013389, 20.0, 0, 3.7968894261033537], [1.556071997013389, 20.0, 0, 3.7968894261033537], [1.7683236020750353, 20.0, 0, 3.6461633921898557], [1.0570767860658767, 20.0, 0, 3.7164895939254188], [1.0347447771701024, 20.0, 0, 3.7164895939312763], [1.0347447771701024, 20.0, 0, 3.7164895939312763], [1.0347447771701024, 20.0, 0, 3.7164895939312763], [1.0347447771701024, 20.0, 0, 3.7164895939312763], [1.0347447771701024, 20.0, 0, 3.7164895939312763], [1.0347447771701024, 20.0, 0, 3.7164895939312763], [1.0347447771701024, 20.0, 0, 3.7164895939312763], [1.0347447771701024, 20.0, 0, 3.7164895939312763], [1.073645004118767, 20.0, 0, 3.263744948733182], [1.0303465174306454, 18.530510481864827, 0, 3.263711725802077], [1.0303465174306454, 18.530510481864827, 0, 3.263711725802077], [1.0303465174306454, 18.530510481864827, 0, 3.263711725802077], [1.0303465174306454, 18.530510481864827, 0, 3.263711725802077], [1.0303465174306454, 18.530510481864827, 0, 3.263711725802077], [1.0303465174306454, 18.530510481864827, 0, 3.263711725802077], [1.0303465174306454, 18.530510481864827, 0, 3.263711725802077], [1.0303465174306454, 18.530510481864827, 0, 3.263711725802077], [1.0303465174306454, 18.530510481864827, 0, 3.263711725802077], [1.4617204979262146, 11.002587556179517, 0, 2.955833236329938], [1.5708440109447994, 9.27729956609258, 0, 2.9558137700418063], [1.5708440109447994, 9.27729956609258, 0, 2.9558137700418063], [1.5708440109447994, 9.27729956609258, 0, 2.9558137700418063], [1.5708440109447994, 9.27729956609258, 0, 2.9558137700418063], [1.5708440109447994, 9.27729956609258, 0, 2.9558137700418063], [1.5708440109447994, 9.27729956609258, 0, 2.9558137700418063], [1.5708440109447994, 9.27729956609258, 0, 2.9558137700418063], [1.5708440109447994, 9.27729956609258, 0, 2.9558137700418063], [1.7964909598067937, 6.4772029739518775, 0, 2.6580380323384523], [1.6559944868961964, 2.0114306260357, 0, 2.640800106218004]],