{"IMU": [[0.020317847728729247, 0.0034385338425636292, 0.82], [0.020317847728729247, 0.0034385338425636292, 0.82], [0.020317847728729247, 0.0034385338425636292, 0.82], [0.020317847728729247, 0.0034385338425636292, 0.82], [0.020317847728729247, 0.0034385338425636292, 0.82], [0.020317847728729247, 0.0034385338425636292, 0.82], [0.020317847728729247, 0.0034385338425636292, 0.82], [0.020317847728729247, 0.0034385338425636292, 0.82], [0.02464677333831787, -0.0076854687929153445, 0.8], [0.02464677333831787, -0.0076854687929153445, 0.8], [0.02464677333831787, -0.0076854687929153445, 0.8], [0.02464677333831787, -0.0076854687929153445, 0.8], [0.02464677333831787, -0.0076854687929153445, 0.8], [0.02464677333831787, -0.0076854687929153445, 0.8], [0.02464677333831787, -0.0076854687929153445, 0.8], [0.02464677333831787, -0.0076854687929153445, 0.8], [0.02464677333831787, -0.0076854687929153445, 0.8], [0.02464677333831787, -0.0076854687929153445, 0.8], [0.061304998397827146, -0.019672131538391112, 0.8], [0.061304998397827146, -0.019672131538391112, 0.8], [0.061304998397827146, -0.019672131538391112, 0.8], [0.061304998397827146, -0.019672131538391112, 0.8], [0.061304998397827146, -0.019672131538391112, 0.8], [0.061304998397827146, -0.019672131538391112, 0.8], [0.13797593116760254, -0.03640358448028565, 0.81], [0.13797593116760254, -0.03640358448028565, 0.81], [0.13797593116760254, -0.03640358448028565, 0.81], [0.13797593116760254, -0.03640358448028565, 0.81], [0.2581584739685059, -0.049888019561767576, 0.82], [0.2581584739685059, -0.049888019561767576, 0.82], [0.2581584739685059, -0.049888019561767576, 0.82], [0.2581584739685059, -0.049888019561767576, 0.82], [0.2581584739685059, -0.049888019561767576, 0.82], [0.2581584739685059, -0.049888019561767576, 0.82], [0.2581584739685059, -0.049888019561767576, 0.82], [0.4055826187133789, -0.054197077751159665, 0.82], [0.4055826187133789, -0.054197077751159665, 0.82], [0.4055826187133789, -0.054197077751159665, 0.82], [0.4055826187133789, -0.054197077751159665, 0.82], [0.4055826187133789, -0.054197077751159665, 0.82], [0.4055826187133789, -0.054197077751159665, 0.82], [0.4055826187133789, -0.054197077751159665, 0.82], [0.4055826187133789, -0.054197077751159665, 0.82], [0.4055826187133789, -0.054197077751159665, 0.82], [0.5676815414428711, -0.05549418926239014, 0.84]], "Kalman": [[0.054907281182994976, 0.004687896450796009, 0.8460543983429549], [0.0367077044147594, -0.011806345391638374, 0.846940828134245], [0.0367077044147594, -0.011806345391638374, 0.846940828134245], [0.0367077044147594, -0.011806345391638374, 0.846940828134245], [0.0367077044147594, -0.011806345391638374, 0.846940828134245], [0.0367077044147594, -0.011806345391638374, 0.846940828134245], [0.0367077044147594, -0.011806345391638374, 0.846940828134245], [0.0367077044147594, -0.011806345391638374, 0.846940828134245], [0.07065248341191092, -0.0320646262816958, 0.8123042033899485], [0.07985946740206892, -0.03715282741953669, 0.809247356402498], [0.07985946740206892, -0.03715282741953669, 0.809247356402498], [0.07985946740206892, -0.03715282741953669, 0.809247356402498], [0.07985946740206892, -0.03715282741953669, 0.809247356402498], [0.07985946740206892, -0.03715282741953669, 0.809247356402498], [0.07985946740206892, -0.03715282741953669, 0.809247356402498], [0.07985946740206892, -0.03715282741953669, 0.809247356402498], [0.07985946740206892, -0.03715282741953669, 0.809247356402498], [0.07985946740206892, -0.03715282741953669, 0.809247356402498], [0.11417746129030588, -0.04812063950636119, 0.8092410700429895], [0.18474506910643437, -0.05769870114943426, 0.8046894665505598], [0.18508595474883838, -0.057761568693506425, 0.8046894200038609], [0.18508595474883838, -0.057761568693506425, 0.8046894200038609], [0.18508595474883838, -0.057761568693506425, 0.8046894200038609], [0.18508595474883838, -0.057761568693506425, 0.8046894200038609], [0.3382185177189102, -0.07939251731337987, 0.8114679824581985], [0.36481474800131464, -0.0831921902309034, 0.8108308435527382], [0.36481474800131464, -0.0831921902309034, 0.8108308435527382], [0.36481474800131464, -0.0831921902309034, 0.8108308435527382], [0.46634498209500563, -0.09366754215121983, 0.8201240702070691], [0.5850926701801672, -0.1032221916685552, 0.8190612912625638], [0.5850926701801672, -0.1032221916685552, 0.8190612912625638], [0.5850926701801672, -0.1032221916685552, 0.8190612912625638], [0.5850926701801672, -0.1032221916685552, 0.8190612912625638], [0.5850926701801672, -0.1032221916685552, 0.8190612912625638], [0.5850926701801672, -0.1032221916685552, 0.8190612912625638], [0.7653730710395807, -0.09603894494756603, 0.8189780661578748], [0.7820328002271006, -0.09067526797503302, 0.8189610851338662], [0.7820328002271006, -0.09067526797503302, 0.8189610851338662], [0.7820328002271006, -0.09067526797503302, 0.8189610851338662], [0.7820328002271006, -0.09067526797503302, 0.8189610851338662], [0.7820328002271006, -0.09067526797503302, 0.8189610851338662], [0.7820328002271006, -0.09067526797503302, 0.8189610851338662], [0.7820328002271006, -0.09067526797503302, 0.8189610851338662], [0.7820328002271006, -0.09067526797503302, 0.8189610851338662], [0.9378347748799117, -0.0856334042131669, 0.8376826488894631]],