{"IMU": [[-0.009499019980430602, 0.005509383678436279, 0.33], [-0.009499019980430602, 0.005509383678436279, 0.33], [-0.009499019980430602, 0.005509383678436279, 0.33], [-0.009499019980430602, 0.005509383678436279, 0.33], [-0.009499019980430602, 0.005509383678436279, 0.33], [-0.009499019980430602, 0.005509383678436279, 0.33], [-0.009499019980430602, 0.005509383678436279, 0.33], [-0.009499019980430602, 0.005509383678436279, 0.33]], "Kalman": [[-0.01460884686634727, 0.0006918166805284579, 0.33], [-0.01460884686634727, 0.0006918166805284579, 0.33], [-0.01460884686634727, 0.0006918166805284579, 0.33], [-0.01460884686634727, 0.0006918166805284579, 0.33], [-0.01460884686634727, 0.0006918166805284579, 0.33], [-0.01460884686634727, 0.0006918166805284579, 0.33], [-0.01460884686634727, 0.0006918166805284579, 0.33], [-0.01460884686634727, 0.0006918166805284579, 0.33]], "CMD": [[0, 15.0, 0, 7.846802884364374], [0, 15.0, 0, 7.846802884364374], [0, 15.0, 0, 7.846802884364374], [0, 15.0, 0, 7.846802884364374], [0, 15.0, 0, 7.846802884364374], [0, 15.0, 0, 7.846802884364374], [0, 15.0, 0, 7.846802884364374], [0, 15.0, 0, 7.846802884364374]], "Distance": [[1.2158666007213859], [1.2158666007213859], [1.2158666007213859], [1.2158666007213859], [1.2158666007213859], [1.2158666007213859], [1.2158666007213859], [1.2158666007213859]], "Time": [[1616079266.8783853], [1616079267.3846347], [1616079267.8930187], [1616079268.4009178], [1616079268.9067714], [1616079269.4155526], [1616079269.9230843], [1616079270.4317355]]}