{"IMU": [[-0.014962612390518189, -0.019682098627090455, 0.81], [-0.008726722598075866, -0.009784971475601196, 0.84], [0.022439723014831544, 0.008234702944755555, 0.86], [0.08352490425109864, 0.020384533405303953, 0.89], [0.19348037719726563, 0.004326243400573731, 0.92], [0.5941454315185547, -0.0793376636505127, 0.98], [0.8005579376220703, -0.0787209177017212, 1.02], [0.9796475982666015, -0.04774758815765381, 1.02], [1.1163835144042968, 0.0046005696058273315, 1.0], [1.1961300659179688, 0.06587732791900634, 0.99], [1.2342205047607422, 0.09805500030517578, 1.0], [1.236937026977539, 0.09659306526184082, 0.99], [1.210841522216797, 0.0680321455001831, 0.99], [1.15946533203125, 0.013392480611801148, 1.0]], "Kalman": [[-0.02786526765899623, -0.013599760905644926, 0.81], [0.011492263046253778, 0.0009258096207035126, 0.84], [0.07061438072658022, 0.024188169920696247, 0.86], [0.15620873124026183, 0.01384686302744716, 0.89], [0.33336318091984746, -0.04797425276537636, 0.92], [0.793078401678259, -0.16106290069415474, 0.98], [1.0005859201180156, -0.13002942282701055, 1.02], [1.1443141532732142, -0.0324243912691827, 1.02], [1.2336681292363978, 0.04553364859728075, 1.0], [1.2637445415988933, 0.10806310186544255, 0.99], [1.255167174457041, 0.10971888460139952, 1.0], [1.2248430079308426, 0.08597605693277574, 0.99], [1.1667322425566176, 0.0337133659270615, 0.99], [1.0902850752964193, -0.0408115768648282, 1.0]], "CMD": [[5, 10.0, 0, 5], [5, 10.0, 0, 5], [0, 10.0, 0, 5], [-5, 10.0, 0, 5], [-5, 10.0, 0, 5], [5, 8.240084246872975, 0, 5], [5, 5, 0, 5], [5, 0, 0, -5], [5, -5, 0, -5], [-5, -5, 0, 0], [-5, -5, 0, 0], [-5, -5, 0, 0], [-5, -5, 0, 0], [-5, -5, 0, 0]], "Distance": [[1.0453669030328017], [1.0013732586507744], [0.9401822679014694], [0.8510437361562975], [0.6731316197310154], [0.2629787174507455], [0.13155984989011726], [0.1492578841607431], [0.23806324322628755], [0.2851996094106571], [0.2777562250581707], [0.24092791573642275], [0.17040021053417365], [0.09908067232045752]], "Time": [[0.61], [1.13], [1.7], [2.31], [2.91], [3.45], [3.96], [4.5], [5.1], [5.69], [6.23], [6.8], [7.35], [7.9]], "Title": [["ModelBasedLQR"], ["ModelBasedLQR"], ["ModelBasedLQR"], ["ModelBasedLQR"], ["ModelBasedLQR"], ["ModelBasedLQR"], ["ModelBasedLQR"], ["ModelBasedLQR"], ["ModelBasedLQR"], ["ModelBasedLQR"], ["ModelBasedLQR"], ["ModelBasedLQR"], ["ModelBasedLQR"], ["ModelBasedLQR"]]}