{"IMU": [[0.006868178248405457, 0.0028279539942741394, 0.71], [0.07084323406219482, 0.008799521923065186, 0.86], [0.14279213905334473, 0.016526188850402832, 0.92], [0.2625069999694824, 0.03876216411590576, 0.96], [0.40281822204589846, 0.05360382080078125, 1.01], [0.5936032485961914, 0.07009560585021973, 1.06], [0.8465666198730468, 0.08214707374572754, 1.08], [0.8465666198730468, 0.08214707374572754, 1.08], [0.8465666198730468, 0.08214707374572754, 1.08], [0.8465666198730468, 0.08214707374572754, 1.08], [0.8465666198730468, 0.08214707374572754, 1.08], [0.8465666198730468, 0.08214707374572754, 1.08], [0.8465666198730468, 0.08214707374572754, 1.08], [0.8465666198730468, 0.08214707374572754, 1.08], [0.8465666198730468, 0.08214707374572754, 1.08], [0.8465666198730468, 0.08214707374572754, 1.08], [0.8465666198730468, 0.08214707374572754, 1.08], [0.8465666198730468, 0.08214707374572754, 1.08], [0.8465666198730468, 0.08214707374572754, 1.08], [0.8465666198730468, 0.08214707374572754, 1.08], [0.8465666198730468, 0.08214707374572754, 1.08], [0.8465666198730468, 0.08214707374572754, 1.08], [0.8465666198730468, 0.08214707374572754, 1.08], [0.8465666198730468, 0.08214707374572754, 1.08], [0.8465666198730468, 0.08214707374572754, 1.08], [0.8465666198730468, 0.08214707374572754, 1.08], [0.8465666198730468, 0.08214707374572754, 1.08], [0.8465666198730468, 0.08214707374572754, 1.08], [0.8465666198730468, 0.08214707374572754, 1.08], [0.8465666198730468, 0.08214707374572754, 1.08], [0.8465666198730468, 0.08214707374572754, 1.08], [0.8465666198730468, 0.08214707374572754, 1.08], [0.8465666198730468, 0.08214707374572754, 1.08], [0.8465666198730468, 0.08214707374572754, 1.08], [0.8465666198730468, 0.08214707374572754, 1.08]], "Kalman": [[0.002065276049984336, -0.001080691061154133, 0.71], [0.1052068324831642, -0.001108659952063315, 0.86], [0.2474325411752088, -0.005376776368238904, 0.92], [0.3827127596280451, 0.010094334394116462, 0.96], [0.5601598171376665, 0.006993338485743891, 1.01], [0.7977328806145394, -0.011104242743128392, 1.06], [1.0782650653924732, 0.02858677977107065, 1.08], [1.0783123787841744, 0.028682302556390808, 1.08], [1.078327164219081, 0.028712153426803354, 1.08], [1.0783281497944173, 0.02871414324190385, 1.08], [1.0783281498545794, 0.028714143363367355, 1.08], [1.0783281498545794, 0.028714143363367355, 1.08], [1.0783281498545794, 0.028714143363367355, 1.08], [1.0783281498545794, 0.028714143363367355, 1.08], [1.0783281498545794, 0.028714143363367355, 1.08], [1.0783281498545794, 0.028714143363367355, 1.08], [1.0783281498545794, 0.028714143363367355, 1.08], [1.0783281498545794, 0.028714143363367355, 1.08], [1.078328149914738, 0.028714143484823436, 1.08], [1.078328149914738, 0.028714143484823436, 1.08], [1.078328149914738, 0.028714143484823436, 1.08], [1.078328149914738, 0.028714143484823436, 1.08], [1.078328149914738, 0.028714143484823436, 1.08], [1.078328149914738, 0.028714143484823436, 1.08], [1.078328149914738, 0.028714143484823436, 1.08], [1.078328149914738, 0.028714143484823436, 1.08], [1.078328149914738, 0.028714143484823436, 1.08], [1.078328149914738, 0.028714143484823436, 1.08], [1.0783281499147415, 0.028714143484830847, 1.08], [1.0783281499147415, 0.028714143484830847, 1.08], [1.0783281499147415, 0.028714143484830847, 1.08], [1.0783281499147415, 0.028714143484830847, 1.08], [1.0783281499147415, 0.028714143484830847, 1.08], [1.0783281499147415, 0.028714143484830847, 1.08], [1.0783281499147415, 0.028714143484830847, 1.08]], "CMD": [[0, 10.0, 0, 5], [0, 10.0, 0, 5], [0, 10.0, 0, 5], [0, 9.30224536761716, 0, 5], [-5, 7.630089907429889, 0, 5], [0, 5.436723652537823, 0, 0], [5, 5, 0, -5], [-5, -5, 0, -5], [-5, -5, 0, -5], [-5, -5, 0, -5], [-5, -5, 0, -5], [-5, -5, 0, -5], [-5, -5, 0, -5], [-5, -5, 0, -5], [-5, -5, 0, -5], [-5, -5, 0, -5], [-5, -5, 0, -5], [-5, -5, 0, -5], [-5, -5, 0, -5], [-5, -5, 0, -5], [-5, -5, 0, -5], [-5, -5, 0, -5], [-5, -5, 0, -5], [-5, -5, 0, -5], [-5, -5, 0, -5], [-5, -5, 0, -5], [-5, -5, 0, -5], [-5, -5, 0, -5], [-5, -5, 0, -5], [-5, -5, 0, -5], [-5, -5, 0, -5], [-5, -5, 0, -5], [-5, -5, 0, -5], [-5, -5, 0, -5], [-5, -5, 0, -5]], "Distance": [[1.039218399162738], [0.9056798781919037], [0.7568267237658286], [0.6186642326115871], [0.4400094240394712], [0.2112706600344461], [0.11551027849749052], [0.1155660120916715], [0.11558344349000507], [0.1155846056892234], [0.11558460576016802], [0.11558460576016802], [0.11558460576016802], [0.11558460576016802], [0.11558460576016802], [0.11558460576016802], [0.11558460576016802], [0.11558460576016802], [0.11558460583110838], [0.11558460583110838], [0.11558460583110838], [0.11558460583110838], [0.11558460583110838], [0.11558460583110838], [0.11558460583110838], [0.11558460583110838], [0.11558460583110838], [0.11558460583110838], [0.11558460583111264], [0.11558460583111264], [0.11558460583111264], [0.11558460583111264], [0.11558460583111264], [0.11558460583111264], [0.11558460583111264]], "Time": [[0.5], [1.1], [1.6], [2.2], [2.8], [3.3], [3.9], [4.5], [5.0], [5.6], [6.1], [6.6], [7.1], [7.7], [8.2], [8.7], [9.2], [9.7], [10.3], [10.8], [11.3], [11.8], [12.3], [12.8], [13.3], [13.9], [14.4], [14.9], [15.4], [16.0], [16.5], [17.0], [17.5], [18.0], [18.5]], "Title": [["ModelBasedLQR"], ["ModelBasedLQR"], ["ModelBasedLQR"], ["ModelBasedLQR"], ["ModelBasedLQR"], ["ModelBasedLQR"], ["ModelBasedLQR"], ["ModelBasedLQR"], ["ModelBasedLQR"], ["ModelBasedLQR"], ["ModelBasedLQR"], ["ModelBasedLQR"], ["ModelBasedLQR"], ["ModelBasedLQR"], ["ModelBasedLQR"], ["ModelBasedLQR"], ["ModelBasedLQR"], ["ModelBasedLQR"], ["ModelBasedLQR"], ["ModelBasedLQR"], ["ModelBasedLQR"], ["ModelBasedLQR"], ["ModelBasedLQR"], ["ModelBasedLQR"], ["ModelBasedLQR"], ["ModelBasedLQR"], ["ModelBasedLQR"], ["ModelBasedLQR"], ["ModelBasedLQR"], ["ModelBasedLQR"], ["ModelBasedLQR"], ["ModelBasedLQR"], ["ModelBasedLQR"], ["ModelBasedLQR"], ["ModelBasedLQR"]]}