{"IMU": [[-0.018662588596343996, -0.004850386679172516, 0.77], [-0.019753899574279785, 0.03940814018249512, 0.8], [0.013939838409423828, 0.07107914924621582, 0.84], [0.07557271957397461, 0.08575849533081055, 0.87], [0.16587425231933595, 0.07485928535461425, 0.89], [0.3073074722290039, 0.035789995193481444, 0.94], [0.6693226623535157, -0.08583856582641601, 1.01], [0.8469660949707031, -0.13199520111083984, 1.02], [1.0035946655273438, -0.14207256317138672, 1.01], [1.1074059295654297, -0.11897293090820313, 1.0], [1.1589482879638673, -0.06649883270263672, 1.02], [1.165917282104492, 0.00029155921190977097, 1.01], [1.1366256713867187, 0.06606908798217774, 0.99], [1.074826202392578, 0.10344527244567871, 0.99], [0.9906406402587891, 0.11085533142089844, 0.98], [0.8932730865478515, 0.09412497520446778, 1.0], [0.7699349212646485, -0.0008034204691648484, 1.03], [0.7503910064697266, -0.05779684543609619, 1.01], [0.7570622253417969, -0.07304635047912597, 1.0], [0.785164566040039, -0.05616478443145752, 0.99], [0.8699295806884766, -0.02808692693710327, 1.0]], "Kalman": [[-0.041216625086549, 0.024034320877256567, 0.77], [-0.004937826253914148, 0.07661343718619693, 0.8], [0.060335464122472086, 0.09688439957661862, 0.84], [0.14629195851495524, 0.0919631292695677, 0.87], [0.2651851651080731, 0.057204121585732806, 0.89], [0.4752928118582365, -0.007005094422035139, 0.94], [0.8506850247075193, -0.1418512110573182, 1.01], [1.0215197933046691, -0.15802525299563255, 1.02], [1.1363475316990255, -0.13447196184441929, 1.01], [1.1840554728429278, -0.08249687531335019, 1.0], [1.1861254957372696, -0.006186139029070885, 1.02], [1.155246824985817, 0.0695780431398369, 1.01], [1.0903736062135343, 0.12080569879358458, 0.99], [1.0008635712696872, 0.12656418475237335, 0.99], [0.893828294233736, 0.10697920760450705, 0.98], [0.8013845335609828, 0.06538508968308332, 1.0], [0.7123975228860713, -0.0484721240313673, 1.03], [0.7454639722538989, -0.09626656201974985, 1.01], [0.7734594399684542, -0.07560398461670646, 1.0], [0.8205130635780786, -0.02763974996881051, 0.99], [1.059160917683443, -0.01564893612380986, 1.0]], "CMD": [[5, 10.0, 0, 5], [-5, 10.0, 0, 5], [-5, 10.0, 0, 5], [-5, 10.0, 0, 5], [-5, 10.0, 0, 5], [-5, 9.082810868017061, 0, 5], [0, 6.485737528259914, 0, 5], [5, 5, 0, 0], [5, -5, 0, -5], [5, -5, 0, 0], [5, -5, 0, 0], [0, -5, 0, -5], [-5, -5, 0, 0], [-5, -5, 0, 0], [-5, 0, 0, 0], [-5, 5, 0, 5], [-5, 5, 0, 0], [5, 5, 0, -5], [5, 5, 0, 0], [5, 5, 0, 0], [5, 5, 0, 0]], "Distance": [[1.0665878814878098], [1.0275065223118662], [0.9581002175489013], [0.8684322870790112], [0.745201417808397], [0.5281729874155793], [0.20619584846699016], [0.16073295271415056], [0.19176380764550882], [0.20169816935188126], [0.1872991416945933], [0.17041913259768077], [0.15119988611452473], [0.1269615635433446], [0.1520426978352014], [0.20910120387423217], [0.29319742776869673], [0.27231569984829423], [0.23882334021056145], [0.18187775049319588], [0.06119561571676673]], "Time": [[1616769871.8951924], [1616769872.4418194], [1616769873.0318356], [1616769873.6199324], [1616769874.138343], [1616769874.73252], [1616769875.27702], [1616769875.8159463], [1616769876.326619], [1616769876.8434434], [1616769877.428467], [1616769878.0341184], [1616769878.6082125], [1616769879.1445262], [1616769879.705326], [1616769880.2306778], [1616769880.7895682], [1616769881.3511972], [1616769881.9314275], [1616769882.51652], [1616769883.1372995]], "Title": [["ModelBasedLQR"], ["ModelBasedLQR"], ["ModelBasedLQR"], ["ModelBasedLQR"], ["ModelBasedLQR"], ["ModelBasedLQR"], ["ModelBasedLQR"], ["ModelBasedLQR"], ["ModelBasedLQR"], ["ModelBasedLQR"], ["ModelBasedLQR"], ["ModelBasedLQR"], ["ModelBasedLQR"], ["ModelBasedLQR"], ["ModelBasedLQR"], ["ModelBasedLQR"], ["ModelBasedLQR"], ["ModelBasedLQR"], ["ModelBasedLQR"], ["ModelBasedLQR"], ["ModelBasedLQR"]]}