{"IMU": [[0.030810000896453856, -0.02185715675354004, 0.74], [0.030810000896453856, -0.02185715675354004, 0.74], [0.030810000896453856, -0.02185715675354004, 0.74], [0.030810000896453856, -0.02185715675354004, 0.74], [0.030810000896453856, -0.02185715675354004, 0.74], [0.030810000896453856, -0.02185715675354004, 0.74], [0.030810000896453856, -0.02185715675354004, 0.74], [0.030810000896453856, -0.02185715675354004, 0.74], [0.030810000896453856, -0.02185715675354004, 0.74], [0.020343000888824462, -0.006588326096534729, 0.75], [0.020343000888824462, -0.006588326096534729, 0.75], [0.020343000888824462, -0.006588326096534729, 0.75], [0.020343000888824462, -0.006588326096534729, 0.75], [0.020343000888824462, -0.006588326096534729, 0.75], [0.020343000888824462, -0.006588326096534729, 0.75], [0.020343000888824462, -0.006588326096534729, 0.75], [0.020343000888824462, -0.006588326096534729, 0.75], [0.020343000888824462, -0.006588326096534729, 0.75], [0.020343000888824462, -0.006588326096534729, 0.75], [0.020343000888824462, -0.006588326096534729, 0.75], [0.020343000888824462, -0.006588326096534729, 0.75], [0.048589859008789066, 0.006664762496948242, 0.78], [0.048589859008789066, 0.006664762496948242, 0.78], [0.048589859008789066, 0.006664762496948242, 0.78], [0.048589859008789066, 0.006664762496948242, 0.78], [0.048589859008789066, 0.006664762496948242, 0.78], [0.048589859008789066, 0.006664762496948242, 0.78], [0.048589859008789066, 0.006664762496948242, 0.78], [0.12103418350219726, 0.017036156654357912, 0.81], [0.12103418350219726, 0.017036156654357912, 0.81], [0.12103418350219726, 0.017036156654357912, 0.81], [0.12103418350219726, 0.017036156654357912, 0.81], [0.12103418350219726, 0.017036156654357912, 0.81], [0.12103418350219726, 0.017036156654357912, 0.81], [0.12103418350219726, 0.017036156654357912, 0.81], [0.12103418350219726, 0.017036156654357912, 0.81], [0.12103418350219726, 0.017036156654357912, 0.81], [0.24206947326660155, 0.023158445358276367, 0.83], [0.24206947326660155, 0.023158445358276367, 0.83], [0.24206947326660155, 0.023158445358276367, 0.83], [0.24206947326660155, 0.023158445358276367, 0.83], [0.24206947326660155, 0.023158445358276367, 0.83], [0.24206947326660155, 0.023158445358276367, 0.83], [0.24206947326660155, 0.023158445358276367, 0.83], [0.4078915023803711, 0.03322641611099243, 0.85]], "Kalman": [[0.1283885130174897, -0.08750580618079365, 0.74], [-0.03597346104523743, 0.020788361251935908, 0.74], [-0.03597346104523743, 0.020788361251935908, 0.74], [-0.03597346104523743, 0.020788361251935908, 0.74], [-0.03597346104523743, 0.020788361251935908, 0.74], [-0.03597346104523743, 0.020788361251935908, 0.74], [-0.03597346104523743, 0.020788361251935908, 0.74], [-0.03597346104523743, 0.020788361251935908, 0.74], [-0.03597346104523743, 0.020788361251935908, 0.74], [-0.05850394165626287, 0.04312420405031769, 0.75], [0.016508451005268297, 0.05067278379488224, 0.75], [0.06837506066069186, 0.05540512639789904, 0.75], [0.06837506066069186, 0.05540512639789904, 0.75], [0.06837506066069186, 0.05540512639789904, 0.75], [0.06837506066069186, 0.05540512639789904, 0.75], [0.06837506066069186, 0.05540512639789904, 0.75], [0.06837506066069186, 0.05540512639789904, 0.75], [0.06837506066069186, 0.05540512639789904, 0.75], [0.06837506066069186, 0.05540512639789904, 0.75], [0.06837506066069186, 0.05540512639789904, 0.75], [0.06837506066069186, 0.05540512639789904, 0.75], [0.22741903750934075, 0.08376811123214865, 0.78], [0.31120668405361435, 0.10010794417737238, 0.78], [0.31120668405361435, 0.10010794417737238, 0.78], [0.31120668405361435, 0.10010794417737238, 0.78], [0.31120668405361435, 0.10010794417737238, 0.78], [0.31120668405361435, 0.10010794417737238, 0.78], [0.31120668405361435, 0.10010794417737238, 0.78], [0.35582094931179353, 0.10577748133828506, 0.81], [0.5689014331310105, 0.07893509420769981, 0.81], [0.5689014331310105, 0.07893509420769981, 0.81], [0.5689014331310105, 0.07893509420769981, 0.81], [0.5689014331310105, 0.07893509420769981, 0.81], [0.5689014331310105, 0.07893509420769981, 0.81], [0.5689014331310105, 0.07893509420769981, 0.81], [0.5689014331310105, 0.07893509420769981, 0.81], [0.5689014331310105, 0.07893509420769981, 0.81], [0.8296105215865297, 0.08531830835009938, 0.83], [0.9463100021691649, 0.09195340228977471, 0.83], [0.9463100021691649, 0.09195340228977471, 0.83], [0.9463100021691649, 0.09195340228977471, 0.83], [0.9463100021691649, 0.09195340228977471, 0.83], [0.9463100021691649, 0.09195340228977471, 0.83], [0.9463100021691649, 0.09195340228977471, 0.83], [1.0715694108388591, 0.09864627042254426, 0.85]], "CMD": [[0.44769036735444084, 20.0, 0, 3.6199502484483537], [0.597286080296113, 20.0, 0, 3.921612769152383], [0.597286080296113, 20.0, 0, 3.921612769152383], [0.597286080296113, 20.0, 0, 3.921612769152383], [0.597286080296113, 20.0, 0, 3.921612769152383], [0.597286080296113, 20.0, 0, 3.921612769152383], [0.597286080296113, 20.0, 0, 3.921612769152383], [0.597286080296113, 20.0, 0, 3.921612769152383], [0.597286080296113, 20.0, 0, 3.921612769152383], [0.1800378482107229, 20.0, 0, 3.770781508800369], [0.1800378482107229, 20.0, 0, 3.770781508800369], [0.1800378482107229, 20.0, 0, 3.770781508800369], [0.1800378482107229, 20.0, 0, 3.770781508800369], [0.1800378482107229, 20.0, 0, 3.770781508800369], [0.1800378482107229, 20.0, 0, 3.770781508800369], [0.1800378482107229, 20.0, 0, 3.770781508800369], [0.1800378482107229, 20.0, 0, 3.770781508800369], [0.1800378482107229, 20.0, 0, 3.770781508800369], [0.1800378482107229, 20.0, 0, 3.770781508800369], [0.1800378482107229, 20.0, 0, 3.770781508800369], [0.1800378482107229, 20.0, 0, 3.770781508800369], [-0.1821266101896815, 20.0, 0, 3.318287727744324], [-0.1821266101896815, 20.0, 0, 3.318287727744324], [-0.1821266101896815, 20.0, 0, 3.318287727744324], [-0.1821266101896815, 20.0, 0, 3.318287727744324], [-0.1821266101896815, 20.0, 0, 3.318287727744324], [-0.1821266101896815, 20.0, 0, 3.318287727744324], [-0.1821266101896815, 20.0, 0, 3.318287727744324], [-0.465543590418911, 20.0, 0, 2.8657939466882794], [-0.465543590418911, 20.0, 0, 2.8657939466882794], [-0.465543590418911, 20.0, 0, 2.8657939466882794], [-0.465543590418911, 20.0, 0, 2.8657939466882794], [-0.465543590418911, 20.0, 0, 2.8657939466882794], [-0.465543590418911, 20.0, 0, 2.8657939466882794], [-0.465543590418911, 20.0, 0, 2.8657939466882794], [-0.465543590418911, 20.0, 0, 2.8657939466882794], [-0.465543590418911, 20.0, 0, 2.8657939466882794], [-0.6328461295203138, 20.0, 0, 2.564131425984251], [-0.6328461295203138, 20.0, 0, 2.564131425984251], [-0.6328461295203138, 20.0, 0, 2.564131425984251], [-0.6328461295203138, 20.0, 0, 2.564131425984251], [-0.6328461295203138, 20.0, 0, 2.564131425984251], [-0.6328461295203138, 20.0, 0, 2.564131425984251], [-0.6328461295203138, 20.0, 0, 2.564131425984251], [-0.6328461295203138, 20.0, 0, 2.564131425984251]], "Distance": [[0.9137635637051924], [1.0683038743511084], [1.0683038743511084], [1.0683038743511084], [1.0683038743511084], [1.0683038743511084], [1.0683038743511084], [1.0683038743511084], [1.0683038743511084], [1.0884807262771439], [1.0160331480623945], [0.9661753234429746], [0.9661753234429746], [0.9661753234429746], [0.9661753234429746], [0.9661753234429746], [0.9661753234429746], [0.9661753234429746], [0.9661753234429746], [0.9661753234429746], [0.9661753234429746], [0.807649948964522], [0.7299711176340044], [0.7299711176340044], [0.7299711176340044], [0.7299711176340044], [0.7299711176340044], [0.7299711176340044], [0.6798937600124229], [0.47767847288115783], [0.47767847288115783], [0.47767847288115783], [0.47767847288115783], [0.47767847288115783], [0.47767847288115783], [0.47767847288115783], [0.47767847288115783], [0.25536598852184117], [0.20059422738389115], [0.20059422738389115], [0.20059422738389115], [0.20059422738389115], [0.20059422738389115], [0.20059422738389115], [0.1932699336060815]],