{"IMU": [[0.0013585208356380462, -0.015948634147644043, 0.8], [-0.038296129703521725, 0.059816198348999025, 0.83], [-0.10808023452758789, 0.22402835845947267, 0.87], [-0.1844037628173828, 0.4869130706787109, 0.91], [-0.23995859146118165, 1.108047332763672, 0.96], [-0.22458345413208008, 1.4863743591308594, 1.0], [-0.14316071510314943, 1.914616241455078, 1.02], [0.013386967182159424, 2.4050975036621094, 1.01], [0.20166990280151367, 2.8823468017578127, 0.99], [0.20166990280151367, 2.8823468017578127, 0.99], [0.20166990280151367, 2.8823468017578127, 0.99], [0.20166990280151367, 2.8823468017578127, 0.99], [0.20166990280151367, 2.8823468017578127, 0.99], [0.20166990280151367, 2.8823468017578127, 0.99], [0.20166990280151367, 2.8823468017578127, 0.99], [0.20166990280151367, 2.8823468017578127, 0.99], [0.20166990280151367, 2.8823468017578127, 0.99], [0.20166990280151367, 2.8823468017578127, 0.99], [0.20166990280151367, 2.8823468017578127, 0.99], [0.20166990280151367, 2.8823468017578127, 0.99], [0.20166990280151367, 2.8823468017578127, 0.99], [0.20166990280151367, 2.8823468017578127, 0.99], [0.20166990280151367, 2.8823468017578127, 0.99], [0.20166990280151367, 2.8823468017578127, 0.99], [0.20166990280151367, 2.8823468017578127, 0.99]], "Kalman": [[0.04464813252973517, -0.005614562262485743, 0.8], [0.0785882041045637, 0.0878421225340486, 0.83], [0.11878136083370938, 0.26249449338719155, 0.87], [0.1060960392278481, 0.5000451374303512, 0.91], [0.07882632689660907, 1.0557723922963098, 0.96], [0.12523339752722895, 1.4109680075140079, 1.0], [0.26174414289359066, 1.7524380172522696, 1.02], [0.4148520823674484, 2.2061295810481685, 1.01], [0.6938623457570473, 2.5997752296532086, 0.99], [0.6939541315623844, 2.599624679533174, 0.99], [0.6939571910892289, 2.59961966119584, 0.99], [0.6939571910892289, 2.59961966119584, 0.99], [0.6939571910892289, 2.59961966119584, 0.99], [0.6939571910892289, 2.59961966119584, 0.99], [0.6939571910892289, 2.59961966119584, 0.99], [0.6939571910892289, 2.59961966119584, 0.99], [0.6939571910892289, 2.59961966119584, 0.99], [0.6939602504293348, 2.5996146431648004, 0.99], [0.6939602504293348, 2.5996146431648004, 0.99], [0.6939602504293348, 2.5996146431648004, 0.99], [0.6939602504293348, 2.5996146431648004, 0.99], [0.6939602504293348, 2.5996146431648004, 0.99], [0.6939602504293348, 2.5996146431648004, 0.99], [0.6939602504293348, 2.5996146431648004, 0.99], [0.6939602504293348, 2.5996146431648004, 0.99]], "CMD": [[5, 15.0, 0, 5], [5, 15.0, 0, 5], [-5, 15.0, 0, 5], [-5, 15.0, 0, 5], [-9.271346725232078, 15.0, 0, 5], [-15.0, 15.0, 0, 5], [-15.0, 15.0, 0, 0], [-15.0, 13.688016362563397, 0, -5], [-15.0, 10.849239046294224, 0, -5], [-15.0, 5.676104266749247, 0, 5], [-15.0, 5.674402464327754, 0, 5], [-15.0, 5.674345737580372, 0, 5], [-15.0, 5.674345737580372, 0, 5], [-15.0, 5.674345737580372, 0, 5], [-15.0, 5.674345737580372, 0, 5], [-15.0, 5.674345737580372, 0, 5], [-15.0, 5.674345737580372, 0, 5], [-15.0, 5.674345737580372, 0, 5], [-15.0, 5.674289014295314, 0, 5], [-15.0, 5.674289014295314, 0, 5], [-15.0, 5.674289014295314, 0, 5], [-15.0, 5.674289014295314, 0, 5], [-15.0, 5.674289014295314, 0, 5], [-15.0, 5.674289014295314, 0, 5], [-15.0, 5.674289014295314, 0, 5]], "Distance": [[0.976078231489834], [0.9410716955187527], [0.9286278313041708], [1.0282069006536962], [1.401719044728246], [1.660134731589519], [1.9016994281071298], [2.282434186101645], [2.6177569612291687], [2.617596712258344], [2.61759137066158], [2.61759137066158], [2.61759137066158], [2.61759137066158], [2.61759137066158], [2.61759137066158], [2.61759137066158], [2.617586029393137], [2.617586029393137], [2.617586029393137], [2.617586029393137], [2.617586029393137], [2.617586029393137], [2.617586029393137], [2.617586029393137]], "Time": [[1616761159.9816408], [1616761160.5556335], [1616761161.1518462], [1616761161.755446], [1616761162.2906466], [1616761162.8104718], [1616761163.377419], [1616761163.9453351], [1616761164.4566169], [1616761165.0055308], [1616761165.5377715], [1616761166.0463152], [1616761166.556974], [1616761167.0769007], [1616761167.595961], [1616761168.1046495], [1616761168.6161985], [1616761169.2022023], [1616761169.713653], [1616761170.224353], [1616761170.7352931], [1616761171.245648], [1616761171.7561371], [1616761172.267647], [1616761172.7848558]]}