{"IMU": [[0.011673380136489869, -0.002304517477750778, 0.82], [0.02792732000350952, 0.016125125885009764, 0.84], [0.07362853050231934, 0.013410447835922242, 0.87], [0.1405486297607422, -0.01773499369621277, 0.9], [0.36310688018798826, 0.019739266633987427, 0.92], [0.6305580902099609, 0.04059596061706543, 0.95], [0.908851318359375, 0.08719425201416016, 0.97], [1.223054428100586, 0.16217254638671874, 0.97], [1.5037057495117188, 0.19899242401123046, 1.02], [1.5037057495117188, 0.19899242401123046, 1.02], [1.5037057495117188, 0.19899242401123046, 1.02], [1.5037057495117188, 0.19899242401123046, 1.02], [1.5037057495117188, 0.19899242401123046, 1.02], [1.5037057495117188, 0.19899242401123046, 1.02], [1.5037057495117188, 0.19899242401123046, 1.02], [1.5037057495117188, 0.19899242401123046, 1.02], [1.5037057495117188, 0.19899242401123046, 1.02], [1.5037057495117188, 0.19899242401123046, 1.02], [1.5037057495117188, 0.19899242401123046, 1.02], [1.5037057495117188, 0.19899242401123046, 1.02], [1.5037057495117188, 0.19899242401123046, 1.02], [1.5037057495117188, 0.19899242401123046, 1.02], [1.5037057495117188, 0.19899242401123046, 1.02], [1.5037057495117188, 0.19899242401123046, 1.02], [1.5037057495117188, 0.19899242401123046, 1.02], [1.5037057495117188, 0.19899242401123046, 1.02], [1.5037057495117188, 0.19899242401123046, 1.02], [1.5037057495117188, 0.19899242401123046, 1.02]], "Kalman": [[0.011832929778954528, -0.004579178249404949, 0.82], [0.0375833576030784, 0.017642744368266107, 0.84], [0.16100489948830554, -0.024280049343366458, 0.87], [0.266066128841575, -0.05234942053093392, 0.9], [0.6094355972395114, -0.049186785416470646, 0.92], [0.9031339083138126, -0.022349944688412116, 0.95], [1.2030265739113915, 0.045515260627187616, 0.97], [1.5333855677401007, 0.12176691021116434, 0.97], [1.736136855823061, 0.12331178430856468, 1.02], [1.7338566003134326, 0.12103075781443469, 1.02], [1.7338565986824652, 0.12103075618291585, 1.02], [1.7338565986824652, 0.12103075618291585, 1.02], [1.7338565984106373, 0.12103075591099603, 1.02], [1.7338565984106373, 0.12103075591099603, 1.02], [1.7338565984106373, 0.12103075591099603, 1.02], [1.7338565984106373, 0.12103075591099603, 1.02], [1.7338565984106373, 0.12103075591099603, 1.02], [1.7338565984106373, 0.12103075591099603, 1.02], [1.7338565981388259, 0.12103075563909281, 1.02], [1.7338565981388259, 0.12103075563909281, 1.02], [1.7338565981388259, 0.12103075563909281, 1.02], [1.7338565981388259, 0.12103075563909281, 1.02], [1.7338565981388259, 0.12103075563909281, 1.02], [1.7338565981388259, 0.12103075563909281, 1.02], [1.7338565981388259, 0.12103075563909281, 1.02], [1.7338565981388259, 0.12103075563909281, 1.02], [1.7338565981388259, 0.12103075563909281, 1.02], [1.7338565981388259, 0.12103075563909281, 1.02]], "CMD": [[0, 7.090702348204329, 0, 5], [0, 7.114066866510913, 0, 5], [-5, 6.933799461613031, 0, 5], [5, 6.069804257190943, 0, 5], [5, 5.334388542328614, 0, 5], [5, 5, 0, 5], [5, 5, 0, 5], [-5, -5, 0, 5], [-5, -5, 0, 5], [-5, -5, 0, -5], [-5, -5, 0, -5], [-5, -5, 0, -5], [-5, -5, 0, -5], [-5, -5, 0, -5], [-5, -5, 0, -5], [-5, -5, 0, -5], [-5, -5, 0, -5], [-5, -5, 0, -5], [-5, -5, 0, -5], [-5, -5, 0, -5], [-5, -5, 0, -5], [-5, -5, 0, -5], [-5, -5, 0, -5], [-5, -5, 0, -5], [-5, -5, 0, -5], [-5, -5, 0, -5], [-5, -5, 0, -5], [-5, -5, 0, -5]], "Distance": [[1.0044377171047911], [0.9757853554913641], [0.8493540483677844], [0.7425627172593008], [0.40169626904324507], [0.11127695065076125], [0.21021757458442553], [0.5479300542001719], [0.7466614136611213], [0.7440389466692758], [0.7440389447952339], [0.7440389447952339], [0.7440389444828936], [0.7440389444828936], [0.7440389444828936], [0.7440389444828936], [0.7440389444828936], [0.7440389444828936], [0.7440389441705723], [0.7440389441705723], [0.7440389441705723], [0.7440389441705723], [0.7440389441705723], [0.7440389441705723], [0.7440389441705723], [0.7440389441705723], [0.7440389441705723], [0.7440389441705723]], "Time": [[0.5], [1.0], [1.6], [2.2], [2.7], [3.2], [3.7], [4.2], [4.8], [5.4], [5.9], [6.5], [7.0], [7.5], [8.0], [8.5], [9.0], [9.5], [10.0], [10.6], [11.1], [11.6], [12.1], [12.6], [13.1], [13.6], [14.1], [14.6]], "Title": [["ModelBasedPID"], ["ModelBasedPID"], ["ModelBasedPID"], ["ModelBasedPID"], ["ModelBasedPID"], ["ModelBasedPID"], ["ModelBasedPID"], ["ModelBasedPID"], ["ModelBasedPID"], ["ModelBasedPID"], ["ModelBasedPID"], ["ModelBasedPID"], ["ModelBasedPID"], ["ModelBasedPID"], ["ModelBasedPID"], ["ModelBasedPID"], ["ModelBasedPID"], ["ModelBasedPID"], ["ModelBasedPID"], ["ModelBasedPID"], ["ModelBasedPID"], ["ModelBasedPID"], ["ModelBasedPID"], ["ModelBasedPID"], ["ModelBasedPID"], ["ModelBasedPID"], ["ModelBasedPID"], ["ModelBasedPID"]]}