{"IMU": [[0.014453954696655273, 0.005194655656814575, 0.69], [-0.006738989353179931, -0.0005371778458356857, 0.72], [0.024379165172576905, -0.008836914896965026, 0.76], [0.1327949905395508, -0.018188180923461913, 0.81], [0.1327949905395508, -0.018188180923461913, 0.81], [0.3710308456420898, -0.0318484902381897, 0.85], [0.6661034393310546, -0.05771862030029297, 0.88], [0.9678855895996094, -0.07831503391265869, 0.91], [0.9678855895996094, -0.07831503391265869, 0.91], [1.1027404022216798, -0.08605912208557129, 0.94], [1.1313096618652343, -0.08845726013183594, 0.95], [1.1313096618652343, -0.08845726013183594, 0.95], [1.1487290954589844, -0.08821279525756837, 0.98], [1.1742496490478516, -0.08429909706115722, 0.99], [1.2211324310302734, -0.0720050573348999, 1.0], [1.2211324310302734, -0.0720050573348999, 1.0], [1.3013990783691407, -0.059139671325683596, 1.0]], "Kalman": [[-0.10022105351990852, 0.010961958794224973, 0.6681762195173785], [-0.014264513056110435, -0.02817625549970638, 0.6503263611993394], [0.4447985503946576, -0.0900474125713435, 0.6958532435413183], [1.186132620058134, -0.11096228403877914, 0.7570695988752242], [1.186132620058134, -0.11096228403877914, 0.7570695988752242], [2.097058462658351, -0.14694772868112427, 0.8030700269493933], [2.950051360785206, -0.14424305050777692, 0.8290500521528333], [3.0058222889067334, -0.13718971999422536, 0.8664586812242034], [2.859952027583713, -0.12040988822609035, 0.8721564784367956], [1.8153425857090668, -0.10938746272760154, 0.9155827517179915], [1.3963605755256652, -0.10180634172779826, 0.9399294703526246], [1.3963605755256652, -0.10180634172779826, 0.9399294703526246], [1.3046422523517527, -0.08714258760734002, 0.9701366844542453], [1.3839521073646934, -0.04450042030820104, 0.998824626184597], [1.6439040262944016, 0.03895457270681066, 1.0066940549360064], [1.6439040262944016, 0.03895457270681066, 1.0066940549360064], [1.8724769306882594, 0.04878132400522123, 1.0058131505853385]], "CMD": [[-0.13991397113108625, 25.0, 0, 6.477004472118721], [0.294872690166275, 25.0, 0, 6.789731819559017], [0.35963023329780286, 25.0, 0, 6.825423177928383], [1.149328447537439, 19.849957002004, 0, 5.936765288184211], [1.4162773366581325, 10.38787129556711, 0, 4.7418581399146404], [1.5018147774614106, 8.043205168256604, 0, 4.248185961760941], [1.8755808751352947, -1.2388146313378134, 0, 3.8439569167942755], [1.8410594660542863, -12.126068083377477, 0, 3.336842148878325], [1.6691289529083237, -12.125892546429354, 0, 2.534504360069266], [1.5368627032276339, -10.976076942093036, 0, 2.4954301337051037], [1.3961769597451301, 2.3568919220763513, 0, 1.647774893804397], [1.2994146233215929, 7.704607415052675, 0, 1.1725413067221906], [1.2517503673782464, 8.349863452934862, 0, 0.6329212553857919], [1.112252446451889, 8.875262684027687, 0, 0.582914304878387], [0.5679852149784557, 7.8629840417710515, 0, 0.022942603594305073], [-0.4972002781105008, 4.545063771922679, 0, -0.13066400393022015], [-0.4972002781105008, 4.545063771922679, 0, -0.13066400393022015]], "Distance": [[2.1263009334246785], [2.044584819371221], [1.5872193719929482], [0.8565675223840705], [0.8565675223840705], [0.2641881799472801], [0.9760263984229932], [1.0238812333244776], [0.877701542059509], [0.230630113953278], [0.6151045069968352], [0.6151045069968352], [0.7014328516720127], [0.6176541709821238], [0.35828286533909864], [0.35828286533909864], [0.1366584922283178]], "Time": [[1615212487.9930408], [1615212488.442449], [1615212488.804144], [1615212489.1349802], [1615212489.4795363], [1615212489.8504548], [1615212490.196172], [1615212490.550259], [1615212490.9058082], [1615212491.2595134], [1615212491.6039908], [1615212491.9775732], [1615212492.3674843], [1615212492.7378736], [1615212493.1157792], [1615212493.4460096], [1615212493.788991]]}