{"IMU": [[0.021291260719299317, -0.003929943442344665, 0.74], [0.021291260719299317, -0.003929943442344665, 0.74], [0.021291260719299317, -0.003929943442344665, 0.74], [0.021291260719299317, -0.003929943442344665, 0.74], [0.021291260719299317, -0.003929943442344665, 0.74], [0.021291260719299317, -0.003929943442344665, 0.74], [0.010915292501449585, -0.009578455090522766, 0.75], [0.010915292501449585, -0.009578455090522766, 0.75], [0.010915292501449585, -0.009578455090522766, 0.75], [0.010915292501449585, -0.009578455090522766, 0.75], [0.010915292501449585, -0.009578455090522766, 0.75], [0.010915292501449585, -0.009578455090522766, 0.75], [0.010915292501449585, -0.009578455090522766, 0.75], [0.010915292501449585, -0.009578455090522766, 0.75], [0.041732196807861326, -0.025543966293334962, 0.77], [0.041732196807861326, -0.025543966293334962, 0.77], [0.041732196807861326, -0.025543966293334962, 0.77], [0.041732196807861326, -0.025543966293334962, 0.77], [0.041732196807861326, -0.025543966293334962, 0.77], [0.041732196807861326, -0.025543966293334962, 0.77], [0.041732196807861326, -0.025543966293334962, 0.77], [0.041732196807861326, -0.025543966293334962, 0.77], [0.041732196807861326, -0.025543966293334962, 0.77], [0.041732196807861326, -0.025543966293334962, 0.77], [0.13869519233703614, -0.0408793830871582, 0.79], [0.13869519233703614, -0.0408793830871582, 0.79], [0.13869519233703614, -0.0408793830871582, 0.79], [0.13869519233703614, -0.0408793830871582, 0.79], [0.13869519233703614, -0.0408793830871582, 0.79], [0.13869519233703614, -0.0408793830871582, 0.79], [0.13869519233703614, -0.0408793830871582, 0.79], [0.13869519233703614, -0.0408793830871582, 0.79], [0.2697979736328125, -0.05372450351715088, 0.82], [0.2697979736328125, -0.05372450351715088, 0.82], [0.2697979736328125, -0.05372450351715088, 0.82], [0.2697979736328125, -0.05372450351715088, 0.82], [0.2697979736328125, -0.05372450351715088, 0.82], [0.2697979736328125, -0.05372450351715088, 0.82], [0.2697979736328125, -0.05372450351715088, 0.82], [0.39559173583984375, -0.052215285301208496, 0.84]], "Kalman": [[0.10229991909139852, -0.02827095384856139, 0.7435094873417508], [0.004611823217069759, -0.05025231549050634, 0.7411291633043304], [0.004611823217069759, -0.05025231549050634, 0.7411291633043304], [0.004611823217069759, -0.05025231549050634, 0.7411291633043304], [0.004611823217069759, -0.05025231549050634, 0.7411291633043304], [0.004611823217069759, -0.05025231549050634, 0.7411291633043304], [0.03425818212403276, -0.05871840794318851, 0.7436697084425266], [0.069458967354271, -0.06089261096851216, 0.7432363230958596], [0.069458967354271, -0.06089261096851216, 0.7432363230958596], [0.069458967354271, -0.06089261096851216, 0.7432363230958596], [0.069458967354271, -0.06089261096851216, 0.7432363230958596], [0.069458967354271, -0.06089261096851216, 0.7432363230958596], [0.069458967354271, -0.06089261096851216, 0.7432363230958596], [0.069458967354271, -0.06089261096851216, 0.7432363230958596], [0.20254481019905807, -0.08171868913541575, 0.7629746722298074], [0.3349596762648349, -0.10080771741763445, 0.7628947915175902], [0.3349596762648349, -0.10080771741763445, 0.7628947915175902], [0.34293837681266837, -0.10195793180827994, 0.7628947915174692], [0.34293837681266837, -0.10195793180827994, 0.7628947915174692], [0.34293837681266837, -0.10195793180827994, 0.7628947915174692], [0.34293837681266837, -0.10195793180827994, 0.7628947915174692], [0.34293837681266837, -0.10195793180827994, 0.7628947915174692], [0.34293837681266837, -0.10195793180827994, 0.7628947915174692], [0.34293837681266837, -0.10195793180827994, 0.7628947915174692], [0.40227547163645583, -0.11008291316180194, 0.7826370997912047], [0.6451456193469536, -0.1009774812110733, 0.7840423159629691], [0.720721002879147, -0.09668745506742918, 0.784045833100424], [0.720721002879147, -0.09668745506742918, 0.784045833100424], [0.720721002879147, -0.09668745506742918, 0.784045833100424], [0.720721002879147, -0.09668745506742918, 0.784045833100424], [0.720721002879147, -0.09668745506742918, 0.784045833100424], [0.720721002879147, -0.09668745506742918, 0.784045833100424], [0.9111315086271851, -0.10521720340724044, 0.8124831203419841], [0.9680058547032548, -0.1082395988187029, 0.8123934775646445], [0.9680058547032548, -0.1082395988187029, 0.8123934775646445], [0.9680058547032548, -0.1082395988187029, 0.8123934775646445], [0.9680058547032548, -0.1082395988187029, 0.8123934775646445], [0.9680058547032548, -0.1082395988187029, 0.8123934775646445], [0.9680058547032548, -0.1082395988187029, 0.8123934775646445], [1.0117248454645047, -0.034037517232172035, 0.8345381993790291]], "CMD": [[0.1334303846792851, 20.0, 0, 6.737796857437786], [1.3732348119920432, 20.0, 0, 3.904581456718843], [1.3732348119920432, 20.0, 0, 3.904581456718843], [1.3732348119920432, 20.0, 0, 3.904581456718843], [1.3732348119920432, 20.0, 0, 3.904581456718843], [1.3732348119920432, 20.0, 0, 3.904581456718843], [1.5253260756696052, 20.0, 0, 3.7556936715013993], [1.6640000039569693, 20.0, 0, 3.872798900006899], [1.6640000039569693, 20.0, 0, 3.872798900006899], [1.6640000039569693, 20.0, 0, 3.872798900006899], [1.6640000039569693, 20.0, 0, 3.872798900006899], [1.6640000039569693, 20.0, 0, 3.872798900006899], [1.6640000039569693, 20.0, 0, 3.872798900006899], [1.6640000039569693, 20.0, 0, 3.872798900006899], [1.9662185079206373, 20.0, 0, 3.571350252190675], [2.754752005437539, 18.17342176211003, 0, 3.5762877431429088], [2.754752005437539, 18.17342176211003, 0, 3.5762877431429088], [2.7861836803180133, 17.955389433852147, 0, 3.576287743144734], [2.7861836803180133, 17.955389433852147, 0, 3.576287743144734], [2.7861836803180133, 17.955389433852147, 0, 3.576287743144734], [2.7861836803180133, 17.955389433852147, 0, 3.576287743144734], [2.7861836803180133, 17.955389433852147, 0, 3.576287743144734], [2.7861836803180133, 17.955389433852147, 0, 3.576287743144734], [2.7861836803180133, 17.955389433852147, 0, 3.576287743144734], [3.008213394422441, 16.333896703434746, 0, 3.278512019226181], [2.7979969490047782, 10.377134611448858, 0, 3.257490325686685], [2.6421584336067854, 7.631800392899999, 0, 3.257263917173239], [2.6421584336067854, 7.631800392899999, 0, 3.257263917173239], [2.6421584336067854, 7.631800392899999, 0, 3.257263917173239], [2.6421584336067854, 7.631800392899999, 0, 3.257263917173239], [2.6421584336067854, 7.631800392899999, 0, 3.257263917173239], [2.6421584336067854, 7.631800392899999, 0, 3.257263917173239], [2.8259473066256713, 3.3562351753809634, 0, 2.805090526246108], [2.9342156940135626, 1.3188797353738388, 0, 2.829688791243725], [2.9578415180087854, 0.8742975059472081, 0, 2.8296928229183194], [2.9578415180087854, 0.8742975059472081, 0, 2.8296928229183194], [2.9578415180087854, 0.8742975059472081, 0, 2.8296928229183194], [2.9578415180087854, 0.8742975059472081, 0, 2.8296928229183194], [2.9578415180087854, 0.8742975059472081, 0, 2.8296928229183194], [0.9301363155261589, -0.3204024690190974, 0, 2.4956811927774822]], "Distance": [[0.93405142533937], [1.029726676250994], [1.029726676250994], [1.029726676250994], [1.029726676250994], [1.029726676250994], [1.0009047550070385], [0.9672342577086877], [0.9672342577086877], [0.9672342577086877], [0.9672342577086877], [0.9672342577086877], [0.9672342577086877], [0.9672342577086877], [0.8359388314338759], [0.7132038333984287], [0.7132038333984287], [0.7059350369642643], [0.7059350369642643], [0.7059350369642643], [0.7059350369642643], [0.7059350369642643], [0.7059350369642643], [0.7059350369642643], [0.6454761730418783], [0.42749947891784373], [0.36603473114109747], [0.36603473114109747], [0.36603473114109747], [0.36603473114109747], [0.36603473114109747], [0.36603473114109747], [0.23266037223472225], [0.21894210044208157], [0.21894210044208157], [0.21894210044208157], [0.21894210044208157], [0.21894210044208157], [0.21894210044208157], [0.16933290302014803]],