{"IMU": [[0.025991284847259523, -0.007028580904006958, 0.8], [0.0949744701385498, -0.015272245407104493, 0.83], [0.18374767303466796, -0.001626635193824768, 0.86], [0.28728288650512696, 0.012355999946594238, 0.9], [0.4005852127075195, 0.003137657344341278, 0.93], [0.5228789520263671, -0.03386078119277954, 0.97], [0.660655517578125, -0.0679703426361084, 1.0], [1.1242044067382813, -0.12552841186523436, 1.06], [1.4446073913574218, -0.14975817680358885, 1.05], [1.746199493408203, -0.16226940155029296, 1.03], [1.746199493408203, -0.16226940155029296, 1.03], [1.746199493408203, -0.16226940155029296, 1.03], [1.746199493408203, -0.16226940155029296, 1.03], [1.746199493408203, -0.16226940155029296, 1.03], [1.746199493408203, -0.16226940155029296, 1.03], [1.746199493408203, -0.16226940155029296, 1.03], [1.746199493408203, -0.16226940155029296, 1.03], [1.746199493408203, -0.16226940155029296, 1.03], [1.746199493408203, -0.16226940155029296, 1.03], [1.746199493408203, -0.16226940155029296, 1.03], [1.746199493408203, -0.16226940155029296, 1.03], [1.746199493408203, -0.16226940155029296, 1.03], [1.746199493408203, -0.16226940155029296, 1.03], [1.746199493408203, -0.16226940155029296, 1.03], [1.746199493408203, -0.16226940155029296, 1.03], [1.746199493408203, -0.16226940155029296, 1.03], [1.746199493408203, -0.16226940155029296, 1.03], [1.746199493408203, -0.16226940155029296, 1.03], [1.746199493408203, -0.16226940155029296, 1.03], [1.746199493408203, -0.16226940155029296, 1.03], [1.746199493408203, -0.16226940155029296, 1.03], [1.746199493408203, -0.16226940155029296, 1.03], [1.746199493408203, -0.16226940155029296, 1.03], [1.746199493408203, -0.16226940155029296, 1.03], [1.746199493408203, -0.16226940155029296, 1.03], [1.746199493408203, -0.16226940155029296, 1.03], [1.746199493408203, -0.16226940155029296, 1.03], [1.746199493408203, -0.16226940155029296, 1.03], [1.746199493408203, -0.16226940155029296, 1.03]], "Kalman": [[0.07772220731142881, -0.017881033813042777, 0.8], [0.17566004735044288, -0.011923531245809596, 0.83], [0.2803786123024804, 0.014944033502959784, 0.86], [0.3948893533210944, 0.021058783322135035, 0.9], [0.5178084004311553, -0.01573806283879907, 0.93], [0.6502181011828738, -0.07818497378821009, 0.97], [0.8061892669706903, -0.0885631499661481, 1.0], [1.3456007769434613, -0.1487194610904512, 1.06], [1.7769511773743014, -0.16489134726502785, 1.05], [2.003631365381212, -0.15427263155633075, 1.03], [1.9991073997249316, -0.15101887055845412, 1.03], [1.9991073964891362, -0.1510188682311807, 1.03], [1.9991073964891362, -0.1510188682311807, 1.03], [1.9991073964891362, -0.1510188682311807, 1.03], [1.9991073959498369, -0.15101886784330176, 1.03], [1.9991073959498369, -0.15101886784330176, 1.03], [1.9991073959498369, -0.15101886784330176, 1.03], [1.9991073959498369, -0.15101886784330176, 1.03], [1.9991073959498369, -0.15101886784330176, 1.03], [1.9991073959498369, -0.15101886784330176, 1.03], [1.9991073954105705, -0.15101886745544654, 1.03], [1.9991073954105705, -0.15101886745544654, 1.03], [1.9991073954105705, -0.15101886745544654, 1.03], [1.9991073954105705, -0.15101886745544654, 1.03], [1.9991073954105705, -0.15101886745544654, 1.03], [1.9991073954105705, -0.15101886745544654, 1.03], [1.9991073954105705, -0.15101886745544654, 1.03], [1.9991073954105705, -0.15101886745544654, 1.03], [1.9991073954105705, -0.15101886745544654, 1.03], [1.9991073954105705, -0.15101886745544654, 1.03], [1.9991073954105376, -0.15101886745542287, 1.03], [1.9991073954105376, -0.15101886745542287, 1.03], [1.9991073954105376, -0.15101886745542287, 1.03], [1.9991073954105376, -0.15101886745542287, 1.03], [1.9991073954105376, -0.15101886745542287, 1.03], [1.9991073954105376, -0.15101886745542287, 1.03], [1.9991073954105376, -0.15101886745542287, 1.03], [1.9991073954105376, -0.15101886745542287, 1.03], [1.9991073954105376, -0.15101886745542287, 1.03]], "CMD": [[0, 7.106887116166589, 0, 5], [5, 6.653262432989008, 0, 5], [0, 5.967679585892581, 0, 5], [-5, 5.234649817269887, 0, 5], [-5, 5, 0, 5], [5, 5, 0, 5], [5, 5, 0, 5], [5, 5, 0, 0], [5, -5, 0, -5], [5, -5.241513302946867, 0, -5], [5, -6.828168373817356, 0, -5], [5, -6.796404614658777, 0, -5], [5, -6.796406766990172, 0, -5], [5, -6.796406766991698, 0, -5], [5, -6.796406766991698, 0, -5], [5, -6.796406763216345, 0, -5], [5, -6.796406763216603, 0, -5], [5, -6.796406763216603, 0, -5], [5, -6.796406763216603, 0, -5], [5, -6.796406763216603, 0, -5], [5, -6.796406763216603, 0, -5], [5, -6.796406759441507, 0, -5], [5, -6.796406759441738, 0, -5], [5, -6.796406759441738, 0, -5], [5, -6.796406759441738, 0, -5], [5, -6.796406759441738, 0, -5], [5, -6.796406759441738, 0, -5], [5, -6.796406759441738, 0, -5], [5, -6.796406759441738, 0, -5], [5, -6.796406759441738, 0, -5], [5, -6.796406759441738, 0, -5], [5, -6.796406759441508, 0, -5], [5, -6.796406759441508, 0, -5], [5, -6.796406759441508, 0, -5], [5, -6.796406759441508, 0, -5], [5, -6.796406759441508, 0, -5], [5, -6.796406759441508, 0, -5], [5, -6.796406759441508, 0, -5], [5, -6.796406759441508, 0, -5]], "Distance": [[0.9438834982436797], [0.8417710663426512], [0.7332654810974272], [0.6136793683016987], [0.4875001798119454], [0.35966688319384843], [0.21308691130448348], [0.3809952429243157], [0.7958280520477958], [1.0158621768843799], [1.0109017239325815], [1.0109017203868667], [1.0109017203868667], [1.0109017203868667], [1.010901719795914], [1.010901719795914], [1.010901719795914], [1.010901719795914], [1.010901719795914], [1.010901719795914], [1.0109017192049976], [1.0109017192049976], [1.0109017192049976], [1.0109017192049976], [1.0109017192049976], [1.0109017192049976], [1.0109017192049976], [1.0109017192049976], [1.0109017192049976], [1.0109017192049976], [1.0109017192049616], [1.0109017192049616], [1.0109017192049616], [1.0109017192049616], [1.0109017192049616], [1.0109017192049616], [1.0109017192049616], [1.0109017192049616], [1.0109017192049616]], "Time": [[0.6], [1.1], [1.7], [2.3], [2.8], [3.4], [3.9], [4.5], [5.0], [5.6], [6.1], [6.7], [7.2], [7.7], [8.2], [8.7], [9.2], [9.7], [10.2], [10.7], [11.3], [11.8], [12.4], [12.9], [13.4], [13.9], [14.4], [14.9], [15.4], [15.9], [16.4], [16.9], [17.5], [18.0], [18.5], [19.0], [19.6], [20.1], [20.6]], "Title": [["ModelBasedPID"], ["ModelBasedPID"], ["ModelBasedPID"], ["ModelBasedPID"], ["ModelBasedPID"], ["ModelBasedPID"], ["ModelBasedPID"], ["ModelBasedPID"], ["ModelBasedPID"], ["ModelBasedPID"], ["ModelBasedPID"], ["ModelBasedPID"], ["ModelBasedPID"], ["ModelBasedPID"], ["ModelBasedPID"], ["ModelBasedPID"], ["ModelBasedPID"], ["ModelBasedPID"], ["ModelBasedPID"], ["ModelBasedPID"], ["ModelBasedPID"], ["ModelBasedPID"], ["ModelBasedPID"], ["ModelBasedPID"], ["ModelBasedPID"], ["ModelBasedPID"], ["ModelBasedPID"], ["ModelBasedPID"], ["ModelBasedPID"], ["ModelBasedPID"], ["ModelBasedPID"], ["ModelBasedPID"], ["ModelBasedPID"], ["ModelBasedPID"], ["ModelBasedPID"], ["ModelBasedPID"], ["ModelBasedPID"], ["ModelBasedPID"], ["ModelBasedPID"]]}