{"IMU": [[1.7243347572756988, 3.595902591984029, 0.63], [1.7517088341189606, 3.6060928035185293, 0.69], [1.7676775955630524, 3.6162945080206352, 0.75], [1.7863806223345977, 3.635931263010259, 0.79], [1.819200580067752, 3.6722381401464896, 0.84], [1.8565097593737825, 3.718686580698247, 0.88], [1.9287770819140655, 3.757518005411382, 0.88], [1.9466897940112335, 3.7491421127722218, 0.91], [1.9687237333728058, 3.7605767631933644, 0.91], [1.9892033743334991, 3.7702904892370657, 0.88], [2.003141190953372, 3.7844977760717824, 0.71], [2.015460698552249, 3.802376670877691, 0.33], [2.0192267202807646, 3.8391497040197806, -0.07]], "Kalman": [[1.8215266622289914, 3.7679219071211127, 0.6209982392295654], [1.802028878878135, 3.808042531038393, 0.6848161662263497], [1.916715222541157, 3.9456935423718553, 0.7452811947300935], [1.9323099143020195, 3.9922206975007968, 0.7924616530640046], [1.999756803709074, 4.020151695139523, 0.8344973989588788], [2.0651870044091014, 4.156200251915327, 0.8768112243941358], [2.062851696807838, 4.179169735638211, 0.8809393681892753], [2.1290601938899436, 4.218407840425831, 0.9116421880633391], [2.1490161119130895, 4.386580533225095, 0.9191850902455835], [2.159043187034951, 4.119452327708418, 0.9032100934137861], [7.638664704998465, 9.208445147983614, 0.7563533898474212], [2.2409333904281388, 4.250921877057171, 0.4269407117523867], [2.2341504826789316, 4.248127018963096, 0.09459706637644782]], "UWB": [[1.87344314, 3.87715098, 2.61909762], [1.81477782, 3.89848143, 2.33593445], [1.98313312, 4.0938412, 3.08864041], [1.99552035, 4.15258533, 2.98842763], [2.08262885, 4.1667455, 2.914829], [2.11006539, 4.31937963, 2.50763862], [2.10198519, 4.39348212, 2.63890138], [2.1987394, 4.44260183, 3.02764083], [2.2339903, 4.68815785, 2.91971978], [2.24160215, 4.29639909, 1.77583445], [2.25342051, 4.41073565, 1.10253396], [2.34314891, 4.45844586, 1.12180336], [2.35413878, 4.45786245, 1.33960915]], "Distance": [[1.6586098373203186], [1.6038862106082774], [1.4217537456393965], [1.3559135917640481], [1.2857836785267613], [1.1355283378426206], [1.1171826295346365], [1.0462540602223125], [0.9147781650804993], [1.1170380226691432], [6.683554128962764], [1.3340501409471406], [1.6159041900158722]], "Time": [[1615564252.9658036], [1615564254.0659835], [1615564255.1131747], [1615564256.1317122], [1615564257.185091], [1615564258.3259947], [1615564259.6161034], [1615564260.7660627], [1615564261.9986258], [1615564263.2712393], [1615564264.5076609], [1615564265.7473953], [1615564267.0033355]]}