{"IMU": [[0.008098612427711488, -0.0026909992098808288, 0.77], [0.003518664836883545, -0.004329088032245636, 0.76], [0.003518664836883545, -0.004329088032245636, 0.76], [0.003518664836883545, -0.004329088032245636, 0.76], [0.003518664836883545, -0.004329088032245636, 0.76], [0.003518664836883545, -0.004329088032245636, 0.76], [0.003518664836883545, -0.004329088032245636, 0.76], [0.0033082428574562075, -0.0023801615834236145, 0.76], [0.0033082428574562075, -0.0023801615834236145, 0.77], [0.0033082428574562075, -0.0023801615834236145, 0.77], [0.0033082428574562075, -0.0023801615834236145, 0.77], [0.0033082428574562075, -0.0023801615834236145, 0.77], [0.0033082428574562075, -0.0023801615834236145, 0.77], [0.0033082428574562075, -0.0023801615834236145, 0.77], [0.0033082428574562075, -0.0023801615834236145, 0.77], [0.0033082428574562075, -0.0023801615834236145, 0.77], [0.043700790405273436, -0.0018726897239685059, 0.79], [0.043700790405273436, -0.0018726897239685059, 0.79], [0.043700790405273436, -0.0018726897239685059, 0.79], [0.043700790405273436, -0.0018726897239685059, 0.79], [0.043700790405273436, -0.0018726897239685059, 0.79], [0.043700790405273436, -0.0018726897239685059, 0.79], [0.043700790405273436, -0.0018726897239685059, 0.79], [0.043700790405273436, -0.0018726897239685059, 0.79], [0.13852741241455077, 0.005756844878196716, 0.81], [0.13852741241455077, 0.005756844878196716, 0.81], [0.13852741241455077, 0.005756844878196716, 0.81], [0.13852741241455077, 0.005756844878196716, 0.81], [0.13852741241455077, 0.005756844878196716, 0.81], [0.13852741241455077, 0.005756844878196716, 0.81], [0.13852741241455077, 0.005756844878196716, 0.81], [0.2826439666748047, 0.012921292781829834, 0.82], [0.2826439666748047, 0.012921292781829834, 0.82], [0.2826439666748047, 0.012921292781829834, 0.82], [0.2826439666748047, 0.012921292781829834, 0.82], [0.2826439666748047, 0.012921292781829834, 0.82], [0.2826439666748047, 0.012921292781829834, 0.82], [0.2826439666748047, 0.012921292781829834, 0.82], [0.2826439666748047, 0.012921292781829834, 0.82], [0.2826439666748047, 0.012921292781829834, 0.82], [0.2826439666748047, 0.012921292781829834, 0.82], [0.2826439666748047, 0.012921292781829834, 0.82], [0.4535829544067383, 0.021299524307250975, 0.84]], "Kalman": [[0.006611907482435382, -0.010837429250765217, 0.7752152373076068], [-0.0185424694074435, -0.0074907170026709165, 0.762628200621955], [-0.018771679925077705, -0.007438344177477146, 0.7626282006214442], [-0.018771679925077705, -0.007438344177477146, 0.7626282006214442], [-0.018771679925077705, -0.007438344177477146, 0.7626282006214442], [-0.018771679925077705, -0.007438344177477146, 0.7626282006214442], [-0.018771679925077705, -0.007438344177477146, 0.7626282006214442], [-0.018832720969633295, -0.0074350077682256415, 0.7626282006214441], [0.054497097859241145, -0.003222027193349531, 0.7675209179505833], [0.07135537111862353, -0.002228460469690805, 0.7672406107181042], [0.08993382631958038, -0.0011335123346923343, 0.7672243206288102], [0.08993382631958038, -0.0011335123346923343, 0.7672243206288102], [0.08993382631958038, -0.0011335123346923343, 0.7672243206288102], [0.08993382631958038, -0.0011335123346923343, 0.7672243206288102], [0.08993382631958038, -0.0011335123346923343, 0.7672243206288102], [0.08993382631958038, -0.0011335123346923343, 0.7672243206288102], [0.15131034775494095, -0.0004291630324569133, 0.7871638969820243], [0.2395970179849098, 0.004094650391696368, 0.7872299713036841], [0.2395970179849098, 0.004094650391696368, 0.7872299713036841], [0.2395970179849098, 0.004094650391696368, 0.7872299713036841], [0.2395970179849098, 0.004094650391696368, 0.7872299713036841], [0.2395970179849098, 0.004094650391696368, 0.7872299713036841], [0.2395970179849098, 0.004094650391696368, 0.7872299713036841], [0.2395970179849098, 0.004094650391696368, 0.7872299713036841], [0.3128329454918482, 0.009200471521394821, 0.8069722796197952], [0.5118818726192337, 0.015278875005698394, 0.8074733976687504], [0.5528235491364917, 0.01684006965746911, 0.8074741775483664], [0.5528235491364917, 0.01684006965746911, 0.8074741775483664], [0.5528235491364917, 0.01684006965746911, 0.8074741775483664], [0.5528235491364917, 0.01684006965746911, 0.8074741775483664], [0.5528235491364917, 0.01684006965746911, 0.8074741775483664], [0.667284297476032, 0.021810777759523982, 0.8173453322374958], [0.8217535812106698, 0.026810863020466022, 0.8187541617966078], [0.8535258270488437, 0.028068941566900135, 0.8187580585295605], [0.8535258270488437, 0.028068941566900135, 0.8187580585295605], [0.8535258270488437, 0.028068941566900135, 0.8187580585295605], [0.8535258270488437, 0.028068941566900135, 0.8187580585295605], [0.8535258270488437, 0.028068941566900135, 0.8187580585295605], [0.8535258270488437, 0.028068941566900135, 0.8187580585295605], [0.8535258270488437, 0.028068941566900135, 0.8187580585295605], [0.8535258270488437, 0.028068941566900135, 0.8187580585295605], [0.8535258270488437, 0.028068941566900135, 0.8187580585295605], [1.029367533462168, 0.0369643179197546, 0.8385865179900859]], "CMD": [[0.02191863955602346, 20.0, 0, 6.685166108586551], [0.20588980848523733, 20.0, 0, 3.5803087670891047], [0.20326611954865398, 20.0, 0, 3.580308767229316], [0.20326611954865398, 20.0, 0, 3.580308767229316], [0.20326611954865398, 20.0, 0, 3.580308767229316], [0.20326611954865398, 20.0, 0, 3.580308767229316], [0.20326611954865398, 20.0, 0, 3.580308767229316], [0.20326611954865398, 20.0, 0, 3.580308767229316], [0.08804768225910879, 20.0, 0, 3.5065112950992967], [0.060896686336885025, 20.0, 0, 3.5107392044153576], [0.030975261192013295, 20.0, 0, 3.5109849098853037], [0.030975261192013295, 20.0, 0, 3.5109849098853037], [0.030975261192013295, 20.0, 0, 3.5109849098853037], [0.030975261192013295, 20.0, 0, 3.5109849098853037], [0.030975261192013295, 20.0, 0, 3.5109849098853037], [0.030975261192013295, 20.0, 0, 3.5109849098853037], [0.013622100507373553, 20.0, 0, 3.2132093599599565], [-0.11189367904602501, 20.0, 0, 3.209237159339967], [-0.11189367904602501, 20.0, 0, 3.209237159339967], [-0.11189367904602501, 20.0, 0, 3.209237159339967], [-0.11189367904602501, 20.0, 0, 3.209237159339967], [-0.11189367904602501, 20.0, 0, 3.209237159339967], [-0.11189367904602501, 20.0, 0, 3.209237159339967], [-0.11189367904602501, 20.0, 0, 3.209237159339967], [-0.11435069533408766, 20.0, 0, 3.2092371588503026], [-0.4005673853135056, 13.78335120746004, 0, 2.903941448220324], [-0.4601851609081843, 12.219899987391239, 0, 2.903891245068812], [-0.4601851609081843, 12.219899987391239, 0, 2.903891245068812], [-0.4601851609081843, 12.219899987391239, 0, 2.903891245068812], [-0.4601851609081843, 12.219899987391239, 0, 2.903891245068812], [-0.4601851609081843, 12.219899987391239, 0, 2.903891245068812], [-0.5741682065913158, 9.449361323609253, 0, 2.7613496674773748], [-0.7326550046476894, 4.870903658969975, 0, 2.7337538209774994], [-0.7670342613907953, 4.002669954427694, 0, 2.7336950460632474], [-0.7670342613907953, 4.002669954427694, 0, 2.7336950460632474], [-0.7670342613907953, 4.002669954427694, 0, 2.7336950460632474], [-0.7670342613907953, 4.002669954427694, 0, 2.7336950460632474], [-0.7670342613907953, 4.002669954427694, 0, 2.7336950460632474], [-0.7670342613907953, 4.002669954427694, 0, 2.7336950460632474], [-0.7670342613907953, 4.002669954427694, 0, 2.7336950460632474], [-0.7670342613907953, 4.002669954427694, 0, 2.7336950460632474], [-0.7670342613907953, 4.002669954427694, 0, 2.7336950460632474], [-1.0101164030648104, -0.8025206181834359, 0, 2.4346198929362606]],