{"IMU": [[-0.004227968752384186, 0.008503867387771607, 0.82], [0.006804704070091248, 0.011028436422348022, 0.79], [0.006804704070091248, 0.011028436422348022, 0.79], [0.006804704070091248, 0.011028436422348022, 0.79], [0.006804704070091248, 0.011028436422348022, 0.79], [0.006804704070091248, 0.011028436422348022, 0.79], [0.006804704070091248, 0.011028436422348022, 0.79], [0.006804704070091248, 0.011028436422348022, 0.79], [0.004454287588596344, 0.010261470079421997, 0.78], [0.004454287588596344, 0.010261470079421997, 0.78], [0.004454287588596344, 0.010261470079421997, 0.78], [0.004454287588596344, 0.010261470079421997, 0.78], [0.004454287588596344, 0.010261470079421997, 0.78], [0.004454287588596344, 0.010261470079421997, 0.78], [0.004454287588596344, 0.010261470079421997, 0.78], [0.004454287588596344, 0.010261470079421997, 0.78], [0.004454287588596344, 0.010261470079421997, 0.78], [0.004454287588596344, 0.010261470079421997, 0.78], [0.004454287588596344, 0.010261470079421997, 0.78], [0.04102803707122803, 0.005586419701576233, 0.8], [0.04102803707122803, 0.005586419701576233, 0.8], [0.04102803707122803, 0.005586419701576233, 0.8], [0.04102803707122803, 0.005586419701576233, 0.8], [0.04102803707122803, 0.005586419701576233, 0.8], [0.04102803707122803, 0.005586419701576233, 0.8], [0.04102803707122803, 0.005586419701576233, 0.8], [0.04102803707122803, 0.005586419701576233, 0.8], [0.04102803707122803, 0.005586419701576233, 0.8], [0.04102803707122803, 0.005586419701576233, 0.8], [0.13074496269226074, 0.002135380357503891, 0.82], [0.13074496269226074, 0.002135380357503891, 0.82], [0.13074496269226074, 0.002135380357503891, 0.82], [0.13074496269226074, 0.002135380357503891, 0.82], [0.13074496269226074, 0.002135380357503891, 0.82], [0.13074496269226074, 0.002135380357503891, 0.82], [0.13074496269226074, 0.002135380357503891, 0.82], [0.26751386642456054, 0.002135380357503891, 0.82], [0.26751386642456054, -0.009278510808944701, 0.84]], "Kalman": [[-0.009721294971937793, 0.011387202963433573, 0.7248183110095698], [0.0036634800166512795, 0.020637723067139045, 0.7942885409063036], [0.0036634800166512795, 0.020637723067139045, 0.7942885409063036], [0.0036634800166512795, 0.020637723067139045, 0.7942885409063036], [0.0036634800166512795, 0.020637723067139045, 0.7942885409063036], [0.0036634800166512795, 0.020637723067139045, 0.7942885409063036], [0.0036634800166512795, 0.020637723067139045, 0.7942885409063036], [0.0036634800166512795, 0.020637723067139045, 0.7942885409063036], [-0.006998388186856053, 0.01665120804666116, 0.7848381390950163], [0.06481738033842646, -0.00347864223930471, 0.7778309318762234], [0.08768791954176175, -0.011309558935268603, 0.7778113593119733], [0.08768791954176175, -0.011309558935268603, 0.7778113593119733], [0.08768791954176175, -0.011309558935268603, 0.7778113593119733], [0.08768791954176175, -0.011309558935268603, 0.7778113593119733], [0.08768791954176175, -0.011309558935268603, 0.7778113593119733], [0.08768791954176175, -0.011309558935268603, 0.7778113593119733], [0.08768791954176175, -0.011309558935268603, 0.7778113593119733], [0.08768791954176175, -0.011309558935268603, 0.7778113593119733], [0.08768791954176175, -0.011309558935268603, 0.7778113593119733], [0.2106221027740669, -0.0228083818110758, 0.7971895951869437], [0.32350744770054174, -0.033222794684543464, 0.7970035362528318], [0.3345893705312564, -0.034245174687236375, 0.7970035362309742], [0.3396967730845901, -0.03471636604209419, 0.7970035362309588], [0.3396967730845901, -0.03471636604209419, 0.7970035362309588], [0.3396967730845901, -0.03471636604209419, 0.7970035362309588], [0.3396967730845901, -0.03471636604209419, 0.7970035362309588], [0.3396967730845901, -0.03471636604209419, 0.7970035362309588], [0.3396967730845901, -0.03471636604209419, 0.7970035362309588], [0.3396967730845901, -0.03471636604209419, 0.7970035362309588], [0.5749601934538873, -0.0325348765589906, 0.8169122177734757], [0.7001252500317809, -0.028097175800303978, 0.8169077308569598], [0.7001252500317809, -0.028097175800303978, 0.8169077308569598], [0.7001252500317809, -0.028097175800303978, 0.8169077308569598], [0.7001252500317809, -0.028097175800303978, 0.8169077308569598], [0.7001252500317809, -0.028097175800303978, 0.8169077308569598], [0.7001252500317809, -0.028097175800303978, 0.8169077308569598], [0.7001252500317809, -0.028097175800303978, 0.8169077308569598], [0.9612070717219212, -0.05460821906463485, 0.8370811421514415]], "CMD": [[0.006692063974467734, 20.0, 0, 8.341150925082543], [-0.563962863788846, 20.0, 0, 3.1027718643954145], [-0.563962863788846, 20.0, 0, 3.1027718643954145], [-0.563962863788846, 20.0, 0, 3.1027718643954145], [-0.563962863788846, 20.0, 0, 3.1027718643954145], [-0.563962863788846, 20.0, 0, 3.1027718643954145], [-0.563962863788846, 20.0, 0, 3.1027718643954145], [-0.563962863788846, 20.0, 0, 3.1027718643954145], [-0.5016460588068301, 20.0, 0, 3.1027718950336016], [0.09506014946478739, 20.0, 0, 3.351004055634185], [0.3090540184386243, 20.0, 0, 3.3512992710876013], [0.3090540184386243, 20.0, 0, 3.3512992710876013], [0.3090540184386243, 20.0, 0, 3.3512992710876013], [0.3090540184386243, 20.0, 0, 3.3512992710876013], [0.3090540184386243, 20.0, 0, 3.3512992710876013], [0.3090540184386243, 20.0, 0, 3.3512992710876013], [0.3090540184386243, 20.0, 0, 3.3512992710876013], [0.3090540184386243, 20.0, 0, 3.3512992710876013], [0.3090540184386243, 20.0, 0, 3.3512992710876013], [0.46227715841228173, 20.0, 0, 3.0535237562221202], [0.9078725580535354, 18.486374484504445, 0, 3.0618212473987443], [0.9358109285958373, 18.183541031629588, 0, 3.0618212477284263], [0.9486870789838265, 18.043972080096996, 0, 3.061821247728659], [0.9486870789838265, 18.043972080096996, 0, 3.061821247728659], [0.9486870789838265, 18.043972080096996, 0, 3.061821247728659], [0.9486870789838265, 18.043972080096996, 0, 3.061821247728659], [0.9486870789838265, 18.043972080096996, 0, 3.061821247728659], [0.9486870789838265, 18.043972080096996, 0, 3.061821247728659], [0.9486870789838265, 18.043972080096996, 0, 3.061821247728659], [1.0084475872998175, 14.981901696067721, 0, 2.7610699304170105], [0.7678058125486198, 8.194616345023247, 0, 2.7616037715555057], [0.7678058125486198, 8.194616345023247, 0, 2.7616037715555057], [0.7678058125486198, 8.194616345023247, 0, 2.7616037715555057], [0.7678058125486198, 8.194616345023247, 0, 2.7616037715555057], [0.7678058125486198, 8.194616345023247, 0, 2.7616037715555057], [0.7678058125486198, 8.194616345023247, 0, 2.7616037715555057], [0.7678058125486198, 8.194616345023247, 0, 2.7616037715555057], [1.4922677036565855, 1.060086466675002, 0, 2.457325666440881]], "Distance": [[1.046609632989666], [1.0175606031428217], [1.0175606031428217], [1.0175606031428217], [1.0175606031428217], [1.0175606031428217], [1.0175606031428217], [1.0175606031428217], [1.0298629243391737], [0.9612167954732687], [0.939046873337078], [0.939046873337078], [0.939046873337078], [0.939046873337078], [0.939046873337078], [0.939046873337078], [0.939046873337078], [0.939046873337078], [0.939046873337078], [0.8153341322489274], [0.7070738940854356], [0.6965282493209292], [0.6916741587256298], [0.6916741587256298], [0.6916741587256298], [0.6916741587256298], [0.6916741587256298], [0.6916741587256298], [0.6916741587256298], [0.463938025324604], [0.35247283012510705], [0.35247283012510705], [0.35247283012510705], [0.35247283012510705], [0.35247283012510705], [0.35247283012510705], [0.35247283012510705], [0.17615193191242082]],