{"IMU": [[2.4387411565477755, 1.519759826854394, 0.66], [2.5291861898596193, 1.5407416810547572, 0.69], [2.650794466226807, 1.5696335317646724, 0.73], [2.790604932993164, 1.5843148924862605, 0.77], [2.9359119398291016, 1.5835815693890314, 0.8], [3.1395902998144534, 1.5813706948315362, 0.83], [3.416652906625977, 1.5661472227131585, 0.87], [3.759876554697266, 1.5228259887253504, 0.92], [4.156822965830078, 1.449408014014886, 0.96], [4.542459715097657, 1.3476177956616144, 0.99], [4.878459470957031, 1.2468554474865656, 1.03], [5.152713926523438, 1.1506841637646417, 1.07], [5.275409849375, 1.0568098046337824, 1.07], [5.30224822828125, 0.9441571404492121, 1.05], [5.29334197828125, 0.8301703240429621, 1.03], [5.257872007578126, 0.755556523994134, 1.01], [5.1928887922460945, 0.6743411614453058, 1.0]], "Kalman": [[2.467933608981652, 1.497210866510802, 0.6538651768910185], [2.581998736986461, 1.5652773718470177, 0.681245883374195], [2.695455986869324, 1.707618086980734, 0.7208855619295275], [2.804986333004854, 1.7749749642658317, 0.7622783524338587], [2.861528495821187, 1.9883223757767647, 0.7925320226698893], [2.648589881343873, 2.160332867721639, 0.8218958462634808], [3.0427351443974566, 2.3870984598538074, 0.8605047591489732], [3.0790262994747564, 2.60155640792808, 0.9117733972756565], [2.9643702481801832, 2.9641140014559495, 0.9546028905536557], [3.1498609307163186, 3.505984312912227, 0.9849623118935441], [2.9532828376762286, 3.6533367121894518, 1.0270724274526], [3.031674142140306, 3.7927210594320613, 1.0654302154319784], [2.748219387365856, 3.7028786290769644, 1.0798063293002864], [2.602449982242178, 3.702925846607554, 1.0606673093133294], [2.4671766701399833, 3.586338838173564, 1.039448366253101], [2.4318783734019336, 3.354447681887663, 1.0191695096585804], [2.3181770609163594, 3.2712966057933928, 1.00951643522105]], "UWB": [[2.44759765, 1.48765832, 1.57109391], [2.59541806, 1.53281432, 1.13959911], [2.62872414, 1.86414739, 1.38512502], [2.7014834, 1.87368809, 1.30757009], [2.68553611, 2.21538446, 1.35138859], [2.69123308, 2.53899671, 1.18554193], [2.55232822, 2.97478281, 1.26491151], [2.37881283, 3.34045668, 1.70584688], [2.16260031, 3.87331553, 1.39448437], [2.3317832, 4.72221954, 3.11365362], [1.7656149, 4.91592669, 4.427449], [1.83079566, 5.22632443, 3.14486151], [1.41964793, 5.08902156, 1.77561611], [1.25509394, 5.16750429, 2.00877457], [1.05690383, 4.99817756, 1.79412505], [1.04938505, 4.56225443, 1.74730192], [0.89806819, 4.56362283, 1.45496567]], "Distance": [[1.5424696914153102], [1.4719908285948908], [1.3365473884010977], [1.2846067815548883], [1.0941834536594617], [0.8711147659433599], [0.8304629173525986], [0.7083873834102947], [0.4679619961412593], [0.8237508641866941], [0.7956425747498138], [0.9567471894806877], [0.7496801195668588], [0.7129384735793742], [0.5885803069538286], [0.36144319789761553], [0.32672923351200955]], "Time": [[1615573107.0497487], [1615573107.6084292], [1615573108.2239242], [1615573108.740916], [1615573109.2529836], [1615573109.7649562], [1615573110.2754948], [1615573110.7869935], [1615573111.29999], [1615573111.8179889], [1615573112.3409996], [1615573112.8721595], [1615573113.5434985], [1615573114.2241151], [1615573114.8730235], [1615573115.5105393], [1615573116.2160544]]}