{"IMU": [[2.516113074187385, 1.3411394497874873, 0.34], [2.5582420412341227, 1.4550685182336467, 0.47], [2.6351144949236978, 1.5984973397973674, 0.6], [2.8157441774645915, 1.7170098748925822, 0.66], [2.927591120366203, 1.817669970107426, 0.78], [3.0762675730029216, 1.9362837472680705, 0.89], [3.225037714604484, 2.0103625360253945, 0.97], [3.3598255411425697, 2.0662573114160194, 1.03], [3.5936498514453046, 2.1077553430322307, 1.11], [4.3233577982226485, 2.1353112664941447, 1.14], [4.3233577982226485, 2.1353112664941447, 1.14], [4.686980845097648, 2.1249393335107465, 1.18], [4.746652781132804, 2.112375322890629, 1.27], [4.797517038945305, 2.0833962121728558, 1.3], [4.823652903203117, 2.0591134515527383, 1.36], [4.853437449101554, 2.0284340539697308, 1.35], [4.884724070195304, 1.9935780206445353, 1.36], [4.904890543583976, 1.959358736586918, 1.33], [4.927939097050773, 1.9488858285668986, 1.36], [4.953845926884758, 1.935341402602543, 1.35], [4.97491831458007, 1.9237139764550821, 1.36], [4.986776987675773, 1.9229241433862345, 1.32], [5.00135874426757, 1.9221369043115275, 1.32], [5.00135874426757, 1.9221369043115275, 1.33], [5.022976175908195, 1.907881495070805, 1.32], [5.029247080449211, 1.9180009713891644, 1.34], [5.029247080449211, 1.9180009713891644, 1.34], [5.041582132939444, 1.9135489145043985, 1.34], [5.0556399027148355, 1.9068784585717813, 1.33], [5.07743769324218, 1.895835024428715, 1.35], [5.10017237341796, 1.8800007501367229, 1.35], [5.10017237341796, 1.8800007501367229, 1.36], [5.128106638554679, 1.8597523370507854, 1.37], [5.146812388066398, 1.858764139724125, 1.43], [5.146812388066398, 1.858764139724125, 1.43], [5.146570078496086, 1.8563105264428752, 1.42], [5.146570078496086, 1.8563105264428752, 1.42]], "Kalman": [[2.6589499136397423, 1.2341929969360381, 0.3231137290094275], [2.745800468626812, 1.5503620763382464, 0.41897516160765746], [2.856162490569086, 1.6476563160477171, 0.5728390665465914], [3.113212823339053, 1.7111771666806483, 0.6261286861990991], [3.0164939748792774, 2.057412258011525, 0.7458146037871871], [3.6532888836689397, 1.9532637865519158, 0.8630451871371703], [4.108610772157811, 2.004020148205698, 0.9523699170231005], [3.6778620587026594, 2.4504647377856204, 1.0140545023591778], [4.053984323427603, 2.534930947651283, 1.0969575118736292], [4.332876956714777, 2.7925149710114843, 1.1304913793277849], [4.082579768885132, 2.9623707105687243, 1.1311300589360311], [4.176551421825577, 3.058642760841338, 1.1709592803210156], [4.010971595181446, 3.0357896657239296, 1.2653368222215318], [4.1826674944096265, 3.060370376387627, 1.3041860875880253], [4.126325661423836, 3.0441248356735926, 1.360987983439365], [4.099153401200166, 3.1032123043594946, 1.3630369587360383], [4.108901816349593, 3.127595297819036, 1.374016034608395], [4.197118892531813, 3.1366030324153895, 1.3463705630093588], [4.172445502344445, 3.098392628228109, 1.3696145563183222], [4.222382462757583, 3.1193518045173474, 1.3536984055245695], [4.228997881516862, 3.1103484736247227, 1.3745142530459953], [4.198075207206498, 3.1557182155878944, 1.3388956542654298], [4.143623482722854, 3.243086302963917, 1.330213298274996], [4.105949194213937, 3.250152186569403, 1.336084965274314], [4.069306298310162, 3.2555182098638724, 1.3300165184866821], [4.120907293373194, 3.312613572018452, 1.3509026325387772], [4.1264217202644415, 3.296789363631213, 1.3421387856880609], [4.055552645925434, 3.206110887101811, 1.3443471968832863], [3.6350043877987757, 3.1095835171009356, 1.3350490560675141], [3.455636636821914, 3.1357074538667864, 1.3555598811325997], [3.4149207460350097, 2.822641511491003, 1.3506683186384862], [3.220267893890574, 2.5384181098226555, 1.359279413743133], [2.742357195617096, 1.9625816746991487, 1.3697355103831999], [2.3164272962253456, 2.2658810693968885, 1.4181398420368696], [2.2641956110508223, 2.288964451586708, 1.4330921161427645], [2.238502465899859, 2.444006118350516, 1.4225861036147625], [2.210014377628034, 2.4444756298808836, 1.4192524205954384]], "UWB": [[2.72327114, 1.14435996, 1.16585489], [2.81219815, 1.47359511, 0.87102288], [2.88879736, 1.58199546, 1.10075166], [3.1345885, 1.63170115, 1.05085569], [2.97388445, 2.1149961, 1.29803701], [3.82686424, 1.89283199, 0.7605261], [3.93827199, 2.18846378, 1.2409682], [3.69022764, 2.60585691, 1.76637145], [4.09122532, 2.72633073, 1.05942107], [4.10384531, 3.13353396, 1.16832188], [3.87982478, 3.50791464, 1.01922357], [3.80308986, 3.54442192, 1.33136386], [3.61066582, 3.5040135, 1.9639009], [3.83667146, 3.57827933, 1.27379482], [3.76796106, 3.54739084, 1.19404188], [3.70878519, 3.64743359, 1.21114103], [3.71634416, 3.70547277, 1.54312153], [3.83792398, 3.74512555, 1.43169684], [3.79478695, 3.66729087, 1.24190371], [3.84603491, 3.71171614, 1.01038821], [3.83811676, 3.72645925, 1.08395583], [3.78273562, 3.79821318, 1.48734831], [3.61624663, 3.93813457, 1.81058943], [3.65353385, 3.89303384, 1.651239], [3.57191295, 3.94959595, 2.16710856], [3.65798688, 4.02058123, 2.16626879], [3.70060463, 4.00129315, 2.21351333], [3.54701318, 3.83141018, 2.26782752], [2.91229503, 3.72326029, 2.17711202], [2.62958878, 3.78075079, 2.72303613], [2.5657374, 3.29214107, 2.53274585], [2.2609376, 2.85504862, 2.22567648], [1.71438126, 2.20386416, 1.75457455], [0.89045897, 2.48050127, 1.57845502], [0.69394334, 2.7116606, 1.48345029], [0.77362438, 2.70615142, 1.19440481], [0.75542686, 2.69159095, 1.2005905]], "Distance": [[2.5138742162157763], [2.19237021136592], [2.078147831945736], [2.0675695163624224], [1.6934320056224312], [2.0561482553519297], [2.301987600665852], [1.6812023684445463], [1.9151101869274612], [2.0277441933030724], [1.7304877511629047], [1.7859885581544463], [1.6524809001629357], [1.8087460202212329], [1.7726624596749514], [1.7286018101582055], [1.7324432809353352], [1.8065883727714234], [1.7994331249445326], [1.8366522309502404], [1.8495724830196743], [1.800728784745499], [1.7251428150014798], [1.688758180493898], [1.651438476946392], [1.692425098200569], [1.6991363436946694], [1.6538913418953907], [1.3009776344285093], [1.1419987012757549], [1.2824080121903068], [1.3724000272075962], [1.7443686429384238], [1.457506459376306], [1.4476153684447342], [1.3043700463766985], [1.3088748069653884]], "Time": [[1615570084.2186766], [1615570084.820231], [1615570085.3386166], [1615570085.8524077], [1615570086.3737538], [1615570086.91105], [1615570087.4578314], [1615570087.9851902], [1615570088.4994388], [1615570089.1474066], [1615570089.8308976], [1615570090.4529192], [1615570091.113318], [1615570091.7860937], [1615570092.4310207], [1615570093.0979471], [1615570093.8492653], [1615570094.5847013], [1615570095.3265257], [1615570096.0836425], [1615570096.7999592], [1615570097.4744618], [1615570098.2553577], [1615570099.020761], [1615570099.8235195], [1615570100.5964723], [1615570101.2310336], [1615570102.0176392], [1615570102.710261], [1615570103.4944096], [1615570104.2018332], [1615570105.0503843], [1615570105.766422], [1615570106.5644917], [1615570107.2003381], [1615570107.9947364], [1615570108.742379]]}