{"IMU": [[0.008916068077087402, -0.0009671052545309067, 0.74], [0.008916068077087402, -0.0009671052545309067, 0.74], [0.008916068077087402, -0.0009671052545309067, 0.74], [0.008916068077087402, -0.0009671052545309067, 0.74], [0.008916068077087402, -0.0009671052545309067, 0.74], [0.008916068077087402, -0.0009671052545309067, 0.74], [0.008916068077087402, -0.0009671052545309067, 0.74], [0.008916068077087402, -0.0009671052545309067, 0.74], [0.008916068077087402, -0.0009671052545309067, 0.74], [0.008916068077087402, -0.0009671052545309067, 0.74], [0.008916068077087402, -0.0009671052545309067, 0.74], [0.024383327960968017, -0.005710532665252685, 0.74], [0.024383327960968017, -0.005710532665252685, 0.74], [0.024383327960968017, -0.005710532665252685, 0.74], [0.024383327960968017, -0.005710532665252685, 0.74], [0.024383327960968017, -0.005710532665252685, 0.74], [0.024383327960968017, -0.005710532665252685, 0.74], [0.024383327960968017, -0.005710532665252685, 0.74], [0.024383327960968017, -0.005710532665252685, 0.74], [0.024383327960968017, -0.005710532665252685, 0.74], [0.024383327960968017, -0.005710532665252685, 0.74], [0.09718988418579101, -0.008582614660263062, 0.76], [0.09718988418579101, -0.008582614660263062, 0.76], [0.09718988418579101, -0.008582614660263062, 0.76], [0.09718988418579101, -0.008582614660263062, 0.76], [0.09718988418579101, -0.008582614660263062, 0.76], [0.09718988418579101, -0.008582614660263062, 0.76], [0.09718988418579101, -0.008582614660263062, 0.76], [0.09718988418579101, -0.008582614660263062, 0.76], [0.2180846405029297, -0.010165390968322753, 0.78], [0.2180846405029297, -0.010165390968322753, 0.78], [0.2180846405029297, -0.010165390968322753, 0.78], [0.2180846405029297, -0.010165390968322753, 0.78], [0.2180846405029297, -0.010165390968322753, 0.78], [0.2180846405029297, -0.010165390968322753, 0.78], [0.2180846405029297, -0.010165390968322753, 0.78], [0.2180846405029297, -0.010165390968322753, 0.78], [0.38590328216552733, -0.0073750573396682735, 0.8], [0.38590328216552733, -0.0073750573396682735, 0.8], [0.38590328216552733, -0.0073750573396682735, 0.8], [0.38590328216552733, -0.0073750573396682735, 0.8], [0.38590328216552733, -0.0073750573396682735, 0.8], [0.38590328216552733, -0.0073750573396682735, 0.8], [0.38590328216552733, -0.0073750573396682735, 0.8], [0.38590328216552733, -0.0073750573396682735, 0.8], [0.581275291442871, -0.0031870490312576293, 0.82]], "Kalman": [[0.023668578026754948, -0.0014024225995308119, 0.7426632250644682], [0.017350894037214973, -0.0035106590420744526, 0.7426226238156205], [0.017350894037214973, -0.0035106590420744526, 0.7426226238156205], [0.017350894037214973, -0.0035106590420744526, 0.7426226238156205], [0.017350894037214973, -0.0035106590420744526, 0.7426226238156205], [0.017350894037214973, -0.0035106590420744526, 0.7426226238156205], [0.017350894037214973, -0.0035106590420744526, 0.7426226238156205], [0.017350894037214973, -0.0035106590420744526, 0.7426226238156205], [0.017350894037214973, -0.0035106590420744526, 0.7426226238156205], [0.017350894037214973, -0.0035106590420744526, 0.7426226238156205], [0.017350894037214973, -0.0035106590420744526, 0.7426226238156205], [0.029430843686972134, -0.007332855203392228, 0.7426226170789577], [0.11350460289610532, -0.0149879305154, 0.7356567746319063], [0.1231009549157244, -0.01624478116757168, 0.73563568476749], [0.1231009549157244, -0.01624478116757168, 0.73563568476749], [0.1231009549157244, -0.01624478116757168, 0.73563568476749], [0.1231009549157244, -0.01624478116757168, 0.73563568476749], [0.1231009549157244, -0.01624478116757168, 0.73563568476749], [0.1231009549157244, -0.01624478116757168, 0.73563568476749], [0.1231009549157244, -0.01624478116757168, 0.73563568476749], [0.1231009549157244, -0.01624478116757168, 0.73563568476749], [0.18501823125479025, -0.018630040201482245, 0.7553779781067059], [0.3195601183988171, -0.027305614959432428, 0.7535408576716773], [0.3234355276584596, -0.027662520197442628, 0.7535408385654216], [0.3234355276584596, -0.027662520197442628, 0.7535408385654216], [0.3234355276584596, -0.027662520197442628, 0.7535408385654216], [0.3234355276584596, -0.027662520197442628, 0.7535408385654216], [0.3234355276584596, -0.027662520197442628, 0.7535408385654216], [0.3234355276584596, -0.027662520197442628, 0.7535408385654216], [0.5404231181299194, -0.042586947743664436, 0.7727032433760325], [0.5618018992624014, -0.04646619076992969, 0.7726924970895086], [0.5618018992624014, -0.04646619076992969, 0.7726924970895086], [0.5618018992624014, -0.04646619076992969, 0.7726924970895086], [0.5618018992624014, -0.04646619076992969, 0.7726924970895086], [0.5618018992624014, -0.04646619076992969, 0.7726924970895086], [0.5618018992624014, -0.04646619076992969, 0.7726924970895086], [0.5618018992624014, -0.04646619076992969, 0.7726924970895086], [0.7031504888735751, -0.0448019645653298, 0.7924348035801927], [0.809235224654946, -0.026452395617029147, 0.7939048870302723], [0.8213439593757639, -0.023321498023503008, 0.793908600560646], [0.8213439593757639, -0.023321498023503008, 0.793908600560646], [0.8213439593757639, -0.023321498023503008, 0.793908600560646], [0.8213439593757639, -0.023321498023503008, 0.793908600560646], [0.8213439593757639, -0.023321498023503008, 0.793908600560646], [0.8213439593757639, -0.023321498023503008, 0.793908600560646], [1.0314640328442288, -0.021783421661368776, 0.8129456220658114]],