{"IMU": [[0.0023896802961826326, -0.0006082597002387047, 0.75], [0.0023896802961826326, -0.0006082597002387047, 0.75], [0.0023896802961826326, -0.0006082597002387047, 0.75], [0.0023896802961826326, -0.0006082597002387047, 0.75], [0.0023896802961826326, -0.0006082597002387047, 0.75], [0.0023896802961826326, -0.0006082597002387047, 0.75], [0.0023896802961826326, -0.0006082597002387047, 0.75], [0.0023896802961826326, -0.0006082597002387047, 0.75], [0.01679038643836975, -0.0073739421367645264, 0.76], [0.01679038643836975, -0.0073739421367645264, 0.76], [0.01679038643836975, -0.0073739421367645264, 0.76], [0.01679038643836975, -0.0073739421367645264, 0.76], [0.01679038643836975, -0.0073739421367645264, 0.76], [0.01679038643836975, -0.0073739421367645264, 0.76], [0.01679038643836975, -0.0073739421367645264, 0.76], [0.01679038643836975, -0.0073739421367645264, 0.76], [0.01679038643836975, -0.0073739421367645264, 0.76], [0.09032966613769532, -0.009424095749855041, 0.79], [0.09032966613769532, -0.009424095749855041, 0.79], [0.09032966613769532, -0.009424095749855041, 0.79], [0.09032966613769532, -0.009424095749855041, 0.79], [0.09032966613769532, -0.009424095749855041, 0.79], [0.09032966613769532, -0.009424095749855041, 0.79], [0.22432449340820312, -0.017081512212753294, 0.8], [0.22432449340820312, -0.017081512212753294, 0.8], [0.22432449340820312, -0.017081512212753294, 0.8], [0.22432449340820312, -0.017081512212753294, 0.8], [0.4111283493041992, -0.021364846229553223, 0.82], [0.4111283493041992, -0.021364846229553223, 0.82], [0.4111283493041992, -0.021364846229553223, 0.82], [0.4111283493041992, -0.021364846229553223, 0.82], [0.4111283493041992, -0.021364846229553223, 0.82], [0.4111283493041992, -0.021364846229553223, 0.82], [0.4111283493041992, -0.021364846229553223, 0.82], [0.6755419921875, -0.02708009719848633, 0.85], [0.6755419921875, -0.02708009719848633, 0.85], [0.6755419921875, -0.02708009719848633, 0.85], [0.9838062286376953, -0.038569669723510745, 0.87]], "Kalman": [[0.0023896802961826326, -0.0006082597002387046, 0.75], [0.0023896802961826326, -0.0006082597002387046, 0.75], [0.0023896802961826326, -0.0006082597002387046, 0.75], [0.0023896802961826326, -0.0006082597002387046, 0.75], [0.0023896802961826326, -0.0006082597002387046, 0.75], [0.0023896802961826326, -0.0006082597002387046, 0.75], [0.0023896802961826326, -0.0006082597002387046, 0.75], [0.0023896802961826326, -0.0006082597002387046, 0.75], [0.01679038643836975, -0.0073739421367645264, 0.76], [0.016790386438369748, -0.0073739421367645264, 0.76], [0.016790386438369748, -0.0073739421367645264, 0.76], [0.016790386438369748, -0.0073739421367645264, 0.76], [0.016790386438369748, -0.0073739421367645264, 0.76], [0.016790386438369748, -0.0073739421367645264, 0.76], [0.016790386438369748, -0.0073739421367645264, 0.76], [0.016790386438369748, -0.0073739421367645264, 0.76], [0.016790386438369748, -0.0073739421367645264, 0.76], [0.09032966613769532, -0.009424095749855041, 0.79], [0.09032966613769532, -0.009424095749855041, 0.79], [0.09032966613769532, -0.009424095749855041, 0.79], [0.09032966613769532, -0.009424095749855041, 0.79], [0.09032966613769532, -0.009424095749855041, 0.79], [0.09032966613769532, -0.009424095749855041, 0.79], [0.22432449340820312, -0.017081512212753294, 0.8], [0.22432449340820312, -0.017081512212753294, 0.8], [0.22432449340820312, -0.017081512212753294, 0.8], [0.22432449340820312, -0.017081512212753294, 0.8], [0.4111283493041992, -0.021364846229553223, 0.82], [0.4111283493041992, -0.021364846229553223, 0.82], [0.4111283493041992, -0.021364846229553223, 0.82], [0.4111283493041992, -0.021364846229553223, 0.82], [0.4111283493041992, -0.021364846229553223, 0.82], [0.4111283493041992, -0.021364846229553223, 0.82], [0.4111283493041992, -0.021364846229553223, 0.82], [0.6755419921875, -0.02708009719848633, 0.85], [0.6755419921875, -0.02708009719848633, 0.85], [0.6755419921875, -0.02708009719848633, 0.85], [0.9838062286376953, -0.038569669723510745, 0.87]], "CMD": [[-0.015920397691758015, 20.0, 0, 3.770781508800369], [0.01662178920407032, 20.0, 0, 3.770781508800369], [0.01662178920407032, 20.0, 0, 3.770781508800369], [0.01662178920407032, 20.0, 0, 3.770781508800369], [0.01662178920407032, 20.0, 0, 3.770781508800369], [0.01662178920407032, 20.0, 0, 3.770781508800369], [0.01662178920407032, 20.0, 0, 3.770781508800369], [0.01662178920407032, 20.0, 0, 3.770781508800369], [0.20150621807134578, 20.0, 0, 3.6199502484483537], [0.20150621807134578, 20.0, 0, 3.6199502484483537], [0.20150621807134578, 20.0, 0, 3.6199502484483537], [0.20150621807134578, 20.0, 0, 3.6199502484483537], [0.20150621807134578, 20.0, 0, 3.6199502484483537], [0.20150621807134578, 20.0, 0, 3.6199502484483537], [0.20150621807134578, 20.0, 0, 3.6199502484483537], [0.20150621807134578, 20.0, 0, 3.6199502484483537], [0.20150621807134578, 20.0, 0, 3.6199502484483537], [0.2575303491774843, 20.0, 0, 3.1674564673923093], [0.2575303491774843, 20.0, 0, 3.1674564673923093], [0.2575303491774843, 20.0, 0, 3.1674564673923093], [0.2575303491774843, 20.0, 0, 3.1674564673923093], [0.2575303491774843, 20.0, 0, 3.1674564673923093], [0.2575303491774843, 20.0, 0, 3.1674564673923093], [0.4667830125449948, 20.0, 0, 3.0166252070402946], [0.4667830125449948, 20.0, 0, 3.0166252070402946], [0.4667830125449948, 20.0, 0, 3.0166252070402946], [0.4667830125449948, 20.0, 0, 3.0166252070402946], [0.5838328106656527, 16.09197591469121, 0, 2.7149626863362664], [0.5838328106656527, 16.09197591469121, 0, 2.7149626863362664], [0.5838328106656527, 16.09197591469121, 0, 2.7149626863362664], [0.5838328106656527, 16.09197591469121, 0, 2.7149626863362664], [0.5838328106656527, 16.09197591469121, 0, 2.7149626863362664], [0.5838328106656527, 16.09197591469121, 0, 2.7149626863362664], [0.5838328106656527, 16.09197591469121, 0, 2.7149626863362664], [0.7400123123105651, 8.866398035765851, 0, 2.2624689052802216], [0.7400123123105651, 8.866398035765851, 0, 2.2624689052802216], [0.7400123123105651, 8.866398035765851, 0, 2.2624689052802216], [1.053985525529996, 0.4425238987516469, 0, 1.9608063845761916]], "Distance": [[1.0284584191689112], [1.0284584191689112], [1.0284584191689112], [1.0284584191689112], [1.0284584191689112], [1.0284584191689112], [1.0284584191689112], [1.0284584191689112], [1.01210450014939], [1.01210450014939], [1.01210450014939], [1.01210450014939], [1.01210450014939], [1.01210450014939], [1.01210450014939], [1.01210450014939], [1.01210450014939], [0.9336428277932944], [0.9336428277932944], [0.9336428277932944], [0.9336428277932944], [0.9336428277932944], [0.9336428277932944], [0.8012267279527782], [0.8012267279527782], [0.8012267279527782], [0.8012267279527782], [0.6161381968743779], [0.6161381968743779], [0.6161381968743779], [0.6161381968743779], [0.6161381968743779], [0.6161381968743779], [0.6161381968743779], [0.3584777963806626], [0.3584777963806626], [0.3584777963806626], [0.13656448166897314]], "Time": [[1615326016.3610792], [1615326016.4114196], [1615326016.4542377], [1615326016.5650723], [1615326016.6133776], [1615326016.6610293], [1615326016.7163393], [1615326016.759875], [1615326016.8153527], [1615326016.8630242], [1615326016.904654], [1615326016.937655], [1615326016.9939663], [1615326017.050553], [1615326017.1023242], [1615326017.1581047], [1615326017.215112], [1615326017.289168], [1615326017.3996289], [1615326017.470886], [1615326017.5600662], [1615326017.6467922], [1615326017.7329803], [1615326017.852208], [1615326017.9829445], [1615326018.0824206], [1615326018.1561358], [1615326018.2519763], [1615326018.354929], [1615326018.4171586], [1615326018.4844687], [1615326018.5355916], [1615326018.5873787], [1615326018.655895], [1615326018.7847338], [1615326018.9256494], [1615326019.0977907], [1615326019.2762532]]}