{"IMU": [[0.025196185111999513, -0.023125507831573487, 0.82], [0.025196185111999513, -0.023125507831573487, 0.82], [0.025196185111999513, -0.023125507831573487, 0.82], [0.09662962913513183, 0.0025853508710861205, 0.81], [0.09662962913513183, 0.0025853508710861205, 0.81], [0.09662962913513183, 0.0025853508710861205, 0.81], [0.09662962913513183, 0.0025853508710861205, 0.81], [0.09662962913513183, 0.0025853508710861205, 0.81], [0.09662962913513183, 0.0025853508710861205, 0.81], [0.09662962913513183, 0.0025853508710861205, 0.81], [0.09662962913513183, 0.0025853508710861205, 0.81], [0.09662962913513183, 0.0025853508710861205, 0.81], [0.09662962913513183, 0.0025853508710861205, 0.81], [0.09662962913513183, 0.0025853508710861205, 0.81], [0.14630094528198243, 0.008154798150062561, 0.81], [0.14630094528198243, 0.008154798150062561, 0.81], [0.14630094528198243, 0.008154798150062561, 0.81], [0.14630094528198243, 0.008154798150062561, 0.81], [0.14630094528198243, 0.008154798150062561, 0.81], [0.14630094528198243, 0.008154798150062561, 0.81], [0.14630094528198243, 0.008154798150062561, 0.81], [0.14630094528198243, 0.008154798150062561, 0.81], [0.24106887817382813, 0.010586495399475098, 0.82], [0.24106887817382813, 0.010586495399475098, 0.82], [0.24106887817382813, 0.010586495399475098, 0.82], [0.24106887817382813, 0.010586495399475098, 0.82], [0.24106887817382813, 0.010586495399475098, 0.82], [0.3597234344482422, 0.016479120254516602, 0.83], [0.3597234344482422, 0.016479120254516602, 0.83], [0.3597234344482422, 0.016479120254516602, 0.83], [0.3597234344482422, 0.016479120254516602, 0.83], [0.5064244079589844, 0.02094259262084961, 0.84], [0.5064244079589844, 0.02094259262084961, 0.84], [0.5064244079589844, 0.02094259262084961, 0.84], [0.6322381973266602, 0.021196515560150148, 0.86], [0.6322381973266602, 0.021196515560150148, 0.86], [0.6322381973266602, 0.021196515560150148, 0.86], [0.6322381973266602, 0.021196515560150148, 0.86], [0.6322381973266602, 0.021196515560150148, 0.86], [0.7073180389404297, 0.01582892417907715, 0.87]], "Kalman": [[0.0772684257808085, -0.07105778349925096, 0.8294792743371283], [0.05288248414644092, -0.0301806022472216, 0.8291209462866698], [0.05288248414644092, -0.0301806022472216, 0.8291209462866698], [0.2664277806241812, 0.09059091520126335, 0.8125524628173698], [0.4625112994033109, 0.08272783683356218, 0.8125739183206788], [0.4625112994033109, 0.08272783683356218, 0.8125739183206788], [0.4625112994033109, 0.08272783683356218, 0.8125739183206788], [0.4625112994033109, 0.08272783683356218, 0.8125739183206788], [0.4625112994033109, 0.08272783683356218, 0.8125739183206788], [0.4625112994033109, 0.08272783683356218, 0.8125739183206788], [0.4625112994033109, 0.08272783683356218, 0.8125739183206788], [0.4625112994033109, 0.08272783683356218, 0.8125739183206788], [0.4625112994033109, 0.08272783683356218, 0.8125739183206788], [0.4625112994033109, 0.08272783683356218, 0.8125739183206788], [0.5114980828045727, 0.07169246000529957, 0.8094129031701951], [0.5210693186414406, 0.05752214202550773, 0.8092290773615751], [0.5210693186414406, 0.05752214202550773, 0.8092290773615751], [0.5210693186414406, 0.05752214202550773, 0.8092290773615751], [0.5210693186414406, 0.05752214202550773, 0.8092290773615751], [0.5210693186414406, 0.05752214202550773, 0.8092290773615751], [0.5210693186414406, 0.05752214202550773, 0.8092290773615751], [0.5210693186414406, 0.05752214202550773, 0.8092290773615751], [0.5789354312654985, 0.055350235991974896, 0.8191002243488683], [0.5789354312654985, 0.055350235991974896, 0.8191002243488683], [0.5789354312654985, 0.055350235991974896, 0.8191002243488683], [0.5789354312654985, 0.055350235991974896, 0.8191002243488683], [0.5789354312654985, 0.055350235991974896, 0.8191002243488683], [0.9912163309094276, 0.1029674204885513, 0.8283389666489495], [0.9912163309094276, 0.1029674204885513, 0.8283389666489495], [0.9912163309094276, 0.1029674204885513, 0.8283389666489495], [0.9912163309094276, 0.1029674204885513, 0.8283389666489495], [1.2333900526365382, 0.09514127962325236, 0.8375605396353544], [1.2333900526365382, 0.09514127962325236, 0.8375605396353544], [1.2333900526365382, 0.09514127962325236, 0.8375605396353544], [1.172500299760358, 0.05109227335619687, 0.8575117680137968], [1.172500299760358, 0.05109227335619687, 0.8575117680137968], [1.172500299760358, 0.05109227335619687, 0.8575117680137968], [1.172500299760358, 0.05109227335619687, 0.8575117680137968], [1.172500299760358, 0.05109227335619687, 0.8575117680137968], [1.1178911251327073, 0.027785906401774658, 0.8677020736297677]], "CMD": [[0.40365051567281385, 20.0, 0, 5.5762581828607445], [0.8247391836222907, 20.0, 0, 2.577390303934122], [0.8247391836222907, 20.0, 0, 2.577390303934122], [-2.3950573194283438, 20.0, 0, 2.8272948283136223], [-2.2606867833206086, 14.687844480543056, 0, 2.8269712122531674], [-2.2606867833206086, 14.687844480543056, 0, 2.8269712122531674], [-2.2606867833206086, 14.687844480543056, 0, 2.8269712122531674], [-2.2606867833206086, 14.687844480543056, 0, 2.8269712122531674], [-2.2606867833206086, 14.687844480543056, 0, 2.8269712122531674], [-2.2606867833206086, 14.687844480543056, 0, 2.8269712122531674], [-2.2606867833206086, 14.687844480543056, 0, 2.8269712122531674], [-2.2606867833206086, 14.687844480543056, 0, 2.8269712122531674], [-2.2606867833206086, 14.687844480543056, 0, 2.8269712122531674], [-2.2606867833206086, 14.687844480543056, 0, 2.8269712122531674], [-1.9591252835946216, 13.349192606743623, 0, 2.874649202167095], [-1.639066081623963, 13.133011000342057, 0, 2.8774200144154713], [-1.5718958841747452, 13.08764139031349, 0, 2.8774218700070326], [-1.5718958841747452, 13.08764139031349, 0, 2.8774218700070326], [-1.5718958841747452, 13.08764139031349, 0, 2.8774218700070326], [-1.5718958841747452, 13.08764139031349, 0, 2.8774218700070326], [-1.5718958841747452, 13.08764139031349, 0, 2.8774218700070326], [-1.5718958841747452, 13.08764139031349, 0, 2.8774218700070326], [-1.5264421083261157, 11.978742093980975, 0, 2.7619509276063043], [-1.512544649420472, 11.50634589150168, 0, 2.72853411588569], [-1.512544649420472, 11.50634589150168, 0, 2.72853411588569], [-1.512544649420472, 11.50634589150168, 0, 2.72853411588569], [-1.512544649420472, 11.50634589150168, 0, 2.72853411588569], [-2.8137697723125688, 0.24002954002131976, 0, 2.589185001366819], [-2.8137697723125688, 0.24002954002131976, 0, 2.589185001366819], [-2.8137697723125688, 0.24002954002131976, 0, 2.589185001366819], [-2.8137697723125688, 0.24002954002131976, 0, 2.589185001366819], [-2.5999064114926607, -6.377802533570782, 0, 2.4500948537700644], [-2.5999064114926607, -6.377802533570782, 0, 2.4500948537700644], [-2.5999064114926607, -6.377802533570782, 0, 2.4500948537700644], [-1.3961881698724516, -4.7138806321220805, 0, 2.149167961580929], [-1.3961881698724516, -4.7138806321220805, 0, 2.149167961580929], [-1.3961881698724516, -4.7138806321220805, 0, 2.149167961580929], [-1.3961881698724516, -4.7138806321220805, 0, 2.149167961580929], [-1.3961881698724516, -4.7138806321220805, 0, 2.149167961580929], [-1.1862926134126808, -5.529376254975996, 0, 2.000280100737392]],