{"IMU": [[0.006037479043006897, 0.0317007851600647, 0.79], [0.04997140407562256, 0.05936516761779785, 0.8], [0.13207056045532226, 0.08436641693115235, 0.82], [0.255457763671875, 0.09320569992065429, 0.87], [0.4040517807006836, 0.08416213989257812, 0.91], [0.8012620544433594, 0.02495100736618042, 1.02]], "Kalman": [[0.006090742307955151, 0.06843162088728927, 0.79], [0.11633510650471049, 0.07863687055352953, 0.8], [0.23374412311883785, 0.08839769635629964, 0.82], [0.39010843531546363, 0.07007588682522148, 0.87], [0.5839310393182922, 0.03771623610878692, 0.91], [0.9880411555783786, -0.036522261317177604, 1.02]], "CMD": [[-5, 10.0, 0, 5], [-5, 10.0, 0, 5], [-5, 10.0, 0, 5], [-5, 9.47144351983826, 0, 5], [-5, 7.538674328537972, 0, 5], [-5, 5.1428951873027815, 0, 5]], "Distance": [[1.0181544574686168], [0.9094214652219805], [0.7920620061434707], [0.6275176097829394], [0.4273592101604578], [0.04332308312690539]], "Time": [[8.95009732246399], [9.467848300933838], [10.062456369400024], [10.659400939941406], [11.262121200561523], [11.813623666763306]], "Title": [["ModelBasedLQR"], ["ModelBasedLQR"], ["ModelBasedLQR"], ["ModelBasedLQR"], ["ModelBasedLQR"], ["ModelBasedLQR"]]}