{"IMU": [[2.0544658247012975, 1.7255121916439733, 0.65], [2.0544658247012975, 1.7255121916439733, 0.65], [2.0544658247012975, 1.7255121916439733, 0.65], [2.0544658247012975, 1.7255121916439733, 0.65], [2.0544658247012975, 1.7255121916439733, 0.65], [2.0544658247012975, 1.7255121916439733, 0.65], [2.0544658247012975, 1.7255121916439733, 0.65], [2.0544658247012975, 1.7255121916439733, 0.65], [2.0544658247012975, 1.7255121916439733, 0.65], [2.0544658247012975, 1.7255121916439733, 0.65], [2.0544658247012975, 1.7255121916439733, 0.65], [2.0544658247012975, 1.7255121916439733, 0.65], [2.062405572571266, 1.708893140843173, 0.64], [2.062405572571266, 1.708893140843173, 0.64], [2.062405572571266, 1.708893140843173, 0.64], [2.062405572571266, 1.708893140843173, 0.64], [2.062405572571266, 1.708893140843173, 0.64], [2.062405572571266, 1.708893140843173, 0.64], [2.062405572571266, 1.708893140843173, 0.64], [2.062405572571266, 1.708893140843173, 0.64], [2.062405572571266, 1.708893140843173, 0.64], [2.062405572571266, 1.708893140843173, 0.64], [2.062405572571266, 1.708893140843173, 0.64], [2.062405572571266, 1.708893140843173, 0.64], [2.065709931888092, 1.7197695022728643, 0.66], [2.065709931888092, 1.7197695022728643, 0.66], [2.065709931888092, 1.7197695022728643, 0.66], [2.065709931888092, 1.7197695022728643, 0.66], [2.059914701916683, 1.762319943299552, 0.68], [2.059914701916683, 1.762319943299552, 0.68], [2.059914701916683, 1.762319943299552, 0.68], [2.059914701916683, 1.762319943299552, 0.68], [2.042909379639137, 1.8433159321453771, 0.7], [2.042909379639137, 1.8433159321453771, 0.7], [2.042909379639137, 1.8433159321453771, 0.7], [2.042909379639137, 1.8433159321453771, 0.7], [2.042909379639137, 1.8433159321453771, 0.7], [2.0123249465603714, 1.9760492104199132, 0.72], [2.0123249465603714, 1.9760492104199132, 0.72], [2.0123249465603714, 1.9760492104199132, 0.72], [2.0123249465603714, 1.9760492104199132, 0.72], [2.0123249465603714, 1.9760492104199132, 0.72], [2.0123249465603714, 1.9760492104199132, 0.72], [1.9628224736828688, 2.1737540596630773, 0.72], [1.9628224736828688, 2.1737540596630773, 0.74], [1.9628224736828688, 2.1737540596630773, 0.74], [1.9628224736828688, 2.1737540596630773, 0.74], [1.9628224736828688, 2.1737540596630773, 0.74], [1.9628224736828688, 2.1737540596630773, 0.74], [1.9029940969128492, 2.408153550019523, 0.74], [1.9029940969128492, 2.408153550019523, 0.76]], "Kalman": [[1.9194296809911588, 1.7915291698485016, 0.6523124096965918], [1.9699665089241296, 1.8292057627778509, 0.6550869707053512], [1.9689422192097508, 1.8284239369920943, 0.6550853903459903], [1.9689422192097508, 1.8284239369920943, 0.6550853903459903], [1.9689422192097508, 1.8284239369920943, 0.6550853903459903], [1.9689422192097508, 1.8284239369920943, 0.6550853903459903], [1.9689422192097508, 1.8284239369920943, 0.6550853903459903], [1.9689422192097508, 1.8284239369920943, 0.6550853903459903], [1.9689422192097508, 1.8284239369920943, 0.6550853903459903], [1.9689422192097508, 1.8284239369920943, 0.6550853903459903], [1.9689422192097508, 1.8284239369920943, 0.6550853903459903], [1.9689422192097508, 1.8284239369920943, 0.6550853903459903], [1.981519332571121, 1.8225998718959207, 0.6473662425329473], [1.9813754869457167, 1.8257239620004067, 0.6385517621057285], [1.9791711720061198, 1.8236090148118753, 0.6384599195014037], [1.9791711720061198, 1.8236090148118753, 0.6384599195014037], [1.9791711720061198, 1.8236090148118753, 0.6384599195014037], [1.9791711720061198, 1.8236090148118753, 0.6384599195014037], [1.9791711720061198, 1.8236090148118753, 0.6384599195014037], [1.9791711720061198, 1.8236090148118753, 0.6384599195014037], [1.9791711720061198, 1.8236090148118753, 0.6384599195014037], [1.9791711720061198, 1.8236090148118753, 0.6384599195014037], [1.9791711720061198, 1.8236090148118753, 0.6384599195014037], [1.9791711720061198, 1.8236090148118753, 0.6384599195014037], [1.950360877081124, 1.8645627687595385, 0.657423399742446], [1.9314242996417597, 1.8533212119082092, 0.6568118638633149], [1.9197939520413614, 1.8884346413401767, 0.6567662431705965], [1.9286669086844639, 1.9101436530193283, 0.6567871566499585], [1.8982540754563362, 1.9817580591890263, 0.6722547142714823], [1.8847199579459968, 2.008952757163095, 0.6769837272657789], [1.8839439175752852, 2.009035028651749, 0.6769870579839515], [1.9245008650100734, 2.039973425547493, 0.6748004161011155], [2.071188622741499, 2.0339515849397016, 0.6752313792586685], [2.085583043923963, 2.0545370809262478, 0.695455595081299], [2.016673892953084, 2.1076106688488614, 0.6951388733636451], [2.0225745799358257, 2.1062648759324034, 0.6951380479137901], [2.0225745799358257, 2.1062648759324034, 0.6951380479137901], [2.1060461551694294, 2.232942595226195, 0.7151600057661457], [2.080855694375842, 2.288703577549112, 0.7171667649459825], [2.07380361536333, 2.2696000020869125, 0.7169302996734038], [2.073650759790246, 2.269173455003829, 0.7169277185335426], [2.0736027846412126, 2.2690395792185507, 0.7169271137975941], [2.0736027846412126, 2.2690395792185507, 0.7169271137975941], [2.1027627350654408, 2.3903632578051437, 0.7170082097247579], [2.128711795258744, 2.494772196401757, 0.7369747146966691], [2.128885037251843, 2.5549932161777864, 0.737341607657375], [2.129296307285587, 2.573629757158068, 0.7373494908190129], [2.129296307285587, 2.573629757158068, 0.7373494908190129], [2.129296307285587, 2.573629757158068, 0.7373494908190129], [2.1858692569532847, 2.6627785532510733, 0.7374843427233607], [2.149821509630841, 2.8063060631021237, 0.7562545977809166]], "UWB": [[1.97104101, 1.92847776, 0.91509023], [1.92080607, 1.89181919, 1.05686233], [1.92080607, 1.89181919, 1.05686233], [1.90631797, 1.8582485, 0.77892466], [1.90631797, 1.8582485, 0.77892466], [1.90631797, 1.8582485, 0.77892466], [1.90631797, 1.8582485, 0.77892466], [1.90631797, 1.8582485, 0.77892466], [1.90631797, 1.8582485, 0.77892466], [1.90631797, 1.8582485, 0.77892466], [1.90631797, 1.8582485, 0.77892466], [1.90631797, 1.8582485, 0.77892466], [1.93855701, 1.89295885, 0.99540221], [1.92796844, 1.88251873, 0.96276077], [1.9086691, 1.86896748, 0.88803431], [1.9086691, 1.86896748, 0.88803431], [1.9086691, 1.86896748, 0.88803431], [1.9086691, 1.86896748, 0.88803431], [1.9086691, 1.86896748, 0.88803431], [1.9086691, 1.86896748, 0.88803431], [1.9086691, 1.86896748, 0.88803431], [1.88268052, 1.93923266, 1.04330092], [1.88268052, 1.93923266, 1.04330092], [1.88268052, 1.93923266, 1.04330092], [1.88268052, 1.93923266, 1.04330092], [1.86104561, 1.90325001, 0.97951047], [1.84375411, 1.95857003, 0.9556185], [1.85911144, 1.99280352, 0.97811014], [1.79451543, 2.11648911, 1.19698707], [1.79451543, 2.11648911, 1.19698707], [1.79451543, 2.11648911, 1.19698707], [1.86837958, 2.14503212, 1.00311996], [2.1071072, 2.09713683, 1.45252521], [2.1071072, 2.09713683, 1.45252521], [2.01357517, 2.17200081, 1.06304337], [2.01357517, 2.17200081, 1.06304337], [2.01357517, 2.17200081, 1.06304337], [2.15349008, 2.29689505, 1.36249543], [2.11712086, 2.32327795, 1.31451447], [2.10632401, 2.29305477, 1.05084674], [2.10632401, 2.29305477, 1.05084674], [2.10632401, 2.29305477, 1.05084674], [2.17962763, 2.41977982, 1.13692375], [2.17962763, 2.41977982, 1.13692375], [2.21750311, 2.53442776, 1.17908418], [2.21948537, 2.62348334, 1.20894268], [2.21948537, 2.62348334, 1.20894268], [2.34352984, 2.68253065, 1.3517639], [2.34352984, 2.68253065, 1.3517639], [2.34352984, 2.68253065, 1.3517639], [2.2914479, 2.8679499, 1.33155626]],