{"IMU": [[0.009047086238861085, 0.006279083490371704, 0.74], [0.009047086238861085, 0.006279083490371704, 0.74], [0.009047086238861085, 0.006279083490371704, 0.74], [0.009047086238861085, 0.006279083490371704, 0.74], [0.009047086238861085, 0.006279083490371704, 0.74], [0.009047086238861085, 0.006279083490371704, 0.74], [-0.000679364949464798, 0.0031812450289726256, 0.76], [-0.000679364949464798, 0.0031812450289726256, 0.76], [-0.000679364949464798, 0.0031812450289726256, 0.76], [-0.000679364949464798, 0.0031812450289726256, 0.76], [-0.000679364949464798, 0.0031812450289726256, 0.76], [-0.000679364949464798, 0.0031812450289726256, 0.76], [-0.000679364949464798, 0.0031812450289726256, 0.76], [-0.000679364949464798, 0.0031812450289726256, 0.76], [-0.000679364949464798, 0.0031812450289726256, 0.76], [-0.000679364949464798, 0.0031812450289726256, 0.76], [-0.000679364949464798, 0.0031812450289726256, 0.76], [0.03181914329528809, -0.0062958264350891115, 0.78], [0.03181914329528809, -0.0062958264350891115, 0.78], [0.03181914329528809, -0.0062958264350891115, 0.78], [0.03181914329528809, -0.0062958264350891115, 0.78], [0.03181914329528809, -0.0062958264350891115, 0.78], [0.03181914329528809, -0.0062958264350891115, 0.78], [0.03181914329528809, -0.0062958264350891115, 0.78], [0.03181914329528809, -0.0062958264350891115, 0.78], [0.11521831512451172, -0.01728224754333496, 0.81], [0.11521831512451172, -0.01728224754333496, 0.81], [0.11521831512451172, -0.01728224754333496, 0.81], [0.11521831512451172, -0.01728224754333496, 0.81], [0.11521831512451172, -0.01728224754333496, 0.81], [0.11521831512451172, -0.01728224754333496, 0.81], [0.11521831512451172, -0.01728224754333496, 0.81], [0.22983091354370117, -0.031856627464294435, 0.82], [0.22983091354370117, -0.031856627464294435, 0.82], [0.22983091354370117, -0.031856627464294435, 0.82], [0.22983091354370117, -0.031856627464294435, 0.82], [0.22983091354370117, -0.031856627464294435, 0.82], [0.22983091354370117, -0.031856627464294435, 0.82], [0.22983091354370117, -0.031856627464294435, 0.82], [0.22983091354370117, -0.031856627464294435, 0.82], [0.22983091354370117, -0.031856627464294435, 0.82], [0.22983091354370117, -0.031856627464294435, 0.82], [0.3606692123413086, -0.04872889995574951, 0.84]], "Kalman": [[-0.02155787304808301, -0.006487004814582373, 0.7416237506862464], [-0.057123287412404654, 0.014260329324253501, 0.7397911341239073], [-0.057123287412404654, 0.014260329324253501, 0.7397911341239073], [-0.057123287412404654, 0.014260329324253501, 0.7397911341239073], [-0.057123287412404654, 0.014260329324253501, 0.7397911341239073], [-0.057123287412404654, 0.014260329324253501, 0.7397911341239073], [-0.06596937820781688, 0.015716040246218383, 0.7586919295524843], [0.006797009539280672, -0.009536310549990434, 0.7545343241097936], [0.04218894318576998, -0.025709207501755725, 0.7545184401748004], [0.04218894318576998, -0.025709207501755725, 0.7545184401748004], [0.04477918556790307, -0.026892780615291018, 0.7545184401746978], [0.04477918556790307, -0.026892780615291018, 0.7545184401746978], [0.04477918556790307, -0.026892780615291018, 0.7545184401746978], [0.04477918556790307, -0.026892780615291018, 0.7545184401746978], [0.04477918556790307, -0.026892780615291018, 0.7545184401746978], [0.04477918556790307, -0.026892780615291018, 0.7545184401746978], [0.04477918556790307, -0.026892780615291018, 0.7545184401746978], [0.2117232720172631, -0.04186934439181196, 0.7747580898431717], [0.2543593454123829, -0.045707362701329086, 0.7747720393818789], [0.3133952462946066, -0.05102166227980043, 0.7747728500610367], [0.3133952462946066, -0.05102166227980043, 0.7747728500610367], [0.3133952462946066, -0.05102166227980043, 0.7747728500610367], [0.3133952462946066, -0.05102166227980043, 0.7747728500610367], [0.3133952462946066, -0.05102166227980043, 0.7747728500610367], [0.3133952462946066, -0.05102166227980043, 0.7747728500610367], [0.5321512850839056, -0.04207704879752999, 0.8057181980803971], [0.6326841802767526, -0.023958240121869975, 0.805774409287029], [0.6326841802767526, -0.023958240121869975, 0.805774409287029], [0.6326841802767526, -0.023958240121869975, 0.805774409287029], [0.6326841802767526, -0.023958240121869975, 0.805774409287029], [0.6326841802767526, -0.023958240121869975, 0.805774409287029], [0.6326841802767526, -0.023958240121869975, 0.805774409287029], [0.8079624965296415, -0.04341738824593848, 0.8168116522647229], [0.8659787845427624, -0.05942974057180711, 0.816872383819909], [0.8659787845427624, -0.05942974057180711, 0.816872383819909], [0.8659787845427624, -0.05942974057180711, 0.816872383819909], [0.8659787845427624, -0.05942974057180711, 0.816872383819909], [0.8659787845427624, -0.05942974057180711, 0.816872383819909], [0.8659787845427624, -0.05942974057180711, 0.816872383819909], [0.8659787845427624, -0.05942974057180711, 0.816872383819909], [0.8659787845427624, -0.05942974057180711, 0.816872383819909], [0.8659787845427624, -0.05942974057180711, 0.816872383819909], [0.991333153120966, -0.05955602237433741, 0.8371841986589676]], "CMD": [[0.083966776785361, 20.0, 0, 7.08726546704085], [-0.3896891211358301, 20.0, 0, 3.9247631194859425], [-0.3896891211358301, 20.0, 0, 3.9247631194859425], [-0.3896891211358301, 20.0, 0, 3.9247631194859425], [-0.3896891211358301, 20.0, 0, 3.9247631194859425], [-0.3896891211358301, 20.0, 0, 3.9247631194859425], [-0.3896891211358301, 20.0, 0, 3.9247631194859425], [0.052456173679601745, 20.0, 0, 3.698270149495899], [0.6517408611382043, 20.0, 0, 3.7026293056504223], [0.7025502881913516, 20.0, 0, 3.7026293061613362], [0.7348935501123177, 20.0, 0, 3.7026293061628834], [0.7348935501123177, 20.0, 0, 3.7026293061628834], [0.7348935501123177, 20.0, 0, 3.7026293061628834], [0.7348935501123177, 20.0, 0, 3.7026293061628834], [0.7348935501123177, 20.0, 0, 3.7026293061628834], [0.7348935501123177, 20.0, 0, 3.7026293061628834], [0.7348935501123177, 20.0, 0, 3.7026293061628834], [0.8979587850695496, 20.0, 0, 3.4018779888512336], [1.2490358108507398, 20.0, 0, 3.397141716654515], [1.3942585953389526, 18.76270855709317, 0, 3.3971294890786035], [1.3942585953389526, 18.76270855709317, 0, 3.3971294890786035], [1.3942585953389526, 18.76270855709317, 0, 3.3971294890786035], [1.3942585953389526, 18.76270855709317, 0, 3.3971294890786035], [1.3942585953389526, 18.76270855709317, 0, 3.3971294890786035], [1.3942585953389526, 18.76270855709317, 0, 3.3971294890786035], [1.2845983249065545, 13.532568563305677, 0, 2.9331456909431557], [0.6547019584725775, 10.037564751312807, 0, 2.929529063985198], [0.6547019584725775, 10.037564751312807, 0, 2.929529063985198], [0.6547019584725775, 10.037564751312807, 0, 2.929529063985198], [0.6547019584725775, 10.037564751312807, 0, 2.929529063985198], [0.6547019584725775, 10.037564751312807, 0, 2.929529063985198], [0.6547019584725775, 10.037564751312807, 0, 2.929529063985198], [0.9252619390634302, 6.194141351059001, 0, 2.778804579875978], [1.589414925099424, 3.787768437292978, 0, 2.7621370317950786], [1.6240244419439611, 3.662370515964265, 0, 2.7621369153703137], [1.6240244419439611, 3.662370515964265, 0, 2.7621369153703137], [1.6240244419439611, 3.662370515964265, 0, 2.7621369153703137], [1.6240244419439611, 3.662370515964265, 0, 2.7621369153703137], [1.6240244419439611, 3.662370515964265, 0, 2.7621369153703137], [1.6240244419439611, 3.662370515964265, 0, 2.7621369153703137], [1.6240244419439611, 3.662370515964265, 0, 2.7621369153703137], [1.6240244419439611, 3.662370515964265, 0, 2.7621369153703137], [2.0114667546030938, 0.882122804867215, 0, 2.461385562412318]],