{"IMU": [[-0.009701778888702392, -0.0015167249739170075, 0.79], [0.03817914724349976, -0.029266471862792968, 0.83], [0.1276060676574707, -0.04312469959259033, 0.86], [0.26945934295654295, -0.041787447929382326, 0.88], [0.4597266387939453, -0.012902765274047852, 0.92], [0.6425446319580078, 0.0373494029045105, 0.97], [0.8335586547851562, 0.09039995193481445, 1.0], [1.1820131683349608, 0.10147892951965332, 1.04], [1.2927163696289063, 0.06728791236877442, 1.03], [1.3508349609375, 0.015911979675292967, 1.01], [1.3707283020019532, -0.041715660095214845, 1.0], [1.3561929321289063, -0.06463284015655518, 1.0], [1.3444526672363282, -0.08393353462219239, 1.01], [1.35579345703125, -0.1386859893798828, 1.01], [1.3851914978027344, -0.19504756927490235, 1.0], [1.3956866455078125, -0.24193399429321288, 0.99], [1.394769287109375, -0.277713737487793, 1.02], [1.3799429321289063, -0.28923988342285156, 1.04], [1.328229217529297, -0.254650764465332, 1.01], [1.28718017578125, -0.2122892379760742, 0.97], [1.2546894836425782, -0.17708583831787109, 0.96], [1.2294396209716796, -0.1376619529724121, 0.98], [1.1988047027587891, -0.09498163223266602, 0.99], [1.1485640716552734, -0.030523970127105712, 1.01], [1.0528835296630858, 0.13593779563903807, 1.01], [0.95802734375, 0.18067394256591796, 1.01], [0.8410514068603515, 0.19284765243530275, 1.01], [0.7635673522949219, 0.1774504852294922, 1.01], [0.713518295288086, 0.1360642433166504, 1.01], [0.692196273803711, 0.07556332588195801, 1.01], [0.6971480560302734, -0.0005576428398489952, 0.99], [1.022288818359375, -0.244666748046875, 1.0], [1.022288818359375, -0.244666748046875, 1.0], [1.022288818359375, -0.244666748046875, 1.0], [1.022288818359375, -0.244666748046875, 1.0], [1.022288818359375, -0.244666748046875, 1.0], [1.022288818359375, -0.244666748046875, 1.0], [1.022288818359375, -0.244666748046875, 1.0], [1.022288818359375, -0.244666748046875, 1.0], [1.022288818359375, -0.244666748046875, 1.0], [1.022288818359375, -0.244666748046875, 1.0], [1.022288818359375, -0.244666748046875, 1.0]], "Kalman": [[0.01816746464910975, -0.01772716202392498, 0.79], [0.09830411903718375, -0.051569515022721876, 0.83], [0.241706071105585, -0.04949684352323547, 0.86], [0.4286553045459382, -0.03183983268763201, 0.88], [0.6504802513020063, 0.024648931119894885, 0.92], [0.8364726806536582, 0.09374098968972308, 0.97], [1.0214453826415615, 0.12621696420329137, 1.0], [1.3573100836490513, 0.10514666506185241, 1.04], [1.4242934277004515, 0.04777497419129037, 1.03], [1.3928343562321026, -0.0429281703519017, 1.01], [1.3746941725865156, -0.08545733585825409, 1.0], [1.3325567038766262, -0.07658670145144902, 1.0], [1.362933257905759, -0.12453485117073909, 1.01], [1.3722161408652882, -0.1881805737568426, 1.01], [1.4044812414428725, -0.25538220583931803, 1.0], [1.4028150383842162, -0.2868234357001985, 0.99], [1.3889100893537931, -0.301089589028806, 1.02], [1.3629576756942856, -0.2974705347376363, 1.04], [1.2943232353896286, -0.2215789043981806, 1.01], [1.2420424962601335, -0.1733303698152457, 0.97], [1.2276892187825794, -0.13581606197010843, 0.96], [1.210402924853771, -0.10191314149041913, 0.98], [1.1504992836316412, -0.04400482975386103, 0.99], [1.1118143779629412, 0.05151145951312225, 1.01], [1.0215744922996364, 0.22143573582138823, 1.01], [0.8543177516337702, 0.21999683984144208, 1.01], [0.7424246659812006, 0.20140984763249464, 1.01], [0.6935296543145248, 0.15700129171985194, 1.01], [0.67287961388913, 0.09071921291801416, 1.01], [0.6774168656803334, 0.010674685500908589, 1.01], [0.7187198326720026, -0.08357677039886699, 0.99], [1.1926301219188917, -0.39121714577880606, 1.0], [1.3566204846751737, -0.3281115568144327, 1.0], [1.3571831967042391, -0.32764699679443243, 1.0], [1.357243487278782, -0.3275972225065753, 1.0], [1.357263582910348, -0.32758063208995003, 1.0], [1.357263582910348, -0.32758063208995003, 1.0], [1.357263582910348, -0.32758063208995003, 1.0], [1.357263582910348, -0.32758063208995003, 1.0], [1.357263582910348, -0.32758063208995003, 1.0], [1.357263582910348, -0.32758063208995003, 1.0], [1.357263582910348, -0.32758063208995003, 1.0]], "CMD": [[-5, 10.0, 0, 5], [5, 10.0, 0, 5], [5, 10.0, 0, 5], [5, 9.37302843038889, 0, 5], [5, 7.062208821651355, 0, 5], [-5, 5, 0, 5], [-5, 5, 0, 5], [-5, -5, 0, 0], [-5, -5, 0, -5], [-5, -5.244555190441504, 0, -5], [5, -5, 0, 0], [5, -5, 0, 0], [5, -5, 0, 0], [5, -5, 0, 0], [5, -5, 0, 0], [5, -5, 0, 0], [5, -5, 0, 0], [5, -5, 0, -5], [5, -5, 0, -5], [5, -5, 0, 0], [5, -5, 0, 5], [5, -5, 0, 5], [5, -5, 0, 5], [5, -5, 0, 0], [-5, -5, 0, 0], [-5, -5, 0, 0], [-5, 5, 0, 0], [-5, 5, 0, 0], [-5, 5, 0, 0], [-5, 5, 0, 0], [-5, 5, 0, 0], [5, 5, 0, 0], [5, -5, 0, 0], [5, -5, 0, 0], [5, -5, 0, 0], [5, -5, 0, 0], [5, -5, 0, 0], [5, -5, 0, 0], [5, -5, 0, 0], [5, -5, 0, 0], [5, -5, 0, 0], [5, -5, 0, 0]], "Distance": [[1.004195887139048], [0.9190293121685446], [0.7726963311139065], [0.5846781473332752], [0.3594045416174676], [0.19086266612569686], [0.12802588210724394], [0.374601544378719], [0.4280272899579848], [0.3952994551552688], [0.3843158586661289], [0.3412616065901633], [0.38383522356631916], [0.4172011311826737], [0.4783567139055572], [0.49459846180042194], [0.49224587171728584], [0.4709851307445846], [0.3685422333525925], [0.29921227764937486], [0.26812009070356824], [0.23463946640637384], [0.1571192522108716], [0.12351471807202377], [0.22270887682521032], [0.2640490996562211], [0.32712532677590217], [0.3444901716831362], [0.33961407892163226], [0.32291458229389913], [0.2936045113454001], [0.43607019964886695], [0.4845981467207097], [0.48469824686733703], [0.48470903581130803], [0.48471263465520514], [0.48471263465520514], [0.48471263465520514], [0.48471263465520514], [0.48471263465520514], [0.48471263465520514], [0.48471263465520514]], "Time": [[9.125802993774414], [9.643200159072876], [10.232914447784424], [10.834608316421509], [11.416172742843628], [11.934685707092285], [12.441203355789185], [12.970524787902832], [13.497317790985107], [14.028020143508911], [14.552902698516846], [15.118651390075684], [15.636085033416748], [16.22754144668579], [16.834155082702637], [17.42985463142395], [17.948006868362427], [18.528637409210205], [19.116029262542725], [19.64856719970703], [20.220673322677612], [20.81657385826111], [21.342166662216187], [21.924970865249634], [22.482361793518066], [23.05821466445923], [23.630107164382935], [24.219094038009644], [24.73662519454956], [25.32345223426819], [25.91226100921631], [26.465290307998657], [26.994951248168945], [27.584527730941772], [28.116610527038574], [28.64181137084961], [29.158202171325684], [29.678035020828247], [30.194535732269287], [30.712488412857056], [31.231420516967773], [31.74619436264038]], "Title": [["ModelBasedLQR"], ["ModelBasedLQR"], ["ModelBasedLQR"], ["ModelBasedLQR"], ["ModelBasedLQR"], ["ModelBasedLQR"], ["ModelBasedLQR"], ["ModelBasedLQR"], ["ModelBasedLQR"], ["ModelBasedLQR"], ["ModelBasedLQR"], ["ModelBasedLQR"], ["ModelBasedLQR"], ["ModelBasedLQR"], ["ModelBasedLQR"], ["ModelBasedLQR"], ["ModelBasedLQR"], ["ModelBasedLQR"], ["ModelBasedLQR"], ["ModelBasedLQR"], ["ModelBasedLQR"], ["ModelBasedLQR"], ["ModelBasedLQR"], ["ModelBasedLQR"], ["ModelBasedLQR"], ["ModelBasedLQR"], ["ModelBasedLQR"], ["ModelBasedLQR"], ["ModelBasedLQR"], ["ModelBasedLQR"], ["ModelBasedLQR"], ["ModelBasedLQR"], ["ModelBasedLQR"], ["ModelBasedLQR"], ["ModelBasedLQR"], ["ModelBasedLQR"], ["ModelBasedLQR"], ["ModelBasedLQR"], ["ModelBasedLQR"], ["ModelBasedLQR"], ["ModelBasedLQR"], ["ModelBasedLQR"]]}