{"IMU": [[2.5292891804316655, 1.3362390940574642, 0.68], [2.534016137514414, 1.3408720569995876, 0.65], [2.5253326478043214, 1.3102435081390378, 0.67], [2.5123101905921117, 1.2486295383361812, 0.69], [2.4994275871852056, 1.2005585353759762, 0.71], [2.4994275871852056, 1.2005585353759762, 0.71], [2.484761199150385, 1.1690603511718747, 0.73], [2.484761199150385, 1.1690603511718747, 0.73], [2.429462346229853, 1.1241371219543452, 0.76], [2.429462346229853, 1.1241371219543452, 0.76], [2.390636290703119, 1.0923495548156734, 0.8], [2.390636290703119, 1.0923495548156734, 0.8], [2.3462988463976995, 1.0603808467773432, 0.82]], "Kalman": [[2.4765292738123925, 1.409032169043294, 0.6907369924136587], [2.612990045889633, 1.4568469596125766, 0.654751987556607], [2.649870611317336, 1.591981365798915, 0.6652716330909045], [2.7054360987579256, 1.5973688195227076, 0.6844124325432731], [2.7220716488943486, 1.6394222598136028, 0.6996502732895639], [2.731334775409213, 1.8487961293773143, 0.7097513450717248], [2.7476718871288583, 1.9333117061713236, 0.7249577383121157], [2.765910401847876, 2.052321066273661, 0.7226941693630323], [2.713571302519981, 2.1874910551277273, 0.7521095817983033], [2.7195985660255957, 2.273542649385143, 0.7567938542454723], [2.77184664371501, 2.5938719863456097, 0.7973233554463057], [2.669474252593464, 2.630293060015754, 0.794541372361339], [2.8014290993388764, 2.996603041178499, 0.8158562810576128]], "UWB": [[2.45272264, 1.49567747, 1.41569556], [2.65100915, 1.52478978, 1.63459121], [2.67195051, 1.71135605, 1.75555752], [2.80201518, 1.77055141, 1.72564977], [2.82683096, 1.83170543, 1.67615918], [2.80820644, 2.17739887, 1.98624607], [2.88820116, 2.27050622, 1.84404793], [2.88621721, 2.48015457, 2.06411537], [2.82925553, 2.71145075, 1.88896556], [2.82142946, 2.85646112, 1.73317836], [2.97535671, 3.46995553, 3.11665466], [2.74751067, 3.39903172, 1.76578404], [2.95430225, 3.96619076, 3.03980355]], "Distance": [[1.5911409472849536], [1.5472840904394674], [1.415972342383184], [1.417595929424178], [1.3785817365442568], [1.174217241420975], [1.095064052859513], [0.9842782651463915], [0.8401092112085994], [0.7589227974325552], [0.4887131686111766], [0.40669982021710804], [0.3014482397651066]], "Time": [[1615575286.969824], [1615575287.846206], [1615575288.755452], [1615575289.483463], [1615575290.2159526], [1615575291.1682665], [1615575292.0653727], [1615575293.100916], [1615575294.0699236], [1615575294.9012957], [1615575295.721638], [1615575296.6683946], [1615575297.8394363]]}