{"IMU": [[0.0305346417427063, -0.008940921425819396, 0.82], [0.0305346417427063, -0.008940921425819396, 0.82], [0.0305346417427063, -0.008940921425819396, 0.82], [0.0305346417427063, -0.008940921425819396, 0.82], [0.0305346417427063, -0.008940921425819396, 0.82], [0.0305346417427063, -0.008940921425819396, 0.82], [0.0305346417427063, -0.008940921425819396, 0.82], [0.0305346417427063, -0.008940921425819396, 0.82], [0.0305346417427063, -0.008940921425819396, 0.82], [0.0305346417427063, -0.008940921425819396, 0.82], [0.040353646278381346, -0.01281878113746643, 0.8], [0.040353646278381346, -0.01281878113746643, 0.8], [0.040353646278381346, -0.01281878113746643, 0.8], [0.040353646278381346, -0.01281878113746643, 0.8], [0.040353646278381346, -0.01281878113746643, 0.8], [0.040353646278381346, -0.01281878113746643, 0.8], [0.040353646278381346, -0.01281878113746643, 0.8], [0.040353646278381346, -0.01281878113746643, 0.8], [0.040353646278381346, -0.01281878113746643, 0.8], [0.040353646278381346, -0.01281878113746643, 0.8], [0.040353646278381346, -0.01281878113746643, 0.8], [0.12006766319274903, -0.023103368282318116, 0.8], [0.12006766319274903, -0.023103368282318116, 0.8], [0.12006766319274903, -0.023103368282318116, 0.8], [0.12006766319274903, -0.023103368282318116, 0.8], [0.12006766319274903, -0.023103368282318116, 0.8], [0.12006766319274903, -0.023103368282318116, 0.8], [0.12006766319274903, -0.023103368282318116, 0.8], [0.24449527740478516, -0.034865927696228025, 0.81], [0.24449527740478516, -0.034865927696228025, 0.81], [0.24449527740478516, -0.034865927696228025, 0.81], [0.24449527740478516, -0.034865927696228025, 0.81], [0.24449527740478516, -0.034865927696228025, 0.81], [0.24449527740478516, -0.034865927696228025, 0.81], [0.24449527740478516, -0.034865927696228025, 0.81], [0.24449527740478516, -0.034865927696228025, 0.81], [0.24449527740478516, -0.034865927696228025, 0.81], [0.42807281494140625, -0.04715251445770264, 0.83], [0.42807281494140625, -0.04715251445770264, 0.83], [0.42807281494140625, -0.04715251445770264, 0.83], [0.42807281494140625, -0.04715251445770264, 0.83], [0.42807281494140625, -0.04715251445770264, 0.83], [0.42807281494140625, -0.04715251445770264, 0.83], [0.42807281494140625, -0.04715251445770264, 0.83], [0.42807281494140625, -0.04715251445770264, 0.83], [0.657213363647461, -0.05514786720275879, 0.84]], "Kalman": [[0.04324585818409676, -0.018898046879244877, 0.8288464101516994], [0.03906627922917142, -0.020028920176489443, 0.8275819261359254], [0.03906627922917142, -0.020028920176489443, 0.8275819261359254], [0.03906627922917142, -0.020028920176489443, 0.8275819261359254], [0.03906627922917142, -0.020028920176489443, 0.8275819261359254], [0.03906627922917142, -0.020028920176489443, 0.8275819261359254], [0.03906627922917142, -0.020028920176489443, 0.8275819261359254], [0.03906627922917142, -0.020028920176489443, 0.8275819261359254], [0.03906627922917142, -0.020028920176489443, 0.8275819261359254], [0.03906627922917142, -0.020028920176489443, 0.8275819261359254], [0.04835792536004433, -0.023542187059654725, 0.8078396150227093], [0.09203361395033471, -0.020836551592771722, 0.8022642569944908], [0.09519863426515796, -0.020427437385413638, 0.8019712194933041], [0.09653236628883902, -0.020255037632671388, 0.8019541895828782], [0.09653236628883902, -0.020255037632671388, 0.8019541895828782], [0.09653236628883902, -0.020255037632671388, 0.8019541895828782], [0.09653236628883902, -0.020255037632671388, 0.8019541895828782], [0.09653236628883902, -0.020255037632671388, 0.8019541895828782], [0.09653236628883902, -0.020255037632671388, 0.8019541895828782], [0.09653236628883902, -0.020255037632671388, 0.8019541895828782], [0.09653236628883902, -0.020255037632671388, 0.8019541895828782], [0.1320785845325705, -0.02024710312293405, 0.8019541776703097], [0.2535467442554854, -0.03052934313988797, 0.8001507021725054], [0.2536160104612395, -0.0305301717163101, 0.8001507012681371], [0.2536160578431661, -0.03053017228310233, 0.800150701268137], [0.2536160578431661, -0.03053017228310233, 0.800150701268137], [0.2536160578431661, -0.03053017228310233, 0.800150701268137], [0.2536160578431661, -0.03053017228310233, 0.800150701268137], [0.3715005633477457, -0.041177927924278115, 0.8100218554050047], [0.4293874855736649, -0.040402665209658406, 0.8081549341534193], [0.43103574504136777, -0.04033580092038187, 0.8081489131856746], [0.43103574504136777, -0.04033580092038187, 0.8081489131856746], [0.43103574504136777, -0.04033580092038187, 0.8081489131856746], [0.43103574504136777, -0.04033580092038187, 0.8081489131856746], [0.43103574504136777, -0.04033580092038187, 0.8081489131856746], [0.43103574504136777, -0.04033580092038187, 0.8081489131856746], [0.43103574504136777, -0.04033580092038187, 0.8081489131856746], [0.6050463288885768, -0.051454402064057186, 0.8278912171957381], [0.6921454415378467, -0.04542913152226425, 0.8284656396917954], [0.6946254824785689, -0.04508503169512105, 0.8284666415088044], [0.6946254824785689, -0.04508503169512105, 0.8284666415088044], [0.6946254824785689, -0.04508503169512105, 0.8284666415088044], [0.6946254824785689, -0.04508503169512105, 0.8284666415088044], [0.6946254824785689, -0.04508503169512105, 0.8284666415088044], [0.6946254824785689, -0.04508503169512105, 0.8284666415088044], [0.9118468359675233, -0.05230452465924324, 0.8383377963550961]], "CMD": [[0.16080763894814196, 20.0, 0, 5.799844512870918], [0.5473262309308164, 20.0, 0, 2.6006035388385147], [0.5473262309308164, 20.0, 0, 2.6006035388385147], [0.5473262309308164, 20.0, 0, 2.6006035388385147], [0.5473262309308164, 20.0, 0, 2.6006035388385147], [0.5473262309308164, 20.0, 0, 2.6006035388385147], [0.5473262309308164, 20.0, 0, 2.6006035388385147], [0.5473262309308164, 20.0, 0, 2.6006035388385147], [0.5473262309308164, 20.0, 0, 2.6006035388385147], [0.5473262309308164, 20.0, 0, 2.6006035388385147], [0.6352712822252919, 20.0, 0, 2.8856867201294123], [0.5693962104983609, 20.0, 0, 2.982473133416304], [0.5582164297033686, 20.0, 0, 2.9868930549797437], [0.5535052966991748, 20.0, 0, 2.9871499192650646], [0.5535052966991748, 20.0, 0, 2.9871499192650646], [0.5535052966991748, 20.0, 0, 2.9871499192650646], [0.5535052966991748, 20.0, 0, 2.9871499192650646], [0.5535052966991748, 20.0, 0, 2.9871499192650646], [0.5535052966991748, 20.0, 0, 2.9871499192650646], [0.5535052966991748, 20.0, 0, 2.9871499192650646], [0.5535052966991748, 20.0, 0, 2.9871499192650646], [0.5533243074434733, 20.0, 0, 2.987150091285092], [0.8342181708917228, 20.0, 0, 3.0143519126262035], [0.8342917974566243, 20.0, 0, 3.0143521608193176], [0.8342917974566243, 20.0, 0, 3.0143521608193176], [0.8342918129452404, 20.0, 0, 3.0143521608193193], [0.8342918129452404, 20.0, 0, 3.0143521608193193], [0.8342918129452404, 20.0, 0, 3.0143521608193193], [0.8342918129452404, 20.0, 0, 3.0143521608193193], [1.1040754206369743, 15.593012208891947, 0, 2.8936233073955018], [1.1022482337935942, 15.547970557414759, 0, 2.8937141224108496], [1.1022482337935942, 15.547970557414759, 0, 2.8937141224108496], [1.1022482337935942, 15.547970557414759, 0, 2.8937141224108496], [1.1022482337935942, 15.547970557414759, 0, 2.8937141224108496], [1.1022482337935942, 15.547970557414759, 0, 2.8937141224108496], [1.1022482337935942, 15.547970557414759, 0, 2.8937141224108496], [1.1022482337935942, 15.547970557414759, 0, 2.8937141224108496], [1.334553412679109, 11.38621302514001, 0, 2.6627720880874373], [1.2414326439688952, 8.412678949899046, 0, 2.587274375896311], [1.2320294979283357, 8.344907375162185, 0, 2.5872592653640996], [1.2320294979283357, 8.344907375162185, 0, 2.5872592653640996], [1.2320294979283357, 8.344907375162185, 0, 2.5872592653640996], [1.2320294979283357, 8.344907375162185, 0, 2.5872592653640996], [1.2320294979283357, 8.344907375162185, 0, 2.5872592653640996], [1.2320294979283357, 8.344907375162185, 0, 2.5872592653640996], [1.4293151148495538, 2.408943597027119, 0, 2.438371392704493]],