{"IMU": [[0.015631111860275267, -0.0001429152488708496, 0.8], [0.08111496925354005, -0.003806975781917572, 0.83], [0.1889187812805176, -0.01433963656425476, 0.87], [0.32383419036865235, -0.029464170932769776, 0.9]], "Kalman": [[0.05022906859793266, 0.0038764059247565954, 0.8], [0.1653062628559822, -0.001102331227433365, 0.83], [0.31200123397320134, -0.012061640927118417, 0.87], [0.4699953771318117, -0.0287843297651298, 0.9]], "CMD": [[0, 9.16597038906981, 0, 5], [0, 8.339211682745251, 0, 5], [0, 6.205563161301785, 0, 5], [5, 5, 0, 5]], "Distance": [[0.4922488367250619], [0.3753946094679089], [0.2288864766853947], [0.10829965389367567]], "Time": [[1616766019.5102735], [1616766020.1130962], [1616766020.7179613], [1616766021.2341537]]}