{"IMU": [[2.4025241546857763, 1.8210609845502421, 0.6], [2.385025271080773, 1.849481076417689, 0.62], [2.3667084824073723, 1.895240308461909, 0.65], [2.3505604135024956, 1.9653905789239452, 0.68], [2.333602615498345, 2.059225675283198, 0.72], [2.313881817959588, 2.197142354665522, 0.75], [2.2933075343597342, 2.3769453255517528, 0.78], [2.281701718472283, 2.5305920235498, 0.81], [2.2565765296447684, 2.6712120644433544, 0.83], [2.19791150202636, 2.9351807991845655, 0.86], [2.168099471234124, 3.0344395272119087, 0.88], [2.1456252013671806, 3.0829858223779247, 0.89], [2.1210790549743583, 3.0955533425195263, 0.88], [2.1005132209289483, 3.096877042470698, 0.89], [2.078965083264153, 3.095226651845698, 0.9], [2.0551870452392507, 3.093162442861323, 0.91], [2.0383986388671804, 3.0901087777001903, 0.91], [2.0152454482543876, 3.085128919301753, 0.93], [1.995187693737786, 3.0825263802392526, 0.93], [1.9749141799438408, 3.0804218880517524, 0.94], [1.9565528213012624, 3.0766483895165964, 0.95], [1.9383212386596609, 3.072025434194331, 0.95], [1.9303104888427665, 3.070087720571284, 0.95], [1.918242312573235, 3.0694178597314403, 0.95], [1.9080752288330007, 3.0648491494042918, 0.95], [1.9080752288330007, 3.0648491494042918, 0.95], [1.9080752288330007, 3.0648491494042918, 0.95], [1.9080752288330007, 3.0648491494042918, 0.95], [1.9080752288330007, 3.0648491494042918, 0.95], [1.9080752288330007, 3.0648491494042918, 0.95], [1.9080752288330007, 3.0648491494042918, 0.95], [1.9080752288330007, 3.0648491494042918, 0.95]], "Kalman": [[2.593275539601359, 1.6814909214366311, 0.5948409988203129], [2.646884938704334, 1.7885266209102908, 0.6104348618729988], [2.684090348489355, 1.8406205041291073, 0.6438013934738298], [2.7026829805032597, 1.9285814583528977, 0.6699110688758535], [2.6984001225552654, 2.110011820009138, 0.7118334408299463], [2.7529230966686415, 2.4185792429285193, 0.743392486190866], [2.8347873393968017, 2.923511676998595, 0.7778728542799197], [2.693337147413353, 2.737830812934737, 0.8053735256696087], [2.708207599509456, 3.0398292792531545, 0.8262031085017696], [2.883155739690659, 3.4174803255288384, 0.8555505589182976], [2.8036151802245346, 3.5350840834714417, 0.881113743799339], [2.7325227116409705, 3.334764004310252, 0.8938786428120579], [2.7520192494080673, 3.382126492742543, 0.8835488571144832], [2.86027860462608, 3.4356750272801513, 0.8909073578939807], [2.913320847816158, 3.2466289663400394, 0.901038339630196], [2.572296608834778, 3.255869452372604, 0.911801252330343], [2.972011574076543, 3.446842736228506, 0.9103758780029807], [3.0331936195171076, 3.427318068817045, 0.9314455094892451], [3.0211538695436664, 3.4440629364375623, 0.9322472503835076], [3.0981879346382937, 3.4431743695639074, 0.9428859468377153], [3.2673031968402646, 3.7959726588971683, 0.954274263145762], [2.9411592226088743, 3.4960260645229653, 0.9541743803395097], [2.4813438164865005, 3.072629848458785, 0.9530299756233308], [1.9781844636810602, 2.693529099868973, 0.9535545100358622], [2.0168336548912857, 2.508007256638781, 0.9555621984740331], [2.094029684453806, 2.503425295775038, 0.9544541019907068], [2.2053683294652595, 2.2913489688024518, 0.9537747666589373], [2.075898858664175, 2.322479156386441, 0.9533722321357769], [2.189101739441944, 2.3552520589362707, 0.9536143523038461], [2.1919723909686653, 2.373285581988914, 0.953686980399313], [2.174338246321004, 2.385424313498778, 0.9536397303167816], [2.312629473998978, 2.2749621324251446, 0.9540598341309487]], "UWB": [[2.6782333, 1.60879277, 0.60097835], [2.75644788, 1.74941195, 0.82064405], [2.82032398, 1.75736689, 0.7510463], [2.81910878, 1.89413113, 0.9095622], [2.80454785, 2.12692505, 1.0715077], [2.85824698, 2.52551102, 1.41087254], [2.96755225, 3.20019174, 2.60167573], [2.80020802, 2.8513659, 1.33993411], [2.81507112, 3.20400017, 1.4520625], [3.13545034, 3.6568337, 2.43759004], [3.06660278, 3.84486115, 2.60293469], [2.9859718, 3.40115526, 1.98432557], [3.06051502, 3.50983545, 1.50876488], [3.23916789, 3.59843171, 1.46625344], [3.33099623, 3.30107267, 1.56718577], [2.81130104, 3.31322514, -0.14734018], [3.43972105, 3.61667983, 1.29578234], [3.54600287, 3.57618842, 1.24504359], [3.5333596, 3.61563227, 1.32046274], [3.65357237, 3.60708588, 1.28549747], [4.07781411, 4.39877013, 3.32864382], [3.41223597, 3.70088413, 1.27159744], [2.77601163, 3.03563516, 1.32002616], [2.01970632, 2.53638587, 1.34966915], [2.07860035, 2.1833753, 1.51775612], [2.14613816, 2.02251285, 0.87367293], [2.3532698, 1.90297685, 0.53730254], [2.16269455, 1.94944468, 0.14209656], [2.33795871, 1.99123648, 0.39709481], [2.30506658, 2.04779865, 0.53549223], [2.30980919, 2.05510229, 0.41412139], [2.56160653, 1.82815759, 0.95271337]], "Distance": [[2.011934923130281], [1.9074641079511157], [1.8532730138261126], [1.7644605092103371], [1.579229612490033], [1.2830489429161533], [0.8301857111174179], [0.952528919724495], [0.667730538798895], [0.47089209050788594], [0.3457192321057427], [0.40583529523537926], [0.3857859337015276], [0.43317094944646406], [0.5859485679294054], [0.4102983150252701], [0.5216323256174532], [0.5818783348246552], [0.5644482836980297], [0.6355058313034893], [0.7824021063607012], [0.4694991159910956], [0.5795778880046751], [1.0905435435044712], [1.2407948505453499], [1.217177011900368], [1.3909986405650039], [1.3943986220040538], [1.3323594063236024], [1.314163463526315], [1.3066585320214368], [1.3885054375546324]], "Time": [[1615563179.098915], [1615563179.6315668], [1615563180.1941643], [1615563180.717191], [1615563181.2295012], [1615563181.7603192], [1615563182.3304937], [1615563182.8425758], [1615563183.3780744], [1615563183.9844668], [1615563184.6463306], [1615563185.2977839], [1615563185.9881053], [1615563186.6117003], [1615563187.3358152], [1615563188.0862057], [1615563188.792059], [1615563189.4624803], [1615563190.1479137], [1615563190.878499], [1615563191.5797365], [1615563192.3584757], [1615563193.078886], [1615563193.8903155], [1615563194.6345198], [1615563195.358761], [1615563196.0390382], [1615563196.7423482], [1615563197.5961552], [1615563198.3905401], [1615563199.0386379], [1615563199.6204627]]}