{"IMU": [[0.03113604784011841, -0.011114500761032105, 0.67], [0.14755013465881348, -0.016664799451828003, 0.79], [0.3380006790161133, -0.04547364711761474, 0.9], [0.581178207397461, -0.09190616607666016, 0.97]], "Kalman": [[0.1007422767343913, -0.0011076411681750584, 0.67], [0.2961446849183534, 0.0007924020236382556, 0.79], [0.5572473440256585, -0.03211922263465712, 0.9], [0.8458171902836935, -0.08030411063099964, 0.97]], "CMD": [[5, 15.0, 0, 5], [0, 15.0, 0, 5], [0, 13.050195236481725, 0, 5], [5, 8.20908570004297, 0, 5]], "Distance": [[0.9578964869555601], [0.7345154405930832], [0.45504017277048], [0.1764117031158948]], "Time": [[1616078967.369933], [1616078967.9709232], [1616078968.5747626], [1616078969.1776464]]}