{"IMU": [[0.02759169101715088, -0.01915953516960144, 0.82], [0.02759169101715088, -0.01915953516960144, 0.82], [0.02759169101715088, -0.01915953516960144, 0.82], [0.02759169101715088, -0.01915953516960144, 0.82], [0.02759169101715088, -0.01915953516960144, 0.82], [0.02759169101715088, -0.01915953516960144, 0.82], [0.02759169101715088, -0.01915953516960144, 0.82], [0.02759169101715088, -0.01915953516960144, 0.82], [0.02759169101715088, -0.01915953516960144, 0.82], [0.02759169101715088, -0.01915953516960144, 0.82], [0.03711583137512207, -0.010658591985702515, 0.76], [0.03711583137512207, -0.010658591985702515, 0.76], [0.03711583137512207, -0.010658591985702515, 0.76], [0.03711583137512207, -0.010658591985702515, 0.76], [0.03711583137512207, -0.010658591985702515, 0.76], [0.03711583137512207, -0.010658591985702515, 0.76], [0.03711583137512207, -0.010658591985702515, 0.76], [0.03711583137512207, -0.010658591985702515, 0.76], [0.03711583137512207, -0.010658591985702515, 0.76], [0.11430539131164551, 0.015971202850341797, 0.78], [0.11430539131164551, 0.015971202850341797, 0.78], [0.11430539131164551, 0.015971202850341797, 0.78], [0.11430539131164551, 0.015971202850341797, 0.78], [0.11430539131164551, 0.015971202850341797, 0.78], [0.11430539131164551, 0.015971202850341797, 0.78], [0.11430539131164551, 0.015971202850341797, 0.78], [0.248201904296875, 0.04778481483459473, 0.81], [0.248201904296875, 0.04778481483459473, 0.81], [0.248201904296875, 0.04778481483459473, 0.81], [0.248201904296875, 0.04778481483459473, 0.81], [0.248201904296875, 0.04778481483459473, 0.81], [0.248201904296875, 0.04778481483459473, 0.81], [0.248201904296875, 0.04778481483459473, 0.81], [0.248201904296875, 0.04778481483459473, 0.81], [0.4527162551879883, 0.07628828048706054, 0.83], [0.4527162551879883, 0.07628828048706054, 0.83], [0.4527162551879883, 0.07628828048706054, 0.83], [0.4527162551879883, 0.07628828048706054, 0.83], [0.4527162551879883, 0.07628828048706054, 0.83], [0.4527162551879883, 0.07628828048706054, 0.83], [0.7014308929443359, 0.09350821495056152, 0.85], [0.7014308929443359, 0.09350821495056152, 0.85]], "Kalman": [[0.028988464685271813, -0.02548494238054536, 0.8247068509208582], [0.02773237238409791, -0.024603865142927138, 0.8247142226927294], [0.02773237238409791, -0.024603865142927138, 0.8247142226927294], [0.02773237238409791, -0.024603865142927138, 0.8247142226927294], [0.02773237238409791, -0.024603865142927138, 0.8247142226927294], [0.02773237238409791, -0.024603865142927138, 0.8247142226927294], [0.02773237238409791, -0.024603865142927138, 0.8247142226927294], [0.02773237238409791, -0.024603865142927138, 0.8247142226927294], [0.02773237238409791, -0.024603865142927138, 0.8247142226927294], [0.02773237238409791, -0.024603865142927138, 0.8247142226927294], [0.08600614073142063, 0.008208640739615487, 0.7583813337133919], [0.08925169004494203, 0.011690290491098973, 0.7580105796861771], [0.08925169004494203, 0.011690290491098973, 0.7580105796861771], [0.08925169004494203, 0.011690290491098973, 0.7580105796861771], [0.08925169004494203, 0.011690290491098973, 0.7580105796861771], [0.08925169004494203, 0.011690290491098973, 0.7580105796861771], [0.08925169004494203, 0.011690290491098973, 0.7580105796861771], [0.08925169004494203, 0.011690290491098973, 0.7580105796861771], [0.08925169004494203, 0.011690290491098973, 0.7580105796861771], [0.21278130195682743, 0.04547905855112732, 0.7742744016504257], [0.21602662751734553, 0.04661568577859953, 0.7740579439392944], [0.21602979832959274, 0.046616796308642246, 0.7740579438307499], [0.21602979832959274, 0.046616796308642246, 0.7740579438307499], [0.21602979832959274, 0.046616796308642246, 0.7740579438307499], [0.21602979832959274, 0.046616796308642246, 0.7740579438307499], [0.21602979832959274, 0.046616796308642246, 0.7740579438307499], [0.41395772110519535, 0.0839033953467674, 0.8045053173190179], [0.41614103527825774, 0.08433117115957016, 0.8045114338368327], [0.41614103527825774, 0.08433117115957016, 0.8045114338368327], [0.41614103527825774, 0.08433117115957016, 0.8045114338368327], [0.41614103527825774, 0.08433117115957016, 0.8045114338368327], [0.41614103527825774, 0.08433117115957016, 0.8045114338368327], [0.41614103527825774, 0.08433117115957016, 0.8045114338368327], [0.41614103527825774, 0.08433117115957016, 0.8045114338368327], [0.6836159025940383, 0.09983175864818847, 0.8265503867417769], [0.6846820647993221, 0.09945315050613232, 0.8265566027775318], [0.6846820647993221, 0.09945315050613232, 0.8265566027775318], [0.6846820647993221, 0.09945315050613232, 0.8265566027775318], [0.6846820647993221, 0.09945315050613232, 0.8265566027775318], [0.6846820647993221, 0.09945315050613232, 0.8265566027775318], [0.9256576876946989, 0.11558500756122524, 0.8462989154530739], [0.9547321454328619, 0.10440991570774122, 0.8457686429636868]], "CMD": [[0.37316641090586045, 20.0, 0, 6.405166996348415], [0.6723448222044246, 20.0, 0, 2.6438574713038205], [0.6723448222044246, 20.0, 0, 2.6438574713038205], [0.6723448222044246, 20.0, 0, 2.6438574713038205], [0.6723448222044246, 20.0, 0, 2.6438574713038205], [0.6723448222044246, 20.0, 0, 2.6438574713038205], [0.6723448222044246, 20.0, 0, 2.6438574713038205], [0.6723448222044246, 20.0, 0, 2.6438574713038205], [0.6723448222044246, 20.0, 0, 2.6438574713038205], [0.6723448222044246, 20.0, 0, 2.6438574713038205], [-0.22431585714504393, 20.0, 0, 3.6443647960581953], [-0.31421412656757175, 20.0, 0, 3.649940251154894], [-0.31945819228388583, 20.0, 0, 3.6499569257787345], [-0.31945819228388583, 20.0, 0, 3.6499569257787345], [-0.31945819228388583, 20.0, 0, 3.6499569257787345], [-0.31945819228388583, 20.0, 0, 3.6499569257787345], [-0.31945819228388583, 20.0, 0, 3.6499569257787345], [-0.31945819228388583, 20.0, 0, 3.6499569257787345], [-0.31945819228388583, 20.0, 0, 3.6499569257787345], [-1.2427969897393312, 20.0, 0, 3.4046476492778948], [-1.2734019401633792, 20.0, 0, 3.4079119678454948], [-1.2738877182020312, 20.0, 0, 3.4079125098533702], [-1.2738877182020312, 20.0, 0, 3.4079125098533702], [-1.2738877182020312, 20.0, 0, 3.4079125098533702], [-1.2738877182020312, 20.0, 0, 3.4079125098533702], [-1.2738877182020312, 20.0, 0, 3.4079125098533702], [-2.2928110318872643, 16.014658246534594, 0, 2.9486709380889726], [-2.304500774581408, 15.95499526387002, 0, 2.9485786818798756], [-2.304500774581408, 15.95499526387002, 0, 2.9485786818798756], [-2.304500774581408, 15.95499526387002, 0, 2.9485786818798756], [-2.304500774581408, 15.95499526387002, 0, 2.9485786818798756], [-2.304500774581408, 15.95499526387002, 0, 2.9485786818798756], [-2.304500774581408, 15.95499526387002, 0, 2.9485786818798756], [-2.304500774581408, 15.95499526387002, 0, 2.9485786818798756], [-2.7280821785013987, 8.64576392704985, 0, 2.6161623775307308], [-2.717736030752777, 8.616629129155758, 0, 2.6160686202800005], [-2.717736030752777, 8.616629129155758, 0, 2.6160686202800005], [-2.717736030752777, 8.616629129155758, 0, 2.6160686202800005], [-2.717736030752777, 8.616629129155758, 0, 2.6160686202800005], [-2.717736030752777, 8.616629129155758, 0, 2.6160686202800005], [-3.0703682393323017, 2.668804214026057, 0, 2.385126456846703], [-2.8531885459907276, 1.2370254613945293, 0, 2.3262909967588694]],