{"IMU": [[0.0351090145111084, -0.010511845350265503, 0.74], [0.0351090145111084, -0.010511845350265503, 0.74], [0.0351090145111084, -0.010511845350265503, 0.74], [0.0351090145111084, -0.010511845350265503, 0.74], [0.0351090145111084, -0.010511845350265503, 0.74], [0.0351090145111084, -0.010511845350265503, 0.74], [0.0351090145111084, -0.010511845350265503, 0.74], [0.036547563076019286, 0.0060551434755325316, 0.76], [0.036547563076019286, 0.0060551434755325316, 0.76], [0.036547563076019286, 0.0060551434755325316, 0.76], [0.036547563076019286, 0.0060551434755325316, 0.76], [0.036547563076019286, 0.0060551434755325316, 0.76], [0.036547563076019286, 0.0060551434755325316, 0.76], [0.036547563076019286, 0.0060551434755325316, 0.76], [0.036547563076019286, 0.0060551434755325316, 0.76], [0.0697624921798706, 0.011084651947021485, 0.78], [0.0697624921798706, 0.011084651947021485, 0.78], [0.0697624921798706, 0.011084651947021485, 0.78], [0.0697624921798706, 0.011084651947021485, 0.78], [0.0697624921798706, 0.011084651947021485, 0.78], [0.0697624921798706, 0.011084651947021485, 0.78], [0.0697624921798706, 0.011084651947021485, 0.78], [0.0697624921798706, 0.011084651947021485, 0.78], [0.15071758270263672, 0.010815967321395874, 0.81], [0.15071758270263672, 0.010815967321395874, 0.81], [0.15071758270263672, 0.010815967321395874, 0.81], [0.15071758270263672, 0.010815967321395874, 0.81], [0.15071758270263672, 0.010815967321395874, 0.81], [0.15071758270263672, 0.010815967321395874, 0.81], [0.15071758270263672, 0.010815967321395874, 0.81], [0.2745076370239258, 0.009894515275955201, 0.83]], "Kalman": [[0.13904994586529584, -0.003191433295628326, 0.74], [0.07024039886948433, 0.07330432666638517, 0.74], [0.07024039886948433, 0.07330432666638517, 0.74], [0.07024039886948433, 0.07330432666638517, 0.74], [0.07024039886948433, 0.07330432666638517, 0.74], [0.07024039886948433, 0.07330432666638517, 0.74], [0.07024039886948433, 0.07330432666638517, 0.74], [0.1012893741759305, 0.07489373986545131, 0.76], [0.114256559829759, 0.06659438820980286, 0.76], [0.114256559829759, 0.06659438820980286, 0.76], [0.114256559829759, 0.06659438820980286, 0.76], [0.114256559829759, 0.06659438820980286, 0.76], [0.114256559829759, 0.06659438820980286, 0.76], [0.114256559829759, 0.06659438820980286, 0.76], [0.114256559829759, 0.06659438820980286, 0.76], [0.13909400875952296, 0.06570695572079731, 0.78], [0.33188118186048715, 0.015157076836446568, 0.78], [0.3523977058828369, 0.008336781652993923, 0.78], [0.35951086434096885, 0.005972158139652423, 0.78], [0.35951086434096885, 0.005972158139652423, 0.78], [0.35951086434096885, 0.005972158139652423, 0.78], [0.35951086434096885, 0.005972158139652423, 0.78], [0.35951086434096885, 0.005972158139652423, 0.78], [0.5462157230506139, 0.012244843441996707, 0.81], [0.694641770394183, 0.025195607676114763, 0.81], [0.694641770394183, 0.025195607676114763, 0.81], [0.694641770394183, 0.025195607676114763, 0.81], [0.694641770394183, 0.025195607676114763, 0.81], [0.694641770394183, 0.025195607676114763, 0.81], [0.694641770394183, 0.025195607676114763, 0.81], [0.9481443809349642, 0.036585431256300954, 0.83]], "CMD": [[0.12112656376871861, 20.0, 0, 3.770781508800369], [-2.0031724362419516, 20.0, 0, 3.921612769152383], [-2.0031724362419516, 20.0, 0, 3.921612769152383], [-2.0031724362419516, 20.0, 0, 3.921612769152383], [-2.0031724362419516, 20.0, 0, 3.921612769152383], [-2.0031724362419516, 20.0, 0, 3.921612769152383], [-2.0031724362419516, 20.0, 0, 3.921612769152383], [-2.4430889360970474, 20.0, 0, 3.6199502484483537], [-1.8198113117850347, 20.0, 0, 3.6199502484483537], [-1.8198113117850347, 20.0, 0, 3.6199502484483537], [-1.8198113117850347, 20.0, 0, 3.6199502484483537], [-1.8198113117850347, 20.0, 0, 3.6199502484483537], [-1.8198113117850347, 20.0, 0, 3.6199502484483537], [-1.8198113117850347, 20.0, 0, 3.6199502484483537], [-1.8198113117850347, 20.0, 0, 3.6199502484483537], [-1.7955606245221682, 20.0, 0, 3.318287727744324], [-0.8185903948199127, 19.474035107399313, 0, 3.318287727744324], [-0.22781753784122935, 17.69689627089137, 0, 3.318287727744324], [-0.16319995168464843, 17.502516435403635, 0, 3.318287727744324], [-0.16319995168464843, 17.502516435403635, 0, 3.318287727744324], [-0.16319995168464843, 17.502516435403635, 0, 3.318287727744324], [-0.16319995168464843, 17.502516435403635, 0, 3.318287727744324], [-0.16319995168464843, 17.502516435403635, 0, 3.318287727744324], [-0.13937379012300952, 16.14487981264811, 0, 2.8657939466882794], [-0.6885152501414837, 8.3444622786026, 0, 2.8657939466882794], [-0.6885152501414837, 8.3444622786026, 0, 2.8657939466882794], [-0.6885152501414837, 8.3444622786026, 0, 2.8657939466882794], [-0.6885152501414837, 8.3444622786026, 0, 2.8657939466882794], [-0.6885152501414837, 8.3444622786026, 0, 2.8657939466882794], [-0.6885152501414837, 8.3444622786026, 0, 2.8657939466882794], [-0.9777719885276702, 1.7132736343905528, 0, 2.564131425984251]], "Distance": [[0.899358205033473], [0.9682078496905444], [0.9682078496905444], [0.9682078496905444], [0.9682078496905444], [0.9682078496905444], [0.9682078496905444], [0.933214799089751], [0.9200957854189156], [0.9200957854189156], [0.9200957854189156], [0.9200957854189156], [0.9200957854189156], [0.9200957854189156], [0.9200957854189156], [0.8909974914576602], [0.7035712416879796], [0.6840016325083899], [0.6772458929887267], [0.6772458929887267], [0.6772458929887267], [0.6772458929887267], [0.6772458929887267], [0.49210781968730805], [0.36052526545884067], [0.36052526545884067], [0.36052526545884067], [0.36052526545884067], [0.36052526545884067], [0.36052526545884067], [0.18145935911059435]], "Time": [[1615325668.5758772], [1615325668.6998374], [1615325668.739329], [1615325668.7841065], [1615325668.8292274], [1615325668.8684144], [1615325668.9278908], [1615325669.0316982], [1615325669.1019857], [1615325669.1682208], [1615325669.2249], [1615325669.2910175], [1615325669.339389], [1615325669.3891068], [1615325669.4361775], [1615325669.4843028], [1615325669.5538304], [1615325669.6192822], [1615325669.6942127], [1615325669.75773], [1615325669.815889], [1615325669.8851123], [1615325669.9329526], [1615325669.9969354], [1615325670.0709987], [1615325670.1218007], [1615325670.1676538], [1615325670.209515], [1615325670.3166444], [1615325670.4338975], [1615325670.5572774]]}