{"IMU": [[0.03335174083709717, -0.012404468059539795, 0.79], [0.03335174083709717, -0.012404468059539795, 0.79], [0.03335174083709717, -0.012404468059539795, 0.79], [0.03335174083709717, -0.012404468059539795, 0.79], [0.03335174083709717, -0.012404468059539795, 0.79], [0.03335174083709717, -0.012404468059539795, 0.79], [0.03335174083709717, -0.012404468059539795, 0.79], [0.03335174083709717, -0.012404468059539795, 0.79], [0.03335174083709717, -0.012404468059539795, 0.79], [0.02858813524246216, 0.0051411187648773195, 0.79], [0.02858813524246216, 0.0051411187648773195, 0.79], [0.02858813524246216, 0.0051411187648773195, 0.79], [0.02858813524246216, 0.0051411187648773195, 0.79], [0.02858813524246216, 0.0051411187648773195, 0.79], [0.02858813524246216, 0.0051411187648773195, 0.79], [0.02858813524246216, 0.0051411187648773195, 0.79], [0.02858813524246216, 0.0051411187648773195, 0.79], [0.09234610557556153, 0.0677355432510376, 0.81], [0.09234610557556153, 0.0677355432510376, 0.81], [0.09234610557556153, 0.0677355432510376, 0.81], [0.09234610557556153, 0.0677355432510376, 0.81], [0.09234610557556153, 0.0677355432510376, 0.81], [0.09234610557556153, 0.0677355432510376, 0.81], [0.09234610557556153, 0.0677355432510376, 0.81], [0.09234610557556153, 0.0677355432510376, 0.81], [0.09234610557556153, 0.0677355432510376, 0.81], [0.09234610557556153, 0.0677355432510376, 0.81], [0.09234610557556153, 0.0677355432510376, 0.81], [0.2044382667541504, 0.19541479110717774, 0.83], [0.2044382667541504, 0.19541479110717774, 0.83], [0.2044382667541504, 0.19541479110717774, 0.83], [0.2044382667541504, 0.19541479110717774, 0.83], [0.2044382667541504, 0.19541479110717774, 0.83], [0.2044382667541504, 0.19541479110717774, 0.83], [0.2044382667541504, 0.19541479110717774, 0.83], [0.2044382667541504, 0.19541479110717774, 0.83], [0.2044382667541504, 0.19541479110717774, 0.83], [0.3441204071044922, 0.3453444671630859, 0.84], [0.3441204071044922, 0.3453444671630859, 0.84]], "Kalman": [[0.05962070516724113, -0.006571361593829956, 0.7923223845954108], [-0.00764163845658279, -0.0019177028280819414, 0.7922996104505986], [-0.00764163845658279, -0.0019177028280819414, 0.7922996104505986], [-0.00764163845658279, -0.0019177028280819414, 0.7922996104505986], [-0.00764163845658279, -0.0019177028280819414, 0.7922996104505986], [-0.00764163845658279, -0.0019177028280819414, 0.7922996104505986], [-0.00764163845658279, -0.0019177028280819414, 0.7922996104505986], [-0.00764163845658279, -0.0019177028280819414, 0.7922996104505986], [-0.00764163845658279, -0.0019177028280819414, 0.7922996104505986], [0.08684004234731171, 0.10787874652682992, 0.7872840806917174], [0.1210882707725383, 0.14962282167831786, 0.7870084272176526], [0.16850455425476238, 0.20741451998652463, 0.7869924075821012], [0.16850455425476238, 0.20741451998652463, 0.7869924075821012], [0.16850455425476238, 0.20741451998652463, 0.7869924075821012], [0.16850455425476238, 0.20741451998652463, 0.7869924075821012], [0.16850455425476238, 0.20741451998652463, 0.7869924075821012], [0.16850455425476238, 0.20741451998652463, 0.7869924075821012], [0.22549949515055784, 0.26301799662527003, 0.8067347045117353], [0.4089866939495279, 0.4132311632308538, 0.8058324737512836], [0.5702860522266278, 0.5936877387606371, 0.8057650622130752], [0.5702860522266278, 0.5936877387606371, 0.8057650622130752], [0.5702860522266278, 0.5936877387606371, 0.8057650622130752], [0.5702860522266278, 0.5936877387606371, 0.8057650622130752], [0.5702860522266278, 0.5936877387606371, 0.8057650622130752], [0.5702860522266278, 0.5936877387606371, 0.8057650622130752], [0.5702860522266278, 0.5936877387606371, 0.8057650622130752], [0.5702860522266278, 0.5936877387606371, 0.8057650622130752], [0.5702860522266278, 0.5936877387606371, 0.8057650622130752], [0.6394345749117615, 0.6621843412563202, 0.8255073704868104], [0.8179462208391252, 0.9772315109606065, 0.8274462005550455], [0.8179462208391252, 0.9772315109606065, 0.8274462005550455], [0.8179462208391252, 0.9772315109606065, 0.8274462005550455], [0.8179462208391252, 0.9772315109606065, 0.8274462005550455], [0.8179462208391252, 0.9772315109606065, 0.8274462005550455], [0.8179462208391252, 0.9772315109606065, 0.8274462005550455], [0.8179462208391252, 0.9772315109606065, 0.8274462005550455], [0.8179462208391252, 0.9772315109606065, 0.8274462005550455], [0.8683913154545884, 1.0201901070813872, 0.8274462039820082], [0.9814765083373886, 1.1122435247822324, 0.8371495231203715]], "CMD": [[20.0, 20.0, 0, 6.406515167673911], [20.0, 20.0, 0, 3.132771153134064], [20.0, 20.0, 0, 3.132771153134064], [20.0, 20.0, 0, 3.132771153134064], [20.0, 20.0, 0, 3.132771153134064], [20.0, 20.0, 0, 3.132771153134064], [20.0, 20.0, 0, 3.132771153134064], [20.0, 20.0, 0, 3.132771153134064], [20.0, 20.0, 0, 3.132771153134064], [20.0, 20.0, 0, 3.1940541257972157], [20.0, 20.0, 0, 3.2125787367119334], [20.0, 20.0, 0, 3.2128203628939933], [20.0, 20.0, 0, 3.2128203628939933], [20.0, 20.0, 0, 3.2128203628939933], [20.0, 20.0, 0, 3.2128203628939933], [20.0, 20.0, 0, 3.2128203628939933], [20.0, 20.0, 0, 3.2128203628939933], [20.0, 20.0, 0, 2.91504481007995], [16.03451274589913, 16.150500495292466, 0, 2.928653270352679], [11.286385227814286, 11.906432801786961, 0, 2.929670047079344], [11.103212582881053, 11.742705714573624, 0, 2.9296700470797044], [11.103212582881053, 11.742705714573624, 0, 2.9296700470797044], [11.103212582881053, 11.742705714573624, 0, 2.9296700470797044], [11.103212582881053, 11.742705714573624, 0, 2.9296700470797044], [11.103212582881053, 11.742705714573624, 0, 2.9296700470797044], [11.103212582881053, 11.742705714573624, 0, 2.9296700470797044], [11.103212582881053, 11.742705714573624, 0, 2.9296700470797044], [11.103212582881053, 11.742705714573624, 0, 2.9296700470797044], [11.103212582881053, 11.742705714573624, 0, 2.9296700470797044], [0.622189872449984, 4.974946622024917, 0, 2.6026507048811274], [0.622189872449984, 4.974946622024917, 0, 2.6026507048811274], [0.622189872449984, 4.974946622024917, 0, 2.6026507048811274], [0.622189872449984, 4.974946622024917, 0, 2.6026507048811274], [0.622189872449984, 4.974946622024917, 0, 2.6026507048811274], [0.622189872449984, 4.974946622024917, 0, 2.6026507048811274], [0.622189872449984, 4.974946622024917, 0, 2.6026507048811274], [0.622189872449984, 4.974946622024917, 0, 2.6026507048811274], [0.622189872449984, 4.974946622024917, 0, 2.6026507048811274], [-3.067255989045374, 0.5061876918994481, 0, 2.4562942676681003]], "Distance": [[1.3930646489201963], [1.4360780642467665], [1.4360780642467665], [1.4360780642467665], [1.4360780642467665], [1.4360780642467665], [1.4360780642467665], [1.4360780642467665], [1.4360780642467665], [1.2942138546183035], [1.2413672233711712], [1.168310170224899], [1.168310170224899], [1.168310170224899], [1.168310170224899], [1.168310170224899], [1.168310170224899], [1.0864368273169118], [0.8551581280568359], [0.6224716391945189], [0.6224716391945189], [0.6224716391945189], [0.6224716391945189], [0.6224716391945189], [0.6224716391945189], [0.6224716391945189], [0.6224716391945189], [0.6224716391945189], [0.5239985904713063], [0.2518666240349903], [0.2518666240349903], [0.2518666240349903], [0.2518666240349903], [0.2518666240349903], [0.2518666240349903], [0.2518666240349903], [0.2518666240349903], [0.21795251499340465], [0.19865046292127506]],