{"IMU": [[-0.0048811700940132145, -0.0015484274923801423, 0.63], [-0.0048811700940132145, -0.0015484274923801423, 0.63], [0.011326029300689697, -0.0021831008791923525, 0.68], [0.011326029300689697, -0.0021831008791923525, 0.68], [0.011326029300689697, -0.0021831008791923525, 0.68], [0.011326029300689697, -0.0021831008791923525, 0.68], [0.011326029300689697, -0.0021831008791923525, 0.68], [0.09858866691589356, -0.0023720066249370577, 0.75], [0.09858866691589356, -0.0023720066249370577, 0.75], [0.09858866691589356, -0.0023720066249370577, 0.75], [0.09858866691589356, -0.0023720066249370577, 0.75], [0.2368347930908203, 0.0012294412404298782, 0.8], [0.2368347930908203, 0.0012294412404298782, 0.8], [0.2368347930908203, 0.0012294412404298782, 0.8], [0.2368347930908203, 0.0012294412404298782, 0.8], [0.4239292907714844, 0.010602236986160278, 0.83], [0.4239292907714844, 0.010602236986160278, 0.83], [0.4239292907714844, 0.010602236986160278, 0.83], [0.4239292907714844, 0.010602236986160278, 0.83], [0.4239292907714844, 0.010602236986160278, 0.83], [0.6321673583984375, 0.02030642032623291, 0.86], [0.6321673583984375, 0.02030642032623291, 0.86], [0.6321673583984375, 0.02030642032623291, 0.86], [0.6321673583984375, 0.02030642032623291, 0.86], [0.8275099182128907, 0.02367988109588623, 0.88]], "Kalman": [[0.006659788741426956, -0.001466292326052717, 0.5812784344086206], [0.006659788741426956, -0.001466292326052717, 0.5812784344086206], [0.02235971271505239, -0.0020663421086392175, 0.6250188119801035], [0.0547039558899245, -0.0021000284176595817, 0.6131587796218128], [0.0547039558899245, -0.0021000284176595817, 0.6131587796218128], [0.0547039558899245, -0.0021000284176595817, 0.6131587796218128], [0.0547039558899245, -0.0021000284176595817, 0.6131587796218128], [0.14130053150771174, -0.0022859958677545703, 0.6809391504167632], [0.21705190835387442, 0.0018583059597185496, 0.6975410276716623], [0.21705190835387442, 0.0018583059597185496, 0.6975410276716623], [0.21705190835387442, 0.0018583059597185496, 0.6975410276716623], [0.4038481562255668, 0.009821369203878357, 0.7602737600628493], [0.40466113365850986, 0.00996118477671261, 0.7611969656156499], [0.40466113365850986, 0.00996118477671261, 0.7611969656156499], [0.40466113365850986, 0.00996118477671261, 0.7611969656156499], [0.5859343338314327, 0.01875255002498593, 0.7874758157891748], [0.6250393107850835, 0.020447681257987134, 0.8071683515886623], [0.6250393107850835, 0.020447681257987134, 0.8071683515886623], [0.6250393107850835, 0.020447681257987134, 0.8071683515886623], [0.6250393107850835, 0.020447681257987134, 0.8071683515886623], [0.8356409873759704, 0.020998064755827058, 0.8321563183672105], [0.8357771127739175, 0.020721443089173175, 0.8318910547816407], [0.8357771127739175, 0.020721443089173175, 0.8318910547816407], [0.8357771127739175, 0.020721443089173175, 0.8318910547816407], [1.0184938576051752, 0.014532909937778858, 0.8574215524748663]], "CMD": [[0.022879760290780152, 15.49990102039991, 0, 5.192361316484594], [0.022879760290780152, 15.49990102039991, 0, 5.192361316484594], [0.022879760290780152, 15.49990102039991, 0, 5.192361316484594], [0.0327417866158009, 14.781540738813568, 0, 4.746031174687476], [0.0327684636591013, 14.750228524542983, 0, 4.7970287498245465], [0.0327684636591013, 14.750228524542983, 0, 4.7970287498245465], [0.0327684636591013, 14.750228524542983, 0, 4.7970287498245465], [0.0327684636591013, 14.750228524542983, 0, 4.7970287498245465], [-0.02090845476935672, 12.29019313921303, 0, 3.7953553556572035], [-0.028996670138584597, 12.216980433370336, 0, 3.7506457674882125], [-0.028996670138584597, 12.216980433370336, 0, 3.7506457674882125], [-0.028996670138584597, 12.216980433370336, 0, 3.7506457674882125], [-0.15325086895660953, 9.302245561895727, 0, 2.972727838935058], [-0.1554325258708058, 9.289560009051279, 0, 2.961279618462451], [-0.1554325258708058, 9.289560009051279, 0, 2.961279618462451], [-0.1554325258708058, 9.289560009051279, 0, 2.961279618462451], [-0.2926113993705208, 6.461005775077904, 0, 2.635408451807846], [-0.31906192058199695, 5.8508187864542975, 0, 2.391210947998045], [-0.31906192058199695, 5.8508187864542975, 0, 2.391210947998045], [-0.31906192058199695, 5.8508187864542975, 0, 2.391210947998045], [-0.31906192058199695, 5.8508187864542975, 0, 2.391210947998045], [-0.3237513624107516, 2.5627097898878355, 0, 2.0843184694405767], [-0.32333365068861447, 2.5625042341369393, 0, 2.084636798857077], [-0.32333365068861447, 2.5625042341369393, 0, 2.084636798857077], [-0.32333365068861447, 2.5625042341369393, 0, 2.084636798857077]], "Distance": [[1.0779863982480056], [1.0779863982480056], [1.047089152107459], [1.0213888343394], [1.0213888343394], [1.0213888343394], [1.0213888343394], [0.9160621314642488], [0.8393405729829007], [0.8393405729829007], [0.8393405729829007], [0.6426213116938306], [0.6415251204825105], [0.6415251204825105], [0.6415251204825105], [0.4657988438226697], [0.42213465950379775], [0.42213465950379775], [0.42213465950379775], [0.42213465950379775], [0.2358522953424135], [0.23592192003923199], [0.23592192003923199], [0.23592192003923199], [0.1445055083346562]], "Time": [[1615307207.6792235], [1615307207.7906876], [1615307207.9014134], [1615307208.0189674], [1615307208.1363502], [1615307208.249446], [1615307208.3609297], [1615307208.4739623], [1615307208.5879226], [1615307208.7044303], [1615307208.8169448], [1615307208.9339633], [1615307209.0470712], [1615307209.1610277], [1615307209.275121], [1615307209.389157], [1615307209.5081673], [1615307209.6232126], [1615307209.7381735], [1615307209.8522444], [1615307209.9672635], [1615307210.0936313], [1615307210.2171316], [1615307210.3376172], [1615307210.4521508]]}