{"IMU": [[0.02824408292770386, -0.019661366939544678, 0.75], [0.0028481242060661317, -0.00010625929571688175, 0.76], [0.0028481242060661317, -0.00010625929571688175, 0.76], [0.003246459662914276, 0.023530938625335694, 0.79], [0.003246459662914276, 0.023530938625335694, 0.79], [0.003246459662914276, 0.023530938625335694, 0.79], [0.024581811428070068, 0.048797607421875, 0.81], [0.024581811428070068, 0.048797607421875, 0.81], [0.07052883625030518, 0.07735615730285644, 0.84], [0.07052883625030518, 0.07735615730285644, 0.84], [0.15715983390808105, 0.10637784957885742, 0.85], [0.15715983390808105, 0.10637784957885742, 0.85], [0.2920447540283203, 0.12914713859558105, 0.87], [0.2920447540283203, 0.12914713859558105, 0.87], [0.2920447540283203, 0.12914713859558105, 0.87], [0.48549274444580076, 0.14168742179870605, 0.88], [0.48549274444580076, 0.14168742179870605, 0.88], [0.7143286895751954, 0.14591331481933595, 0.9], [0.7143286895751954, 0.14591331481933595, 0.9], [0.9552716064453125, 0.14350975990295411, 0.91], [0.9552716064453125, 0.14350975990295411, 0.91], [0.9552716064453125, 0.14350975990295411, 0.91], [1.1945140075683593, 0.13599390983581544, 0.92], [1.1945140075683593, 0.13599390983581544, 0.92], [1.4032432556152343, 0.12316694259643554, 0.93], [1.4032432556152343, 0.12316694259643554, 0.93], [1.4182733154296876, 0.1247445011138916, 0.94], [1.4182733154296876, 0.1247445011138916, 0.94], [1.4171336364746094, 0.1255361843109131, 0.94], [1.4171336364746094, 0.1255361843109131, 0.94], [1.4171336364746094, 0.1255361843109131, 0.94], [1.4249118041992188, 0.12067007064819336, 0.94], [1.4249118041992188, 0.12067007064819336, 0.94], [1.4447494506835938, 0.11130869865417481, 0.94], [1.4447494506835938, 0.11130869865417481, 0.94], [1.4731683349609375, 0.10078312873840332, 0.95], [1.4731683349609375, 0.10078312873840332, 0.95], [1.5079176330566406, 0.09075750350952148, 0.95], [1.5079176330566406, 0.09075750350952148, 0.95], [1.5079176330566406, 0.09075750350952148, 0.95], [1.5542013549804687, 0.08166115760803222, 0.95], [1.5542013549804687, 0.08166115760803222, 0.95], [1.600732421875, 0.07490684986114501, 0.95], [1.600732421875, 0.07490684986114501, 0.95], [1.6521699523925781, 0.06872722625732422, 0.95], [1.6521699523925781, 0.06872722625732422, 0.95], [1.7198971557617186, 0.06356557369232178, 0.95]], "Kalman": [[-0.031369067259239006, 0.015187540441237123, 0.7473671389693326], [-0.039876102284245554, 0.05746368267761159, 0.7485046767403433], [-0.039876102284245554, 0.05746368267761159, 0.7485046767403433], [0.004585033850200636, 0.09039874135979306, 0.7789425539884631], [0.024761012589639357, 0.10035952598848177, 0.7790209068443034], [0.024761012589639357, 0.10035952598848177, 0.7790209068443034], [0.10908778591591618, 0.14159709634941017, 0.797666096119921], [0.10908778591591618, 0.14159709634941017, 0.797666096119921], [0.24520295533446124, 0.19053978083215786, 0.8311747379609956], [0.24520295533446124, 0.19053978083215786, 0.8311747379609956], [0.4476914603932497, 0.21577296472393973, 0.8424502562324415], [0.46966959611871506, 0.2162046074068664, 0.8424689916840026], [0.5777612070515226, 0.2318719819026259, 0.8616539988568087], [0.7421108796880708, 0.23702137350827623, 0.8630297347866804], [0.7421108796880708, 0.23702137350827623, 0.8630297347866804], [1.0935660274985814, 0.23661329546210857, 0.8757943437196045], [1.0935660274985814, 0.23661329546210857, 0.8757943437196045], [1.3970306323926769, 0.22314271600472396, 0.8959653461419981], [1.4172198994137148, 0.2192992279254577, 0.8959691304960039], [1.6636997025852822, 0.2062250461329463, 0.9075582947824876], [1.6869309685742613, 0.19973869505422856, 0.9077781305518504], [1.6869309685742613, 0.19973869505422856, 0.9077781305518504], [1.9058858243206585, 0.1677279329516829, 0.9171197839986365], [1.9058858243206585, 0.1677279329516829, 0.9171197839986365], [1.7194285704589847, 0.13223604548405327, 0.9291394145583178], [1.7194285704589847, 0.13223604548405327, 0.9291394145583178], [1.508510948955391, 0.1342991759107784, 0.9413337405814193], [1.413321322979429, 0.13569309595718768, 0.9416284976623046], [1.410685328070893, 0.13626015749653425, 0.9416284979407726], [1.4214210010180874, 0.117834072963258, 0.942225103682195], [1.4214210010180874, 0.117834072963258, 0.942225103682195], [1.4657298650701052, 0.10563878793530342, 0.9416530789011416], [1.4657298650701052, 0.10563878793530342, 0.9416530789011416], [1.5181775452677293, 0.09837755992834075, 0.9428650519579054], [1.5181775452677293, 0.09837755992834075, 0.9428650519579054], [1.5656286308036889, 0.0807904673313467, 0.9525494786691859], [1.5696849785185474, 0.07851908921715581, 0.9525456935750662], [1.5971506956156711, 0.07112662579726745, 0.9525456753068291], [1.6309062673430432, 0.07294536475648053, 0.9532080625297628], [1.6309062673430432, 0.07294536475648053, 0.9532080625297628], [1.6927533111227315, 0.07825541500137857, 0.9518939247196733], [1.6927533111227315, 0.07825541500137857, 0.9518939247196733], [1.7425805085762907, 0.07525475198581043, 0.9541366147545769], [1.7425805085762907, 0.07525475198581043, 0.9541366147545769], [1.8211769040923425, 0.07120765676731147, 0.95410476547746], [1.8252745171374758, 0.0712949406681874, 0.9541046124565439], [1.8783762728256759, 0.06779728010814562, 0.9541046102904382]],