{"IMU": [[-0.00039273839443922044, 0.009994096755981445, 0.66], [-0.00781748354434967, -0.006919159889221192, 0.72], [-0.00781748354434967, -0.006919159889221192, 0.72], [0.016929033994674682, -0.025165436267852784, 0.78], [0.016929033994674682, -0.025165436267852784, 0.78], [0.09138457298278808, -0.04356117248535156, 0.84], [0.09138457298278808, -0.04356117248535156, 0.84], [0.2289443016052246, -0.05794673919677734, 0.87], [0.2289443016052246, -0.05794673919677734, 0.87], [0.46898475646972654, -0.06563994884490967, 0.93], [0.46898475646972654, -0.06563994884490967, 0.93], [0.7892061614990235, -0.06962265014648437, 0.97], [0.7892061614990235, -0.06962265014648437, 0.97], [1.1596766662597657, -0.071160569190979, 0.98], [1.1596766662597657, -0.071160569190979, 0.98], [1.5443240356445314, -0.07211239814758301, 1.0]], "Kalman": [[-0.009902383382322126, 0.0010323455264513726, 0.6119650671358839], [-0.0038961073005057576, -0.022109617244786887, 0.6551614999442417], [-0.0038830314335313388, -0.022122017791901767, 0.655097285004154], [0.06069684289502481, -0.044021225444065205, 0.720062341819763], [0.06075644174617375, -0.04403364640265372, 0.7201027359020113], [0.1937428701078102, -0.06412945817615376, 0.7890387971910235], [0.19395162925316897, -0.06414510391119344, 0.7891887652714102], [0.43016045556283194, -0.07652625370658127, 0.8293429576027933], [0.4302107580791722, -0.07652473015654429, 0.8293646643394501], [0.7528723070842386, -0.08404286973371285, 0.8933832362960505], [0.7528723070842386, -0.08404286973371285, 0.8933832362960505], [1.1518661054348889, -0.08502307926597841, 0.9496408507760576], [1.1518661054348889, -0.08502307926597841, 0.9496408507760576], [1.5370006079230316, -0.08137636148316307, 0.9771703112650376], [1.5370006079230316, -0.08137636148316307, 0.9771703112650376], [1.924320663483559, -0.08276045082470293, 0.9960009257788154]], "CMD": [[-0.008795561908852752, 17.124325519729584, 0, 7.574213011025578], [-0.008795561908852752, 17.124325519729584, 0, 7.574213011025578], [0.18845271722933216, 17.073068610591797, 0, 6.7319843146707425], [0.18847912065474456, 17.07304076926551, 0, 6.732297559339573], [0.3751657299648456, 16.522313833815858, 0, 5.4634295006213796], [0.3751657299648456, 16.522313833815858, 0, 5.4634295006213796], [0.5465149198060386, 15.387493671707844, 0, 4.11491095702665], [0.5465149198060386, 15.387493671707844, 0, 4.11491095702665], [0.6519890718796474, 13.374570923581217, 0, 3.330701104566383], [0.6519890718796474, 13.374570923581217, 0, 3.330701104566383], [0.7160434610313952, 10.625501394858784, 0, 2.081096340680959], [0.7160437393776635, 9.261174166617916, 0, 2.080984189354335], [0.7243948253796529, 7.226082726668563, 0, 0.9829808890163353], [0.7243828403736021, 5.647697650719688, 0, 0.9826467248698862], [0.6933248675011873, 3.944744964191005, 0, 0.4456220582453823], [0.700886161907733, 0.7698640335135091, 0, 0.10337340022244416]], "Distance": [[2.0470172851214725], [2.0334704411792015], [2.0334685810579742], [1.9598978789504204], [1.959833416057093], [1.8196653636817262], [1.8194413121947224], [1.5809415830146356], [1.5808892169130284], [1.2544950461014868], [1.2544950461014868], [0.8538712262564018], [0.8538712262564018], [0.47065034150589546], [0.47065034150589546], [0.11221696302655554]], "Time": [[1615214509.1441638], [1615214509.448559], [1615214509.6775463], [1615214509.9063623], [1615214510.13307], [1615214510.3890953], [1615214510.6578872], [1615214510.9070234], [1615214511.171138], [1615214511.44436], [1615214511.687073], [1615214511.9588134], [1615214512.1839511], [1615214512.462347], [1615214512.7424397], [1615214513.0241978]]}