{"IMU": [[0.009778618812561035, -0.000736769437789917, 0.77], [0.009778618812561035, -0.000736769437789917, 0.77], [0.009778618812561035, -0.000736769437789917, 0.77], [0.009778618812561035, -0.000736769437789917, 0.77], [0.009778618812561035, -0.000736769437789917, 0.77], [0.009778618812561035, -0.000736769437789917, 0.77], [0.009778618812561035, -0.000736769437789917, 0.77], [0.009778618812561035, -0.000736769437789917, 0.77], [0.009778618812561035, -0.000736769437789917, 0.77], [0.009778618812561035, -0.000736769437789917, 0.77], [0.014389126300811768, -0.0027031031250953673, 0.77], [0.014389126300811768, -0.0027031031250953673, 0.77], [0.014389126300811768, -0.0027031031250953673, 0.77], [0.014389126300811768, -0.0027031031250953673, 0.77], [0.014389126300811768, -0.0027031031250953673, 0.77], [0.014389126300811768, -0.0027031031250953673, 0.77], [0.014389126300811768, -0.0027031031250953673, 0.77], [0.014389126300811768, -0.0027031031250953673, 0.77], [0.014389126300811768, -0.0027031031250953673, 0.77], [0.06637709617614745, 0.00034277226775884627, 0.79], [0.06637709617614745, 0.00034277226775884627, 0.79], [0.06637709617614745, 0.00034277226775884627, 0.79], [0.06637709617614745, 0.00034277226775884627, 0.79], [0.06637709617614745, 0.00034277226775884627, 0.79], [0.06637709617614745, 0.00034277226775884627, 0.79], [0.06637709617614745, 0.00034277226775884627, 0.79], [0.06637709617614745, 0.00034277226775884627, 0.79], [0.06637709617614745, 0.00034277226775884627, 0.79], [0.06637709617614745, 0.00034277226775884627, 0.79], [0.16315826416015625, 0.001139724850654602, 0.82], [0.16315826416015625, 0.001139724850654602, 0.82], [0.16315826416015625, 0.001139724850654602, 0.82], [0.16315826416015625, 0.001139724850654602, 0.82], [0.16315826416015625, 0.001139724850654602, 0.82], [0.16315826416015625, 0.001139724850654602, 0.82], [0.16315826416015625, 0.001139724850654602, 0.82], [0.2925263023376465, -0.0003402574732899666, 0.83]], "Kalman": [[0.0750151966779344, 0.018163461407622882, 0.7741636720197448], [0.01975344546629255, -0.004230042697713838, 0.7729334239317998], [0.01975344546629255, -0.004230042697713838, 0.7729334239317998], [0.01975344546629255, -0.004230042697713838, 0.7729334239317998], [0.01975344546629255, -0.004230042697713838, 0.7729334239317998], [0.01975344546629255, -0.004230042697713838, 0.7729334239317998], [0.01975344546629255, -0.004230042697713838, 0.7729334239317998], [0.01975344546629255, -0.004230042697713838, 0.7729334239317998], [0.01975344546629255, -0.004230042697713838, 0.7729334239317998], [0.01975344546629255, -0.004230042697713838, 0.7729334239317998], [0.0844969189692776, -0.009274749126208095, 0.7664519178893124], [0.13250487988119802, -0.009997009800203188, 0.7660749922757498], [0.13250487988119802, -0.009997009800203188, 0.7660749922757498], [0.13250487988119802, -0.009997009800203188, 0.7660749922757498], [0.13250487988119802, -0.009997009800203188, 0.7660749922757498], [0.13250487988119802, -0.009997009800203188, 0.7660749922757498], [0.13250487988119802, -0.009997009800203188, 0.7660749922757498], [0.13250487988119802, -0.009997009800203188, 0.7660749922757498], [0.13250487988119802, -0.009997009800203188, 0.7660749922757498], [0.3198590048546914, 0.006110412206135275, 0.7856934515218448], [0.4204913532438187, 0.021459685260244877, 0.7856713088443347], [0.43949048480484953, 0.024357590971968424, 0.7856713086424448], [0.44824674387200286, 0.025693168711459036, 0.7856713086423018], [0.44824674387200286, 0.025693168711459036, 0.7856713086423018], [0.44824674387200286, 0.025693168711459036, 0.7856713086423018], [0.44824674387200286, 0.025693168711459036, 0.7856713086423018], [0.44824674387200286, 0.025693168711459036, 0.7856713086423018], [0.44824674387200286, 0.025693168711459036, 0.7856713086423018], [0.44824674387200286, 0.025693168711459036, 0.7856713086423018], [0.6816851822811623, 0.009760226730645107, 0.815329118463577], [0.7358192426002511, 0.002784739332504498, 0.8153281467636073], [0.7419998877118037, 0.0019883273908177534, 0.8153281462364514], [0.7419998877118037, 0.0019883273908177534, 0.8153281462364514], [0.7419998877118037, 0.0019883273908177534, 0.8153281462364514], [0.7419998877118037, 0.0019883273908177534, 0.8153281462364514], [0.7419998877118037, 0.0019883273908177534, 0.8153281462364514], [0.9264664867962821, -0.023247110825191767, 0.8268114427348284]], "CMD": [[-0.11807226202513073, 20.0, 0, 6.511911252535284], [0.11559351707506459, 20.0, 0, 3.424873785218327], [0.11559351707506459, 20.0, 0, 3.424873785218327], [0.11559351707506459, 20.0, 0, 3.424873785218327], [0.11559351707506459, 20.0, 0, 3.424873785218327], [0.11559351707506459, 20.0, 0, 3.424873785218327], [0.11559351707506459, 20.0, 0, 3.424873785218327], [0.11559351707506459, 20.0, 0, 3.424873785218327], [0.11559351707506459, 20.0, 0, 3.424873785218327], [0.11559351707506459, 20.0, 0, 3.424873785218327], [0.2480687610198628, 20.0, 0, 3.504068994239331], [0.2716269861710152, 20.0, 0, 3.528319651709202], [0.2731862549907412, 20.0, 0, 3.528320374290344], [0.2731862549907412, 20.0, 0, 3.528320374290344], [0.2731862549907412, 20.0, 0, 3.528320374290344], [0.2731862549907412, 20.0, 0, 3.528320374290344], [0.2731862549907412, 20.0, 0, 3.528320374290344], [0.2731862549907412, 20.0, 0, 3.528320374290344], [0.2731862549907412, 20.0, 0, 3.528320374290344], [0.22453577917830608, 20.0, 0, 3.2268716933309034], [-0.5864244575820214, 15.836115008995568, 0, 3.2327466616606717], [-0.6656149379880667, 15.316929602262357, 0, 3.232746664705801], [-0.7021119994286812, 15.077649090380124, 0, 3.2327466647079586], [-0.7021119994286812, 15.077649090380124, 0, 3.2327466647079586], [-0.7021119994286812, 15.077649090380124, 0, 3.2327466647079586], [-0.7021119994286812, 15.077649090380124, 0, 3.2327466647079586], [-0.7021119994286812, 15.077649090380124, 0, 3.2327466647079586], [-0.7021119994286812, 15.077649090380124, 0, 3.2327466647079586], [-0.7021119994286812, 15.077649090380124, 0, 3.2327466647079586], [-0.4043809697600357, 9.766891003328698, 0, 2.7851619874558935], [-0.07609800576136856, 7.219213864648615, 0, 2.78542883751874], [-0.05433461849581999, 7.050316631856309, 0, 2.785428845469898], [-0.05433461849581999, 7.050316631856309, 0, 2.785428845469898], [-0.05433461849581999, 7.050316631856309, 0, 2.785428845469898], [-0.05433461849581999, 7.050316631856309, 0, 2.785428845469898], [-0.05433461849581999, 7.050316631856309, 0, 2.785428845469898], [0.471506557067703, 2.471369221175221, 0, 2.616494001384029]], "Distance": [[0.9523281182148682], [1.0062109276408029], [1.0062109276408029], [1.0062109276408029], [1.0062109276408029], [1.0062109276408029], [1.0062109276408029], [1.0062109276408029], [1.0062109276408029], [1.0062109276408029], [0.9448685723452126], [0.8985369401831348], [0.8985369401831348], [0.8985369401831348], [0.8985369401831348], [0.8985369401831348], [0.8985369401831348], [0.8985369401831348], [0.8985369401831348], [0.713131409443729], [0.6182455641645559], [0.6005838799046329], [0.592476651443233], [0.592476651443233], [0.592476651443233], [0.592476651443233], [0.592476651443233], [0.592476651443233], [0.592476651443233], [0.3681343772220275], [0.3223397597740911], [0.3172880472992962], [0.3172880472992962], [0.3172880472992962], [0.3172880472992962], [0.3172880472992962], [0.18958344361623913]],