{"IMU": [[-0.010231115818023682, -0.017159903049468996, 0.73], [0.002801508605480194, -0.022280025482177734, 0.77], [0.002801508605480194, -0.022280025482177734, 0.77], [0.0780648946762085, -0.028307301998138426, 0.82], [0.0780648946762085, -0.028307301998138426, 0.82], [0.0780648946762085, -0.028307301998138426, 0.82], [0.3073918914794922, -0.03221987247467041, 0.85], [0.3073918914794922, -0.03221987247467041, 0.85], [0.6798052978515625, -0.03544160366058349, 0.89], [0.6798052978515625, -0.03544160366058349, 0.89], [1.097204360961914, -0.03283750295639038, 0.91], [1.097204360961914, -0.03283750295639038, 0.91], [1.097204360961914, -0.03283750295639038, 0.91], [1.553939971923828, -0.030336289405822753, 0.93], [1.553939971923828, -0.030336289405822753, 0.93], [1.9984303283691407, -0.02994520664215088, 0.94], [1.9984303283691407, -0.02994520664215088, 0.94], [2.399384765625, -0.030980682373046874, 0.96], [2.399384765625, -0.030980682373046874, 0.96], [2.744815673828125, -0.03481555461883545, 0.96], [2.744815673828125, -0.03481555461883545, 0.96], [2.744815673828125, -0.03481555461883545, 0.96], [2.964691162109375, -0.039499611854553224, 0.97], [2.964691162109375, -0.039499611854553224, 0.97], [3.055583801269531, -0.050335264205932616, 0.96], [3.055583801269531, -0.050335264205932616, 0.96], [3.0803042602539064, -0.06162933826446533, 0.96], [3.0803042602539064, -0.06162933826446533, 0.96], [3.0604598999023436, -0.061821093559265135, 0.96], [3.0604598999023436, -0.061821093559265135, 0.96], [2.9889431762695313, -0.05480848789215088, 0.96], [2.9889431762695313, -0.05480848789215088, 0.96], [2.9889431762695313, -0.05480848789215088, 0.96], [2.8474575805664064, -0.049258451461791995, 0.95], [2.8474575805664064, -0.049258451461791995, 0.95], [2.64604736328125, -0.045092453956604, 0.95], [2.64604736328125, -0.045092453956604, 0.95], [2.388202362060547, -0.03850170612335205, 0.95], [2.388202362060547, -0.03850170612335205, 0.95], [2.1093011474609376, -0.028467001914978026, 0.95]], "Kalman": [[-0.00788240145009603, -0.02585095182471584, 0.7167927561245419], [0.020969201175716982, -0.024892648872077098, 0.750154662637507], [0.020969201386079495, -0.024892648637420082, 0.7501546618949927], [0.15434252729841758, -0.032502480884543626, 0.8038870081873025], [0.15517379027429692, -0.03257091352301177, 0.8044205054823261], [0.15517379027429692, -0.03257091352301177, 0.8044205054823261], [0.46297402255105885, -0.036531780203949885, 0.8388629994582861], [0.46297402255105885, -0.036531780203949885, 0.8388629994582861], [0.8924199054011535, -0.03827567826712016, 0.8794552239098044], [0.8924202146995383, -0.03827565592629622, 0.8794552587607544], [1.3295715801562955, -0.03446007703152877, 0.9049455760336835], [1.329607617811489, -0.034454169395520165, 0.9050246610103929], [1.329607617811489, -0.034454169395520165, 0.9050246610103929], [1.7927609697062303, -0.03196127714287904, 0.9290000074884697], [1.7927609697062303, -0.03196127714287904, 0.9290000074884697], [2.217744869241626, -0.03232288932341641, 0.9411753894471263], [2.217744869241626, -0.03232288932341641, 0.9411753894471263], [2.6029193148460674, -0.03371762417743334, 0.9622958495375478], [2.602896393066593, -0.03371938212813421, 0.9623130746158677], [2.946660015790638, -0.037500479630345154, 0.9623131577503431], [2.8908687775152564, -0.036694880381713445, 0.965675259143565], [2.8908687775152564, -0.036694880381713445, 0.965675259143565], [3.0388181618971912, -0.043557656008060455, 0.9768456168369716], [3.0388181618971912, -0.043557656008060455, 0.9768456168369716], [3.084730596002166, -0.05739466056346706, 0.9689600159434834], [3.084730596002166, -0.05739466056346706, 0.9689600159434834], [3.0804978323685748, -0.06410170662564416, 0.9676678471051269], [3.0804500939190804, -0.06407983104646688, 0.967649555657014], [3.038561190039928, -0.05930056511337927, 0.9703774671426394], [3.0382464434527705, -0.05908953265869574, 0.9707437237110962], [2.967074706333999, -0.052175157116375874, 0.9707439321604354], [2.9390647013684794, -0.05202702252707088, 0.9700999741938707], [2.9390647013684794, -0.05202702252707088, 0.9700999741938707], [2.7587668562057837, -0.04865592890040304, 0.9588271385446956], [2.7587014670661247, -0.048666315994257574, 0.9588084381850794], [2.5225094140254223, -0.043906045726468286, 0.9570601602183748], [2.5225094140254223, -0.043906045726468286, 0.9570601602183748], [2.2483373286048254, -0.03557379370960455, 0.956870958604743], [2.2480875332489534, -0.035498497039061036, 0.9568455726092719], [1.9705322549008355, -0.025604484465557242, 0.9568455581612197]], "CMD": [[0.31752354088240275, 24.662532122872992, 0, 5.528038353519477], [0.31752354088240275, 24.662532122872992, 0, 5.528038353519477], [0.3057528428894185, 24.308152017722612, 0, 4.876833616569653], [0.30575284000715997, 24.308152015138763, 0, 4.876833631063094], [0.3992233202050132, 22.669946544404073, 0, 3.8280099249184114], [0.4000638685076701, 22.659736260260754, 0, 3.817596372397537], [0.4474478936739972, 19.856534627477448, 0, 3.255873057324157], [0.44871462697963305, 18.87907006662756, 0, 3.1452992055436426], [0.44871462697963305, 18.87907006662756, 0, 3.1452992055436426], [0.47013467726290253, 13.604247759715058, 0, 2.352962927163196], [0.47013440285376, 13.604243960647272, 0, 2.3529622468932083], [0.42326819346241423, 8.234776313862369, 0, 1.8554062889315577], [0.42319563081495676, 8.234333668502162, 0, 1.8538625968336644], [0.39290410246312607, 2.651389383401571, 0, 1.479376887509835], [0.39257579211562793, 2.5454873442996173, 0, 1.3858779751973263], [0.39257579211562793, 2.5454873442996173, 0, 1.3858779751973263], [0.39701742276694707, -2.674529060259732, 0, 1.1482217008902993], [0.39701742276694707, -2.674529060259732, 0, 1.1482217008902993], [0.4141703439892459, -7.40529009569023, 0, 0.7356265542463544], [0.4141703439892459, -7.40529009569023, 0, 0.7356265542463544], [0.4606130233715872, -11.627689466282886, 0, 0.7356249315104303], [0.4507179631164681, -10.942413672666811, 0, 0.6699986954162533], [0.4507179631164681, -10.942413672666811, 0, 0.6699986954162533], [0.535012453777185, -12.759654783124066, 0, 0.45195990196350583], [0.535012453777185, -12.759654783124066, 0, 0.45195990196350583], [0.7049704000620869, -13.323590639195848, 0, 0.6058821801624353], [0.7049704000620869, -13.323590639195848, 0, 0.6058821801624353], [0.7873520867776885, -13.27160020937457, 0, 0.6311045537144288], [0.787083392169988, -13.271013844832854, 0, 0.6314615919925655], [0.7283803528319269, -12.756498434585001, 0, 0.5782143688241683], [0.7257882713988497, -12.75263244730869, 0, 0.5710652566406256], [0.6400676777967107, -11.875659546178632, 0, 0.5710611748903592], [0.6390404704003841, -11.534397306450952, 0, 0.5836308675077223], [0.6390404704003841, -11.534397306450952, 0, 0.5836308675077223], [0.5976338099321892, -9.319824682676561, 0, 0.803669970211486], [0.5977613931191655, -9.319021517234122, 0, 0.8040349902009754], [0.5392916748188689, -6.417908338953983, 0, 0.8381603449069668], [0.5392916748188689, -6.417908338953983, 0, 0.8381603449069668], [0.43613201898169124, -3.04758546753256, 0, 0.8422905357537076], [0.43602295777246686, -3.047223658924381, 0, 0.8423489684643231]],