{"IMU":[2.2449913620275805, 1.9050264105352903, 0.56]}
{"Kalman":[2.219923714763685, 1.903494306827817, 0.5798888863802367]}
{"UWB":[2.33831687, 1.97678834, 0.7817739]}
{"Distance":[0.9075388950474829]}
{"Time":[1615560056.9417481]}
{"IMU":[2.1883218192381215, 1.9152616715583348, 0.41]}
{"Kalman":[2.2648882138134434, 1.884239666841737, 0.41089081565944174]}
{"UWB":[2.31675031, 1.84182544, 1.17591977]}
{"Distance":[0.9664323518122477]}
{"Time":[1615560057.1775708]}
{"IMU":[2.1883218192381215, 1.9152616715583348, 0.41]}
{"Kalman":[2.2910443395471294, 1.8728698303061808, 0.40982409717998974]}
{"UWB":[2.27007531, 1.96301559, 1.07507408]}
{"Distance":[0.9500072835208808]}
{"Time":[1615560057.476784]}
{"IMU":[2.2243856465143512, 1.9263838046941304, 0.45]}
{"Kalman":[2.254114009013722, 1.9628001332487024, 0.44997517083384364]}
{"UWB":[2.24326307, 1.97123507, 1.39545098]}
{"Distance":[0.9368548594555163]}
{"Time":[1615560057.7209764]}
{"IMU":[2.2243856465143512, 1.9263838046941304, 0.45]}
{"Kalman":[2.2546477612608693, 1.9401971382941867, 0.4428922782553495]}
{"UWB":[2.24536795, 1.9397444, 1.85131953]}
{"Distance":[0.9441694381996891]}
{"Time":[1615560058.0423014]}
{"IMU":[2.255258085660393, 1.9430519348535085, 0.56]}
{"Kalman":[2.3096656665138404, 2.002745983543734, 0.5511059846619274]}
{"UWB":[2.30883533, 2.01502126, 1.50379438]}
{"Distance":[0.8291716786727544]}
{"Time":[1615560058.3453176]}
{"IMU":[2.3068119549078294, 1.9551535421762014, 0.56]}
{"Kalman":[2.3891075798156316, 1.9857651943525791, 0.5510749397852225]}
{"UWB":[2.41605227, 1.97939998, 1.47258581]}
{"Distance":[0.7666634525975923]}
{"Time":[1615560058.629465]}
{"IMU":[2.3068119549078294, 1.9551535421762014, 0.7]}
{"Kalman":[2.3698448424530647, 2.0624798237092885, 0.690968361374542]}
{"UWB":[2.36544436, 2.10746597, 1.49027993]}
{"Distance":[0.702854067273872]}
{"Time":[1615560058.9548805]}
{"IMU":[2.3581619858068774, 1.9651975208673025, 0.83]}
{"Kalman":[2.418602164868966, 2.1525376948356176, 0.820280080296228]}
{"UWB":[2.41076098, 2.23469897, 1.31317665]}
{"Distance":[0.6108051257250742]}
{"Time":[1615560059.1744022]}
{"IMU":[2.3581619858068774, 1.9651975208673025, 0.83]}
{"Kalman":[2.4090882881094484, 2.224841454125254, 0.8170515113275112]}
{"UWB":[2.50846502, 2.38177868, 1.31142406]}
{"Distance":[0.6310564074827844]}
{"Time":[1615560059.4910026]}
{"IMU":[2.422246076993401, 1.9809353023919607, 0.88]}
{"Kalman":[2.4999199210662324, 2.2722431309841187, 0.8778007220557675]}
{"UWB":[2.48731306, 2.40175488, 1.47408337]}
{"Distance":[0.5428447706736312]}
{"Time":[1615560059.708508]}
{"IMU":[2.422246076993401, 1.9809353023919607, 0.88]}
{"Kalman":[2.495462045674296, 2.2556902055071495, 0.8810727448085652]}
{"UWB":[2.46555694, 2.51345669, 1.57604274]}
{"Distance":[0.5412408701062708]}
{"Time":[1615560060.0379593]}
{"IMU":[2.497168428830559, 1.999652820244744, 0.88]}
{"Kalman":[2.5741712368012597, 2.3603234289016317, 0.8812336154811071]}
{"UWB":[2.5532057, 2.52410925, 1.53412068]}
{"Distance":[0.5130339923378969]}
{"Time":[1615560060.290329]}
{"IMU":[2.582892076901848, 2.0205998283776783, 0.87]}
{"Kalman":[2.6178754342111312, 2.50843703377953, 0.8756311334473219]}
{"UWB":[2.5748986, 2.74014036, 1.65447598]}
{"Distance":[0.5729813341720219]}
{"Time":[1615560060.6178265]}
{"IMU":[2.582892076901848, 2.0205998283776783, 0.87]}
{"Kalman":[2.6531713695501984, 2.5897678902807444, 0.8746693722450734]}
{"UWB":[2.61207877, 2.87438944, 1.69675313]}
{"Distance":[0.61308274441806]}
{"Time":[1615560060.9588966]}
{"IMU":[2.6764174293798755, 2.039885650292351, 0.87]}
{"Kalman":[2.7240955554808792, 2.645586080496427, 0.8744295074421403]}
{"UWB":[2.69887955, 2.94358809, 1.45203928]}
{"Distance":[0.6241437192971517]}
{"Time":[1615560061.1910195]}
{"IMU":[2.6764174293798755, 2.039885650292351, 0.87]}
{"Kalman":[2.7124427393977104, 2.6513667476760694, 0.8723568802948446]}
{"UWB":[2.72251746, 3.00214439, 1.50793163]}
{"Distance":[0.6348127555240552]}
{"Time":[1615560061.4799225]}
{"IMU":[2.757589342526848, 2.052030072823479, 0.87]}
{"Kalman":[2.8007960646444308, 2.714932374849141, 0.8721084292229716]}
{"UWB":[2.7651993, 3.03479474, 1.33091671]}
{"Distance":[0.6589235823481855]}
{"Time":[1615560061.717228]}
{"IMU":[2.757589342526848, 2.052030072823479, 0.87]}
{"Kalman":[2.820136999968945, 2.7250155566856438, 0.8728536395478336]}
{"UWB":[2.79698544, 3.05334321, 1.18230124]}
{"Distance":[0.6626924941897777]}
{"Time":[1615560062.08089]}
{"IMU":[2.828196718625481, 2.0545770603570483, 0.88]}
{"Kalman":[2.792833338717641, 2.8763558379311114, 0.884124214227237]}
{"UWB":[2.72687642, 3.2947795, 1.66728605]}
{"Distance":[0.8118334868463194]}
{"Time":[1615560062.4592555]}
{"IMU":[2.903098490170891, 2.0519110542687917, 0.88]}
{"Kalman":[2.8406466608880843, 2.90477618449707, 0.8839323898401272]}
{"UWB":[2.77142951, 3.36503273, 1.45372401]}
{"Distance":[0.8285709890818067]}
{"Time":[1615560062.7401538]}
{"IMU":[2.903098490170891, 2.0519110542687917, 0.88]}
{"Kalman":[2.855513665154775, 2.9676935192239484, 0.8840910119156458]}
{"UWB":[2.7805552, 3.42758954, 1.69001169]}
{"Distance":[0.8872447451402492]}
{"Time":[1615560063.1440032]}
{"IMU":[2.966324274472649, 2.0401941639337084, 0.88]}
{"Kalman":[2.8421930363318637, 2.9792917179539344, 0.8840145943533644]}
{"UWB":[2.72829343, 3.45213101, 1.61292989]}
{"Distance":[0.9008382637119453]}
{"Time":[1615560063.5422254]}
{"IMU":[2.966324274472649, 2.0401941639337084, 0.88]}
{"Kalman":[2.8210010116048516, 3.01760354768246, 0.8834945913339097]}
{"UWB":[2.70923296, 3.51793337, 1.44071678]}
{"Distance":[0.9421307864698912]}
{"Time":[1615560064.0428689]}
{"IMU":[3.0217963051122974, 2.0401941639337084, 0.88]}
{"Kalman":[3.1986058894930554, 3.383568071228669, 0.8829645675616442]}
{"UWB":[2.8042172, 4.01596455, 3.13937103]}
{"Distance":[1.304104514701581]}
{"Time":[1615560064.417211]}
{"IMU":[3.0217963051122974, 2.015584321633294, 0.88]}
{"Kalman":[2.8115353067487234, 3.005231672392771, 0.8840753470934777]}
{"UWB":[2.67448711, 3.52318697, 1.46377741]}
{"Distance":[0.9318808112933802]}
{"Time":[1615560064.8015306]}
{"IMU":[3.063209040097649, 1.9813139015588308, 0.88]}
{"Kalman":[2.783316240452389, 3.0570665354649917, 0.8844797767905725]}
{"UWB":[2.59233071, 3.55653827, 1.77897421]}
{"Distance":[0.9880653454751893]}
{"Time":[1615560065.2479184]}
{"IMU":[3.063209040097649, 1.9813139015588308, 0.88]}
{"Kalman":[2.6298167394677106, 3.1425722143163926, 0.8838941088531895]}
{"UWB":[2.37629895, 3.76305143, 1.6409795]}
{"Distance":[1.1124176582569596]}
{"Time":[1615560065.615866]}
{"IMU":[3.0981810402197194, 1.9367426926049733, 0.89]}
{"Kalman":[3.2809685408062186, 2.9777653832928133, 0.8835157967963417]}
{"UWB":[3.45471684, 3.51418444, -9.43315243]}
{"Distance":[0.928969299076103]}
{"Time":[1615560066.0178916]}
{"IMU":[3.122167246274407, 1.8754818970117115, 0.89]}
{"Kalman":[2.4701963123233943, 3.1997668891789064, 0.8931783327368638]}
{"UWB":[2.1232576, 3.88811891, 1.35201129]}
{"Distance":[1.2253938251055678]}
{"Time":[1615560066.421832]}
{"IMU":[3.122167246274407, 1.8754818970117115, 0.9]}
{"Kalman":[2.5317641838321094, 3.4608963826891093, 0.9054645638147157]}
{"UWB":[2.23618202, 4.33205835, 3.08528592]}
{"Distance":[1.442297019567556]}
{"Time":[1615560066.8395355]}
{"IMU":[3.1382192634863206, 1.8008359581384206, 0.9]}
{"Kalman":[2.4646560991882382, 3.452998123200765, 0.9056053834389589]}
{"UWB":[2.11481736, 4.33259947, 3.15505834]}
{"Distance":[1.4581177446135314]}
{"Time":[1615560067.2699404]}
{"IMU":[3.1382192634863206, 1.8008359581384206, 0.9]}
{"Kalman":[2.285437223360039, 3.3037259032273254, 0.9041516218425278]}
{"UWB":[1.78051433, 3.96564708, 1.86247085]}
{"Distance":[1.4031189983231176]}
{"Time":[1615560067.6771963]}
{"IMU":[3.152118418149407, 1.7166394096765065, 0.9]}
{"Kalman":[2.2049259986547356, 3.208369404230365, 0.9037211284577237]}
{"UWB":[1.71566326, 4.01487613, 1.7554508]}
{"Distance":[1.367441049901091]}
{"Time":[1615560068.0593133]}
{"IMU":[3.152118418149407, 1.7166394096765065, 0.9]}
