{"IMU":[0.014310518503189087, 0.007673639059066773, 0.76]}
{"Kalman":[0.03802062759066881, 0.014597016580709225, 0.7712127494304217]}
{"CMD":[-0.10254635167310322, 20.0, 0, 9.4195516650714]}
{"Distance":[0.9889191027871265]}
{"Time":[1615320359.5993464]}
{"IMU":[0.014310518503189087, 0.007673639059066773, 0.76]}
{"Kalman":[0.02364332991110094, 0.014335119760810167, 0.7696273774690625]}
{"CMD":[-0.39173290419500273, 20.0, 0, 3.474739300694025]}
{"Distance":[1.003269349724899]}
{"Time":[1615320359.643325]}
{"IMU":[0.014310518503189087, 0.007673639059066773, 0.76]}
{"Kalman":[0.02364332991110094, 0.014335119760810167, 0.7696273774690625]}
{"CMD":[-0.39173290419500273, 20.0, 0, 3.474739300694025]}
{"Distance":[1.003269349724899]}
{"Time":[1615320359.6941364]}
{"IMU":[0.014310518503189087, 0.007673639059066773, 0.76]}
{"Kalman":[0.02364332991110094, 0.014335119760810167, 0.7696273774690625]}
{"CMD":[-0.39173290419500273, 20.0, 0, 3.474739300694025]}
{"Distance":[1.003269349724899]}
{"Time":[1615320359.7316206]}
{"IMU":[0.014310518503189087, 0.007673639059066773, 0.76]}
{"Kalman":[0.02364332991110094, 0.014335119760810167, 0.7696273774690625]}
{"CMD":[-0.39173290419500273, 20.0, 0, 3.474739300694025]}
{"Distance":[1.003269349724899]}
{"Time":[1615320359.7864425]}
{"IMU":[0.014310518503189087, 0.007673639059066773, 0.76]}
{"Kalman":[0.02364332991110094, 0.014335119760810167, 0.7696273774690625]}
{"CMD":[-0.39173290419500273, 20.0, 0, 3.474739300694025]}
{"Distance":[1.003269349724899]}
{"Time":[1615320359.8314805]}
{"IMU":[0.014310518503189087, 0.007673639059066773, 0.76]}
{"Kalman":[0.02364332991110094, 0.014335119760810167, 0.7696273774690625]}
{"CMD":[-0.39173290419500273, 20.0, 0, 3.474739300694025]}
{"Distance":[1.003269349724899]}
{"Time":[1615320359.8854723]}
{"IMU":[0.021748456954956055, 0.006131446361541748, 0.75]}
{"Kalman":[0.029036137796044532, 0.013154728608896365, 0.7603315215938197]}
{"CMD":[-0.3594765950925565, 20.0, 0, 3.6149498664653805]}
{"Distance":[1.0001924055562157]}
{"Time":[1615320359.9394841]}
{"IMU":[0.021748456954956055, 0.006131446361541748, 0.75]}
{"Kalman":[0.08778950347397563, -0.004260285950770761, 0.7434883882398401]}
{"CMD":[0.015973586766266906, 20.0, 0, 3.8332347820355324]}
{"Distance":[0.9475992544195216]}
{"Time":[1615320359.98805]}
{"IMU":[0.021748456954956055, 0.006131446361541748, 0.75]}
{"Kalman":[0.09449573338902527, -0.007240923545166589, 0.7430061096827992]}
{"CMD":[0.16612714148850716, 20.0, 0, 3.875102812949347]}
{"Distance":[0.9412949949324259]}
{"Time":[1615320360.0487783]}
{"IMU":[0.021748456954956055, 0.006131446361541748, 0.75]}
{"Kalman":[0.09449573338902527, -0.007240923545166589, 0.7430061096827992]}
{"CMD":[0.19787124605380862, 20.0, 0, 3.8762712379310833]}
{"Distance":[0.9412949949324259]}
{"Time":[1615320360.0994904]}
{"IMU":[0.021748456954956055, 0.006131446361541748, 0.75]}
{"Kalman":[0.09449573338902527, -0.007240923545166589, 0.7430061096827992]}
{"CMD":[0.19787124605380862, 20.0, 0, 3.8762712379310833]}
{"Distance":[0.9412949949324259]}
{"Time":[1615320360.141504]}
{"IMU":[0.021748456954956055, 0.006131446361541748, 0.75]}
{"Kalman":[0.09449573338902527, -0.007240923545166589, 0.7430061096827992]}
{"CMD":[0.19787124605380862, 20.0, 0, 3.8762712379310833]}
{"Distance":[0.9412949949324259]}
{"Time":[1615320360.173875]}
{"IMU":[0.021748456954956055, 0.006131446361541748, 0.75]}
{"Kalman":[0.09449573338902527, -0.007240923545166589, 0.7430061096827992]}
{"CMD":[0.19787124605380862, 20.0, 0, 3.8762712379310833]}
{"Distance":[0.9412949949324259]}
{"Time":[1615320360.2040546]}
{"IMU":[0.021748456954956055, 0.006131446361541748, 0.75]}
{"Kalman":[0.09449573338902527, -0.007240923545166589, 0.7430061096827992]}
{"CMD":[0.19787124605380862, 20.0, 0, 3.8762712379310833]}
{"Distance":[0.9412949949324259]}
{"Time":[1615320360.2361412]}
{"IMU":[0.021748456954956055, 0.006131446361541748, 0.75]}
{"Kalman":[0.09449573338902527, -0.007240923545166589, 0.7430061096827992]}
{"CMD":[0.19787124605380862, 20.0, 0, 3.8762712379310833]}
{"Distance":[0.9412949949324259]}
{"Time":[1615320360.2646031]}
{"IMU":[0.021748456954956055, 0.006131446361541748, 0.75]}
{"Kalman":[0.09449573338902527, -0.007240923545166589, 0.7430061096827992]}
{"CMD":[0.19787124605380862, 20.0, 0, 3.8762712379310833]}
{"Distance":[0.9412949949324259]}
{"Time":[1615320360.2953084]}
{"IMU":[0.021748456954956055, 0.006131446361541748, 0.75]}
{"Kalman":[0.09449573338902527, -0.007240923545166589, 0.7430061096827992]}
{"CMD":[0.19787124605380862, 20.0, 0, 3.8762712379310833]}
{"Distance":[0.9412949949324259]}
{"Time":[1615320360.327704]}
{"IMU":[0.021748456954956055, 0.006131446361541748, 0.75]}
{"Kalman":[0.09449573338902527, -0.007240923545166589, 0.7430061096827992]}
{"CMD":[0.19787124605380862, 20.0, 0, 3.8762712379310833]}
{"Distance":[0.9412949949324259]}
{"Time":[1615320360.3597915]}
{"IMU":[0.08308128356933593, 0.003436969518661499, 0.77]}
{"Kalman":[0.1464179860756706, -0.009789029356367128, 0.76158934828862]}
{"CMD":[0.2282686515751062, 20.0, 0, 3.8763447823280406]}
{"Distance":[0.8863056574570077]}
{"Time":[1615320360.4205585]}
{"IMU":[0.08308128356933593, 0.003436969518661499, 0.77]}
{"Kalman":[0.2773546740688934, -0.026864689186189845, 0.7597328204679822]}
{"CMD":[0.6800126307823297, 20.0, 0, 3.622658983185259]}
{"Distance":[0.7620146298959205]}
{"Time":[1615320360.4855592]}
{"IMU":[0.08308128356933593, 0.003436969518661499, 0.77]}
{"Kalman":[0.2825499662767862, -0.02785875469631264, 0.7597261776454387]}
{"CMD":[0.761290527497201, 19.6056112550617, 0, 3.6240803455334576]}
{"Distance":[0.7571275789532047]}
{"Time":[1615320360.5454752]}
{"IMU":[0.08308128356933593, 0.003436969518661499, 0.77]}
{"Kalman":[0.28284124209710404, -0.027914487316408734, 0.7597261720240803]}
{"CMD":[0.762813521479318, 19.597651619919564, 0, 3.6240804303211145]}
{"Distance":[0.7568536285499095]}
{"Time":[1615320360.613855]}
{"IMU":[0.08308128356933593, 0.003436969518661499, 0.77]}
{"Kalman":[0.28284124209710404, -0.027914487316408734, 0.7597261720240803]}
{"CMD":[0.762813521479318, 19.597651619919564, 0, 3.6240804303211145]}
{"Distance":[0.7568536285499095]}
{"Time":[1615320360.675378]}
{"IMU":[0.08308128356933593, 0.003436969518661499, 0.77]}
{"Kalman":[0.28284124209710404, -0.027914487316408734, 0.7597261720240803]}
{"CMD":[0.762813521479318, 19.597651619919564, 0, 3.6240804303211145]}
{"Distance":[0.7568536285499095]}
{"Time":[1615320360.7332995]}
{"IMU":[0.08308128356933593, 0.003436969518661499, 0.77]}
{"Kalman":[0.28284124209710404, -0.027914487316408734, 0.7597261720240803]}
{"CMD":[0.762813521479318, 19.597651619919564, 0, 3.6240804303211145]}
{"Distance":[0.7568536285499095]}
{"Time":[1615320360.786897]}
{"IMU":[0.08308128356933593, 0.003436969518661499, 0.77]}
{"Kalman":[0.28284124209710404, -0.027914487316408734, 0.7597261720240803]}
{"CMD":[0.762813521479318, 19.597651619919564, 0, 3.6240804303211145]}
{"Distance":[0.7568536285499095]}
{"Time":[1615320360.8663595]}
{"IMU":[0.20076436996459962, -0.001763160228729248, 0.79]}
{"Kalman":[0.38028420227449067, -0.031847523072537014, 0.7783152196090077]}
{"CMD":[0.8702907902261712, 16.93484765172388, 0, 3.343699482723297]}
{"Distance":[0.6589431512152035]}
{"Time":[1615320360.9471557]}
{"IMU":[0.20076436996459962, -0.001763160228729248, 0.79]}
{"Kalman":[0.562656817259494, -0.018854258682894483, 0.7812796851344761]}
{"CMD":[0.5152264950367379, 11.951188267934063, 0, 3.2989860755756477]}
{"Distance":[0.489349689582972]}
{"Time":[1615320361.0418491]}
{"IMU":[0.20076436996459962, -0.001763160228729248, 0.79]}
{"Kalman":[0.562656817259494, -0.018854258682894483, 0.7812796851344761]}
{"CMD":[0.5152264950367379, 11.951188267934063, 0, 3.2989860755756477]}
{"Distance":[0.489349689582972]}
{"Time":[1615320361.1273937]}
{"IMU":[0.20076436996459962, -0.001763160228729248, 0.79]}
{"Kalman":[0.562656817259494, -0.018854258682894483, 0.7812796851344761]}
