{"IMU":[2.0758258030010843, 2.0703488955898717, 0.71]}
{"Kalman":[2.043143353768863, 2.16598330193954, 0.7080587243216055]}
{"UWB":[2.0177258, 2.20702126, 1.4498502]}
{"Distance":[0.8974505939355555]}
{"Time":[1615556071.0493567]}
{"IMU":[2.0752576694084786, 2.0703488955898717, 0.71]}
{"Kalman":[2.069616956774669, 2.2104708746444386, 0.7082406026125002]}
{"UWB":[2.0620973, 2.28110603, 1.64252365]}
{"Distance":[0.8517508577684753]}
{"Time":[1615556071.2439291]}
{"IMU":[2.0752576694084786, 2.0797800532980397, 0.73]}
{"Kalman":[2.059270744242232, 2.1805340002294793, 0.7269150170963771]}
{"UWB":[2.04414835, 2.22620984, 1.47802917]}
{"Distance":[0.8751597888920093]}
{"Time":[1615556071.4471076]}
{"IMU":[2.0752576694084786, 2.0797800532980397, 0.73]}
{"Kalman":[2.040924144524667, 2.185302376284311, 0.7269581264085766]}
{"UWB":[2.00537424, 2.23688042, 1.55732612]}
{"Distance":[0.873835917445326]}
{"Time":[1615556071.6904342]}
{"IMU":[2.060325424690404, 2.1003329769773913, 0.75]}
{"Kalman":[2.0312557074303776, 2.210102441081176, 0.7471745012002581]}
{"UWB":[2.00736403, 2.23755545, 1.3975338]}
{"Distance":[0.8463648874475345]}
{"Time":[1615556071.9871588]}
{"IMU":[2.0180620241357468, 2.1400580445929003, 0.75]}
{"Kalman":[2.0146365480507424, 2.2419106169999723, 0.7472598413597161]}
{"UWB":[2.00214502, 2.27101651, 1.47445855]}
{"Distance":[0.8203271967486042]}
{"Time":[1615556072.2220802]}
{"IMU":[2.0180620241357468, 2.1400580445929003, 0.77]}
{"Kalman":[2.0098665768099733, 2.3677486088558934, 0.7683747925897241]}
{"UWB":[1.98431345, 2.44830287, 1.32465525]}
{"Distance":[0.6996733358685817]}
{"Time":[1615556072.494139]}
{"IMU":[1.9489577818109178, 2.1938924352331592, 0.77]}
{"Kalman":[1.9792226438152611, 2.362833409653402, 0.7684592143067978]}
{"UWB":[1.97646469, 2.40747729, 1.42784861]}
{"Distance":[0.7129761849439699]}
{"Time":[1615556072.7863715]}
{"IMU":[1.9489577818109178, 2.1938924352331592, 0.79]}
{"Kalman":[1.923142655053376, 2.434617011341475, 0.7886938466795198]}
{"UWB":[1.88794648, 2.48327008, 1.27519708]}
{"Distance":[0.6640468385185175]}
{"Time":[1615556073.0419633]}
{"IMU":[1.8433604288293504, 2.2671959058447317, 0.79]}
{"Kalman":[1.888536193774356, 2.5987516288694352, 0.7888962094315424]}
{"UWB":[1.88290801, 2.71133017, 1.45872273]}
{"Distance":[0.5500679669966869]}
{"Time":[1615556073.3106785]}
{"IMU":[1.8433604288293504, 2.2671959058447317, 0.81]}
{"Kalman":[1.8522725543571137, 2.6878308904401393, 0.8092863874379275]}
{"UWB":[1.83807809, 2.78692389, 1.48685854]}
{"Distance":[0.5047133953375907]}
{"Time":[1615556073.546581]}
{"IMU":[1.653946690578618, 2.2671959058447317, 0.81]}
{"Kalman":[1.7725494714093641, 2.756235730695007, 0.8096993277539962]}
{"UWB":[1.78383504, 2.88472691, 1.78056513]}
{"Distance":[0.5275882099132735]}
{"Time":[1615556073.8206487]}
{"IMU":[1.653946690578618, 2.3829118100805715, 0.82]}
{"Kalman":[1.7662449387349204, 2.9580263396721356, 0.820227741668216]}
{"UWB":[1.80058113, 3.09732763, 1.56631148]}
{"Distance":[0.4714056705217935]}
{"Time":[1615556074.0687456]}
{"IMU":[1.653946690578618, 2.3829118100805715, 0.82]}
{"Kalman":[1.8386830162759007, 2.991691081999313, 0.81949237657672]}
{"UWB":[1.92354094, 3.14907952, 0.7407924]}
{"Distance":[0.4039826765589633]}
{"Time":[1615556074.3128738]}
{"IMU":[1.4654981279565478, 2.5032758847876027, 0.83]}
{"Kalman":[1.6114749051460422, 3.1420965650799038, 0.8295256735457333]}
{"UWB":[1.65797638, 3.31421009, 1.3861888]}
{"Distance":[0.6289791070142183]}
{"Time":[1615556074.5806448]}
{"IMU":[1.4654981279565478, 2.5032758847876027, 0.83]}
{"Kalman":[1.665857184288951, 3.2499412360304865, 0.8301998530234332]}
{"UWB":[1.74001932, 3.45688758, 1.22885216]}
{"Distance":[0.6136866129853566]}
{"Time":[1615556074.8027933]}
{"IMU":[1.4654981279565478, 2.5032758847876027, 0.83]}
{"Kalman":[1.6329280867610199, 3.361303072275732, 0.8306019290592741]}
{"UWB":[1.69030657, 3.6243348, 1.63090392]}
{"Distance":[0.6934018829357471]}
{"Time":[1615556075.0267868]}
{"IMU":[1.3106171083642626, 2.639188131491704, 0.85]}
{"Kalman":[1.4661890757189768, 3.4954272712535577, 0.8492508668103205]}
{"UWB":[1.50863613, 3.76988241, 1.3744266]}
{"Distance":[0.8981380488841099]}
{"Time":[1615556075.259437]}
{"IMU":[1.3106171083642626, 2.639188131491704, 0.85]}
{"Kalman":[1.4911000117784416, 3.4861616565164266, 0.8512963111734049]}
{"UWB":[1.51864213, 3.82606508, 1.40412846]}
{"Distance":[0.8723560836252354]}
{"Time":[1615556075.5341382]}
{"IMU":[1.3106171083642626, 2.639188131491704, 0.85]}
{"Kalman":[1.4508775093192487, 3.581446862076414, 0.8512938387519972]}
{"UWB":[1.46118302, 3.97858343, 1.40028879]}
{"Distance":[0.959884619032599]}
{"Time":[1615556075.801503]}
{"IMU":[1.3106171083642626, 2.639188131491704, 0.85]}
{"Kalman":[1.3892570903250026, 3.6240505067097537, 0.8514188516962897]}
{"UWB":[1.36524462, 4.03157035, 1.5236084]}
{"Distance":[1.0338372493503176]}
{"Time":[1615556076.0397503]}
{"IMU":[1.1945766878320359, 2.774076399008794, 0.85]}
{"Kalman":[1.3321177186111381, 3.7485629525285464, 0.851556735680294]}
{"UWB":[1.31552055, 4.19444723, 1.68099094]}
{"Distance":[1.1556822880744002]}
{"Time":[1615556076.3324137]}
{"IMU":[1.1945766878320359, 2.774076399008794, 0.85]}
{"Kalman":[1.20855263576552, 3.884732255087165, 0.8515649790396965]}
{"UWB":[1.18160224, 4.36340059, 1.80458044]}
{"Distance":[1.337068433060404]}
{"Time":[1615556076.6500628]}
{"IMU":[1.1945766878320359, 2.774076399008794, 0.85]}
{"Kalman":[1.2685047028449465, 3.886611751371808, 0.8517733148977622]}
{"UWB":[1.28000473, 4.31277065, 1.995169]}
{"Distance":[1.2945018487700064]}
{"Time":[1615556076.9794369]}
{"IMU":[1.0609572267724656, 2.904620832602544, 0.87]}
{"Kalman":[1.455265015168511, 7.907963300511918, 0.8574060943057458]}
{"UWB":[1.63852981, 10.96017643, -12.10369809]}
{"Distance":[4.966192402509687]}
{"Time":[1615556077.283295]}
{"IMU":[1.0609572267724656, 2.904620832602544, 0.87]}
{"Kalman":[1.1035510656030687, 3.6531651358348842, 0.8719681465161178]}
{"UWB":[1.07738858, 3.91596519, 1.30394191]}
{"Distance":[1.282660171642079]}
{"Time":[1615556077.6739953]}
{"IMU":[1.0609572267724656, 2.904620832602544, 0.87]}
{"Kalman":[1.1795164644693215, 3.3881936170778904, 0.8721599667371335]}
{"UWB":[1.19214957, 3.52711313, 1.49558929]}
{"Distance":[1.0992834051025517]}
{"Time":[1615556078.0096297]}
{"IMU":[0.9731942415429735, 3.0351026288671923, 0.87]}
{"Kalman":[1.1200908152389533, 3.2815177223264578, 0.8726173866432844]}
{"UWB":[1.14430263, 3.29773084, 1.96627448]}
{"Distance":[1.1232463690129304]}
{"Time":[1615556078.2077188]}
{"IMU":[0.9731942415429735, 3.0351026288671923, 0.89]}
{"Kalman":[0.9792598287496292, 3.1417889555078116, 0.8920301956646091]}
{"UWB":[0.89270325, 3.14001928, 1.5260586]}
{"Distance":[1.2336807335192537]}
{"Time":[1615556078.5228124]}
{"IMU":[0.9731942415429735, 3.0351026288671923, 0.89]}
{"Kalman":[0.9595016128576948, 3.013845817409432, 0.8921834665119377]}
{"UWB":[0.86889527, 2.94096004, 1.70683983]}
{"Distance":[1.2452519263409227]}
{"Time":[1615556078.7849877]}
{"IMU":[0.9731942415429735, 3.0351026288671923, 0.89]}
{"Kalman":[0.9165972816546973, 2.9971991502786657, 0.8922243477270093]}
{"UWB":[0.80465052, 2.92189884, 1.74556478]}
{"Distance":[1.287923124040462]}
{"Time":[1615556078.9762871]}
{"IMU":[0.9731942415429735, 3.0351026288671923, 0.89]}
{"Kalman":[0.8129760468247269, 3.0482884060589543, 0.8917735151051993]}
{"UWB":[0.70361474, 2.97365645, 1.26447296]}
{"Distance":[1.3920776518838172]}
{"Time":[1615556079.134929]}
{"IMU":[0.9731942415429735, 3.0351026288671923, 0.89]}
{"Kalman":[0.7974684775421025, 3.110914965137011, 0.8916137966351454]}
{"UWB":[0.59377646, 3.14604692, 1.09394455]}
{"Distance":[1.4110791508839113]}
{"Time":[1615556079.3090258]}
{"IMU":[0.9731942415429735, 3.0351026288671923, 0.89]}
{"Kalman":[0.7777489500791387, 3.14296582987626, 0.8915757138679581]}
{"UWB":[0.59377646, 3.14604692, 1.09394455]}
{"Distance":[1.433524713193478]}
{"Time":[1615556079.4635096]}
