{"IMU":[0.002902156412601471, 0.010629969835281371, 0.65]}
{"Kalman":[4.094291546435254, 2.4798350659041843, 1.3041602540836512]}
{"UWB":[3.97904027, 2.43940163, 1.759902]}
{"Distance":[1.9058151365112057]}
{"Time":[0.6]}
{"Title":['ModelBasedAgendUWB_LQR']}
{"Local":[False]}
{"IMU":[0.012284355163574219, 0.01232532262802124, 0.64]}
{"Kalman":[4.327496323604961, 2.7226211501968183, 1.2833282060812634]}
{"UWB":[4.2506341, 2.85208577, 1.24562868]}
{"Distance":[1.6872547893160288]}
{"Time":[1.2]}
{"Title":['ModelBasedAgendUWB_LQR']}
{"Local":[False]}
{"IMU":[0.0313682746887207, 0.02155482053756714, 0.63]}
{"Kalman":[4.420016776862382, 2.6322738539861112, 1.2645193518703408]}
{"UWB":[4.39129951, 2.66542428, 3.24504806]}
{"Distance":[1.5855104407870277]}
{"Time":[1.8]}
{"Title":['ModelBasedAgendUWB_LQR']}
{"Local":[False]}
{"IMU":[0.06650030612945557, 0.0355950117111206, 0.63]}
{"Kalman":[4.521033882483818, 2.662816344538004, 1.2641668713270386]}
{"UWB":[4.51973403, 2.72234494, 3.1706615]}
{"Distance":[1.4879011858351374]}
{"Time":[2.3]}
{"Title":['ModelBasedAgendUWB_LQR']}
{"Local":[False]}
{"IMU":[0.22313268661499022, 0.04371851921081543, 0.59]}
{"Kalman":[4.587735130840064, 2.4610167706781096, 1.185123264386909]}
{"UWB":[4.46365864, 2.33192311, 0.93568169]}
{"Distance":[1.4128028004048179]}
{"Time":[2.9]}
{"Title":['ModelBasedAgendUWB_LQR']}
{"Local":[False]}
{"IMU":[0.32222591400146483, 0.03908025741577149, 0.57]}
{"Kalman":[5.335523032677935, 2.472727062994818, 1.1422174248372605]}
{"UWB":[6.07959338, 2.27566682, 2.40442489]}
{"Distance":[0.6650364299753938]}
{"Time":[3.6]}
{"Title":['ModelBasedAgendUWB_LQR']}
{"Local":[False]}
{"IMU":[0.47214900970458984, 0.06283136367797852, 0.56]}
{"Kalman":[4.968666562532509, 2.5345220757382196, 1.1220809125298834]}
{"UWB":[4.88762425, 2.44950614, 0.95119595]}
{"Distance":[1.0319110586440026]}
{"Time":[4.2]}
{"Title":['ModelBasedAgendUWB_LQR']}
{"Local":[False]}
{"IMU":[0.6418248748779297, 0.10298172950744629, 0.55]}
{"Kalman":[5.398424736965972, 2.7182293980338263, 1.1033950944058144]}
{"UWB":[5.54595224, 2.73527201, 2.63515752]}
{"Distance":[0.6399350492516144]}
{"Time":[4.7]}
{"Title":['ModelBasedAgendUWB_LQR']}
{"Local":[False]}
{"IMU":[0.8334102630615234, 0.155779447555542, 0.54]}
{"Kalman":[5.924568852908057, 2.9335459190963546, 1.0842236788589297]}
{"UWB":[6.34590279, 3.12093837, 1.46547378]}
{"Distance":[0.4400589982226352]}
{"Time":[5.3]}
{"Title":['ModelBasedAgendUWB_LQR']}
{"Local":[False]}
{"IMU":[1.2538928985595703, 0.19296939849853514, 0.52]}
{"Kalman":[6.1890760068570465, 2.8868388193352477, 1.0462264337829867]}
{"UWB":[6.40555806, 2.99684755, 1.83627416]}
{"Distance":[0.43057404533215227]}
{"Time":[5.9]}
{"Title":['ModelBasedAgendUWB_LQR']}
{"Local":[False]}
{"IMU":[1.4754733276367187, 0.19982908248901368, 0.51]}
{"Kalman":[6.352733631793192, 2.8896463315982848, 1.0262212532854234]}
{"UWB":[6.55470759, 3.04017284, 2.1202914]}
{"Distance":[0.5255904096594757]}
{"Time":[6.6]}
{"Title":['ModelBasedAgendUWB_LQR']}
{"Local":[False]}
{"IMU":[1.6304867553710938, 0.19337207794189454, 0.49]}
{"Kalman":[6.519802924139296, 2.8723106188309933, 0.9873138104604794]}
{"UWB":[6.80043613, 2.99501699, 2.08746735]}
{"Distance":[0.6393827311071827]}
{"Time":[7.1]}
{"Title":['ModelBasedAgendUWB_LQR']}
{"Local":[False]}
{"IMU":[1.7062315368652343, 0.17898006439208985, 0.48]}
{"Kalman":[6.56298779782573, 2.8628298613142205, 0.9611838213759876]}
{"UWB":[6.88644846, 2.98987757, 2.24779419]}
{"Distance":[0.6697766558801233]}
{"Time":[7.7]}
{"Title":['ModelBasedAgendUWB_LQR']}
{"Local":[False]}
{"IMU":[1.7370272827148439, 0.15783463478088378, 0.48]}
{"Kalman":[6.626022623337539, 2.839415397540297, 0.9563439749689987]}
{"UWB":[7.00500034, 2.96498274, 2.06555129]}
{"Distance":[0.7121145532973271]}
{"Time":[8.3]}
{"Title":['ModelBasedAgendUWB_LQR']}
{"Local":[False]}
{"IMU":[1.7370274353027344, 0.09802665710449218, 0.54]}
{"Kalman":[6.858030800934623, 2.853430035632436, 1.0707171329944918]}
{"UWB":[7.4465264, 3.04489066, 0.47021856]}
{"Distance":[0.9279707136756286]}
{"Time":[8.9]}
{"Title":['ModelBasedAgendUWB_LQR']}
{"Local":[False]}
{"IMU":[1.7082635498046874, 0.051402502059936524, 0.53]}
{"Kalman":[5.851184483863656, 3.077333396975873, 1.0576815236290187]}
{"UWB":[5.66164624, 3.49537686, 6.25225611]}
{"Distance":[0.5962045866199182]}
{"Time":[9.4]}
{"Title":['ModelBasedAgendUWB_LQR']}
{"Local":[False]}
{"IMU":[1.6597419738769532, 0.004792897403240204, 0.51]}
{"Kalman":[6.454866785431698, 2.53073130047795, 1.0315770081359603]}
{"UWB":[6.83140308, 2.561153, 2.12794618]}
{"Distance":[0.4559037237378444]}
{"Time":[10.1]}
{"Title":['ModelBasedAgendUWB_LQR']}
{"Local":[False]}
{"IMU":[1.5905747985839844, -0.10778209686279297, 0.48]}
{"Kalman":[7.044666839410864, 2.698841870757518, 0.9673224553126047]}
{"UWB":[8.00443512, 3.00199871, 1.47107832]}
{"Distance":[1.063422256176272]}
{"Time":[11.0]}
{"Title":['ModelBasedAgendUWB_LQR']}
{"Local":[False]}
{"IMU":[1.5371859741210938, -0.17782323837280273, 0.46]}
{"Kalman":[6.116941322014282, 2.1013720093417323, 0.918153658682077]}
{"UWB":[6.20879334, 1.83671617, 0.55682402]}
{"Distance":[0.4154269463223298]}
{"Time":[11.6]}
{"Title":['ModelBasedAgendUWB_LQR']}
{"Local":[False]}
{"IMU":[1.4495829772949218, -0.2551509094238281, 0.49]}
{"Kalman":[5.967156495789222, 1.9282965749454821, 0.9733719007524126]}
{"UWB":[6.16884004, 1.7116191, 0.53070041]}
{"Distance":[0.5726460529750556]}
{"Time":[12.2]}
{"Title":['ModelBasedAgendUWB_LQR']}
{"Local":[False]}
{"IMU":[1.3433448791503906, -0.315775146484375, 0.53]}
{"Kalman":[6.0064204286194425, 2.0496142409545963, 1.0561932416567315]}
{"UWB":[6.34266744, 1.93130681, 2.38757064]}
{"Distance":[0.4504315196059905]}
{"Time":[12.8]}
{"Title":['ModelBasedAgendUWB_LQR']}
{"Local":[False]}
{"IMU":[1.1483595275878906, -0.32284801483154296, 0.52]}
{"Kalman":[5.720099403481886, 2.0657968911839673, 1.03533648328304]}
{"UWB":[5.9715505, 1.92174135, 2.53909253]}
{"Distance":[0.5166010875295399]}
{"Time":[13.4]}
{"Title":['ModelBasedAgendUWB_LQR']}
{"Local":[False]}
{"IMU":[1.0817569732666015, -0.300842227935791, 0.53]}
{"Kalman":[5.638682693956729, 2.1698263105725304, 1.070071879514819]}
{"UWB":[5.74796557, 2.0375794, 2.32749361]}
{"Distance":[0.48945363502227063]}
{"Time":[14.2]}
{"Title":['ModelBasedAgendUWB_LQR']}
{"Local":[False]}
{"IMU":[1.0385738372802735, -0.25658140182495115, 0.5]}
{"Kalman":[5.538883218539047, 2.278377229920374, 1.0096781329724267]}
{"UWB":[5.65881166, 2.21462839, 2.04250591]}
{"Distance":[0.5116105338660213]}
{"Time":[14.8]}
{"Title":['ModelBasedAgendUWB_LQR']}
{"Local":[False]}
{"IMU":[1.0136519622802735, -0.18044210433959962, 0.47]}
{"Kalman":[5.487027693945282, 2.4387108712923684, 0.9524516357581783]}
{"UWB":[5.56040717, 2.41216673, 2.5401913]}
{"Distance":[0.5166206965238964]}
{"Time":[15.3]}
{"Title":['ModelBasedAgendUWB_LQR']}
{"Local":[False]}
{"IMU":[1.0097352600097655, 0.08943431854248046, 0.43]}
{"Kalman":[6.098679287898967, 3.048971456135965, 0.8556838675343075]}
{"UWB":[6.76975144, 3.26971663, 2.29602918]}
{"Distance":[0.5577699001490567]}
{"Time":[16.3]}
{"Title":['ModelBasedAgendUWB_LQR']}
{"Local":[False]}
{"IMU":[1.0333493804931642, 0.24060876846313475, 0.47]}
{"Kalman":[5.61004180720988, 2.9111434742617663, 0.9397609862133697]}
{"UWB":[5.70197049, 2.96012794, 2.30351583]}
{"Distance":[0.5666624643931977]}
{"Time":[17.0]}
{"Title":['ModelBasedAgendUWB_LQR']}
{"Local":[False]}
{"IMU":[1.0318751525878906, 0.23736896514892578, 0.5]}
{"Kalman":[5.971863115051062, 3.0386850374177756, 0.9936055284839912]}
{"UWB":[6.50244011, 3.28586323, 1.69109216]}
{"Distance":[0.5394193673130583]}
{"Time":[17.7]}
{"Title":['ModelBasedAgendUWB_LQR']}
{"Local":[False]}
{"IMU":[1.0398247528076172, 0.22704717636108399, 0.53]}
{"Kalman":[5.6534590341229345, 2.898176537051618, 1.0581381926987456]}
{"UWB":[5.82028869, 3.01028635, 2.50998845]}
{"Distance":[0.5278590680185651]}
{"Time":[18.2]}
{"Title":['ModelBasedAgendUWB_LQR']}
{"Local":[False]}
