{"IMU":[2.320162709549569, 1.7333172316819792, 0.59]}
{"Kalman":[2.51924347455386, 1.5351647828181898, 0.584748935993337]}
{"UWB":[2.6183582, 1.44197512, 0.74323041]}
{"Distance":[1.522677237948887]}
{"Time":[1615573293.0054314]}
{"IMU":[2.334647837475442, 1.7267347426683073, 0.63]}
{"Kalman":[2.484786560896991, 1.5342649146907694, 0.6182961286048252]}
{"UWB":[2.53403597, 1.42866063, 0.90658529]}
{"Distance":[1.5146975389409805]}
{"Time":[1615573293.2344756]}
{"IMU":[2.334647837475442, 1.7267347426683073, 0.63]}
{"Kalman":[2.7175427959214913, 1.7764262525457124, 0.6127360718812858]}
{"UWB":[2.6952687, 1.37474176, 1.23599397]}
{"Distance":[1.3017030896247443]}
{"Time":[1615573293.5257292]}
{"IMU":[2.415015691116952, 1.7413594026834134, 0.68]}
{"Kalman":[2.597769808112863, 1.6360735592125943, 0.6673281057018455]}
{"UWB":[2.58655878, 1.57175044, 1.58959856]}
{"Distance":[1.4073112166515795]}
{"Time":[1615573293.790172]}
{"IMU":[2.415015691116952, 1.7413594026834134, 0.68]}
{"Kalman":[2.6830011449823763, 1.6667263164326096, 0.6670788361706832]}
{"UWB":[2.71200672, 1.61767624, 1.2057705]}
{"Distance":[1.3863421784262662]}
{"Time":[1615573294.069493]}
{"IMU":[2.61326661427369, 1.755843975093997, 0.73]}
{"Kalman":[2.720029834721731, 1.7822109414860992, 0.7179095541843513]}
{"UWB":[2.60672175, 1.79504758, 1.29965814]}
{"Distance":[1.2692510936864765]}
{"Time":[1615573294.3259897]}
{"IMU":[2.896991380051278, 1.7629651899606351, 0.77]}
{"Kalman":[2.85534320717355, 1.7669944032146085, 0.7558483826357938]}
{"UWB":[2.66754336, 1.7694859, 1.21933451]}
{"Distance":[1.3062088687687132]}
{"Time":[1615573294.6861331]}
{"IMU":[2.896991380051278, 1.7629651899606351, 0.77]}
{"Kalman":[2.952760579854913, 1.8857644233082935, 0.7598141298561164]}
{"UWB":[2.77904894, 1.949525, 1.07334683]}
{"Distance":[1.2264592595161208]}
{"Time":[1615573294.9747744]}
{"IMU":[3.2115722592627036, 1.7474649329454068, 0.81]}
{"Kalman":[3.0203668968375013, 2.14223094987589, 0.7997217832421626]}
{"UWB":[2.69844558, 2.34421684, 1.14166147]}
{"Distance":[1.0230644235740034]}
{"Time":[1615573295.202531]}
{"IMU":[3.2115722592627036, 1.7474649329454068, 0.81]}
{"Kalman":[3.082237876685235, 2.1487348482904887, 0.7963970195937431]}
{"UWB":[2.75394967, 2.56834618, 1.33782339]}
{"Distance":[1.0512409225254975]}
{"Time":[1615573295.5097907]}
{"IMU":[3.6013561948095787, 1.7277635188371305, 0.87]}
{"Kalman":[3.2749332570771377, 2.2867273016632526, 0.8561502436136693]}
{"UWB":[2.83024043, 2.58538861, 1.29470251]}
{"Distance":[1.0630015275290872]}
{"Time":[1615573295.7385478]}
{"IMU":[3.6013561948095787, 1.7277635188371305, 0.87]}
{"Kalman":[3.286450077003225, 2.4153416113223325, 0.8571857942479191]}
{"UWB":[2.80437542, 2.95374069, 1.2101481]}
{"Distance":[0.9903156327323843]}
{"Time":[1615573296.0148208]}
{"IMU":[4.0548233731543055, 1.691513900306857, 0.92]}
{"Kalman":[3.4239434824604404, 2.6279438618005617, 0.9065514397471007]}
{"UWB":[2.78736864, 3.12526774, 0.75829555]}
{"Distance":[1.0004148950142364]}
{"Time":[1615573296.246342]}
{"IMU":[4.0548233731543055, 1.691513900306857, 0.92]}
{"Kalman":[3.2592746921511284, 2.798478622831887, 0.9112391025369112]}
{"UWB":[2.29610755, 3.75508238, 0.96750503]}
{"Distance":[0.7905614590374215]}
{"Time":[1615573296.5598543]}
{"IMU":[4.550194314316414, 1.6089436741143828, 0.96]}
{"Kalman":[3.2965333369632233, 3.2498493453075477, 0.9519102522592277]}
{"UWB":[2.34131954, 4.10284281, 2.53633835]}
{"Distance":[0.8361833985927662]}
{"Time":[1615573296.778471]}
{"IMU":[4.986796487167977, 1.471689807918704, 0.96]}
{"Kalman":[3.1659328324319604, 2.970467544696063, 0.9538373348190968]}
{"UWB":[1.95090216, 3.76750648, 2.96992852]}
{"Distance":[0.6681838780483533]}
{"Time":[1615573297.1690938]}
{"IMU":[4.986796487167977, 1.471689807918704, 1.0]}
{"Kalman":[3.0849508459571977, 3.424999103474513, 0.9921728976221246]}
{"UWB":[1.82266152, 4.49217149, 1.1008738]}
{"Distance":[0.7230857443428232]}
{"Time":[1615573297.510801]}
{"IMU":[5.318541177109383, 1.2753319855004912, 1.03]}
{"Kalman":[3.270678823881165, 3.3150938119459763, 1.0213244339894048]}
{"UWB":[1.96525661, 4.42298419, 1.97870017]}
{"Distance":[0.8328773567521632]}
{"Time":[1615573297.746017]}
{"IMU":[5.318541177109383, 1.2753319855004912, 1.03]}
{"Kalman":[2.748975748678241, 3.3581932050138676, 1.0347285048403758]}
{"UWB":[1.28279319, 4.52447485, 4.97097388]}
{"Distance":[0.4376041185780193]}
{"Time":[1615573298.0367842]}
{"IMU":[5.4914830716406335, 1.1105257721215849, 1.02]}
{"Kalman":[3.0711974431589146, 3.4276514604799435, 1.0225979236744023]}
{"UWB":[1.51074679, 4.77213612, 1.79572055]}
{"Distance":[0.7139068264670847]}
{"Time":[1615573298.285716]}
{"IMU":[5.4914830716406335, 1.1105257721215849, 1.02]}
{"Kalman":[2.971058858422619, 4.107991034579412, 1.0308837669951447]}
{"UWB":[1.50983532, 5.4079733, 3.33642385]}
{"Distance":[1.2043647237737363]}
{"Time":[1615573298.6264665]}
{"IMU":[5.610927041367196, 0.8837303085595731, 1.01]}
{"Kalman":[2.7704686831287333, 3.765706574864275, 1.018504812690257]}
{"UWB":[1.26388054, 5.35256555, 2.63847876]}
{"Distance":[0.8122821526024515]}
{"Time":[1615573298.9956038]}
{"IMU":[5.610927041367196, 0.8837303085595731, 1.01]}
{"Kalman":[3.6206775252722068, 10.472957499305084, 0.9836478459524605]}
{"UWB":[2.54164278, 15.41595417, -31.55241938]}
{"Distance":[7.556538843611691]}
{"Time":[1615573299.367482]}
{"IMU":[5.672891763046883, 0.6395482559472685, 0.99]}
{"Kalman":[2.299094773030026, 3.539519952843298, 0.9963980029990332]}
{"UWB":[0.57598989, 5.15675075, 1.19669414]}
{"Distance":[0.5757236004562312]}
{"Time":[1615573299.7325542]}
{"IMU":[5.672891763046883, 0.6395482559472685, 0.99]}
{"Kalman":[2.161839313784766, 3.582352970782016, 1.0025014736810396]}
{"UWB":[0.37369257, 5.23058167, 1.46496777]}
{"Distance":[0.6734195495014786]}
{"Time":[1615573300.065311]}
{"IMU":[5.672891763046883, 0.6395482559472685, 0.99]}
{"Kalman":[2.258644083534478, 3.518974312914, 1.0029542473668955]}
{"UWB":[0.51236801, 5.15403969, 1.88724033]}
{"Distance":[0.5723598024450838]}
{"Time":[1615573300.429703]}
{"IMU":[5.659552224472664, 0.37744879916015917, 0.98]}
{"Kalman":[2.1316237101524154, 3.4700963039667014, 0.9923895934537923]}
{"UWB":[0.39575998, 5.19121144, 1.68138772]}
{"Distance":[0.5972851448117754]}
{"Time":[1615573300.8370512]}
{"IMU":[5.659552224472664, 0.37744879916015917, 0.98]}
{"Kalman":[2.16369431039015, 3.4421670539414007, 0.9923366263350744]}
{"UWB":[0.44347905, 5.14521321, 1.6179271]}
{"Distance":[0.5555825300989067]}
{"Time":[1615573301.2167313]}
{"IMU":[5.659552224472664, 0.37744879916015917, 0.98]}
{"Kalman":[2.3277384192202337, 3.4928221154756796, 0.9928396807314338]}
{"UWB":[0.71049786, 5.2573515, 2.1708052]}
{"Distance":[0.5221101032221994]}
{"Time":[1615573301.515676]}
{"IMU":[5.659552224472664, 0.37744879916015917, 0.98]}
{"Kalman":[2.4195639724112, 3.463645751697807, 0.9924444435263551]}
{"UWB":[0.83914845, 5.17439335, 1.70987151]}
{"Distance":[0.4706319411549935]}
{"Time":[1615573301.7543294]}
{"IMU":[5.659552224472664, 0.37744879916015917, 0.98]}
{"Kalman":[2.4195639724112, 3.463645751697807, 0.9924444435263551]}
{"UWB":[0.90969694, 5.14773747, 1.8674089]}
{"Distance":[0.4706319411549935]}
{"Time":[1615573301.9693716]}
{"IMU":[5.659552224472664, 0.37744879916015917, 0.98]}
{"Kalman":[2.4195639724112, 3.463645751697807, 0.9924444435263551]}
{"UWB":[0.90366423, 5.14359806, 1.94091865]}
{"Distance":[0.4706319411549935]}
{"Time":[1615573302.217494]}
{"IMU":[5.659552224472664, 0.37744879916015917, 0.98]}
{"Kalman":[2.4195639724112, 3.463645751697807, 0.9924444435263551]}
{"UWB":[1.09148328, 4.94396731, 1.81131258]}
{"Distance":[0.4706319411549935]}
{"Time":[1615573302.4323134]}
{"IMU":[5.659552224472664, 0.37744879916015917, 0.98]}
{"Kalman":[2.4195639724112, 3.463645751697807, 0.9924444435263551]}
{"UWB":[1.10531932, 5.03250438, 1.86393958]}
{"Distance":[0.4706319411549935]}
{"Time":[1615573302.6654758]}
{"IMU":[5.659552224472664, 0.37744879916015917, 0.98]}
