{"IMU":[2.8279242113316894, 0.6208284671538917, 0.61]}
{"Kalman":[2.6951403258863564, 0.8646896385225509, 0.5976160135781989]}
{"UWB":[2.61407517, 0.98611885, 0.53784836]}
{"Distance":[2.1442084988685193]}
{"Time":[1615573929.8606808]}
{"IMU":[2.8844376677358983, 0.6381977964871971, 0.66]}
{"Kalman":[2.758757652454113, 0.9522415687660386, 0.6474871102944165]}
{"UWB":[2.63613932, 1.10242588, 1.29930222]}
{"Distance":[2.064042178685634]}
{"Time":[1615573930.3776925]}
{"IMU":[3.021363112338865, 0.6354284180635064, 0.7]}
{"Kalman":[2.836502255274724, 1.0002676539993558, 0.6877823117560954]}
{"UWB":[2.64316857, 1.1874702, 1.63428706]}
{"Distance":[2.027846942805649]}
{"Time":[1615573930.9436955]}
{"IMU":[3.179181486972654, 0.620830726467952, 0.76]}
{"Kalman":[2.8651588352109085, 1.1842871365379755, 0.7478903924359498]}
{"UWB":[2.47483901, 1.68790037, 1.17693476]}
{"Distance":[1.8520675412829988]}
{"Time":[1615573931.4614086]}
{"IMU":[3.4122552555883763, 0.5839817894929497, 0.8]}
{"Kalman":[2.9800053404585176, 1.3145549521410789, 0.7905220239993775]}
{"UWB":[2.5926356, 1.70273822, 1.0766086]}
{"Distance":[1.7524640185238778]}
{"Time":[1615573931.981053]}
{"IMU":[3.675729109653318, 0.5267516483300774, 0.81]}
{"Kalman":[3.0353371698880953, 1.471256444140906, 0.8034302124179422]}
{"UWB":[2.51916439, 1.98968399, 1.32101834]}
{"Distance":[1.6197662624726143]}
{"Time":[1615573932.499023]}
{"IMU":[3.9878376454199196, 0.4425370182031243, 0.86]}
{"Kalman":[3.0138819087974067, 1.8765307733971188, 0.8482967253441727]}
{"UWB":[2.30075028, 2.65671398, 1.09105777]}
{"Distance":[1.2354180342349477]}
{"Time":[1615573933.037214]}
{"IMU":[4.322158324130857, 0.338625580214843, 0.91]}
{"Kalman":[3.0201732375507238, 1.9667775299986632, 0.9010242142682731]}
{"UWB":[2.12780025, 2.85335147, 1.65526065]}
{"Distance":[1.1567752026991522]}
{"Time":[1615573933.5546908]}
{"IMU":[4.680281035312498, 0.2141668094628899, 0.96]}
{"Kalman":[3.049831911132382, 2.214771189023096, 0.9502300318563827]}
{"UWB":[1.89754691, 3.31279062, 1.73392785]}
{"Distance":[0.9585924139527132]}
{"Time":[1615573934.0662885]}
{"IMU":[5.078454710849607, 0.07180944099365161, 1.0]}
{"Kalman":[2.904641299554814, 2.3898209644914505, 0.9947943385318047]}
{"UWB":[1.52365419, 3.6391847, 3.33334277]}
{"Distance":[0.7321564291048412]}
{"Time":[1615573934.600779]}
{"IMU":[5.506781279453122, -0.08501623497070387, 1.03]}
{"Kalman":[3.115038061297665, 3.04359046089485, 1.027443115640512]}
{"UWB":[1.66287484, 4.73128406, 3.245161]}
{"Distance":[0.6165808504371634]}
{"Time":[1615573935.1434102]}
{"IMU":[5.932059599765623, -0.2530507503515632, 1.06]}
{"Kalman":[3.0223065859673257, 3.07175876936269, 1.0598035639890067]}
{"UWB":[1.25736899, 4.83895787, 1.50768106]}
{"Distance":[0.5272129462800502]}
{"Time":[1615573935.7995276]}
{"IMU":[6.293593718417966, -0.40656957969726626, 1.05]}
{"Kalman":[3.099039083517957, 3.558403100930449, 1.060389409750748]}
{"UWB":[1.30931686, 5.64471059, 2.91965492]}
{"Distance":[0.8189394646191958]}
{"Time":[1615573936.5151515]}
{"IMU":[6.5356179493749975, -0.5502949367529305, 1.05]}
{"Kalman":[2.9099468343610435, 3.3698422355951707, 1.0581703556022963]}
{"UWB":[1.02396415, 5.38500916, 1.28330515]}
{"Distance":[0.5521228905168437]}
{"Time":[1615573937.1888878]}
{"IMU":[6.63631924332031, -0.7034769283300789, 1.05]}
{"Kalman":[4.6458055001151095, 6.969000932602843, 1.0310369563892636]}
{"UWB":[3.6266339, 10.95724369, -23.53620059]}
{"Distance":[4.511923054233804]}
{"Time":[1615573937.8772333]}
{"IMU":[6.660838591464842, -0.7719252620703133, 1.04]}
{"Kalman":[2.8508934075920918, 3.2241848714510835, 1.0523188987167176]}
{"UWB":[0.84942293, 5.32537305, 1.40945935]}
{"Distance":[0.41639529305592377]}
{"Time":[1615573938.5549378]}
{"IMU":[6.632604338535154, -0.7929578243261727, 1.03]}
{"Kalman":[2.754258560568551, 3.245936377356302, 1.0434324233419139]}
{"UWB":[0.83826927, 5.25388448, 1.58880936]}
{"Distance":[0.3537401833684333]}
{"Time":[1615573939.1888144]}
{"IMU":[6.577206694492185, -0.7943335567480475, 1.02]}
{"Kalman":[2.712461814005614, 3.1673155927513506, 1.0307899289846014]}
{"UWB":[0.7853731, 5.13564774, 1.46347593]}
{"Distance":[0.2704339660403105]}
{"Time":[1615573939.8131301]}
