{"IMU":[-0.006094484925270081, -0.004711361527442932, 0.69]}
{"Kalman":[1.5253177328966745, 2.6425771577951433, 1.3917806295658464]}
{"UWB":[1.52770315, 2.4611228, 2.43537304]}
{"Distance":[2.079575619052583]}
{"Time":[0.5]}
{"Title":['ModelBasedAgendUWB_LQR']}
{"IMU":[0.006924455165863037, -0.005792674422264099, 0.66]}
{"Kalman":[1.4311336160159647, 2.392295969018311, 1.3311494606348806]}
{"UWB":[1.3351815, 2.01189696, 4.0116255]}
{"Distance":[2.171538981889501]}
{"Time":[1.1]}
{"Title":['ModelBasedAgendUWB_LQR']}
{"IMU":[0.031219265460968017, -0.012073276042938232, 0.64]}
{"Kalman":[1.693422919370049, 2.663242736596775, 1.2878478088957233]}
{"UWB":[1.77387282, 2.51572752, 1.63156046]}
{"Distance":[1.9135528096802115]}
{"Time":[1.7]}
{"Title":['ModelBasedAgendUWB_LQR']}
{"IMU":[0.07559513092041016, -0.012337911128997802, 0.63]}
{"Kalman":[1.799128769582773, 2.4322488793533377, 1.267189406082101]}
{"UWB":[1.90057065, 2.08106134, 3.28464965]}
{"Distance":[1.8021452224760734]}
{"Time":[2.2]}
{"Title":['ModelBasedAgendUWB_LQR']}
{"IMU":[0.1726084518432617, -0.014874967336654664, 0.63]}
{"Kalman":[1.9830033950086952, 2.6904474459560044, 1.2673933877660555]}
{"UWB":[2.09075177, 2.56423667, 1.83832909]}
{"Distance":[1.6281732863011147]}
{"Time":[2.8]}
{"Title":['ModelBasedAgendUWB_LQR']}
{"IMU":[0.24924097061157227, -0.014578016996383667, 0.6]}
{"Kalman":[2.065481890029484, 2.6539102730489827, 1.2102932527756634]}
{"UWB":[2.2327679, 2.4802281, 2.00376269]}
{"Distance":[1.542217300505184]}
{"Time":[3.3]}
{"Title":['ModelBasedAgendUWB_LQR']}
{"IMU":[0.5483600997924805, -0.015256061553955078, 0.55]}
{"Kalman":[2.52370372556214, 2.747465352503051, 1.1066232787012023]}
{"UWB":[2.73014295, 2.65223692, 2.22980785]}
{"Distance":[1.1043789073765746]}
{"Time":[3.9]}
{"Title":['ModelBasedAgendUWB_LQR']}
{"IMU":[0.7555242919921875, -0.035629336833953855, 0.54]}
{"Kalman":[2.7693323913833563, 2.7833762166509617, 1.0847940468281925]}
{"UWB":[2.97569069, 2.7399557, 1.58940394]}
{"Distance":[0.8776734906377807]}
{"Time":[4.4]}
{"Title":['ModelBasedAgendUWB_LQR']}
{"IMU":[0.9965668487548828, -0.06613787174224854, 0.53]}
{"Kalman":[3.474593831594419, 4.319361457549181, 1.0568607628036208]}
{"UWB":[4.01755518, 5.55782954, -6.86519492]}
{"Distance":[1.8236783763289104]}
{"Time":[4.9]}
{"Title":['ModelBasedAgendUWB_LQR']}
{"IMU":[1.280482940673828, -0.12325221061706543, 0.52]}
{"Kalman":[3.7565388433666804, 2.7220800874087283, 1.0482484955728362]}
{"UWB":[4.2609402, 2.72443511, 3.53841435]}
{"Distance":[0.2717056766172663]}
{"Time":[5.4]}
{"Title":['ModelBasedAgendUWB_LQR']}
{"IMU":[1.5532142639160156, -0.2100873565673828, 0.5]}
{"Kalman":[4.092032874783407, 2.567508027063832, 1.0072867503097054]}
{"UWB":[4.65117245, 2.56766588, 3.05219544]}
{"Distance":[0.4966424101762505]}
{"Time":[6.2]}
{"Title":['ModelBasedAgendUWB_LQR']}
{"IMU":[1.733385009765625, -0.2718566131591797, 0.49]}
{"Kalman":[4.188932354365596, 2.5353581533335885, 0.9822834613071356]}
{"UWB":[4.8161653, 2.52358328, 3.38245617]}
{"Distance":[0.589992810994986]}
{"Time":[6.8]}
{"Title":['ModelBasedAgendUWB_LQR']}
{"IMU":[1.8288108825683593, -0.3186944389343262, 0.49]}
{"Kalman":[4.117442763869443, 2.4515954644470455, 0.9714608507186472]}
{"UWB":[4.6564025, 2.41386265, -7.33753899]}
{"Distance":[0.5197018500476452]}
{"Time":[7.3]}
{"Title":['ModelBasedAgendUWB_LQR']}
{"IMU":[1.8796888732910155, -0.36223567962646486, 0.52]}
{"Kalman":[4.116347482575834, 2.201417224348543, 1.0331719744697088]}
{"UWB":[4.69520626, 2.12573552, 1.77186163]}
{"Distance":[0.5964615634541166]}
{"Time":[7.8]}
{"Title":['ModelBasedAgendUWB_LQR']}
{"IMU":[1.8867489624023437, -0.41937828063964844, 0.56]}
{"Kalman":[4.085933172120638, 2.1687909732027846, 1.113118272892766]}
{"UWB":[4.62437194, 1.96679241, 1.60186043]}
{"Distance":[0.588073521933426]}
{"Time":[8.6]}
{"Title":['ModelBasedAgendUWB_LQR']}
{"IMU":[1.8630812072753906, -0.4227675628662109, 0.53]}
{"Kalman":[4.05834549478375, 2.2320105900358076, 1.0688727767722235]}
{"UWB":[4.63595141, 2.05409107, 1.98429038]}
{"Distance":[0.5309415376870759]}
{"Time":[9.2]}
{"Title":['ModelBasedAgendUWB_LQR']}
{"IMU":[1.8196347045898438, -0.404453239440918, 0.51]}
{"Kalman":[3.9575619409107743, 2.241711825958204, 1.0295600515373842]}
{"UWB":[4.50394775, 2.03651895, 1.58448776]}
{"Distance":[0.4410933262221557]}
{"Time":[9.8]}
{"Title":['ModelBasedAgendUWB_LQR']}
{"IMU":[1.659390869140625, -0.30067535400390627, 0.46]}
{"Kalman":[3.8426053661622297, 2.4861607146142948, 0.9311997733015687]}
{"UWB":[4.46696105, 2.36473109, 2.3777478]}
{"Distance":[0.24299977265564776]}
{"Time":[10.5]}
{"Title":['ModelBasedAgendUWB_LQR']}
{"IMU":[1.5302560424804688, -0.20039478302001953, 0.46]}
{"Kalman":[3.706494401073879, 2.7173094984551587, 0.9297489877326975]}
{"UWB":[4.34119252, 2.7012507, 3.18496873]}
{"Distance":[0.24200098259907302]}
{"Time":[11.1]}
{"Title":['ModelBasedAgendUWB_LQR']}
{"IMU":[1.4217744445800782, -0.10258271217346192, 0.47]}
{"Kalman":[3.5706915208351013, 2.8385879484537275, 0.9339100478259313]}
{"UWB":[4.21526415, 2.77883478, 2.92050726]}
{"Distance":[0.33985406542965374]}
{"Time":[11.7]}
{"Title":['ModelBasedAgendUWB_LQR']}
{"IMU":[1.2090643310546876, 0.08269614219665528, 0.52]}
{"Kalman":[3.1320952948144374, 3.008968765278002, 1.0353452920069595]}
{"UWB":[3.59111886, 2.94603158, 1.86586861]}
{"Distance":[0.691363881876543]}
{"Time":[12.4]}
{"Title":['ModelBasedAgendUWB_LQR']}
{"IMU":[1.1717555236816406, 0.13238903999328613, 0.53]}
{"Kalman":[3.0885805771748056, 3.1219850544720997, 1.0535594638294747]}
{"UWB":[3.47630895, 3.0415266, 2.07016513]}
{"Distance":[0.8052423449058773]}
{"Time":[13.0]}
{"Title":['ModelBasedAgendUWB_LQR']}
{"IMU":[1.1586221313476563, 0.15898762702941893, 0.52]}
{"Kalman":[3.065852666394098, 3.073604435280614, 1.0484287128940157]}
{"UWB":[3.39999717, 3.09689427, 2.13572142]}
{"Distance":[0.7837955231894901]}
{"Time":[13.6]}
{"Title":['ModelBasedAgendUWB_LQR']}
{"IMU":[1.1622443389892578, 0.172984561920166, 0.5]}
{"Kalman":[3.126292765307224, 3.0716304528243854, 1.0086905939115978]}
{"UWB":[3.47919025, 3.08374898, 2.09483603]}
{"Distance":[0.742401453929401]}
{"Time":[14.3]}
{"Title":['ModelBasedAgendUWB_LQR']}
{"IMU":[1.1807270050048828, 0.17264307022094727, 0.47]}
{"Kalman":[3.1884899749106417, 3.087665703976161, 0.9502730603205303]}
{"UWB":[3.55474024, 3.13031135, 1.90012412]}
{"Distance":[0.717420016711857]}
{"Time":[14.8]}
{"Title":['ModelBasedAgendUWB_LQR']}
{"IMU":[1.2564412689208984, 0.12882452011108397, 0.5]}
{"Kalman":[2.851907609909914, 3.707807081163331, 0.9966340258832946]}
{"UWB":[2.85914174, 4.30849672, -4.75730222]}
{"Distance":[1.420718187896172]}
{"Time":[15.5]}
{"Title":['ModelBasedAgendUWB_LQR']}
{"IMU":[1.4155567932128905, 0.03606947898864746, 0.51]}
{"Kalman":[3.5773432653536568, 3.0033543145457715, 1.022731390267847]}
{"UWB":[4.07474915, 2.94765773, 1.42046522]}
{"Distance":[0.5038639633836481]}
{"Time":[16.7]}
{"Title":['ModelBasedAgendUWB_LQR']}
{"IMU":[1.5351107788085938, -0.02473137140274048, 0.52]}
{"Kalman":[3.9322552574408673, 2.8971402289103616, 1.0446024038739399]}
{"UWB":[4.59118867, 2.95004566, 3.22668153]}
{"Distance":[0.5177971779722939]}
{"Time":[17.3]}
{"Title":['ModelBasedAgendUWB_LQR']}
{"IMU":[1.6026779174804688, -0.06973885536193848, 0.46]}
{"Kalman":[4.030812948395553, 2.8828097593252306, 0.9332355666886885]}
{"UWB":[4.72744772, 2.96558847, 3.16884658]}
{"Distance":[0.5763185823309106]}
{"Time":[18.0]}
{"Title":['ModelBasedAgendUWB_LQR']}
{"IMU":[1.6276860046386719, -0.09201784133911133, 0.45]}
{"Kalman":[4.003004815371831, 2.679582632201752, 0.8955426178576152]}
{"UWB":[4.55800782, 2.42621471, 1.43561477]}
{"Distance":[0.4412060777022382]}
{"Time":[18.6]}
{"Title":['ModelBasedAgendUWB_LQR']}
{"IMU":[1.641262969970703, -0.11553844451904297, 0.49]}
{"Kalman":[4.094364576825118, 2.783069503730436, 0.9766961186091969]}
{"UWB":[4.84966609, 2.8351483, 3.22555765]}
{"Distance":[0.569670675708056]}
{"Time":[19.2]}
