{"IMU":[0.00764538049697876, -0.005551832914352417, 0.76]}
{"Kalman":[0.00764538049697876, -0.005551832914352417, 0.76]}
{"CMD":[0.026114761341885458, 20.0, 0, 2.8657939466882794]}
{"Distance":[1.0209791935674768]}
{"Time":[1615326380.7549884]}
{"IMU":[0.00764538049697876, -0.005551832914352417, 0.76]}
{"Kalman":[0.00764538049697876, -0.005551832914352417, 0.76]}
{"CMD":[0.15171380968091505, 20.0, 0, 3.6199502484483537]}
{"Distance":[1.0209791935674768]}
{"Time":[1615326380.8122551]}
{"IMU":[0.00764538049697876, -0.005551832914352417, 0.76]}
{"Kalman":[0.00764538049697876, -0.005551832914352417, 0.76]}
{"CMD":[0.15171380968091505, 20.0, 0, 3.6199502484483537]}
{"Distance":[1.0209791935674768]}
{"Time":[1615326380.8639767]}
{"IMU":[0.00764538049697876, -0.005551832914352417, 0.76]}
{"Kalman":[0.00764538049697876, -0.005551832914352417, 0.76]}
{"CMD":[0.15171380968091505, 20.0, 0, 3.6199502484483537]}
{"Distance":[1.0209791935674768]}
{"Time":[1615326380.9007604]}
{"IMU":[0.00764538049697876, -0.005551832914352417, 0.76]}
{"Kalman":[0.00764538049697876, -0.005551832914352417, 0.76]}
{"CMD":[0.15171380968091505, 20.0, 0, 3.6199502484483537]}
{"Distance":[1.0209791935674768]}
{"Time":[1615326380.9384978]}
{"IMU":[0.00764538049697876, -0.005551832914352417, 0.76]}
{"Kalman":[0.00764538049697876, -0.005551832914352417, 0.76]}
{"CMD":[0.15171380968091505, 20.0, 0, 3.6199502484483537]}
{"Distance":[1.0209791935674768]}
{"Time":[1615326380.9681294]}
{"IMU":[0.00764538049697876, -0.005551832914352417, 0.76]}
{"Kalman":[0.00764538049697876, -0.005551832914352417, 0.76]}
{"CMD":[0.15171380968091505, 20.0, 0, 3.6199502484483537]}
{"Distance":[1.0209791935674768]}
{"Time":[1615326380.997755]}
{"IMU":[0.00764538049697876, -0.005551832914352417, 0.76]}
{"Kalman":[0.00764538049697876, -0.005551832914352417, 0.76]}
{"CMD":[0.15171380968091505, 20.0, 0, 3.6199502484483537]}
{"Distance":[1.0209791935674768]}
{"Time":[1615326381.0298493]}
{"IMU":[0.00764538049697876, -0.005551832914352417, 0.76]}
{"Kalman":[0.00764538049697876, -0.005551832914352417, 0.76]}
{"CMD":[0.15171380968091505, 20.0, 0, 3.6199502484483537]}
{"Distance":[1.0209791935674768]}
{"Time":[1615326381.0590446]}
{"IMU":[0.00764538049697876, -0.005551832914352417, 0.76]}
{"Kalman":[0.00764538049697876, -0.005551832914352417, 0.76]}
{"CMD":[0.15171380968091505, 20.0, 0, 3.6199502484483537]}
{"Distance":[1.0209791935674768]}
{"Time":[1615326381.0903027]}
{"IMU":[0.00764538049697876, -0.005551832914352417, 0.76]}
{"Kalman":[0.00764538049697876, -0.005551832914352417, 0.76]}
{"CMD":[0.15171380968091505, 20.0, 0, 3.6199502484483537]}
{"Distance":[1.0209791935674768]}
{"Time":[1615326381.1211102]}
{"IMU":[0.00764538049697876, -0.005551832914352417, 0.76]}
{"Kalman":[0.00764538049697876, -0.005551832914352417, 0.76]}
{"CMD":[0.15171380968091505, 20.0, 0, 3.6199502484483537]}
{"Distance":[1.0209791935674768]}
{"Time":[1615326381.155592]}
{"IMU":[0.02545214891433716, -0.006019559502601623, 0.76]}
{"Kalman":[0.02545214891433716, -0.006019559502601623, 0.76]}
{"CMD":[0.16449527909597955, 20.0, 0, 3.6199502484483537]}
{"Distance":[1.0036830919928306]}
{"Time":[1615326381.186084]}
{"IMU":[0.02545214891433716, -0.006019559502601623, 0.76]}
{"Kalman":[0.025452148914337155, -0.006019559502601623, 0.76]}
{"CMD":[0.16449527909597955, 20.0, 0, 3.6199502484483537]}
{"Distance":[1.0036830919928306]}
{"Time":[1615326381.2222824]}
{"IMU":[0.02545214891433716, -0.006019559502601623, 0.76]}
{"Kalman":[0.025452148914337155, -0.006019559502601623, 0.76]}
{"CMD":[0.16449527909597955, 20.0, 0, 3.6199502484483537]}
{"Distance":[1.0036830919928306]}
{"Time":[1615326381.2641287]}
{"IMU":[0.02545214891433716, -0.006019559502601623, 0.76]}
{"Kalman":[0.025452148914337155, -0.006019559502601623, 0.76]}
{"CMD":[0.16449527909597955, 20.0, 0, 3.6199502484483537]}
{"Distance":[1.0036830919928306]}
{"Time":[1615326381.3043242]}
{"IMU":[0.02545214891433716, -0.006019559502601623, 0.76]}
{"Kalman":[0.025452148914337155, -0.006019559502601623, 0.76]}
{"CMD":[0.16449527909597955, 20.0, 0, 3.6199502484483537]}
{"Distance":[1.0036830919928306]}
{"Time":[1615326381.3422148]}
{"IMU":[0.02545214891433716, -0.006019559502601623, 0.76]}
{"Kalman":[0.025452148914337155, -0.006019559502601623, 0.76]}
{"CMD":[0.16449527909597955, 20.0, 0, 3.6199502484483537]}
{"Distance":[1.0036830919928306]}
{"Time":[1615326381.3773491]}
{"IMU":[0.02545214891433716, -0.006019559502601623, 0.76]}
{"Kalman":[0.025452148914337155, -0.006019559502601623, 0.76]}
{"CMD":[0.16449527909597955, 20.0, 0, 3.6199502484483537]}
{"Distance":[1.0036830919928306]}
{"Time":[1615326381.4092157]}
{"IMU":[0.02545214891433716, -0.006019559502601623, 0.76]}
{"Kalman":[0.025452148914337155, -0.006019559502601623, 0.76]}
{"CMD":[0.16449527909597955, 20.0, 0, 3.6199502484483537]}
{"Distance":[1.0036830919928306]}
{"Time":[1615326381.4575002]}
{"IMU":[0.02545214891433716, -0.006019559502601623, 0.76]}
{"Kalman":[0.025452148914337155, -0.006019559502601623, 0.76]}
{"CMD":[0.16449527909597955, 20.0, 0, 3.6199502484483537]}
{"Distance":[1.0036830919928306]}
{"Time":[1615326381.5025098]}
{"IMU":[0.02545214891433716, -0.006019559502601623, 0.76]}
{"Kalman":[0.025452148914337155, -0.006019559502601623, 0.76]}
{"CMD":[0.16449527909597955, 20.0, 0, 3.6199502484483537]}
{"Distance":[1.0036830919928306]}
{"Time":[1615326381.5551443]}
{"IMU":[0.02545214891433716, -0.006019559502601623, 0.76]}
{"Kalman":[0.025452148914337155, -0.006019559502601623, 0.76]}
{"CMD":[0.16449527909597955, 20.0, 0, 3.6199502484483537]}
{"Distance":[1.0036830919928306]}
{"Time":[1615326381.6197875]}
{"IMU":[0.02545214891433716, -0.006019559502601623, 0.76]}
{"Kalman":[0.025452148914337155, -0.006019559502601623, 0.76]}
{"CMD":[0.16449527909597955, 20.0, 0, 3.6199502484483537]}
{"Distance":[1.0036830919928306]}
{"Time":[1615326381.6656961]}
{"IMU":[0.10911516189575195, -0.003176827132701874, 0.78]}
{"Kalman":[0.10911516189575195, -0.003176827132701874, 0.78]}
{"CMD":[0.0868125093883733, 20.0, 0, 3.6199502484483537]}
{"Distance":[0.9176523780793374]}
{"Time":[1615326381.722205]}
{"IMU":[0.10911516189575195, -0.003176827132701874, 0.78]}
{"Kalman":[0.10911516189575195, -0.003176827132701874, 0.78]}
{"CMD":[0.0868125093883733, 20.0, 0, 3.318287727744324]}
{"Distance":[0.9176523780793374]}
{"Time":[1615326381.788633]}
{"IMU":[0.10911516189575195, -0.003176827132701874, 0.78]}
{"Kalman":[0.10911516189575195, -0.003176827132701874, 0.78]}
{"CMD":[0.0868125093883733, 20.0, 0, 3.318287727744324]}
{"Distance":[0.9176523780793374]}
{"Time":[1615326381.9022038]}
{"IMU":[0.10911516189575195, -0.003176827132701874, 0.78]}
{"Kalman":[0.10911516189575195, -0.003176827132701874, 0.78]}
{"CMD":[0.0868125093883733, 20.0, 0, 3.318287727744324]}
{"Distance":[0.9176523780793374]}
{"Time":[1615326381.9544892]}
{"IMU":[0.10911516189575195, -0.003176827132701874, 0.78]}
{"Kalman":[0.10911516189575195, -0.003176827132701874, 0.78]}
{"CMD":[0.0868125093883733, 20.0, 0, 3.318287727744324]}
{"Distance":[0.9176523780793374]}
{"Time":[1615326381.9963026]}
{"IMU":[0.10911516189575195, -0.003176827132701874, 0.78]}
{"Kalman":[0.10911516189575195, -0.003176827132701874, 0.78]}
{"CMD":[0.0868125093883733, 20.0, 0, 3.318287727744324]}
{"Distance":[0.9176523780793374]}
{"Time":[1615326382.0558271]}
{"IMU":[0.10911516189575195, -0.003176827132701874, 0.78]}
{"Kalman":[0.10911516189575195, -0.003176827132701874, 0.78]}
{"CMD":[0.0868125093883733, 20.0, 0, 3.318287727744324]}
{"Distance":[0.9176523780793374]}
{"Time":[1615326382.0973399]}
{"IMU":[0.10911516189575195, -0.003176827132701874, 0.78]}
{"Kalman":[0.10911516189575195, -0.003176827132701874, 0.78]}
{"CMD":[0.0868125093883733, 20.0, 0, 3.318287727744324]}
{"Distance":[0.9176523780793374]}
{"Time":[1615326382.1372852]}
{"IMU":[0.2291298294067383, -0.0019865399599075318, 0.79]}
{"Kalman":[0.2291298294067383, -0.0019865399599075318, 0.79]}
{"CMD":[0.0868125093883733, 20.0, 0, 3.318287727744324]}
