{"IMU":[0.025099716186523437, 0.0022778813540935516, 0.78]}
{"Kalman":[0.08422414342338738, 0.020245256545125864, 0.7853655045416056]}
{"CMD":[-0.1653739929920589, 20.0, 0, 6.064341211703143]}
{"Distance":[1.9278679855464975]}
{"Time":[1615321355.541582]}
{"IMU":[0.025099716186523437, 0.0022778813540935516, 0.78]}
{"Kalman":[0.061423610654653765, -0.028090622143021098, 0.7879625562308182]}
{"CMD":[0.7676267220880337, 20.0, 0, 3.198187488552514]}
{"Distance":[1.9503403236204164]}
{"Time":[1615321355.6043277]}
{"IMU":[0.025099716186523437, 0.0022778813540935516, 0.78]}
{"Kalman":[0.061423610654653765, -0.028090622143021098, 0.7879625562308182]}
{"CMD":[0.7676267220880337, 20.0, 0, 3.198187488552514]}
{"Distance":[1.9503403236204164]}
{"Time":[1615321355.6396925]}
{"IMU":[0.025099716186523437, 0.0022778813540935516, 0.78]}
{"Kalman":[0.061423610654653765, -0.028090622143021098, 0.7879625562308182]}
{"CMD":[0.7676267220880337, 20.0, 0, 3.198187488552514]}
{"Distance":[1.9503403236204164]}
{"Time":[1615321355.666957]}
{"IMU":[0.025099716186523437, 0.0022778813540935516, 0.78]}
{"Kalman":[0.061423610654653765, -0.028090622143021098, 0.7879625562308182]}
{"CMD":[0.7676267220880337, 20.0, 0, 3.198187488552514]}
{"Distance":[1.9503403236204164]}
{"Time":[1615321355.6894581]}
{"IMU":[0.025099716186523437, 0.0022778813540935516, 0.78]}
{"Kalman":[0.061423610654653765, -0.028090622143021098, 0.7879625562308182]}
{"CMD":[0.7676267220880337, 20.0, 0, 3.198187488552514]}
{"Distance":[1.9503403236204164]}
{"Time":[1615321355.7196496]}
{"IMU":[0.025099716186523437, 0.0022778813540935516, 0.78]}
{"Kalman":[0.061423610654653765, -0.028090622143021098, 0.7879625562308182]}
{"CMD":[0.7676267220880337, 20.0, 0, 3.198187488552514]}
{"Distance":[1.9503403236204164]}
{"Time":[1615321355.7580106]}
{"IMU":[0.025099716186523437, 0.0022778813540935516, 0.78]}
{"Kalman":[0.061423610654653765, -0.028090622143021098, 0.7879625562308182]}
{"CMD":[0.7676267220880337, 20.0, 0, 3.198187488552514]}
{"Distance":[1.9503403236204164]}
{"Time":[1615321355.8099709]}
{"IMU":[0.025099716186523437, 0.0022778813540935516, 0.78]}
{"Kalman":[0.061423610654653765, -0.028090622143021098, 0.7879625562308182]}
{"CMD":[0.7676267220880337, 20.0, 0, 3.198187488552514]}
{"Distance":[1.9503403236204164]}
{"Time":[1615321355.8662634]}
{"IMU":[0.025099716186523437, 0.0022778813540935516, 0.78]}
{"Kalman":[0.061423610654653765, -0.028090622143021098, 0.7879625562308182]}
{"CMD":[0.7676267220880337, 20.0, 0, 3.198187488552514]}
{"Distance":[1.9503403236204164]}
{"Time":[1615321355.9203246]}
{"IMU":[0.043706135749816896, -0.002843684256076813, 0.77]}
{"Kalman":[0.13475153581589877, -0.01858299567746307, 0.7693250606089078]}
{"CMD":[0.9609448254849504, 20.0, 0, 3.348563065898833]}
{"Distance":[1.879549969682259]}
{"Time":[1615321355.991203]}
{"IMU":[0.043706135749816896, -0.002843684256076813, 0.77]}
{"Kalman":[0.16441255278417372, -0.006283912036149024, 0.7688223431995685]}
{"CMD":[0.3479242722789269, 20.0, 0, 3.4864652757404158]}
{"Distance":[1.8500983414214849]}
{"Time":[1615321356.047114]}
{"IMU":[0.043706135749816896, -0.002843684256076813, 0.77]}
{"Kalman":[0.16441255278417372, -0.006283912036149024, 0.7688223431995685]}
{"CMD":[0.1717191870525028, 20.0, 0, 3.486881734043459]}
{"Distance":[1.8500983414214849]}
{"Time":[1615321356.1019883]}
{"IMU":[0.043706135749816896, -0.002843684256076813, 0.77]}
{"Kalman":[0.16441255278417372, -0.006283912036149024, 0.7688223431995685]}
{"CMD":[0.1717191870525028, 20.0, 0, 3.486881734043459]}
{"Distance":[1.8500983414214849]}
{"Time":[1615321356.1481276]}
{"IMU":[0.043706135749816896, -0.002843684256076813, 0.77]}
{"Kalman":[0.16441255278417372, -0.006283912036149024, 0.7688223431995685]}
{"CMD":[0.1717191870525028, 20.0, 0, 3.486881734043459]}
{"Distance":[1.8500983414214849]}
{"Time":[1615321356.2025654]}
{"IMU":[0.043706135749816896, -0.002843684256076813, 0.77]}
{"Kalman":[0.16441255278417372, -0.006283912036149024, 0.7688223431995685]}
{"CMD":[0.1717191870525028, 20.0, 0, 3.486881734043459]}
{"Distance":[1.8500983414214849]}
{"Time":[1615321356.2631576]}
{"IMU":[0.043706135749816896, -0.002843684256076813, 0.77]}
{"Kalman":[0.16441255278417372, -0.006283912036149024, 0.7688223431995685]}
{"CMD":[0.1717191870525028, 20.0, 0, 3.486881734043459]}
{"Distance":[1.8500983414214849]}
{"Time":[1615321356.3001974]}
{"IMU":[0.043706135749816896, -0.002843684256076813, 0.77]}
{"Kalman":[0.16441255278417372, -0.006283912036149024, 0.7688223431995685]}
{"CMD":[0.1717191870525028, 20.0, 0, 3.486881734043459]}
{"Distance":[1.8500983414214849]}
{"Time":[1615321356.3377705]}
{"IMU":[0.043706135749816896, -0.002843684256076813, 0.77]}
{"Kalman":[0.16441255278417372, -0.006283912036149024, 0.7688223431995685]}
{"CMD":[0.1717191870525028, 20.0, 0, 3.486881734043459]}
{"Distance":[1.8500983414214849]}
{"Time":[1615321356.372527]}
{"IMU":[0.043706135749816896, -0.002843684256076813, 0.77]}
{"Kalman":[0.16441255278417372, -0.006283912036149024, 0.7688223431995685]}
{"CMD":[0.1717191870525028, 20.0, 0, 3.486881734043459]}
{"Distance":[1.8500983414214849]}
{"Time":[1615321356.4081285]}
{"IMU":[0.1161385440826416, -0.005309564471244812, 0.78]}
{"Kalman":[0.22548779495262378, -0.00602263646842176, 0.7787921175842173]}
{"CMD":[0.16360305529869987, 20.0, 0, 3.337994166993836]}
{"Distance":[1.788256906950175]}
{"Time":[1615321356.4775767]}
{"IMU":[0.1161385440826416, -0.005309564471244812, 0.78]}
{"Kalman":[0.3733754776795917, -0.0002737215093565335, 0.7762795279155911]}
{"CMD":[0.007479932054283339, 20.0, 0, 3.3744040771039128]}
{"Distance":[1.6419373499519498]}
{"Time":[1615321356.538705]}
{"IMU":[0.1161385440826416, -0.005309564471244812, 0.78]}
{"Kalman":[0.44283329570430197, 0.004026999658537806, 0.7761316766990929]}
{"CMD":[-0.06751336868183097, 20.0, 0, 3.376605487932418]}
{"Distance":[1.5731819309510693]}
{"Time":[1615321356.5975943]}
{"IMU":[0.1161385440826416, -0.005309564471244812, 0.78]}
{"Kalman":[0.4567851042029331, 0.004890874164740797, 0.7761316709446108]}
{"CMD":[-0.13365192426532893, 20.0, 0, 3.3766342224323918]}
{"Distance":[1.5593758892627843]}
{"Time":[1615321356.6648457]}
{"IMU":[0.1161385440826416, -0.005309564471244812, 0.78]}
{"Kalman":[0.4567851042029331, 0.004890874164740797, 0.7761316709446108]}
{"CMD":[-0.13365192426532893, 20.0, 0, 3.3766342224323918]}
{"Distance":[1.5593758892627843]}
{"Time":[1615321356.7066119]}
{"IMU":[0.1161385440826416, -0.005309564471244812, 0.78]}
{"Kalman":[0.4567851042029331, 0.004890874164740797, 0.7761316709446108]}
{"CMD":[-0.13365192426532893, 20.0, 0, 3.3766342224323918]}
{"Distance":[1.5593758892627843]}
{"Time":[1615321356.7617152]}
{"IMU":[0.1161385440826416, -0.005309564471244812, 0.78]}
{"Kalman":[0.4567851042029331, 0.004890874164740797, 0.7761316709446108]}
{"CMD":[-0.13365192426532893, 20.0, 0, 3.3766342224323918]}
{"Distance":[1.5593758892627843]}
{"Time":[1615321356.8040986]}
{"IMU":[0.1161385440826416, -0.005309564471244812, 0.78]}
{"Kalman":[0.4567851042029331, 0.004890874164740797, 0.7761316709446108]}
{"CMD":[-0.13365192426532893, 20.0, 0, 3.3766342224323918]}
{"Distance":[1.5593758892627843]}
{"Time":[1615321356.8605633]}
{"IMU":[0.1161385440826416, -0.005309564471244812, 0.78]}
{"Kalman":[0.4567851042029331, 0.004890874164740797, 0.7761316709446108]}
{"CMD":[-0.13365192426532893, 20.0, 0, 3.3766342224323918]}
{"Distance":[1.5593758892627843]}
{"Time":[1615321356.9058046]}
{"IMU":[0.24736560821533204, -0.0017643797397613526, 0.8]}
{"Kalman":[0.7726775277488437, 0.01037097377247893, 0.7951171958426518]}
{"CMD":[-0.2626043014951817, 20.0, 0, 3.089487129630641]}
{"Distance":[1.2443492160278233]}
{"Time":[1615321357.003912]}
{"IMU":[0.24736560821533204, -0.0017643797397613526, 0.8]}
{"Kalman":[0.8183109498228263, 0.011209846324821953, 0.7951141672854976]}
{"CMD":[-0.30632919219881033, 20.0, 0, 3.090318837660046]}
{"Distance":[1.199371867441609]}
{"Time":[1615321357.0696247]}
