{"IMU":[0.009047086238861085, 0.006279083490371704, 0.74]}
{"Kalman":[-0.02155787304808301, -0.006487004814582373, 0.7416237506862464]}
{"CMD":[0.083966776785361, 20.0, 0, 7.08726546704085]}
{"Distance":[1.0537461057709445]}
{"Time":[1615322643.8060765]}
{"IMU":[0.009047086238861085, 0.006279083490371704, 0.74]}
{"Kalman":[-0.057123287412404654, 0.014260329324253501, 0.7397911341239073]}
{"CMD":[-0.3896891211358301, 20.0, 0, 3.9247631194859425]}
{"Distance":[1.088770708488508]}
{"Time":[1615322643.8560617]}
{"IMU":[0.009047086238861085, 0.006279083490371704, 0.74]}
{"Kalman":[-0.057123287412404654, 0.014260329324253501, 0.7397911341239073]}
{"CMD":[-0.3896891211358301, 20.0, 0, 3.9247631194859425]}
{"Distance":[1.088770708488508]}
{"Time":[1615322643.902866]}
{"IMU":[0.009047086238861085, 0.006279083490371704, 0.74]}
{"Kalman":[-0.057123287412404654, 0.014260329324253501, 0.7397911341239073]}
{"CMD":[-0.3896891211358301, 20.0, 0, 3.9247631194859425]}
{"Distance":[1.088770708488508]}
{"Time":[1615322644.0105147]}
{"IMU":[0.009047086238861085, 0.006279083490371704, 0.74]}
{"Kalman":[-0.057123287412404654, 0.014260329324253501, 0.7397911341239073]}
{"CMD":[-0.3896891211358301, 20.0, 0, 3.9247631194859425]}
{"Distance":[1.088770708488508]}
{"Time":[1615322644.0607028]}
{"IMU":[0.009047086238861085, 0.006279083490371704, 0.74]}
{"Kalman":[-0.057123287412404654, 0.014260329324253501, 0.7397911341239073]}
{"CMD":[-0.3896891211358301, 20.0, 0, 3.9247631194859425]}
{"Distance":[1.088770708488508]}
{"Time":[1615322644.110435]}
{"IMU":[-0.000679364949464798, 0.0031812450289726256, 0.76]}
{"Kalman":[-0.06596937820781688, 0.015716040246218383, 0.7586919295524843]}
{"CMD":[-0.3896891211358301, 20.0, 0, 3.9247631194859425]}
{"Distance":[1.0930541130524525]}
{"Time":[1615322644.1607318]}
{"IMU":[-0.000679364949464798, 0.0031812450289726256, 0.76]}
{"Kalman":[0.006797009539280672, -0.009536310549990434, 0.7545343241097936]}
{"CMD":[0.052456173679601745, 20.0, 0, 3.698270149495899]}
{"Distance":[1.0231307440983568]}
{"Time":[1615322644.2170208]}
{"IMU":[-0.000679364949464798, 0.0031812450289726256, 0.76]}
{"Kalman":[0.04218894318576998, -0.025709207501755725, 0.7545184401748004]}
{"CMD":[0.6517408611382043, 20.0, 0, 3.7026293056504223]}
{"Distance":[0.989102714646044]}
{"Time":[1615322644.2788718]}
{"IMU":[-0.000679364949464798, 0.0031812450289726256, 0.76]}
{"Kalman":[0.04218894318576998, -0.025709207501755725, 0.7545184401748004]}
{"CMD":[0.7025502881913516, 20.0, 0, 3.7026293061613362]}
{"Distance":[0.989102714646044]}
{"Time":[1615322644.3279262]}
{"IMU":[-0.000679364949464798, 0.0031812450289726256, 0.76]}
{"Kalman":[0.04477918556790307, -0.026892780615291018, 0.7545184401746978]}
{"CMD":[0.7348935501123177, 20.0, 0, 3.7026293061628834]}
{"Distance":[0.9866261815843953]}
{"Time":[1615322644.373415]}
{"IMU":[-0.000679364949464798, 0.0031812450289726256, 0.76]}
{"Kalman":[0.04477918556790307, -0.026892780615291018, 0.7545184401746978]}
{"CMD":[0.7348935501123177, 20.0, 0, 3.7026293061628834]}
{"Distance":[0.9866261815843953]}
{"Time":[1615322644.4192448]}
{"IMU":[-0.000679364949464798, 0.0031812450289726256, 0.76]}
{"Kalman":[0.04477918556790307, -0.026892780615291018, 0.7545184401746978]}
{"CMD":[0.7348935501123177, 20.0, 0, 3.7026293061628834]}
{"Distance":[0.9866261815843953]}
{"Time":[1615322644.4617615]}
{"IMU":[-0.000679364949464798, 0.0031812450289726256, 0.76]}
{"Kalman":[0.04477918556790307, -0.026892780615291018, 0.7545184401746978]}
{"CMD":[0.7348935501123177, 20.0, 0, 3.7026293061628834]}
{"Distance":[0.9866261815843953]}
{"Time":[1615322644.4962876]}
{"IMU":[-0.000679364949464798, 0.0031812450289726256, 0.76]}
{"Kalman":[0.04477918556790307, -0.026892780615291018, 0.7545184401746978]}
{"CMD":[0.7348935501123177, 20.0, 0, 3.7026293061628834]}
{"Distance":[0.9866261815843953]}
{"Time":[1615322644.5419672]}
{"IMU":[-0.000679364949464798, 0.0031812450289726256, 0.76]}
{"Kalman":[0.04477918556790307, -0.026892780615291018, 0.7545184401746978]}
{"CMD":[0.7348935501123177, 20.0, 0, 3.7026293061628834]}
{"Distance":[0.9866261815843953]}
{"Time":[1615322644.591254]}
{"IMU":[-0.000679364949464798, 0.0031812450289726256, 0.76]}
{"Kalman":[0.04477918556790307, -0.026892780615291018, 0.7545184401746978]}
{"CMD":[0.7348935501123177, 20.0, 0, 3.7026293061628834]}
{"Distance":[0.9866261815843953]}
{"Time":[1615322644.6612127]}
{"IMU":[0.03181914329528809, -0.0062958264350891115, 0.78]}
{"Kalman":[0.2117232720172631, -0.04186934439181196, 0.7747580898431717]}
{"CMD":[0.8979587850695496, 20.0, 0, 3.4018779888512336]}
{"Distance":[0.820894122265513]}
{"Time":[1615322644.7334766]}
{"IMU":[0.03181914329528809, -0.0062958264350891115, 0.78]}
{"Kalman":[0.2543593454123829, -0.045707362701329086, 0.7747720393818789]}
{"CMD":[1.2490358108507398, 20.0, 0, 3.397141716654515]}
{"Distance":[0.7802543066354449]}
{"Time":[1615322644.772695]}
{"IMU":[0.03181914329528809, -0.0062958264350891115, 0.78]}
{"Kalman":[0.3133952462946066, -0.05102166227980043, 0.7747728500610367]}
{"CMD":[1.3942585953389526, 18.76270855709317, 0, 3.3971294890786035]}
{"Distance":[0.7244008330353204]}
{"Time":[1615322644.8357623]}
{"IMU":[0.03181914329528809, -0.0062958264350891115, 0.78]}
{"Kalman":[0.3133952462946066, -0.05102166227980043, 0.7747728500610367]}
{"CMD":[1.3942585953389526, 18.76270855709317, 0, 3.3971294890786035]}
{"Distance":[0.7244008330353204]}
{"Time":[1615322644.9107661]}
{"IMU":[0.03181914329528809, -0.0062958264350891115, 0.78]}
{"Kalman":[0.3133952462946066, -0.05102166227980043, 0.7747728500610367]}
{"CMD":[1.3942585953389526, 18.76270855709317, 0, 3.3971294890786035]}
{"Distance":[0.7244008330353204]}
{"Time":[1615322644.9594362]}
{"IMU":[0.03181914329528809, -0.0062958264350891115, 0.78]}
{"Kalman":[0.3133952462946066, -0.05102166227980043, 0.7747728500610367]}
{"CMD":[1.3942585953389526, 18.76270855709317, 0, 3.3971294890786035]}
{"Distance":[0.7244008330353204]}
{"Time":[1615322645.0103085]}
{"IMU":[0.03181914329528809, -0.0062958264350891115, 0.78]}
{"Kalman":[0.3133952462946066, -0.05102166227980043, 0.7747728500610367]}
{"CMD":[1.3942585953389526, 18.76270855709317, 0, 3.3971294890786035]}
{"Distance":[0.7244008330353204]}
{"Time":[1615322645.0749094]}
{"IMU":[0.03181914329528809, -0.0062958264350891115, 0.78]}
{"Kalman":[0.3133952462946066, -0.05102166227980043, 0.7747728500610367]}
{"CMD":[1.3942585953389526, 18.76270855709317, 0, 3.3971294890786035]}
{"Distance":[0.7244008330353204]}
{"Time":[1615322645.1423023]}
{"IMU":[0.11521831512451172, -0.01728224754333496, 0.81]}
{"Kalman":[0.5321512850839056, -0.04207704879752999, 0.8057181980803971]}
{"CMD":[1.2845983249065545, 13.532568563305677, 0, 2.9331456909431557]}
{"Distance":[0.5083289453112801]}
{"Time":[1615322645.2151554]}
{"IMU":[0.11521831512451172, -0.01728224754333496, 0.81]}
{"Kalman":[0.6326841802767526, -0.023958240121869975, 0.805774409287029]}
{"CMD":[0.6547019584725775, 10.037564751312807, 0, 2.929529063985198]}
{"Distance":[0.4161952531883334]}
{"Time":[1615322645.284388]}
{"IMU":[0.11521831512451172, -0.01728224754333496, 0.81]}
{"Kalman":[0.6326841802767526, -0.023958240121869975, 0.805774409287029]}
{"CMD":[0.6547019584725775, 10.037564751312807, 0, 2.929529063985198]}
{"Distance":[0.4161952531883334]}
{"Time":[1615322645.3493989]}
{"IMU":[0.11521831512451172, -0.01728224754333496, 0.81]}
{"Kalman":[0.6326841802767526, -0.023958240121869975, 0.805774409287029]}
{"CMD":[0.6547019584725775, 10.037564751312807, 0, 2.929529063985198]}
{"Distance":[0.4161952531883334]}
{"Time":[1615322645.4190438]}
{"IMU":[0.11521831512451172, -0.01728224754333496, 0.81]}
{"Kalman":[0.6326841802767526, -0.023958240121869975, 0.805774409287029]}
{"CMD":[0.6547019584725775, 10.037564751312807, 0, 2.929529063985198]}
{"Distance":[0.4161952531883334]}
{"Time":[1615322645.5089328]}
{"IMU":[0.11521831512451172, -0.01728224754333496, 0.81]}
{"Kalman":[0.6326841802767526, -0.023958240121869975, 0.805774409287029]}
