{"IMU":[]}
{"Kalman":[-63383359855.74058, -993491456302.9312, 7812245555.541196]}
{"UWB":[1008280410.0, 1823045440.0, -17099715800.0]}
{"Distance":[995511287758.0283]}
{"Time":[0.6]}
{"Title":['ModelBasedAgendUWB_PID']}
{"IMU":[]}
{"Kalman":[22730666102105.996, 101748370224897.23, -16390660317.895132]}
{"UWB":[6296490190.0, -958411223.0, -5478919420.0]}
{"Distance":[104256481932147.22]}
{"Time":[1.1]}
{"Title":['ModelBasedAgendUWB_PID']}
{"IMU":[]}
{"Kalman":[-379694147052343.0, -622635431953875.9, 3642266691893.135]}
{"UWB":[-907762547000000.0, 709917966000000.0, -3277116700000000.0]}
{"Distance":[729275343358183.6]}
{"Time":[1.7]}
{"Title":['ModelBasedAgendUWB_PID']}
{"IMU":[]}
{"Kalman":[4226096062853.2324, 8485550592565.922, -8519547800.142658]}
{"UWB":[16723841.77803071, -10062977.27138729, -21435676.61374359]}
{"Distance":[9479686534450.967]}
{"Time":[2.2]}
{"Title":['ModelBasedAgendUWB_PID']}
{"IMU":[]}
{"Kalman":[-732650962703944.5, -2663520251297872.5, 20571680607315.734]}
{"UWB":[53877821.90033028, -34299860.179235, -75905184.47671555]}
{"Distance":[2762447748324826.0]}
{"Time":[2.8]}
{"Title":['ModelBasedAgendUWB_PID']}
{"IMU":[]}
{"Kalman":[1009101847194.6025, 4340100313148.586, -129166970279.70953]}
{"UWB":[-5320532870.0, -11164612700.0, 104380534000.0]}
{"Distance":[4455867734370.265]}
{"Time":[3.4]}
{"Title":['ModelBasedAgendUWB_PID']}
{"IMU":[]}
{"Kalman":[151840070929637.47, 59399410077529.29, -1198379672450.1863]}
{"UWB":[1003253300000000.0, 213375539000000.0, -3665621100000000.0]}
{"Distance":[163045076765523.72]}
{"Time":[4.0]}
{"Title":['ModelBasedAgendUWB_PID']}
{"IMU":[]}
{"Kalman":[151840070929637.47, 59399410077529.29, -1198379672450.1863]}
{"UWB":[210829838000000.0, -485362730000000.0, 1147655870000000.0]}
{"Distance":[163045076765523.72]}
{"Time":[4.5]}
{"Title":['ModelBasedAgendUWB_PID']}
{"IMU":[]}
{"Kalman":[151840070929637.47, 59399410077529.29, -1198379672450.1863]}
{"UWB":[593022831.0, -40697657.5, -67343724.8]}
{"Distance":[163045076765523.72]}
{"Time":[5.0]}
{"Title":['ModelBasedAgendUWB_PID']}
{"IMU":[]}
{"Kalman":[-46732247605531.016, 41466978558345.16, 82249654514.05276]}
{"UWB":[319690975000000.0, 954063478000000.0, -3329741880000000.0]}
{"Distance":[62477302094624.81]}
{"Time":[5.5]}
{"Title":['ModelBasedAgendUWB_PID']}
{"IMU":[]}
{"Kalman":[-46732247605531.016, 41466978558345.16, 82249654514.05276]}
{"UWB":[931226734000000.0, 2774053150000000.0, -9664684370000000.0]}
{"Distance":[62477302094624.81]}
{"Time":[6.0]}
{"Title":['ModelBasedAgendUWB_PID']}
{"IMU":[]}
{"Kalman":[-46732247605531.016, 41466978558345.16, 82249654514.05276]}
{"UWB":[1067928980000000.0, -4105325430000000.0, -4592824360000000.0]}
{"Distance":[62477302094624.81]}
{"Time":[6.5]}
{"Title":['ModelBasedAgendUWB_PID']}
{"IMU":[]}
{"Kalman":[-46732247605531.016, 41466978558345.16, 82249654514.05276]}
{"UWB":[-2251761580.0, 740277385.0, 3338868930.0]}
{"Distance":[62477302094624.81]}
{"Time":[7.0]}
{"Title":['ModelBasedAgendUWB_PID']}
{"IMU":[]}
{"Kalman":[-46732247605531.016, 41466978558345.16, 82249654514.05276]}
{"UWB":[-4049621620000.0, 2416904970000.0, -22356705500000.0]}
{"Distance":[62477302094624.81]}
{"Time":[7.5]}
{"Title":['ModelBasedAgendUWB_PID']}
{"IMU":[]}
{"Kalman":[-46732247605531.016, 41466978558345.16, 82249654514.05276]}
{"UWB":[-1976899050000000.0, 1092570220000000.0, -1516592000000000.0]}
{"Distance":[62477302094624.81]}
{"Time":[8.0]}
{"Title":['ModelBasedAgendUWB_PID']}
{"IMU":[]}
{"Kalman":[-46732247605531.016, 41466978558345.16, 82249654514.05276]}
{"UWB":[-36255748.0, -84028256.7, 153707260.0]}
{"Distance":[62477302094624.81]}
{"Time":[8.5]}
{"Title":['ModelBasedAgendUWB_PID']}
{"IMU":[]}
{"Kalman":[-46732247605531.016, 41466978558345.16, 82249654514.05276]}
{"UWB":[-2294265610.0, 525189170.0, 4245318660.0]}
{"Distance":[62477302094624.81]}
{"Time":[9.1]}
{"Title":['ModelBasedAgendUWB_PID']}
{"IMU":[]}
{"Kalman":[-46732247605531.016, 41466978558345.16, 82249654514.05276]}
{"UWB":[10.03572905, 2.56029467, -18.97611981]}
{"Distance":[62477302094624.81]}
{"Time":[9.6]}
{"Title":['ModelBasedAgendUWB_PID']}
{"IMU":[]}
{"Kalman":[-46732247605531.016, 41466978558345.16, 82249654514.05276]}
{"UWB":[-23262659600000.0, -63487887600000.0, 207802793000000.0]}
{"Distance":[62477302094624.81]}
{"Time":[10.1]}
{"Title":['ModelBasedAgendUWB_PID']}
{"IMU":[]}
{"Kalman":[64885189055.54657, 182906186688.95465, -72798950.99176669]}
{"UWB":[-10335281.73371449, -25331233.99210161, 34994589.51275855]}
{"Distance":[194074111843.2311]}
{"Time":[10.6]}
{"Title":['ModelBasedAgendUWB_PID']}
{"IMU":[]}
{"Kalman":[64885189055.54657, 182906186688.95465, -72798950.99176669]}
{"UWB":[-607614747000000.0, -41315121900000.0, 327167802000000.0]}
{"Distance":[194074111843.2311]}
{"Time":[11.1]}
{"Title":['ModelBasedAgendUWB_PID']}
{"IMU":[]}
{"Kalman":[64885189055.54657, 182906186688.95465, -72798950.99176669]}
{"UWB":[293209865.0, -36096367.7, -352777367.0]}
{"Distance":[194074111843.2311]}
{"Time":[11.7]}
{"Title":['ModelBasedAgendUWB_PID']}
{"IMU":[]}
{"Kalman":[64885189055.54657, 182906186688.95465, -72798950.99176669]}
{"UWB":[-3638364760000000.0, -163519417000000.0, -1.62415212e+16]}
{"Distance":[194074111843.2311]}
{"Time":[12.2]}
{"Title":['ModelBasedAgendUWB_PID']}
{"IMU":[]}
{"Kalman":[64885189055.54657, 182906186688.95465, -72798950.99176669]}
{"UWB":[1332136170000.0, -875372649000.0, 8525821060000.0]}
{"Distance":[194074111843.2311]}
{"Time":[12.7]}
{"Title":['ModelBasedAgendUWB_PID']}
{"IMU":[]}
{"Kalman":[64885189055.54657, 182906186688.95465, -72798950.99176669]}
{"UWB":[-99878694.28665571, -2284893.07219032, 7194026.44688709]}
{"Distance":[194074111843.2311]}
{"Time":[13.2]}
{"Title":['ModelBasedAgendUWB_PID']}
{"IMU":[]}
{"Kalman":[64885189055.54657, 182906186688.95465, -72798950.99176669]}
{"UWB":[-22963256900.0, -57979242700.0, 244521365000.0]}
{"Distance":[194074111843.2311]}
{"Time":[13.7]}
{"Title":['ModelBasedAgendUWB_PID']}
{"IMU":[]}
{"Kalman":[64885189055.54657, 182906186688.95465, -72798950.99176669]}
{"UWB":[908612033000000.0, 328163382000000.0, -7966058120000000.0]}
{"Distance":[194074111843.2311]}
{"Time":[14.2]}
{"Title":['ModelBasedAgendUWB_PID']}
{"IMU":[]}
{"Kalman":[64885189055.54657, 182906186688.95465, -72798950.99176669]}
{"UWB":[-2160227700000000.0, 1048201180000000.0, -1.42254686e+16]}
{"Distance":[194074111843.2311]}
{"Time":[14.7]}
{"Title":['ModelBasedAgendUWB_PID']}
{"IMU":[]}
{"Kalman":[64885189055.54657, 182906186688.95465, -72798950.99176669]}
{"UWB":[-1772756930.0, -2381663860.0, -18694330200.0]}
{"Distance":[194074111843.2311]}
{"Time":[15.2]}
{"Title":['ModelBasedAgendUWB_PID']}
{"IMU":[]}
{"Kalman":[908951931134.2661, -4734892685770.231, 1035402371.064393]}
{"UWB":[-158735992000000.0, 310378436000000.0, -1147763190000000.0]}
{"Distance":[4821348603748.886]}
{"Time":[15.8]}
{"Title":['ModelBasedAgendUWB_PID']}
{"IMU":[]}
{"Kalman":[908951931134.2661, -4734892685770.231, 1035402371.064393]}
{"UWB":[9290472840000000.0, 1232963870000000.0, -792911107000000.0]}
{"Distance":[4821348603748.886]}
{"Time":[16.4]}
{"Title":['ModelBasedAgendUWB_PID']}
{"IMU":[]}
{"Kalman":[908951931134.2661, -4734892685770.231, 1035402371.064393]}
{"UWB":[741689530.0, 297376033.0, -2064225090.0]}
{"Distance":[4821348603748.886]}
{"Time":[16.9]}
{"Title":['ModelBasedAgendUWB_PID']}
{"IMU":[]}
{"Kalman":[9385240324537.418, -60816123823728.31, -19183152203.165695]}
{"UWB":[43002985.08475559, -16147152.35396142, -24190621.51112819]}
{"Distance":[61536035401156.27]}
{"Time":[17.4]}
{"Title":['ModelBasedAgendUWB_PID']}
{"IMU":[]}
{"Kalman":[9385240324537.418, -60816123823728.31, -19183152203.165695]}
{"UWB":[1446664400.0, 90279388.1, -5475072050.0]}
{"Distance":[61536035401156.27]}
{"Time":[18.0]}
{"Title":['ModelBasedAgendUWB_PID']}
{"IMU":[]}
{"Kalman":[9385240324537.418, -60816123823728.31, -19183152203.165695]}
{"UWB":[3608381.71936755, -1633893.17868698, -1957614.40495998]}
{"Distance":[61536035401156.27]}
{"Time":[18.5]}
