{"IMU":[2.10927393 2.25378443 0.64      ]}
{"Kalman":[0.4142010700054803, 0.43374413082863406, 0.6399999999999999]}
{"UWB":[2.52817441, 2.76937317, -2.7789718]}
{"Distance":[6.041566134989327]}
{"Time":[1615397060.6980724]}
