{"IMU":[2.2588599438405605, 1.9791949808895113, 0.64]}
{"Kalman":[2.329688818678981, 2.142382197935813, 0.64]}
{"UWB":[2.3634990284127477, 2.20998393755544, 1.5738332000318034]}
{"Distance":[1.1301156196274977]}
{"Time":[1615474431.4243357]}
{"IMU":[2.2588599438405605, 1.9791949808895113, 0.64]}
{"Kalman":[2.329688818678981, 2.142382197935813, 0.64]}
{"UWB":[2.3646861146688174, 2.2091348537853763, 1.5737411759937456]}
{"Distance":[1.1301156196274977]}
{"Time":[1615474431.4578927]}
{"IMU":[2.2588599438405605, 1.9791949808895113, 0.64]}
{"Kalman":[2.329688818678981, 2.142382197935813, 0.64]}
{"UWB":[2.365858315830767, 2.2082964168337456, 1.5736503058621212]}
{"Distance":[1.1301156196274977]}
{"Time":[1615474431.4799652]}
{"IMU":[2.2588599438405605, 1.9791949808895113, 0.64]}
{"Kalman":[2.329688818678981, 2.142382197935813, 0.64]}
{"UWB":[2.367015910124655, 2.2074684276945966, 1.5735605680685856]}
{"Distance":[1.1301156196274977]}
{"Time":[1615474431.5138943]}
{"IMU":[2.2588599438405605, 1.9791949808895113, 0.64]}
{"Kalman":[2.329688818678981, 2.142382197935813, 0.64]}
{"UWB":[2.368159168885492, 2.2066506922909164, 1.5734719415789946]}
{"Distance":[1.1301156196274977]}
{"Time":[1615474431.5294423]}
{"IMU":[2.2588599438405605, 1.9791949808895113, 0.64]}
{"Kalman":[2.329688818678981, 2.142382197935813, 0.64]}
{"UWB":[2.3692883567692724, 2.2058430213229743, 1.573384405876968]}
{"Distance":[1.1301156196274977]}
{"Time":[1615474431.5443692]}
{"IMU":[2.2588599438405605, 1.9791949808895113, 0.64]}
{"Kalman":[2.329688818678981, 2.142382197935813, 0.64]}
{"UWB":[2.370403731957227, 2.2050452301222236, 1.5732979409480548]}
{"Distance":[1.1301156196274977]}
{"Time":[1615474431.560989]}
{"IMU":[2.2588599438405605, 1.9791949808895113, 0.64]}
{"Kalman":[2.329688818678981, 2.142382197935813, 0.64]}
{"UWB":[2.3715055463526227, 2.2042571385105405, 1.573212527264478]}
{"Distance":[1.1301156196274977]}
{"Time":[1615474431.576641]}
{"IMU":[2.2588599438405605, 1.9791949808895113, 0.64]}
{"Kalman":[2.329688818678981, 2.142382197935813, 0.64]}
{"UWB":[2.3725940457704304, 2.203478570664557, 1.5731281457704305]}
{"Distance":[1.1301156196274977]}
{"Time":[1615474431.5946345]}
{"IMU":[2.2588599438405605, 1.9791949808895113, 0.64]}
{"Kalman":[2.329688818678981, 2.142382197935813, 0.64]}
{"UWB":[2.373669470120156, 2.2027093549848917, 1.5730447778679033]}
{"Distance":[1.1301156196274977]}
{"Time":[1615474431.6254966]}
{"IMU":[2.2588599438405605, 1.9791949808895113, 0.64]}
{"Kalman":[2.329688818678981, 2.142382197935813, 0.64]}
{"UWB":[2.374258930119438, 2.2019405305969206, 1.5730306342985452]}
{"Distance":[1.1301156196274977]}
{"Time":[1615474431.6453857]}
{"IMU":[2.2588599438405605, 1.9791949808895113, 0.64]}
{"Kalman":[2.329688818678981, 2.142382197935813, 0.64]}
{"UWB":[2.374841393560865, 2.2011808317209733, 1.573016658605381]}
{"Distance":[1.1301156196274977]}
{"Time":[1615474431.6686237]}
{"IMU":[2.2588599438405605, 1.9791949808895113, 0.64]}
{"Kalman":[2.329688818678981, 2.142382197935813, 0.64]}
{"UWB":[2.3754169842773196, 2.2004300968435624, 1.5730028478171512]}
{"Distance":[1.1301156196274977]}
{"Time":[1615474431.686677]}
{"IMU":[2.2588599438405605, 1.9791949808895113, 0.64]}
{"Kalman":[2.329688818678981, 2.142382197935813, 0.64]}
{"UWB":[2.3759858231965136, 2.199688168240373, 1.5729891990323022]}
{"Distance":[1.1301156196274977]}
{"Time":[1615474431.7030027]}
{"IMU":[2.2588599438405605, 1.9791949808895113, 0.64]}
{"Kalman":[2.329688818678981, 2.142382197935813, 0.64]}
{"UWB":[2.3765480284256877, 2.198954891865792, 1.5729757094169559]}
{"Distance":[1.1301156196274977]}
{"Time":[1615474431.7212434]}
{"IMU":[2.2588599438405605, 1.9791949808895113, 0.64]}
{"Kalman":[2.329688818678981, 2.142382197935813, 0.64]}
{"UWB":[2.3770110565217704, 2.198548109912946, 1.5728403593043958]}
{"Distance":[1.1301156196274977]}
{"Time":[1615474431.740222]}
{"IMU":[2.2588599438405605, 1.9791949808895113, 0.64]}
{"Kalman":[2.329688818678981, 2.142382197935813, 0.64]}
{"UWB":[2.37737662236314, 2.198462176945147, 1.5725852557925566]}
{"Distance":[1.1301156196274977]}
{"Time":[1615474431.7576122]}
{"IMU":[2.2588599438405605, 1.9791949808895113, 0.64]}
{"Kalman":[2.329688818678981, 2.142382197935813, 0.64]}
{"UWB":[2.377737998338133, 2.1983772288824235, 1.5723330761032026]}
{"Distance":[1.1301156196274977]}
{"Time":[1615474431.77642]}
{"IMU":[2.260705298874435, 2.005306714802933, 0.66]}
{"Kalman":[2.3410071517976343, 2.1424856264742633, 0.66]}
{"UWB":[2.379822166703605, 2.1978873068143057, 1.5708786768975658]}
{"Distance":[1.1221476622945092]}
{"Time":[1615474431.8379283]}
{"IMU":[2.260705298874435, 2.005306714802933, 0.66]}
{"Kalman":[2.341914423536177, 2.1586835161209543, 0.66]}
{"UWB":[2.38327319150793, 2.1977803255554664, 1.571902493015942]}
{"Distance":[1.1067660408072333]}
{"Time":[1615474431.9627492]}
{"IMU":[2.260705298874435, 2.005306714802933, 0.66]}
{"Kalman":[2.3435272091327293, 2.158999251643314, 0.66]}
{"UWB":[2.3856647458914764, 2.1982335705425644, 1.5751821292248795]}
{"Distance":[1.106239708363867]}
{"Time":[1615474432.0294569]}
{"IMU":[2.260705298874435, 2.005306714802933, 0.66]}
{"Kalman":[2.3435272091327293, 2.158999251643314, 0.66]}
{"UWB":[2.3859227155784137, 2.1983782922364306, 1.575520375758427]}
{"Distance":[1.106239708363867]}
{"Time":[1615474432.0637774]}
{"IMU":[2.260705298874435, 2.005306714802933, 0.66]}
{"Kalman":[2.3435272091327293, 2.158999251643314, 0.66]}
{"UWB":[2.3861780461892694, 2.1985215334014594, 1.5758551619693808]}
{"Distance":[1.106239708363867]}
{"Time":[1615474432.0964327]}
{"IMU":[2.260705298874435, 2.005306714802933, 0.66]}
{"Kalman":[2.3435272091327293, 2.158999251643314, 0.66]}
{"UWB":[2.3864307780152823, 2.1986633166411442, 1.5761865406870932]}
{"Distance":[1.106239708363867]}
{"Time":[1615474432.140971]}
{"IMU":[2.260705298874435, 2.005306714802933, 0.66]}
{"Kalman":[2.3435272091327293, 2.158999251643314, 0.66]}
{"UWB":[2.3866809505316646, 2.1988036641011868, 1.5765145636709554]}
{"Distance":[1.106239708363867]}
{"Time":[1615474432.1595576]}
{"IMU":[2.260705298874435, 2.005306714802933, 0.66]}
{"Kalman":[2.3435272091327293, 2.158999251643314, 0.66]}
{"UWB":[2.386928602418159, 2.1989425974810275, 1.576839281637348]}
{"Distance":[1.106239708363867]}
{"Time":[1615474432.1842573]}
{"IMU":[2.260705298874435, 2.005306714802933, 0.66]}
{"Kalman":[2.3435272091327293, 2.158999251643314, 0.66]}
{"UWB":[2.387173771578974, 2.19908013804503, 1.5771607442857816]}
{"Distance":[1.106239708363867]}
{"Time":[1615474432.2071958]}
{"IMU":[2.260705298874435, 2.005306714802933, 0.66]}
{"Kalman":[2.3435272091327293, 2.158999251643314, 0.66]}
{"UWB":[2.387416495162125, 2.199216306633332, 1.5774790003242558]}
{"Distance":[1.106239708363867]}
{"Time":[1615474432.2395408]}
{"IMU":[2.260705298874435, 2.005306714802933, 0.66]}
{"Kalman":[2.3435272091327293, 2.158999251643314, 0.66]}
{"UWB":[2.3878583420844013, 2.199435365359715, 1.5781193783375345]}
{"Distance":[1.106239708363867]}
{"Time":[1615474432.266647]}
{"IMU":[2.260705298874435, 2.005306714802933, 0.66]}
{"Kalman":[2.3435272091327293, 2.158999251643314, 0.66]}
{"UWB":[2.388295825086457, 2.1996522605431217, 1.578753431629694]}
{"Distance":[1.106239708363867]}
{"Time":[1615474432.2880495]}
{"IMU":[2.2604362482762905, 2.1036252618133546, 0.69]}
{"Kalman":[2.346944067604458, 2.2315785993154815, 0.69]}
{"UWB":[2.392932914376535, 2.2021113207763867, 1.5857279422118238]}
{"Distance":[1.0282830970823325]}
{"Time":[1615474432.4345508]}
{"IMU":[2.2604362482762905, 2.1036252618133546, 0.69]}
{"Kalman":[2.349678650216911, 2.2372958311447593, 0.69]}
{"UWB":[2.3970395115873764, 2.204494114399043, 1.592229751473983]}
{"Distance":[1.0224949021544656]}
{"Time":[1615474432.5430303]}
{"IMU":[2.2604362482762905, 2.1036252618133546, 0.69]}
{"Kalman":[2.350024563527965, 2.23749739287903, 0.69]}
{"UWB":[2.3974305796614748, 2.2058072248983716, 1.593031002392838]}
{"Distance":[1.022254322690612]}
{"Time":[1615474432.581305]}
