{"IMU":[-0.0025784018635749816, 0.005730953812599182, 0.79]}
{"Kalman":[0.038631773367822315, 0.012868805907489917, 0.79]}
{"CMD":[-5, 10.440910283018653, 0, 5]}
{"Distance":[0.50707617446613]}
{"Time":[1616765960.0332806]}
{"IMU":[0.07080758571624755, -0.004991218447685242, 0.83]}
{"Kalman":[0.15740524057662755, -0.014437406806013658, 0.83]}
{"CMD":[-5, 8.554237361638508, 0, 5]}
{"Distance":[0.38272654454537225]}
{"Time":[1616765960.5508661]}
{"IMU":[0.1560943603515625, -0.03721420526504517, 0.86]}
{"Kalman":[0.2610665075796058, -0.058765408497343234, 0.86]}
{"CMD":[5, 6.352056170737126, 0, 5]}
{"Distance":[0.2830946609105622]}
{"Time":[1616765961.138794]}
{"IMU":[0.270814323425293, -0.07922160625457764, 0.9]}
{"Kalman":[0.3913478570859913, -0.11199196528022738, 0.9]}
{"CMD":[5, 5, 0, 5]}
{"Distance":[0.18533075418595216]}
{"Time":[1616765961.6725373]}
