{"IMU":[0.00021920990198850631, -0.0020068296790122985, 0.83]}
{"Kalman":[-0.0010131069929466988, 0.005299418597570743, 0.83]}
{"CMD":[0, 7.205611418539227, 0, 5]}
{"Distance":[1.0153597018835958]}
{"Time":[0.5]}
{"Title":['ModelBasedPID']}
{"IMU":[0.011613575220108032, 0.008416416049003601, 0.85]}
{"Kalman":[0.03556701321120179, 0.019994296436618417, 0.85]}
{"CMD":[0, 7.207178431547071, 0, 5]}
{"Distance":[0.9762329424355426]}
{"Time":[1.1]}
{"Title":['ModelBasedPID']}
{"IMU":[0.06657014846801758, -0.003122056722640991, 0.87]}
{"Kalman":[0.12112554382234453, -0.03454687209624271, 0.87]}
{"CMD":[-5, 6.951100916872193, 0, 5]}
{"Distance":[0.889108427635912]}
{"Time":[1.6]}
{"Title":['ModelBasedPID']}
{"IMU":[0.21633087158203124, -0.14387066841125487, 0.9]}
{"Kalman":[0.28002894217387375, -0.2429875468652618, 0.9]}
{"CMD":[5, 6.352165402912376, 0, 5]}
{"Distance":[0.766421080111233]}
{"Time":[2.1]}
{"Title":['ModelBasedPID']}
{"IMU":[0.3218085861206055, -0.14625239372253418, 0.92]}
{"Kalman":[0.4281878137970787, -0.14158828699320342, 0.92]}
{"CMD":[5, 5.239811310649977, 0, 5]}
{"Distance":[0.5944883676774795]}
{"Time":[2.7]}
{"Title":['ModelBasedPID']}
{"IMU":[0.4250963592529297, -0.10950986862182617, 0.95]}
{"Kalman":[0.5327896212874494, -0.07740848284871957, 0.95]}
{"CMD":[5, 5, 0, 5]}
{"Distance":[0.47621172937430406]}
{"Time":[3.2]}
{"Title":['ModelBasedPID']}
{"IMU":[0.5304923248291016, -0.049786534309387204, 0.97]}
{"Kalman":[0.6416221080818094, 0.005743855528185932, 0.97]}
{"CMD":[5, 5, 0, 5]}
{"Distance":[0.3596772237604919]}
{"Time":[3.7]}
{"Title":['ModelBasedPID']}
{"IMU":[0.6377688598632812, 0.023089854717254638, 1.0]}
{"Kalman":[0.7469689991491222, 0.0743852907925459, 1.0]}
{"CMD":[0, 5, 0, 5]}
{"Distance":[0.26373823931672963]}
{"Time":[4.3]}
{"Title":['ModelBasedPID']}
{"IMU":[0.7660990905761719, 0.05361281871795654, 1.03]}
{"Kalman":[0.9369924250337096, 0.0530852897247939, 1.03]}
{"CMD":[-5, 5, 0, 0]}
{"Distance":[0.08768125505658558]}
{"Time":[4.8]}
{"Title":['ModelBasedPID']}
