{"IMU":[2.5671347944120506, 2.0536108103234545, 0.63]}
{"Kalman":[2.6298964203680057, 2.0479137783769317, 0.6263468149369198]}
{"UWB":[2.65467027, 2.05650316, 1.32383342]}
{"Distance":[1.6502030312196996]}
{"Time":[1615563130.980671]}
{"IMU":[2.5780069826225382, 2.075163662119605, 0.66]}
{"Kalman":[2.4265823781112665, 2.0972710245973563, 0.6562241838033311]}
{"UWB":[2.33402253, 2.11551126, 2.72260642]}
{"Distance":[1.5920236273562105]}
{"Time":[1615563131.5672846]}
{"IMU":[2.596940991697703, 2.1080048224169987, 0.68]}
{"Kalman":[2.6026496133174395, 2.0759833900188425, 0.6752860170471519]}
{"UWB":[2.57527105, 2.07783451, 0.93980773]}
{"Distance":[1.6104360907331583]}
{"Time":[1615563132.1702676]}
{"IMU":[2.615257012663279, 2.1496843287188785, 0.7]}
{"Kalman":[2.5821280830548554, 2.154175935136684, 0.6946053169213586]}
{"UWB":[2.50148999, 2.17910107, 1.20413923]}
{"Distance":[1.5288886707354405]}
{"Time":[1615563132.7122009]}
{"IMU":[2.642277214346324, 2.2073926016528382, 0.73]}
{"Kalman":[2.5815703910263097, 2.2869227545007997, 0.7259327346208663]}
{"UWB":[2.37645559, 2.32903126, 1.11152665]}
{"Distance":[1.3927477057393662]}
{"Time":[1615563133.2253075]}
{"IMU":[2.668616115866099, 2.2899616476733464, 0.75]}
{"Kalman":[2.5435048545736585, 2.4860075793838066, 0.745110220315203]}
{"UWB":[2.419612, 2.60212892, 1.37561613]}
{"Distance":[1.1923673206739545]}
{"Time":[1615563133.73764]}
{"IMU":[2.693978187857066, 2.394067749663092, 0.77]}
{"Kalman":[2.5098141389761697, 2.558833896250498, 0.7674862284570092]}
{"UWB":[2.37702007, 2.6936581, 1.26415769]}
{"Distance":[1.1157071467248285]}
{"Time":[1615563134.2650392]}
{"IMU":[2.732539331732188, 2.626354622526862, 0.81]}
{"Kalman":[2.468521441333409, 2.8405595719988543, 0.8053955004540158]}
{"UWB":[2.26758304, 2.95667072, 1.22269224]}
{"Distance":[0.8331000044304085]}
{"Time":[1615563134.9202046]}
{"IMU":[2.743967039404307, 2.711275391264655, 0.83]}
{"Kalman":[2.5397434113017843, 3.3258560370463095, 0.8287189408835406]}
{"UWB":[2.39512682, 3.638013, 2.77841391]}
{"Distance":[0.36876286238351375]}
{"Time":[1615563135.607441]}
{"IMU":[2.747777197180186, 2.765768112822272, 0.84]}
{"Kalman":[2.481894589309188, 3.331977005011021, 0.8407659697211876]}
{"UWB":[2.30848898, 3.61728397, 2.27959208]}
{"Distance":[0.35612063635357716]}
{"Time":[1615563136.2024055]}
{"IMU":[2.7465611861328227, 2.8013620611865298, 0.86]}
{"Kalman":[2.5281877171870755, 3.515937119597593, 0.8605759983821051]}
{"UWB":[2.41403102, 3.94145441, 3.14262731]}
{"Distance":[0.19546471683952432]}
{"Time":[1615563136.7297478]}
