{"IMU":[-0.0025620311498641968, -0.01298236608505249, 0.64]}
{"Kalman":[4.216059652087186, 2.42818144625625, 1.2858703347378295]}
{"UWB":[4.2481362, 2.44903525, 3.11326809]}
{"Distance":[1.7853854120534134]}
{"Time":[0.5]}
{"Title":['ModelBasedAgendUWB_LQR']}
{"IMU":[0.013881943225860595, -7.465456146746874e-05, 0.63]}
{"Kalman":[4.310514182673486, 2.4923138159939233, 1.2650744460461303]}
{"UWB":[4.40101833, 2.56039266, 3.07165587]}
{"Distance":[1.6895033010834917]}
{"Time":[1.4]}
{"Title":['ModelBasedAgendUWB_LQR']}
{"IMU":[0.11930439949035644, 0.056364278793334964, 0.63]}
{"Kalman":[4.492106839223342, 2.6152349724125576, 1.2668356192947332]}
{"UWB":[4.56969668, 2.73262749, 3.27016788]}
{"Distance":[1.5122899467972215]}
{"Time":[1.9]}
{"Title":['ModelBasedAgendUWB_LQR']}
{"IMU":[0.21877592086791992, 0.08593633651733398, 0.61]}
{"Kalman":[4.677398571125285, 2.7153421589086975, 1.232010136434238]}
{"UWB":[4.81015605, 2.87663058, 3.35193563]}
{"Distance":[1.3400174570000558]}
{"Time":[2.5]}
{"Title":['ModelBasedAgendUWB_LQR']}
{"IMU":[0.36260807037353515, 0.10500330924987793, 0.6]}
{"Kalman":[4.967716090617176, 2.6657870071384973, 1.2067000920783466]}
{"UWB":[5.13969132, 2.77286215, 2.80254062]}
{"Distance":[1.0455120282936137]}
{"Time":[3.1]}
{"Title":['ModelBasedAgendUWB_LQR']}
{"IMU":[0.560645980834961, 0.11398495674133301, 0.6]}
{"Kalman":[5.207608862798157, 2.7275934051358166, 1.2057564969908448]}
{"UWB":[5.41167033, 2.90351501, 2.67324502]}
{"Distance":[0.8244285732417006]}
{"Time":[3.7]}
{"Title":['ModelBasedAgendUWB_LQR']}
{"IMU":[0.7753006744384766, 0.11255921363830566, 0.59]}
{"Kalman":[5.474204032789631, 2.771317587181867, 1.1868541551201899]}
{"UWB":[5.65608475, 2.97762268, 2.56432836]}
{"Distance":[0.5916710507105089]}
{"Time":[4.2]}
{"Title":['ModelBasedAgendUWB_LQR']}
{"IMU":[1.018661880493164, 0.10158087730407715, 0.58]}
{"Kalman":[5.814562472998086, 2.7949991216664754, 1.167325490362324]}
{"UWB":[6.05972749, 3.03377425, 2.37081498]}
{"Distance":[0.34844161376703797]}
{"Time":[4.8]}
{"Title":['ModelBasedAgendUWB_LQR']}
{"IMU":[1.7418763732910156, 0.008896215558052064, 0.54]}
{"Kalman":[7.071596588467028, 2.8494530764227752, 1.0896212478792933]}
{"UWB":[7.92942354, 3.25565894, 3.42516793]}
{"Distance":[1.1271365050585116]}
{"Time":[6.0]}
{"Title":['ModelBasedAgendUWB_LQR']}
{"IMU":[1.9469520568847656, -0.04055618286132812, 0.52]}
{"Kalman":[7.678771666240668, 3.0085400273074443, 1.0466868691159292]}
{"UWB":[8.73737732, 3.5654747, -1.09906977]}
{"Distance":[1.7541058311134838]}
{"Time":[6.6]}
{"Title":['ModelBasedAgendUWB_LQR']}
{"IMU":[2.055400848388672, -0.08190711975097656, 0.5]}
{"Kalman":[6.93981401030161, 2.530098903925936, 1.0096678017904295]}
{"UWB":[7.44294983, 2.7393152, 1.79295591]}
{"Distance":[0.9402958672549498]}
{"Time":[7.2]}
{"Title":['ModelBasedAgendUWB_LQR']}
{"IMU":[2.077157745361328, -0.11536749839782715, 0.48]}
{"Kalman":[7.265634597837251, 2.812733944761289, 0.9683142114165483]}
{"UWB":[8.07928237, 3.27202006, 1.16186637]}
{"Distance":[1.3036999100439555]}
{"Time":[7.8]}
{"Title":['ModelBasedAgendUWB_LQR']}
{"IMU":[2.019483795166016, -0.2034299087524414, 0.48]}
{"Kalman":[7.061821280847561, 2.356142702537308, 0.9595634287340877]}
{"UWB":[7.75554589, 2.44839253, -1.20588972]}
{"Distance":[1.071521980406387]}
{"Time":[8.4]}
{"Title":['ModelBasedAgendUWB_LQR']}
{"IMU":[1.945107421875, -0.2584507369995117, 0.5]}
{"Kalman":[6.594411013960053, 2.1915937986233613, 0.9924883557423599]}
{"UWB":[7.07573225, 2.27315933, 2.2419204]}
{"Distance":[0.6696557612419876]}
{"Time":[9.1]}
{"Title":['ModelBasedAgendUWB_LQR']}
{"IMU":[1.816875, -0.28532562255859373, 0.52]}
{"Kalman":[6.304540975412095, 2.0846282744016453, 1.0378650848607385]}
{"UWB":[6.71582301, 2.0724278, 0.14678304]}
{"Distance":[0.5150523042677367]}
{"Time":[9.6]}
{"Title":['ModelBasedAgendUWB_LQR']}
{"IMU":[1.667802276611328, -0.29540788650512695, 0.51]}
{"Kalman":[6.152553197374914, 2.1675481110567536, 1.025554788474126]}
{"UWB":[6.60025923, 2.22062968, 2.34278173]}
{"Distance":[0.3657823621926597]}
{"Time":[10.2]}
{"Title":['ModelBasedAgendUWB_LQR']}
{"IMU":[1.1209557342529297, -0.2576338005065918, 0.46]}
{"Kalman":[5.401629800174755, 2.193118648698315, 0.9294988375002289]}
{"UWB":[5.6840714, 2.20844956, 1.90609636]}
{"Distance":[0.6724753228302524]}
{"Time":[11.6]}
{"Title":['ModelBasedAgendUWB_LQR']}
{"IMU":[0.9473210906982422, -0.22213720321655273, 0.45]}
{"Kalman":[5.301152976261829, 2.2242049813707134, 0.8959123073107637]}
{"UWB":[5.56798385, 2.22940726, 2.6992699]}
{"Distance":[0.7512989118110238]}
{"Time":[12.2]}
{"Title":['ModelBasedAgendUWB_LQR']}
{"IMU":[0.869090576171875, -0.18441402435302734, 0.5]}
{"Kalman":[5.183427630817788, 2.261330092098835, 0.9920201054495311]}
{"UWB":[5.35002921, 2.25839054, 2.12617592]}
{"Distance":[0.85073718565101]}
{"Time":[12.8]}
{"Title":['ModelBasedAgendUWB_LQR']}
{"IMU":[0.8440818023681641, -0.1337299346923828, 0.53]}
{"Kalman":[5.145441341438474, 2.3770453003500394, 1.056467569299051]}
{"UWB":[5.26342028, 2.40663962, 2.27387104]}
{"Distance":[0.8633587661502529]}
{"Time":[13.3]}
{"Title":['ModelBasedAgendUWB_LQR']}
{"IMU":[0.8860589599609375, 0.0026167216897010803, 0.52]}
{"Kalman":[-39687709.88831815, -20837411.57252562, -120993.06445059483]}
{"UWB":[5.15405953, 2.6044196, 1.55514118]}
{"Distance":[44825356.86039487]}
{"Time":[13.9]}
{"Title":['ModelBasedAgendUWB_LQR']}
{"IMU":[0.954820556640625, 0.09137441635131836, 0.52]}
{"Kalman":[-67.0398176641587, -35.22887862628126, 1.032865481663495]}
{"UWB":[5.70501037, 3.03895079, 2.53582393]}
{"Distance":[82.20877840480428]}
{"Time":[14.6]}
{"Title":['ModelBasedAgendUWB_LQR']}
{"IMU":[1.0544791412353516, 0.23375484466552734, 0.57]}
{"Kalman":[6.131316233774768, 3.247266092626529, 1.145826520878015]}
{"UWB":[6.73237668, 3.54475162, 2.13615819]}
{"Distance":[0.7587163939457943]}
{"Time":[15.2]}
{"Title":['ModelBasedAgendUWB_LQR']}
{"IMU":[1.2413834381103515, 0.4789396667480469, 0.54]}
{"Kalman":[5.902126900459412, 3.40185946163856, 1.090537806697322]}
{"UWB":[6.07883699, 3.5330453, 1.3478796]}
{"Distance":[0.9071546903150943]}
{"Time":[15.7]}
{"Title":['ModelBasedAgendUWB_LQR']}
{"IMU":[1.995762481689453, 1.1823488616943358, 0.5]}
{"Kalman":[6.454695874742957, 3.9800331827271336, 1.0047243331852922]}
{"UWB":[6.4554515, 4.2386144, 1.69066179]}
{"Distance":[1.5483044146684048]}
{"Time":[17.2]}
{"Title":['ModelBasedAgendUWB_LQR']}
{"IMU":[2.0074449157714844, 1.2015011596679688, 0.53]}
{"Kalman":[6.084718645190717, 3.8482758797963834, 1.0658963397462102]}
{"UWB":[6.11405928, 4.0255572, 2.14798739]}
{"Distance":[1.3509348973520754]}
{"Time":[17.7]}
{"Title":['ModelBasedAgendUWB_LQR']}
{"IMU":[1.5538523864746094, 1.0748499298095704, 0.53]}
{"Kalman":[5.522041807477891, 3.5204803199471777, 1.0715692930591612]}
{"UWB":[5.24452757, 3.33366868, 2.49746778]}
{"Distance":[1.1268647288820852]}
{"Time":[18.5]}
{"Title":['ModelBasedAgendUWB_LQR']}
{"IMU":[1.1785492706298828, 0.8597035217285156, 0.58]}
{"Kalman":[5.37382450612783, 3.598476881323727, 1.1759679459099548]}
{"UWB":[5.75669032, 4.12464282, 0.76782694]}
{"Distance":[1.2644157575452615]}
{"Time":[19.2]}
{"Title":['ModelBasedAgendUWB_LQR']}
{"IMU":[0.8595729064941406, 0.4919484329223633, 0.6]}
{"Kalman":[5.162023396095047, 2.984609274968029, 1.2297052801128214]}
{"UWB":[5.49706254, 3.45456204, 1.97109577]}
{"Distance":[0.9680139141960291]}
{"Time":[19.8]}
{"Title":['ModelBasedAgendUWB_LQR']}
{"IMU":[0.6226203918457032, -0.25259828567504883, 0.41]}
{"Kalman":[5.242274345573508, 2.5309819212416227, 0.8531840569317444]}
{"UWB":[5.6995695, 3.21643568, 2.48315106]}
{"Distance":[0.7583587850218907]}
{"Time":[20.5]}
{"Title":['ModelBasedAgendUWB_LQR']}
{"IMU":[0.6623207092285156, -0.570254020690918, 0.36]}
{"Kalman":[5.6373987486401615, 2.322074046371309, 0.7287749142243305]}
{"UWB":[6.24169697, 2.85239181, 2.03394952]}
{"Distance":[0.40390260269327277]}
{"Time":[22.0]}
{"Title":['ModelBasedAgendUWB_LQR']}
