{"IMU":[0.01391958475112915, -0.04987734317779541, 0.77]}
{"Kalman":[-0.005764451417977604, -0.03773908027487083, 0.77]}
{"CMD":[5, 8.572822344077416, 0, 5]}
{"Distance":[0.5568859115636892]}
{"Time":[1616763489.9418533]}
{"IMU":[0.02520256757736206, -0.020111258029937743, 0.81]}
{"Kalman":[0.025508966245042536, 0.02645619764080811, 0.81]}
{"CMD":[5, 9.377388638332656, 0, 5]}
{"Distance":[0.511802375441398]}
{"Time":[1616763490.496935]}
{"IMU":[0.07070817947387695, 0.014241120815277099, 0.84]}
{"Kalman":[0.09460130303923442, 0.08625638271593829, 0.84]}
{"CMD":[-5, 8.797547586529122, 0, 5]}
{"Distance":[0.4442839936985408]}
{"Time":[1616763491.1271605]}
{"IMU":[0.13602702140808107, 0.02810861587524414, 0.87]}
{"Kalman":[0.1897122820878559, 0.06721411192057444, 0.87]}
{"CMD":[-5, 7.5165052115001565, 0, 5]}
{"Distance":[0.34306880465643885]}
{"Time":[1616763491.7272513]}
{"IMU":[0.25972393035888675, -0.06462513446807862, 0.95]}
{"Kalman":[0.336818903109196, -0.051454688826472306, 0.95]}
{"CMD":[-5, 5.753050678840339, 0, 5]}
{"Distance":[0.17825727302052802]}
{"Time":[1616763492.240531]}
