{"IMU":[0.028475732803344728, -0.018380311727523805, 0.78]}
{"Kalman":[0.012073895281933459, -0.02256168982178615, 0.7841182032646383]}
{"CMD":[0.3203541596292434, 20.0, 0, 6.286380545529618]}
{"Distance":[1.011489974440041]}
{"Time":[1615321886.7482195]}
{"IMU":[0.028475732803344728, -0.018380311727523805, 0.78]}
{"Kalman":[-0.004466442903359638, -0.014388279518853107, 0.7838597732824699]}
{"CMD":[0.3931855900987086, 20.0, 0, 3.2600702808575273]}
{"Distance":[1.0275584923068595]}
{"Time":[1615321886.8003032]}
{"IMU":[0.028475732803344728, -0.018380311727523805, 0.78]}
{"Kalman":[-0.004466442903359638, -0.014388279518853107, 0.7838597732824699]}
{"CMD":[0.3931855900987086, 20.0, 0, 3.2600702808575273]}
{"Distance":[1.0275584923068595]}
{"Time":[1615321886.8270776]}
{"IMU":[0.028475732803344728, -0.018380311727523805, 0.78]}
{"Kalman":[-0.004466442903359638, -0.014388279518853107, 0.7838597732824699]}
{"CMD":[0.3931855900987086, 20.0, 0, 3.2600702808575273]}
{"Distance":[1.0275584923068595]}
{"Time":[1615321886.859633]}
{"IMU":[0.028475732803344728, -0.018380311727523805, 0.78]}
{"Kalman":[-0.004466442903359638, -0.014388279518853107, 0.7838597732824699]}
{"CMD":[0.3931855900987086, 20.0, 0, 3.2600702808575273]}
{"Distance":[1.0275584923068595]}
{"Time":[1615321886.8911426]}
{"IMU":[0.028475732803344728, -0.018380311727523805, 0.78]}
{"Kalman":[-0.004466442903359638, -0.014388279518853107, 0.7838597732824699]}
{"CMD":[0.3931855900987086, 20.0, 0, 3.2600702808575273]}
{"Distance":[1.0275584923068595]}
{"Time":[1615321886.932641]}
{"IMU":[0.028475732803344728, -0.018380311727523805, 0.78]}
{"Kalman":[-0.004466442903359638, -0.014388279518853107, 0.7838597732824699]}
{"CMD":[0.3931855900987086, 20.0, 0, 3.2600702808575273]}
{"Distance":[1.0275584923068595]}
{"Time":[1615321886.974781]}
{"IMU":[0.028475732803344728, -0.018380311727523805, 0.78]}
{"Kalman":[-0.004466442903359638, -0.014388279518853107, 0.7838597732824699]}
{"CMD":[0.3931855900987086, 20.0, 0, 3.2600702808575273]}
{"Distance":[1.0275584923068595]}
{"Time":[1615321887.0074415]}
{"IMU":[0.028475732803344728, -0.018380311727523805, 0.78]}
{"Kalman":[-0.004466442903359638, -0.014388279518853107, 0.7838597732824699]}
{"CMD":[0.3931855900987086, 20.0, 0, 3.2600702808575273]}
{"Distance":[1.0275584923068595]}
{"Time":[1615321887.042027]}
{"IMU":[0.028475732803344728, -0.018380311727523805, 0.78]}
{"Kalman":[-0.004466442903359638, -0.014388279518853107, 0.7838597732824699]}
{"CMD":[0.3931855900987086, 20.0, 0, 3.2600702808575273]}
{"Distance":[1.0275584923068595]}
{"Time":[1615321887.0846622]}
{"IMU":[0.02256209373474121, -0.00976312518119812, 0.78]}
{"Kalman":[-0.010176469102238364, -0.006815644750542579, 0.7838597709261885]}
{"CMD":[0.3914902689538316, 20.0, 0, 3.2600703080850355]}
{"Distance":[1.0330631879828605]}
{"Time":[1615321887.1246896]}
{"IMU":[0.02256209373474121, -0.00976312518119812, 0.78]}
{"Kalman":[0.054639065412683076, -0.00155377216740817, 0.7767691825408829]}
{"CMD":[0.042459616225889625, 20.0, 0, 3.367018554676917]}
{"Distance":[0.9713607510679126]}
{"Time":[1615321887.164059]}
{"IMU":[0.02256209373474121, -0.00976312518119812, 0.78]}
{"Kalman":[0.0646998919651367, -0.00019407204407797304, 0.7763568361644262]}
{"CMD":[0.005303367304789671, 20.0, 0, 3.3732380270431723]}
{"Distance":[0.9616665713667969]}
{"Time":[1615321887.2298634]}
{"IMU":[0.02256209373474121, -0.00976312518119812, 0.78]}
{"Kalman":[0.0646998919651367, -0.00019407204407797304, 0.7763568361644262]}
{"CMD":[0.005303367304789671, 20.0, 0, 3.3732380270431723]}
{"Distance":[0.9616665713667969]}
{"Time":[1615321887.2626054]}
{"IMU":[0.02256209373474121, -0.00976312518119812, 0.78]}
{"Kalman":[0.0646998919651367, -0.00019407204407797304, 0.7763568361644262]}
{"CMD":[0.005303367304789671, 20.0, 0, 3.3732380270431723]}
{"Distance":[0.9616665713667969]}
{"Time":[1615321887.3004253]}
{"IMU":[0.02256209373474121, -0.00976312518119812, 0.78]}
{"Kalman":[0.0646998919651367, -0.00019407204407797304, 0.7763568361644262]}
{"CMD":[0.005303367304789671, 20.0, 0, 3.3732380270431723]}
{"Distance":[0.9616665713667969]}
{"Time":[1615321887.3554127]}
{"IMU":[0.02256209373474121, -0.00976312518119812, 0.78]}
{"Kalman":[0.0646998919651367, -0.00019407204407797304, 0.7763568361644262]}
{"CMD":[0.005303367304789671, 20.0, 0, 3.3732380270431723]}
{"Distance":[0.9616665713667969]}
{"Time":[1615321887.3991513]}
{"IMU":[0.02256209373474121, -0.00976312518119812, 0.78]}
{"Kalman":[0.0646998919651367, -0.00019407204407797304, 0.7763568361644262]}
{"CMD":[0.005303367304789671, 20.0, 0, 3.3732380270431723]}
{"Distance":[0.9616665713667969]}
{"Time":[1615321887.4607012]}
{"IMU":[0.02256209373474121, -0.00976312518119812, 0.78]}
{"Kalman":[0.0646998919651367, -0.00019407204407797304, 0.7763568361644262]}
{"CMD":[0.005303367304789671, 20.0, 0, 3.3732380270431723]}
{"Distance":[0.9616665713667969]}
{"Time":[1615321887.5172324]}
{"IMU":[0.02256209373474121, -0.00976312518119812, 0.78]}
{"Kalman":[0.0646998919651367, -0.00019407204407797304, 0.7763568361644262]}
{"CMD":[0.005303367304789671, 20.0, 0, 3.3732380270431723]}
{"Distance":[0.9616665713667969]}
{"Time":[1615321887.5777247]}
{"IMU":[0.02256209373474121, -0.00976312518119812, 0.78]}
{"Kalman":[0.0646998919651367, -0.00019407204407797304, 0.7763568361644262]}
{"CMD":[0.005303367304789671, 20.0, 0, 3.3732380270431723]}
{"Distance":[0.9616665713667969]}
{"Time":[1615321887.6144447]}
{"IMU":[0.07913161277770996, -0.007077902555465698, 0.79]}
{"Kalman":[0.19104286826378614, 0.00761953880333667, 0.7847021931177841]}
{"CMD":[-0.18172084413148673, 20.0, 0, 3.2426254182815244]}
{"Distance":[0.8371516254578675]}
{"Time":[1615321887.6602445]}
{"IMU":[0.07913161277770996, -0.007077902555465698, 0.79]}
{"Kalman":[0.20187046617083027, 0.009055948715156994, 0.7846060047294884]}
{"CMD":[-0.2474700699834935, 20.0, 0, 3.2488147778907175]}
{"Distance":[0.8267329291712605]}
{"Time":[1615321887.7178864]}
{"IMU":[0.07913161277770996, -0.007077902555465698, 0.79]}
{"Kalman":[0.20245371476347235, 0.009133323592458395, 0.7846059887583579]}
{"CMD":[-0.2495689619694655, 20.0, 0, 3.2488150187848044]}
{"Distance":[0.8261707297969311]}
{"Time":[1615321887.7951283]}
{"IMU":[0.07913161277770996, -0.007077902555465698, 0.79]}
{"Kalman":[0.20245530528365469, 0.0091335345939173, 0.7846059887583561]}
{"CMD":[-0.24959024352361175, 20.0, 0, 3.2488150187853186]}
{"Distance":[0.8261691967164669]}
{"Time":[1615321887.8415554]}
{"IMU":[0.07913161277770996, -0.007077902555465698, 0.79]}
{"Kalman":[0.20245530528365469, 0.0091335345939173, 0.7846059887583561]}
{"CMD":[-0.24959024352361175, 20.0, 0, 3.2488150187853186]}
{"Distance":[0.8261691967164669]}
{"Time":[1615321887.8752284]}
{"IMU":[0.07913161277770996, -0.007077902555465698, 0.79]}
{"Kalman":[0.20245530528365469, 0.0091335345939173, 0.7846059887583561]}
{"CMD":[-0.24959024352361175, 20.0, 0, 3.2488150187853186]}
{"Distance":[0.8261691967164669]}
{"Time":[1615321887.9235468]}
{"IMU":[0.07913161277770996, -0.007077902555465698, 0.79]}
{"Kalman":[0.20245530528365469, 0.0091335345939173, 0.7846059887583561]}
{"CMD":[-0.24959024352361175, 20.0, 0, 3.2488150187853186]}
{"Distance":[0.8261691967164669]}
{"Time":[1615321888.0130546]}
{"IMU":[0.07913161277770996, -0.007077902555465698, 0.79]}
{"Kalman":[0.20245530528365469, 0.0091335345939173, 0.7846059887583561]}
{"CMD":[-0.24959024352361175, 20.0, 0, 3.2488150187853186]}
{"Distance":[0.8261691967164669]}
{"Time":[1615321888.0485423]}
{"IMU":[0.18913129806518555, -0.004351569712162018, 0.81]}
{"Kalman":[0.30319484410756525, 0.011483458012609207, 0.8043482970320914]}
{"CMD":[-0.2964079248546536, 19.469372103986867, 0, 3.017872920936023]}
{"Distance":[0.7238431349128417]}
{"Time":[1615321888.110749]}
{"IMU":[0.18913129806518555, -0.004351569712162018, 0.81]}
{"Kalman":[0.3961523574636856, 0.01993261654746594, 0.8043320759888465]}
{"CMD":[-0.5446945612335022, 16.501221799955687, 0, 2.951283958906453]}
{"Distance":[0.635071036251794]}
