{"IMU":[2.0667960871390942, 1.8462868805455832, 0.65]}
{"Kalman":[1.9322124389650348, 1.8019295192045794, 0.6482953923147795]}
{"UWB":[1.98473403, 1.9117422, 1.1653363]}
{"Distance":[1.2598498615543232]}
{"Time":[1615561704.3876693]}
{"IMU":[2.0667960871390942, 1.8462868805455832, 0.65]}
{"Kalman":[2.011920591130798, 1.8186153788527943, 0.6542019119074567]}
{"UWB":[1.98125914, 1.81425291, 0.84471955]}
{"Distance":[1.2341004509675593]}
{"Time":[1615561704.48667]}
{"IMU":[2.0667960871390942, 1.8462868805455832, 0.65]}
{"Kalman":[2.0118750228032853, 1.8166912647978712, 0.654197570596783]}
{"UWB":[1.98125914, 1.81425291, 0.84471955]}
{"Distance":[1.2359469626940915]}
{"Time":[1615561704.5190663]}
{"IMU":[2.0667960871390942, 1.8462868805455832, 0.65]}
{"Kalman":[2.0118750228032853, 1.8166912647978712, 0.654197570596783]}
{"UWB":[1.98125914, 1.81425291, 0.84471955]}
{"Distance":[1.2359469626940915]}
{"Time":[1615561704.5414004]}
{"IMU":[2.0667960871390942, 1.8462868805455832, 0.65]}
{"Kalman":[2.0118750228032853, 1.8166912647978712, 0.654197570596783]}
{"UWB":[1.97637856, 1.81199753, 0.78063239]}
{"Distance":[1.2359469626940915]}
{"Time":[1615561704.5614102]}
{"IMU":[2.0667960871390942, 1.8462868805455832, 0.65]}
{"Kalman":[2.0118750228032853, 1.8166912647978712, 0.654197570596783]}
{"UWB":[1.97637856, 1.81199753, 0.78063239]}
{"Distance":[1.2359469626940915]}
{"Time":[1615561704.580151]}
{"IMU":[2.0667960871390942, 1.8462868805455832, 0.65]}
{"Kalman":[2.0118750228032853, 1.8166912647978712, 0.654197570596783]}
{"UWB":[1.97637856, 1.81199753, 0.78063239]}
{"Distance":[1.2359469626940915]}
{"Time":[1615561704.6014469]}
{"IMU":[2.0667960871390942, 1.8462868805455832, 0.65]}
{"Kalman":[2.0118750228032853, 1.8166912647978712, 0.654197570596783]}
{"UWB":[1.97637856, 1.81199753, 0.78063239]}
{"Distance":[1.2359469626940915]}
{"Time":[1615561704.6169965]}
{"IMU":[2.0667960871390942, 1.8462868805455832, 0.65]}
{"Kalman":[2.0118750228032853, 1.8166912647978712, 0.654197570596783]}
{"UWB":[1.97637856, 1.81199753, 0.78063239]}
{"Distance":[1.2359469626940915]}
{"Time":[1615561704.630107]}
{"IMU":[2.0667960871390942, 1.8462868805455832, 0.65]}
{"Kalman":[2.0118750228032853, 1.8166912647978712, 0.654197570596783]}
{"UWB":[1.97637856, 1.81199753, 0.78063239]}
{"Distance":[1.2359469626940915]}
{"Time":[1615561704.6426055]}
{"IMU":[2.0667960871390942, 1.8462868805455832, 0.65]}
{"Kalman":[2.0118750228032853, 1.8166912647978712, 0.654197570596783]}
{"UWB":[1.97637856, 1.81199753, 0.78063239]}
{"Distance":[1.2359469626940915]}
{"Time":[1615561704.6627293]}
{"IMU":[2.0667960871390942, 1.8462868805455832, 0.65]}
{"Kalman":[2.0118750228032853, 1.8166912647978712, 0.654197570596783]}
{"UWB":[1.97637856, 1.81199753, 0.78063239]}
{"Distance":[1.2359469626940915]}
{"Time":[1615561704.6811678]}
{"IMU":[2.0667960871390942, 1.8462868805455832, 0.65]}
{"Kalman":[2.0118750228032853, 1.8166912647978712, 0.654197570596783]}
{"UWB":[1.97637856, 1.81199753, 0.78063239]}
{"Distance":[1.2359469626940915]}
{"Time":[1615561704.6952584]}
{"IMU":[2.0701798184782207, 1.834179733567205, 0.66]}
{"Kalman":[2.0184820298265826, 1.8506832605337387, 0.6620994949786687]}
{"UWB":[1.98979615, 1.87259106, 1.10079775]}
{"Distance":[1.200729319360622]}
{"Time":[1615561704.7924755]}
{"IMU":[2.0701798184782207, 1.834179733567205, 0.66]}
{"Kalman":[2.0246681137597324, 1.820897125163281, 0.6643395248448666]}
{"UWB":[2.00270223, 1.80572425, 0.96723657]}
{"Distance":[1.228261550775771]}
{"Time":[1615561704.8923542]}
{"IMU":[2.0701798184782207, 1.834179733567205, 0.66]}
{"Kalman":[2.0273939836865025, 1.8143629826975134, 0.6592799269038211]}
{"UWB":[2.00270223, 1.80572425, 0.96723657]}
{"Distance":[1.2357576374894546]}
{"Time":[1615561704.995717]}
{"IMU":[2.0701798184782207, 1.834179733567205, 0.66]}
{"Kalman":[2.034041018171785, 1.8341689224930926, 0.659345604802127]}
{"UWB":[2.01269075, 1.83555386, 1.04826457]}
{"Distance":[1.2163708749934619]}
{"Time":[1615561705.1664605]}
{"IMU":[2.0701798184782207, 1.834179733567205, 0.66]}
{"Kalman":[2.022100636203658, 1.83456760161415, 0.6594150465731193]}
{"UWB":[1.99457401, 1.83606637, 1.11793931]}
{"Distance":[1.2166754277900331]}
{"Time":[1615561705.2668319]}
{"IMU":[2.068855005540693, 1.8375740750360159, 0.67]}
{"Kalman":[1.9983798657882077, 1.8646233477448404, 0.6690449860722898]}
{"UWB":[1.95948832, 1.87988929, 0.885204]}
{"Distance":[1.1869869482885003]}
{"Time":[1615561705.426987]}
{"IMU":[2.068855005540693, 1.8375740750360159, 0.67]}
{"Kalman":[2.018184671480424, 1.8821592887661585, 0.6678426667857471]}
{"UWB":[2.01169816, 1.90832267, 0.82150577]}
{"Distance":[1.1690124454771862]}
{"Time":[1615561705.51985]}
{"IMU":[2.068855005540693, 1.8375740750360159, 0.67]}
{"Kalman":[2.0120889412290586, 1.9074396331461305, 0.6679532702024934]}
{"UWB":[1.97459993, 1.95029374, 1.08232513]}
{"Distance":[1.1452822971841083]}
{"Time":[1615561705.6605127]}
{"IMU":[2.068855005540693, 1.8375740750360159, 0.67]}
{"Kalman":[2.0105483968886935, 1.9125363205658246, 0.6679817933203356]}
{"UWB":[1.98812746, 1.9422829, 1.03988353]}
{"Distance":[1.1405327408516066]}
{"Time":[1615561705.8166535]}
{"IMU":[2.0626458246640804, 1.8621710230636266, 0.69]}
{"Kalman":[2.057585807098067, 1.9263483651500701, 0.683272843938316]}
{"UWB":[2.08922512, 1.95991439, 1.04254845]}
{"Distance":[1.1201977004807553]}
{"Time":[1615561705.9685683]}
{"IMU":[2.0626458246640804, 1.8621710230636266, 0.69]}
{"Kalman":[2.076802602398374, 1.9450365894859805, 0.6867656980602079]}
{"UWB":[2.08922512, 1.95991439, 1.04254845]}
{"Distance":[1.100727779557947]}
{"Time":[1615561706.1310947]}
{"IMU":[2.0626458246640804, 1.8621710230636266, 0.69]}
{"Kalman":[2.053996449939369, 1.9548681758752682, 0.6869505451811941]}
{"UWB":[2.05871901, 2.01952758, 1.4233624]}
{"Distance":[1.091978396113596]}
{"Time":[1615561706.2748976]}
{"IMU":[2.0626458246640804, 1.8621710230636266, 0.69]}
{"Kalman":[2.0564596007987404, 1.9851435784840394, 0.6870778103715531]}
{"UWB":[2.05871901, 2.01952758, 1.4233624]}
{"Distance":[1.0628968056291486]}
{"Time":[1615561706.3983836]}
{"IMU":[2.0626458246640804, 1.8621710230636266, 0.69]}
{"Kalman":[2.0918278507025447, 2.0033741092194717, 0.6867362222456884]}
{"UWB":[2.11227995, 2.0470026, 1.0803093]}
{"Distance":[1.0447316136937392]}
{"Time":[1615561706.4870868]}
{"IMU":[2.0522158594064357, 1.9093175681161552, 0.7]}
{"Kalman":[2.044758464817434, 2.060085893278167, 0.696462255570033]}
{"UWB":[2.04571073, 2.10906081, 0.94530097]}
{"Distance":[0.9892549304995452]}
{"Time":[1615561706.6476197]}
{"IMU":[2.0522158594064357, 1.9093175681161552, 0.7]}
{"Kalman":[2.0887600413991287, 2.077152263545525, 0.6963194669043953]}
{"UWB":[2.12510899, 2.12077839, 0.89926056]}
{"Distance":[0.9715946415711277]}
{"Time":[1615561706.8228638]}
{"IMU":[2.0522158594064357, 1.9093175681161552, 0.7]}
{"Kalman":[2.045644530673178, 2.1117922719480835, 0.6964042144473571]}
{"UWB":[2.05194522, 2.17194282, 0.98976274]}
{"Distance":[0.9402328893535967]}
{"Time":[1615561707.0097682]}
{"IMU":[2.033969439976657, 1.9958058960961966, 0.73]}
{"Kalman":[2.0842258752446057, 2.1615020677918606, 0.7195868234748538]}
{"UWB":[2.1200029, 2.20736808, 1.22470161]}
{"Distance":[0.8842845440795893]}
{"Time":[1615561707.1586752]}
{"IMU":[2.033969439976657, 1.9958058960961966, 0.73]}
{"Kalman":[2.1123004526520996, 2.1678365954400065, 0.7268998494789444]}
{"UWB":[2.16428007, 2.18359497, 1.14133262]}
{"Distance":[0.8759171908570748]}
{"Time":[1615561707.281482]}
{"IMU":[2.033969439976657, 1.9958058960961966, 0.73]}
{"Kalman":[2.155989449196005, 2.2740919832172515, 0.7272531378442025]}
{"UWB":[2.23657258, 2.35719538, 1.38791721]}
{"Distance":[0.7774754774695911]}
{"Time":[1615561707.4431117]}
{"IMU":[2.033969439976657, 1.9958058960961966, 0.73]}
{"Kalman":[2.193298961707032, 2.262600097781944, 0.7269026738313337]}
{"UWB":[2.28704394, 2.32192327, 1.01877568]}
{"Distance":[0.7918620218240574]}
{"Time":[1615561707.5706775]}
