{"IMU":[0.0015325041115283966, -0.0006245647743344306, 0.76]}
{"Kalman":[-0.0011441825868845246, -0.0035691745549972244, 0.7547344685247372]}
{"CMD":[0.017132944561529913, 20.0, 0, 3.050238602578416]}
{"Distance":[1.0307558363959954]}
{"Time":[1615300102.9968138]}
{"IMU":[0.0015325041115283966, -0.0006245647743344306, 0.76]}
{"Kalman":[-0.0011441890429389665, -0.00356918539410773, 0.7547344685294166]}
{"CMD":[0.09900668644088763, 20.0, 0, 3.0414178836889185]}
{"Distance":[1.0307558427029988]}
{"Time":[1615300103.16732]}
{"IMU":[0.0015325041115283966, -0.0006245647743344306, 0.76]}
{"Kalman":[-0.0011441890429389665, -0.00356918539410773, 0.7547344685294166]}
{"CMD":[0.09900671984859707, 20.0, 0, 3.0414178836866457]}
{"Distance":[1.0307558427029988]}
{"Time":[1615300103.2976153]}
{"IMU":[0.028359084129333495, 0.0005602027103304863, 0.78]}
{"Kalman":[0.10081602070529704, -0.0014687163123294584, 0.7691144543645502]}
{"CMD":[0.09900671984859707, 20.0, 0, 3.0414178836866457]}
{"Distance":[0.9283545232998234]}
{"Time":[1615300103.446585]}
{"IMU":[0.028359084129333495, 0.0005602027103304863, 0.78]}
{"Kalman":[0.10584124933957738, -0.0013336759436943916, 0.7683728805907423]}
{"CMD":[0.03720171123217456, 20.0, 0, 2.872170821938048]}
{"Distance":[0.9236735205254946]}
{"Time":[1615300103.6000197]}
{"IMU":[0.028359084129333495, 0.0005602027103304863, 0.78]}
{"Kalman":[0.10584124933957738, -0.0013336759436943916, 0.7683728805907423]}
{"CMD":[0.036995242876469776, 20.0, 0, 2.87229460696817]}
{"Distance":[0.9236735205254946]}
{"Time":[1615300103.7455735]}
{"IMU":[0.15026291847229004, 0.015308423042297363, 0.81]}
{"Kalman":[0.22397392106592645, 0.012493810699076645, 0.7971498336584231]}
{"CMD":[0.036995242876469776, 20.0, 0, 2.87229460696817]}
{"Distance":[0.8021974572861614]}
{"Time":[1615300103.8982546]}
{"IMU":[0.15026291847229004, 0.015308423042297363, 0.81]}
{"Kalman":[0.3221150383478988, 0.014326294267493149, 0.7997796981774874]}
{"CMD":[-0.39267812710410027, 18.972958336098557, 0, 2.4851121071303393]}
{"Distance":[0.7069805041183297]}
{"Time":[1615300104.0623124]}
{"IMU":[0.15026291847229004, 0.015308423042297363, 0.81]}
{"Kalman":[0.3221150383478988, 0.014326294267493149, 0.7997796981774874]}
{"CMD":[-0.3974014365720125, 18.80405725033649, 0, 2.4828340247767926]}
{"Distance":[0.7069805041183297]}
{"Time":[1615300104.210383]}
{"IMU":[0.15026291847229004, 0.015308423042297363, 0.81]}
{"Kalman":[0.3221150383478988, 0.014326294267493149, 0.7997796981774874]}
{"CMD":[-0.3974014365720125, 18.80405725033649, 0, 2.4828340247767926]}
{"Distance":[0.7069805041183297]}
{"Time":[1615300104.3501854]}
{"IMU":[0.3644049453735352, 0.04249265193939209, 0.83]}
{"Kalman":[0.6125930603487421, 0.040200087626609704, 0.8222088131831031]}
{"CMD":[-0.3974014365720125, 18.80405725033649, 0, 2.4828340247767926]}
{"Distance":[0.4281470425506887]}
{"Time":[1615300104.4775786]}
{"IMU":[0.3644049453735352, 0.04249265193939209, 0.83]}
{"Kalman":[0.6138690653696133, 0.04018564237087138, 0.8222445637230714]}
{"CMD":[-1.1147217633236475, 10.711003505993208, 0, 2.2042582158757775]}
{"Distance":[0.4269765563321911]}
{"Time":[1615300104.6345744]}
{"IMU":[0.3644049453735352, 0.04249265193939209, 0.83]}
{"Kalman":[0.6138690653696133, 0.04018564237087138, 0.8222445637230714]}
{"CMD":[-1.1147217633236475, 10.711003505993208, 0, 2.2042582158757775]}
{"Distance":[0.4269765563321911]}
{"Time":[1615300104.782659]}
{"IMU":[0.6367601776123046, 0.07574885368347167, 0.85]}
{"Kalman":[0.9186578857881743, 0.07206457916388519, 0.8426587239330302]}
{"CMD":[-1.1147217633236475, 10.711003505993208, 0, 2.2042582158757775]}
{"Distance":[0.19122269810066997]}
{"Time":[1615300104.9415963]}
