{"IMU":[0.013792484998703003, -0.013782230615615844, 0.24]}
{"Kalman":[0.9711237902551171, 2.3220466503740775, 0.47164815354840156]}
{"UWB":[1.23105444, 2.58452847, 0.58262974]}
{"Distance":[2.6348923167381444]}
{"Time":[1.0]}
{"Title":['ModelBasedAgendUWB_LQR']}
{"Local":[False]}
{"IMU":[0.18779863357543947, 0.23585371017456055, 0.25]}
{"Kalman":[1.3323690968228852, 2.627822461211495, 0.4612312986635415]}
{"UWB":[1.53685511, 2.76219383, 0.68458902]}
{"Distance":[2.2712306123848416]}
{"Time":[2.2]}
{"Title":['ModelBasedAgendUWB_LQR']}
{"Local":[False]}
{"IMU":[0.4494945526123047, 0.3647419738769531, 0.43]}
{"Kalman":[1.640104517554887, 2.6123736916857245, 0.7958279648217325]}
{"UWB":[1.99253927, 2.7890641, 0.94123137]}
{"Distance":[1.9631144003067782]}
{"Time":[3.3]}
{"Title":['ModelBasedAgendUWB_LQR']}
{"Local":[False]}
{"IMU":[0.5596331405639648, 0.3610739898681641, 0.6]}
{"Kalman":[1.7996813483626204, 2.5170360363672963, 1.1472519910912262]}
{"UWB":[2.16542374, 2.63603582, 1.56665552]}
{"Distance":[1.8003992540457632]}
{"Time":[3.8]}
{"Title":['ModelBasedAgendUWB_LQR']}
{"Local":[False]}
{"IMU":[0.6727041625976562, 0.34508819580078126, 0.74]}
{"Kalman":[1.2766327572963108, 2.4314549698505665, 1.4491157906960106]}
{"UWB":[1.14755265, 2.50882912, 7.2600378]}
{"Distance":[2.3243781460052344]}
{"Time":[4.3]}
{"Title":['ModelBasedAgendUWB_LQR']}
{"Local":[False]}
{"IMU":[0.9082756042480469, 0.2821200180053711, 0.87]}
{"Kalman":[2.4957694253142173, 2.3098297549089315, 1.7313227918502925]}
{"UWB":[3.17518583, 2.3322216, 1.41905772]}
{"Distance":[1.1204864498015543]}
{"Time":[5.4]}
{"Title":['ModelBasedAgendUWB_LQR']}
{"Local":[False]}
{"IMU":[1.2061756896972655, 0.25742101669311523, 0.9]}
{"Kalman":[2.876091292830247, 2.329789970251408, 1.7973586740446053]}
{"UWB":[3.55795098, 2.37530117, 1.47509241]}
{"Distance":[0.743649965066361]}
{"Time":[6.0]}
{"Title":['ModelBasedAgendUWB_LQR']}
{"Local":[False]}
{"IMU":[1.3827354431152343, 0.2590721893310547, 0.9]}
{"Kalman":[3.0839526496595404, 2.2207589195463435, 1.8000908944674556]}
{"UWB":[3.78298435, 2.16427529, 2.01445681]}
{"Distance":[0.5867541638593923]}
{"Time":[6.5]}
{"Title":['ModelBasedAgendUWB_LQR']}
{"Local":[False]}
{"IMU":[1.5419471740722657, 0.26890321731567385, 0.88]}
{"Kalman":[7.614997567676795, 6.442665611847096, 1.7232245522638712]}
{"UWB":[15.91497252, 13.96022043, -57.04880107]}
{"Distance":[5.6271500420099185]}
{"Time":[7.2]}
{"Title":['ModelBasedAgendUWB_LQR']}
{"Local":[False]}
{"IMU":[1.775677947998047, 0.29308151245117187, 0.84]}
{"Kalman":[3.8306498341940376, 2.252923743061867, 1.6892026902795054]}
{"UWB":[4.951114, 2.20559151, 2.91642912]}
{"Distance":[0.3380029922297955]}
{"Time":[8.3]}
{"Title":['ModelBasedAgendUWB_LQR']}
{"Local":[False]}
{"IMU":[1.79246826171875, 0.2774131393432617, 0.81]}
{"Kalman":[12.77690470621197, 9.026386356939359, 1.5406072180974009]}
{"UWB":[21.06963854, 14.46188254, -88.88307905]}
{"Distance":[11.260963496386072]}
{"Time":[8.9]}
{"Title":['ModelBasedAgendUWB_LQR']}
{"Local":[False]}
{"IMU":[1.7481979370117187, 0.2184202766418457, 0.74]}
{"Kalman":[3.7132792800464918, 2.0777699040534636, 1.4935774047789234]}
{"UWB":[4.83185441, 2.02780198, 2.6742466]}
{"Distance":[0.4371618112448442]}
{"Time":[9.9]}
{"Title":['ModelBasedAgendUWB_LQR']}
{"Local":[False]}
{"IMU":[1.5447108459472656, 0.09402548789978027, 0.67]}
{"Kalman":[8.669186380022008, 5.883192358775668, 1.3029419978926873]}
{"UWB":[13.99698152, 8.96476459, -42.87988709]}
{"Distance":[6.094476277079]}
{"Time":[10.8]}
{"Title":['ModelBasedAgendUWB_LQR']}
{"Local":[False]}
{"IMU":[1.2250929260253907, -0.00020390376448631287, 0.59]}
{"Kalman":[2.5744511267621117, 1.7402430992308915, 1.1905962596796886]}
{"UWB":[3.38089893, 1.58588322, 1.77374568]}
{"Distance":[1.2763154154305993]}
{"Time":[11.8]}
{"Title":['ModelBasedAgendUWB_LQR']}
{"Local":[False]}
{"IMU":[0.989183349609375, -0.08574969291687012, 0.58]}
{"Kalman":[2.2412678724080455, 1.575193772862186, 1.167359431921592]}
{"UWB":[3.03883648, 1.40703078, 1.38500123]}
{"Distance":[1.6435995717641927]}
{"Time":[12.4]}
{"Title":['ModelBasedAgendUWB_LQR']}
{"Local":[False]}
{"IMU":[0.37184837341308596, -0.3227467346191406, 0.57]}
{"Kalman":[1.629685931423179, 1.3810604192974478, 1.1478350249804645]}
{"UWB":[2.41079353, 1.22293949, 1.0382645]}
{"Distance":[2.2658692182238913]}
{"Time":[13.1]}
{"Title":['ModelBasedAgendUWB_LQR']}
{"Local":[False]}
{"IMU":[-0.04535940170288086, -0.44124114990234375, 0.49]}
{"Kalman":[1.5600602726721142, 1.382740971880313, 0.9914408903530354]}
{"UWB":[2.3683766, 1.19905403, 1.5091177]}
{"Distance":[2.3258593738757116]}
{"Time":[14.2]}
{"Title":['ModelBasedAgendUWB_LQR']}
{"Local":[False]}
{"IMU":[0.21643245697021485, -0.12379210472106933, 0.49]}
{"Kalman":[1.9135294800676699, 1.7742136466606642, 0.9865039670827432]}
{"UWB":[2.44059565, 1.3493873, 1.25508023]}
{"Distance":[1.8360143368978457]}
{"Time":[15.3]}
{"Title":['ModelBasedAgendUWB_LQR']}
{"Local":[False]}
{"IMU":[0.7840378570556641, 0.3163086700439453, 0.5]}
{"Kalman":[2.466880593741721, 2.0972208651305273, 0.9992893506668932]}
{"UWB":[3.01396423, 1.68413238, 1.43805969]}
{"Distance":[1.2025766588144458]}
{"Time":[16.2]}
{"Title":['ModelBasedAgendUWB_LQR']}
{"Local":[False]}
{"IMU":[0.9667780303955078, 0.43331901550292967, 0.53]}
{"Kalman":[2.9837807883532843, 3.8062296561636626, 1.0487631880681911]}
{"UWB":[5.0582773, 5.63789918, -20.24508447]}
{"Distance":[1.444285993646667]}
{"Time":[16.7]}
{"Title":['ModelBasedAgendUWB_LQR']}
{"Local":[False]}
{"IMU":[1.0223960876464844, 0.47623268127441404, 0.52]}
{"Kalman":[2.767383803956856, 2.223383180564137, 1.0622220228297514]}
{"UWB":[3.68639558, 1.98727612, 2.70656278]}
{"Distance":[0.8773634336511685]}
{"Time":[17.4]}
{"Title":['ModelBasedAgendUWB_LQR']}
{"Local":[False]}
{"IMU":[1.088677978515625, 0.4607777404785156, 0.43]}
{"Kalman":[3.0521245600901996, 2.759372194321476, 0.8745817455818302]}
{"UWB":[4.47219124, 3.73590306, -7.46796286]}
{"Distance":[0.606169475347856]}
{"Time":[18.1]}
{"Title":['ModelBasedAgendUWB_LQR']}
{"Local":[False]}
{"IMU":[1.1428793334960938, 0.4377517318725586, 0.39]}
{"Kalman":[2.889749934926993, 2.060901582337955, 0.8035953489507033]}
{"UWB":[3.88661708, 1.83132909, 2.88709601]}
{"Distance":[0.8350224998941781]}
{"Time":[18.7]}
{"Title":['ModelBasedAgendUWB_LQR']}
{"Local":[False]}
{"IMU":[1.191227569580078, 0.379929313659668, 0.39]}
{"Kalman":[2.8355574531452934, 2.1123077747711103, 0.7771984471849923]}
{"UWB":[3.58603298, 2.02273161, 2.56677015]}
{"Distance":[0.8571334020703187]}
{"Time":[20.0]}
{"Title":['ModelBasedAgendUWB_LQR']}
{"Local":[False]}
{"IMU":[1.191227569580078, 0.379929313659668, 0.39]}
{"Kalman":[2.9658516781955186, 1.99838140732538, 0.7763158359628175]}
{"UWB":[3.82761301, 1.79480799, 1.67161691]}
{"Distance":[0.8085575468476603]}
{"Time":[20.9]}
{"Title":['ModelBasedAgendUWB_LQR']}
{"Local":[False]}
{"IMU":[1.191227569580078, 0.379929313659668, 0.39]}
{"Kalman":[2.9658516781955186, 1.99838140732538, 0.7763158359628175]}
{"UWB":[3.82761301, 1.79480799, 1.67161691]}
{"Distance":[0.8085575468476603]}
{"Time":[21.5]}
{"Title":['ModelBasedAgendUWB_LQR']}
{"Local":[False]}
{"IMU":[1.191227569580078, 0.379929313659668, 0.39]}
{"Kalman":[2.948975536419059, 1.9960981739636345, 0.7761160451403475]}
{"UWB":[3.78586187, 1.78274805, 1.40887258]}
{"Distance":[0.8232556725973018]}
{"Time":[22.1]}
{"Title":['ModelBasedAgendUWB_LQR']}
{"Local":[False]}
{"IMU":[1.191227569580078, 0.379929313659668, 0.39]}
{"Kalman":[2.948975536419059, 1.9960981739636345, 0.7761160451403475]}
{"UWB":[3.78586187, 1.78274805, 1.40887258]}
{"Distance":[0.8232556725973018]}
{"Time":[22.6]}
{"Title":['ModelBasedAgendUWB_LQR']}
{"Local":[False]}
{"IMU":[1.191227569580078, 0.379929313659668, 0.39]}
{"Kalman":[2.948975536419059, 1.9960981739636345, 0.7761160451403475]}
{"UWB":[3.78586187, 1.78274805, 1.40887258]}
{"Distance":[0.8232556725973018]}
{"Time":[23.2]}
{"Title":['ModelBasedAgendUWB_LQR']}
{"Local":[False]}
