{"IMU":[2.30482630762505, 1.6061197512480592, 0.69]}
{"Kalman":[2.4026855005620535, 1.5473853886442326, 0.6859796320456846]}
{"UWB":[2.39519628, 1.51554331, 0.87624304]}
{"Distance":[1.4893515744831]}
{"Time":[1615573051.0053961]}
{"IMU":[2.431659919351811, 1.6280083595845078, 0.71]}
{"Kalman":[2.61332943461033, 1.522530654345507, 0.7034329342827786]}
{"UWB":[2.62510888, 1.45655584, 1.1006913]}
{"Distance":[1.5111953058972674]}
{"Time":[1615573051.6176322]}
{"IMU":[2.551154643625493, 1.6468390332791185, 0.74]}
{"Kalman":[2.8729059363669434, 1.8669118408021448, 0.7289124436744558]}
{"UWB":[2.96011963, 1.9748518, -3.46031366]}
{"Distance":[1.2232890406958798]}
{"Time":[1615573052.2338717]}
{"IMU":[2.6853971591894576, 1.6526801883313036, 0.77]}
{"Kalman":[2.6430770641908867, 1.8722885480162412, 0.7640872735007902]}
{"UWB":[2.67604967, 1.99833001, 1.11460433]}
{"Distance":[1.1609732898551506]}
{"Time":[1615573052.75012]}
{"IMU":[2.8537155261938523, 1.6356772123905992, 0.8]}
{"Kalman":[2.7553766484486437, 2.0351510866184515, 0.7948955927984938]}
{"UWB":[2.5680066, 2.26271245, 1.26001606]}
{"Distance":[1.0189300643713965]}
{"Time":[1615573053.2919831]}
{"IMU":[3.082477542490239, 1.5975839119288302, 0.84]}
{"Kalman":[2.756088020965827, 2.2352776119207416, 0.8315534332984004]}
{"UWB":[2.3760779, 2.72040443, 1.59742884]}
{"Distance":[0.8238662823209809]}
{"Time":[1615573053.804586]}
{"IMU":[3.3710136905615276, 1.5504289828869677, 0.88]}
{"Kalman":[2.7957415696478676, 2.403323114834495, 0.8719741151126839]}
{"UWB":[2.31821324, 3.48979475, 2.52284775]}
{"Distance":[0.6781423217214614]}
{"Time":[1615573054.3191247]}
{"IMU":[3.7254949680273484, 1.4965212546917772, 0.92]}
{"Kalman":[2.783186427249328, 2.8555465030086924, 0.9126625844921539]}
{"UWB":[2.01380196, 3.56154655, 1.75557606]}
{"Distance":[0.3296804354505236]}
{"Time":[1615573054.8478522]}
