{"IMU":[]}
{"Kalman":[3.9762978454744733, 2.4929652580230544, 1.3092454195485406]}
{"UWB":[2.5744934, 3.98839975, 1.20761668]}
{"Distance":[2.0328812068183333]}
{"Time":[0.6]}
{"Title":['ModelBasedAgendUWB_PID']}
{"IMU":[]}
{"Kalman":[4.062867552894865, 2.4052511691461316, 1.2477936219207282]}
{"UWB":[2.49540253, 4.10364622, 1.14577599]}
{"Distance":[1.939989671682341]}
{"Time":[1.2]}
{"Title":['ModelBasedAgendUWB_PID']}
{"IMU":[]}
{"Kalman":[4.179977464476243, 2.3236559381987734, 1.205939699727443]}
{"UWB":[2.42281038, 4.22117873, 1.37306188]}
{"Distance":[1.8201762643289217]}
{"Time":[1.8]}
{"Title":['ModelBasedAgendUWB_PID']}
{"IMU":[]}
{"Kalman":[4.4839735298507595, 2.0467480917303167, 1.1647041412645096]}
{"UWB":[2.1801133, 4.42357578, 1.05389656]}
{"Distance":[1.5370337625554626]}
{"Time":[2.4]}
{"Title":['ModelBasedAgendUWB_PID']}
{"IMU":[]}
{"Kalman":[4.774013178408579, 1.954983563795262, 1.1268149974999035]}
{"UWB":[2.14827679, 4.65026584, 1.01971658]}
{"Distance":[1.2736090561735394]}
{"Time":[3.0]}
{"Title":['ModelBasedAgendUWB_PID']}
{"IMU":[]}
{"Kalman":[5.065460437024589, 1.7702684959928878, 1.0474921562957737]}
{"UWB":[1.6233597, 4.94509512, 1.2010954]}
{"Distance":[1.0742344535081294]}
{"Time":[3.5]}
{"Title":['ModelBasedAgendUWB_PID']}
{"IMU":[]}
{"Kalman":[5.461855139838755, 1.670186774526016, 1.1445873390474708]}
{"UWB":[1.97036121, 5.36976107, 1.18681371]}
{"Distance":[0.8284108820506341]}
{"Time":[4.1]}
{"Title":['ModelBasedAgendUWB_PID']}
{"IMU":[]}
{"Kalman":[5.725333543479108, 1.7779566988140585, 1.1248656431985353]}
{"UWB":[1.90124832, 5.6981645, 1.12824637]}
{"Distance":[0.5898905581977546]}
{"Time":[4.6]}
{"Title":['ModelBasedAgendUWB_PID']}
{"IMU":[]}
{"Kalman":[6.001201958871495, 1.7937761571798279, 1.1077799876777836]}
{"UWB":[1.97136797, 6.11377899, 1.05188379]}
{"Distance":[0.5062252697611518]}
{"Time":[5.2]}
{"Title":['ModelBasedAgendUWB_PID']}
{"IMU":[]}
{"Kalman":[6.2763213957966695, 1.8963693870294835, 1.0093135989666866]}
{"UWB":[2.04254162, 6.31858303, 0.94829118]}
{"Distance":[0.489153539803173]}
{"Time":[5.7]}
{"Title":['ModelBasedAgendUWB_PID']}
{"IMU":[]}
{"Kalman":[6.582156441407204, 2.0202224308473453, 1.003046031303391]}
{"UWB":[2.20348554, 6.63646957, 1.10756411]}
{"Distance":[0.6458959749625842]}
{"Time":[6.2]}
{"Title":['ModelBasedAgendUWB_PID']}
{"IMU":[]}
{"Kalman":[6.731554192097691, 2.086642044809529, 1.0473914729392155]}
{"UWB":[2.30356744, 6.68120127, 1.62202994]}
{"Distance":[0.7620322519544458]}
{"Time":[6.8]}
{"Title":['ModelBasedAgendUWB_PID']}
{"IMU":[]}
{"Kalman":[6.919426857786134, 2.3341047618974544, 1.0052709496037102]}
{"UWB":[2.45238662, 6.85280834, 1.63416828]}
{"Distance":[0.9200591728810524]}
{"Time":[7.4]}
{"Title":['ModelBasedAgendUWB_PID']}
{"IMU":[]}
{"Kalman":[6.952984001760801, 2.4666709565012663, 0.9699092221568382]}
{"UWB":[2.64696742, 6.98322274, 1.72159612]}
{"Distance":[0.9674490763616851]}
{"Time":[8.0]}
{"Title":['ModelBasedAgendUWB_PID']}
{"IMU":[]}
{"Kalman":[6.914939007447122, 2.601494508504326, 0.9396871892555105]}
{"UWB":[2.76780791, 6.93929295, 1.62031324]}
{"Distance":[0.963333963901715]}
{"Time":[8.5]}
{"Title":['ModelBasedAgendUWB_PID']}
{"IMU":[]}
{"Kalman":[6.904142014456951, 2.607414660917361, 0.9976518509579991]}
{"UWB":[2.91552595, 6.99317077, 1.72843034]}
{"Distance":[0.9549746363402593]}
{"Time":[9.1]}
{"Title":['ModelBasedAgendUWB_PID']}
{"IMU":[]}
{"Kalman":[6.872431562893026, 2.6133595579638, 1.0218909732343402]}
{"UWB":[2.80114191, 6.86586412, 1.66845436]}
{"Distance":[0.9270011027497413]}
{"Time":[9.6]}
{"Title":['ModelBasedAgendUWB_PID']}
{"IMU":[]}
{"Kalman":[6.844039264311736, 2.5663180364579263, 1.0504543206974863]}
{"UWB":[2.80420027, 6.88620547, 1.24283253]}
{"Distance":[0.8850579507821515]}
{"Time":[10.1]}
{"Title":['ModelBasedAgendUWB_PID']}
{"IMU":[]}
{"Kalman":[6.794680883288064, 2.4734153256026166, 0.9724916233204933]}
{"UWB":[2.6687456, 6.82891299, 1.73148188]}
{"Distance":[0.8133821865626014]}
{"Time":[10.6]}
{"Title":['ModelBasedAgendUWB_PID']}
{"IMU":[]}
{"Kalman":[6.723586741790007, 2.3266274400457014, 0.6588302782207256]}
{"UWB":[2.50218612, 6.70625906, 1.03995477]}
{"Distance":[0.7240765107760823]}
{"Time":[11.3]}
{"Title":['ModelBasedAgendUWB_PID']}
{"IMU":[]}
{"Kalman":[6.601058943708764, 2.3178366644510207, -0.09671396540043248]}
{"UWB":[2.9248279, 7.53844596, -1.62124946]}
{"Distance":[0.601323540542887]}
{"Time":[11.8]}
{"Title":['ModelBasedAgendUWB_PID']}
{"IMU":[]}
{"Kalman":[6.727245609296964, 2.2117229474441915, -0.09397462745658464]}
{"UWB":[2.51828375, 6.66934194, 0.58663252]}
{"Distance":[0.7325837933299189]}
{"Time":[12.4]}
{"Title":['ModelBasedAgendUWB_PID']}
{"IMU":[]}
{"Kalman":[6.693176934784186, 2.18571678757854, -0.09376151126034671]}
{"UWB":[2.48447119, 6.70729979, 0.61917813]}
{"Distance":[0.7025346365540767]}
{"Time":[13.0]}
{"Title":['ModelBasedAgendUWB_PID']}
{"IMU":[]}
{"Kalman":[6.670845164800978, 2.18312096735861, -0.09353060180597361]}
{"UWB":[2.52072668, 6.64986096, 0.92885685]}
{"Distance":[0.6809507643053487]}
{"Time":[13.5]}
{"Title":['ModelBasedAgendUWB_PID']}
{"IMU":[]}
{"Kalman":[6.670845164800978, 2.18312096735861, -0.09353060180597361]}
{"UWB":[2.4540776, 6.63834622, 0.81586025]}
{"Distance":[0.6809507643053487]}
{"Time":[14.0]}
{"Title":['ModelBasedAgendUWB_PID']}
{"IMU":[]}
{"Kalman":[6.670845164800978, 2.18312096735861, -0.09353060180597361]}
{"UWB":[2.54113512, 6.62214587, 0.99659047]}
{"Distance":[0.6809507643053487]}
{"Time":[14.5]}
{"Title":['ModelBasedAgendUWB_PID']}
{"IMU":[]}
{"Kalman":[6.670845164800978, 2.18312096735861, -0.09353060180597361]}
{"UWB":[2.4370798, 6.64375995, 1.02744387]}
{"Distance":[0.6809507643053487]}
{"Time":[15.1]}
{"Title":['ModelBasedAgendUWB_PID']}
{"IMU":[]}
{"Kalman":[6.670845164800978, 2.18312096735861, -0.09353060180597361]}
{"UWB":[2.4873355, 6.63784678, 1.02535758]}
{"Distance":[0.6809507643053487]}
{"Time":[15.6]}
{"Title":['ModelBasedAgendUWB_PID']}
{"IMU":[]}
{"Kalman":[6.658099559256819, 2.221315264057091, -0.09344919843487609]}
{"UWB":[3.02484528, 9.68035066, 1.76069145]}
{"Distance":[0.6627867813742397]}
{"Time":[16.1]}
{"Title":['ModelBasedAgendUWB_PID']}
{"IMU":[]}
{"Kalman":[6.658099559256819, 2.221315264057091, -0.09344919843487609]}
{"UWB":[2.48277562, 6.62750802, 0.81987395]}
{"Distance":[0.6627867813742397]}
{"Time":[16.7]}
{"Title":['ModelBasedAgendUWB_PID']}
{"IMU":[]}
{"Kalman":[6.658099559256819, 2.221315264057091, -0.09344919843487609]}
{"UWB":[2.52188133, 6.61777181, 0.89852409]}
{"Distance":[0.6627867813742397]}
{"Time":[17.2]}
{"Title":['ModelBasedAgendUWB_PID']}
{"IMU":[]}
{"Kalman":[6.658099559256819, 2.221315264057091, -0.09344919843487609]}
{"UWB":[2.52047699, 6.64165094, 0.79493213]}
{"Distance":[0.6627867813742397]}
{"Time":[17.7]}
{"Title":['ModelBasedAgendUWB_PID']}
{"IMU":[]}
{"Kalman":[6.658099559256819, 2.221315264057091, -0.09344919843487609]}
{"UWB":[2.48075247, 6.66264159, 0.7553424]}
{"Distance":[0.6627867813742397]}
{"Time":[18.2]}
{"Title":['ModelBasedAgendUWB_PID']}
{"IMU":[]}
{"Kalman":[6.658099559256819, 2.221315264057091, -0.09344919843487609]}
{"UWB":[2.48059314, 6.57711636, 1.2050069]}
{"Distance":[0.6627867813742397]}
{"Time":[18.7]}
{"Title":['ModelBasedAgendUWB_PID']}
