{"IMU":[-0.001092766374349594, -0.0050352060794830325, 0.68]}
{"Kalman":[-0.011585752551956567, -0.0010929076356462207, 0.6461240559359578]}
{"CMD":[0.009311549789950116, 17.138667789219404, 0, 6.90744969798232]}
{"Distance":[2.042475610161438]}
{"Time":[1615214687.1740592]}
{"IMU":[-0.0027755212783813475, 0.003153170347213745, 0.73]}
{"Kalman":[0.012018985382910337, 0.007875588258508016, 0.6787856105281973]}
{"CMD":[0.009311549789950116, 17.138667789219404, 0, 6.90744969798232]}
{"Distance":[2.0137798348807037]}
{"Time":[1615214687.4407222]}
{"IMU":[-0.0027755212783813475, 0.003153170347213745, 0.73]}
{"Kalman":[0.012834139523204325, 0.007930317573089034, 0.6763595169943916]}
{"CMD":[-0.06750785188459933, 16.931478942396755, 0, 6.311352000924082]}
{"Distance":[2.013363903823995]}
{"Time":[1615214687.6818]}
{"IMU":[0.03257893323898316, 0.007797012329101563, 0.79]}
{"Kalman":[0.08749285506478888, 0.011943443307966841, 0.7390706147995576]}
{"CMD":[-0.06756613690256842, 16.930610828588307, 0, 6.317271332202705]}
{"Distance":[1.9302617359641576]}
{"Time":[1615214687.9288502]}
{"IMU":[0.03257893323898316, 0.007797012329101563, 0.79]}
{"Kalman":[0.08751260535057356, 0.011942968164727515, 0.7390796071662001]}
{"CMD":[-0.10175383452225034, 16.29435188949006, 0, 5.093012166860065]}
{"Distance":[1.930240948839828]}
{"Time":[1615214688.1687496]}
{"IMU":[0.11920520782470703, 0.011678088903427124, 0.84]}
{"Kalman":[0.22595101370247467, 0.017339453208634566, 0.7984968457983752]}
{"CMD":[-0.10175383452225034, 16.29435188949006, 0, 5.093012166860065]}
{"Distance":[1.7855402497770962]}
{"Time":[1615214688.5051692]}
{"IMU":[0.11920520782470703, 0.011678088903427124, 0.84]}
{"Kalman":[0.22595101370247467, 0.017339453208634566, 0.7984968457983752]}
{"CMD":[-0.14773177221627126, 15.114859597400839, 0, 3.9332227154174846]}
{"Distance":[1.7855402497770962]}
{"Time":[1615214688.7570996]}
{"IMU":[0.27293876647949217, 0.016477084159851073, 0.88]}
{"Kalman":[0.4688996981997091, 0.02052366037804909, 0.8522307210806728]}
{"CMD":[-0.17840920587669037, 13.968580297084001, 0, 3.5424678275108032]}
{"Distance":[1.5383514275355268]}
{"Time":[1615214689.0141563]}
{"IMU":[0.5312029647827149, 0.023007130622863768, 0.88]}
{"Kalman":[0.6626322851930757, 0.023787608540030883, 0.8522526818052858]}
{"CMD":[-0.17486114951446163, 13.044941977362202, 0, 2.884369164290101]}
{"Distance":[1.3457145035116769]}
{"Time":[1615214689.275356]}
{"IMU":[0.5312029647827149, 0.023007130622863768, 0.91]}
{"Kalman":[0.8289519156124416, 0.025289911092294365, 0.8857743822218136]}
{"CMD":[-0.2235310747995413, 10.981695081093235, 0, 2.4446466101986997]}
{"Distance":[1.176877515847607]}
{"Time":[1615214689.5128045]}
{"IMU":[0.5312029647827149, 0.023007130622863768, 0.91]}
{"Kalman":[0.8289519156124416, 0.025289911092294365, 0.8857743822218136]}
{"CMD":[-0.21546950413615681, 9.977304749776877, 0, 2.229616684204417]}
{"Distance":[1.176877515847607]}
{"Time":[1615214689.7544117]}
{"IMU":[0.87808837890625, 0.03212985754013062, 0.94]}
{"Kalman":[1.2474183698419627, 0.033402625759757255, 0.9225686698604421]}
{"CMD":[-0.2737522274215692, 7.390880515583595, 0, 1.9366767260830187]}
{"Distance":[0.75729152665678]}
{"Time":[1615214690.0055282]}
{"IMU":[0.87808837890625, 0.03212985754013062, 0.94]}
{"Kalman":[1.2474183698419627, 0.033402625759757255, 0.9225686698604421]}
{"CMD":[-0.2845896603999315, 6.411979468031472, 0, 1.5114138922369487]}
{"Distance":[0.75729152665678]}
{"Time":[1615214690.2394066]}
{"IMU":[1.2546170806884767, 0.04542757034301758, 0.96]}
{"Kalman":[1.6299135434660759, 0.04650720399682924, 0.9509413673668135]}
{"CMD":[-0.2845896603999315, 6.411979468031472, 0, 1.5114138922369487]}
{"Distance":[0.3762095888853403]}
{"Time":[1615214690.4934642]}
{"IMU":[1.2546170806884767, 0.04542757034301758, 0.96]}
{"Kalman":[1.6299135434660759, 0.04650720399682924, 0.9509413673668135]}
{"CMD":[-0.39624038801026745, 3.1531287312895633, 0, 0.9575955722613444]}
{"Distance":[0.3762095888853403]}
{"Time":[1615214690.7228613]}
{"IMU":[1.6428062438964843, 0.062422680854797366, 0.97]}
{"Kalman":[2.0397451497452312, 0.06811184512161311, 0.9687753459412873]}
{"CMD":[-0.39624131565874504, 1.4994101645102216, 0, 0.9574238662559507]}
{"Distance":[0.08481674006484656]}
{"Time":[1615214690.9776018]}
