{"IMU":[2.659386610000007, 0.9614105800000039, 0.0]}
{"Kalman":[1.1359898757873308, 2.705501319504604, 7.215035758456763e-05]}
{"UWB":[2.7758126, 1.5064581, 0.90872816]}
{"Distance":[1.659096554276515]}
{"Time":[1615577332.291325]}
{"IMU":[2.659386610000007, 0.9614105800000039, 0.0]}
{"Kalman":[1.1359898757873308, 2.705501319504604, 7.215035758456763e-05]}
{"UWB":[2.75997, 1.38278255, 0.9142559]}
{"Distance":[1.659096554276515]}
{"Time":[1615577332.5894558]}
{"IMU":[2.659386610000007, 0.9614105800000039, 0.0]}
{"Kalman":[1.1359898757873308, 2.705501319504604, 7.215035758456763e-05]}
{"UWB":[2.82708713, 1.38273087, 0.89663406]}
{"Distance":[1.659096554276515]}
{"Time":[1615577332.8797204]}
{"IMU":[2.659386610000007, 0.9614105800000039, 0.0]}
{"Kalman":[1.1359898757873308, 2.705501319504604, 7.215035758456763e-05]}
{"UWB":[2.83749745, 1.33924519, 0.855606]}
{"Distance":[1.659096554276515]}
{"Time":[1615577333.1762068]}
{"IMU":[2.659386610000007, 0.9614105800000039, 0.0]}
{"Kalman":[1.1359898757873308, 2.705501319504604, 7.215035758456763e-05]}
{"UWB":[2.95233712, 1.25072878, 0.92755794]}
{"Distance":[1.659096554276515]}
{"Time":[1615577333.4747155]}
{"IMU":[2.659386610000007, 0.9614105800000039, 0.0]}
{"Kalman":[1.1359898757873308, 2.705501319504604, 7.215035758456763e-05]}
{"UWB":[2.8233045, 1.40914271, 0.8400878]}
{"Distance":[1.659096554276515]}
{"Time":[1615577333.7716677]}
{"IMU":[2.659386610000007, 0.9614105800000039, 0.0]}
{"Kalman":[1.1359898757873308, 2.705501319504604, 7.215035758456763e-05]}
{"UWB":[2.77188673, 1.43403483, 0.90922937]}
{"Distance":[1.659096554276515]}
{"Time":[1615577334.0763643]}
{"IMU":[2.659386610000007, 0.9614105800000039, 0.0]}
{"Kalman":[1.1359898757873308, 2.705501319504604, 7.215035758456763e-05]}
{"UWB":[2.80503859, 1.38487959, 0.92464564]}
{"Distance":[1.659096554276515]}
{"Time":[1615577334.3772142]}
{"IMU":[2.659386610000007, 0.9614105800000039, 0.0]}
{"Kalman":[1.1359898757873308, 2.705501319504604, 7.215035758456763e-05]}
{"UWB":[2.8710945, 1.30920195, 0.89366425]}
{"Distance":[1.659096554276515]}
{"Time":[1615577334.6999898]}
{"IMU":[2.659386610000007, 0.9614105800000039, 0.0]}
{"Kalman":[1.3228924164548543, 2.528912891332827, 0.0017990326954343213]}
{"UWB":[2.71473309, 1.4399289, 1.16532804]}
{"Distance":[1.6255517735400535]}
{"Time":[1615577337.7098486]}
{"IMU":[2.659386610000007, 0.9614105800000039, 0.0]}
{"Kalman":[2.0185386664964713, 1.8284146962968437, 0.0014448899685318914]}
{"UWB":[1.17627571, 2.83851295, 1.86058665]}
{"Distance":[1.884138539048102]}
{"Time":[1615577342.5319316]}
{"IMU":[2.659386610000007, 0.9614105800000039, 0.0]}
{"Kalman":[2.0185386664964713, 1.8284146962968437, 0.0014448899685318914]}
{"UWB":[0.90998336, 2.887333, 1.51388174]}
{"Distance":[1.884138539048102]}
{"Time":[1615577343.3497524]}
{"IMU":[2.659386610000007, 0.9614105800000039, 0.0]}
{"Kalman":[2.0185386664964713, 1.8284146962968437, 0.0014448899685318914]}
{"UWB":[0.90655877, 2.82008674, 1.35327895]}
{"Distance":[1.884138539048102]}
{"Time":[1615577343.802176]}
{"IMU":[2.659386610000007, 0.9614105800000039, 0.0]}
{"Kalman":[2.0185386664964713, 1.8284146962968437, 0.0014448899685318914]}
{"UWB":[0.82488021, 2.7953953, 1.15199175]}
{"Distance":[1.884138539048102]}
{"Time":[1615577344.4323246]}
{"IMU":[2.659386610000007, 0.9614105800000039, 0.0]}
{"Kalman":[2.0185386664964713, 1.8284146962968437, 0.0014448899685318914]}
{"UWB":[0.82613892, 2.79852527, 1.1595326]}
{"Distance":[1.884138539048102]}
{"Time":[1615577344.8909883]}
{"IMU":[2.659386610000007, 0.9614105800000039, 0.0]}
{"Kalman":[2.0185386664964713, 1.8284146962968437, 0.0014448899685318914]}
{"UWB":[0.78182196, 2.77561561, 1.15434579]}
{"Distance":[1.884138539048102]}
{"Time":[1615577345.2766426]}
{"IMU":[2.659386610000007, 0.9614105800000039, 0.0]}
{"Kalman":[2.0185386664964713, 1.8284146962968437, 0.0014448899685318914]}
{"UWB":[1.14430295, 2.53213836, 1.98930275]}
{"Distance":[1.884138539048102]}
{"Time":[1615577345.7229984]}
{"IMU":[2.659386610000007, 0.9614105800000039, 0.0]}
{"Kalman":[2.0185386664964713, 1.8284146962968437, 0.0014448899685318914]}
{"UWB":[0.83417916, 2.70879898, 1.29307039]}
{"Distance":[1.884138539048102]}
{"Time":[1615577346.2243295]}
{"IMU":[2.659386610000007, 0.9614105800000039, 0.0]}
{"Kalman":[2.0185386664964713, 1.8284146962968437, 0.0014448899685318914]}
{"UWB":[0.77631351, 2.70595553, 1.2712863]}
{"Distance":[1.884138539048102]}
{"Time":[1615577346.6507664]}
{"IMU":[2.659386610000007, 0.9614105800000039, 0.0]}
{"Kalman":[2.0185386664964713, 1.8284146962968437, 0.0014448899685318914]}
{"UWB":[0.78725115, 2.77581229, 1.29218621]}
{"Distance":[1.884138539048102]}
{"Time":[1615577347.124352]}
{"IMU":[2.659386610000007, 0.9614105800000039, 0.0]}
{"Kalman":[2.0185386664964713, 1.8284146962968437, 0.0014448899685318914]}
{"UWB":[0.86866493, 2.76319033, 1.36048792]}
{"Distance":[1.884138539048102]}
{"Time":[1615577347.4434943]}
{"IMU":[2.659386610000007, 0.9614105800000039, 0.0]}
{"Kalman":[2.066522857432304, 1.941688525149221, 8.077784229313604e-05]}
{"UWB":[0.76489873, 2.95351967, 0.98871259]}
{"Distance":[1.762450149149047]}
{"Time":[1615577357.4555914]}
{"IMU":[2.659386610000007, 0.9614105800000039, 0.0]}
{"Kalman":[2.066522857432304, 1.941688525149221, 8.077784229313604e-05]}
{"UWB":[0.80543407, 2.98837115, 1.14294966]}
{"Distance":[1.762450149149047]}
{"Time":[1615577357.744463]}
{"IMU":[2.659386610000007, 0.9614105800000039, 0.0]}
{"Kalman":[2.0679859954694204, 1.7231781195634008, 0.0005984318878317246]}
{"UWB":[0.75112591, 2.9547401, 1.12775734]}
{"Distance":[1.9746591247705967]}
{"Time":[1615577358.0941005]}
{"IMU":[2.659386610000007, 0.9614105800000039, 0.0]}
{"Kalman":[2.0741272504513804, 1.60548526399196, 0.0008184705387982889]}
{"UWB":[0.73889895, 2.92043227, 1.17658834]}
{"Distance":[2.088398454453107]}
{"Time":[1615577358.5500705]}
{"IMU":[2.659386610000007, 0.9614105800000039, 0.0]}
{"Kalman":[2.0741272504513804, 1.60548526399196, 0.0008184705387982889]}
{"UWB":[0.66102534, 2.90602072, 1.03061122]}
{"Distance":[2.088398454453107]}
{"Time":[1615577358.890842]}
{"IMU":[2.659386610000007, 0.9614105800000039, 0.0]}
{"Kalman":[2.0741272504513804, 1.60548526399196, 0.0008184705387982889]}
{"UWB":[0.77270495, 2.93215185, 1.05562946]}
{"Distance":[2.088398454453107]}
{"Time":[1615577359.2052777]}
{"IMU":[2.659386610000007, 0.9614105800000039, 0.0]}
{"Kalman":[2.0741272504513804, 1.60548526399196, 0.0008184705387982889]}
{"UWB":[0.7733514, 3.00803142, 1.19459126]}
{"Distance":[2.088398454453107]}
{"Time":[1615577359.596799]}
{"IMU":[2.659386610000007, 0.9614105800000039, 0.0]}
{"Kalman":[2.0741272504513804, 1.60548526399196, 0.0008184705387982889]}
{"UWB":[0.73767033, 2.93562333, 1.14882095]}
{"Distance":[2.088398454453107]}
{"Time":[1615577359.9346967]}
{"IMU":[2.659386610000007, 0.9614105800000039, 0.0]}
{"Kalman":[2.0741272504513804, 1.60548526399196, 0.0008184705387982889]}
{"UWB":[0.82553946, 2.94995973, 1.29611057]}
{"Distance":[2.088398454453107]}
{"Time":[1615577360.2812114]}
{"IMU":[2.659386610000007, 0.9614105800000039, 0.0]}
{"Kalman":[2.0741272504513804, 1.60548526399196, 0.0008184705387982889]}
{"UWB":[0.74738701, 2.96412102, 1.15000286]}
{"Distance":[2.088398454453107]}
{"Time":[1615577360.656548]}
{"IMU":[2.659386610000007, 0.9614105800000039, 0.0]}
{"Kalman":[2.0741272504513804, 1.60548526399196, 0.0008184705387982889]}
{"UWB":[0.7718386, 2.95608067, 1.18281648]}
{"Distance":[2.088398454453107]}
{"Time":[1615577361.0027852]}
{"IMU":[2.659386610000007, 0.9614105800000039, 0.0]}
{"Kalman":[2.0741272504513804, 1.60548526399196, 0.0008184705387982889]}
{"UWB":[0.74307389, 2.92701928, 1.14241359]}
{"Distance":[2.088398454453107]}
{"Time":[1615577361.3238702]}
{"IMU":[2.659386610000007, 0.9614105800000039, 0.0]}
{"Kalman":[2.0741272504513804, 1.60548526399196, 0.0008184705387982889]}
{"UWB":[0.73972567, 2.97188317, 1.011709]}
{"Distance":[2.088398454453107]}
{"Time":[1615577361.6573572]}
