{"IMU":[0.040828523635864256, -0.014968876838684081, 0.81]}
{"Kalman":[0.17478833663306337, -0.0626043894781771, 0.8182326066054286]}
{"CMD":[0.3654374786153346, 20.0, 0, 5.916247923004466]}
{"Distance":[0.8473092612737209]}
{"Time":[1615323832.7949839]}
{"IMU":[0.040828523635864256, -0.014968876838684081, 0.81]}
{"Kalman":[-0.0028238465575402046, 0.008103704069134429, 0.8172564119545958]}
{"CMD":[-0.22144827407842185, 20.0, 0, 2.7563445706137695]}
{"Distance":[1.0193706667428732]}
{"Time":[1615323832.860679]}
{"IMU":[0.040828523635864256, -0.014968876838684081, 0.81]}
{"Kalman":[-0.0028238465575402046, 0.008103704069134429, 0.8172564119545958]}
{"CMD":[-0.22144827407842185, 20.0, 0, 2.7563445706137695]}
{"Distance":[1.0193706667428732]}
{"Time":[1615323832.890474]}
{"IMU":[0.040828523635864256, -0.014968876838684081, 0.81]}
{"Kalman":[-0.0028238465575402046, 0.008103704069134429, 0.8172564119545958]}
{"CMD":[-0.22144827407842185, 20.0, 0, 2.7563445706137695]}
{"Distance":[1.0193706667428732]}
{"Time":[1615323832.9350178]}
{"IMU":[0.040828523635864256, -0.014968876838684081, 0.81]}
{"Kalman":[-0.0028238465575402046, 0.008103704069134429, 0.8172564119545958]}
{"CMD":[-0.22144827407842185, 20.0, 0, 2.7563445706137695]}
{"Distance":[1.0193706667428732]}
{"Time":[1615323832.993262]}
{"IMU":[0.040828523635864256, -0.014968876838684081, 0.81]}
{"Kalman":[-0.0028238465575402046, 0.008103704069134429, 0.8172564119545958]}
{"CMD":[-0.22144827407842185, 20.0, 0, 2.7563445706137695]}
{"Distance":[1.0193706667428732]}
{"Time":[1615323833.0452993]}
{"IMU":[0.040828523635864256, -0.014968876838684081, 0.81]}
{"Kalman":[-0.0028238465575402046, 0.008103704069134429, 0.8172564119545958]}
{"CMD":[-0.22144827407842185, 20.0, 0, 2.7563445706137695]}
{"Distance":[1.0193706667428732]}
{"Time":[1615323833.0775285]}
{"IMU":[0.040828523635864256, -0.014968876838684081, 0.81]}
{"Kalman":[-0.0028238465575402046, 0.008103704069134429, 0.8172564119545958]}
{"CMD":[-0.22144827407842185, 20.0, 0, 2.7563445706137695]}
{"Distance":[1.0193706667428732]}
{"Time":[1615323833.1076543]}
{"IMU":[0.040828523635864256, -0.014968876838684081, 0.81]}
{"Kalman":[-0.0028238465575402046, 0.008103704069134429, 0.8172564119545958]}
{"CMD":[-0.22144827407842185, 20.0, 0, 2.7563445706137695]}
{"Distance":[1.0193706667428732]}
{"Time":[1615323833.1318042]}
{"IMU":[0.03345604658126831, -0.007670652270317078, 0.79]}
{"Kalman":[-0.02946756580682332, 0.020568568562388076, 0.7975141014609496]}
{"CMD":[-0.5105807719843934, 20.0, 0, 3.0414277425812397]}
{"Distance":[1.049393669777028]}
{"Time":[1615323833.1601815]}
{"IMU":[0.03345604658126831, -0.007670652270317078, 0.79]}
{"Kalman":[0.04885548059764875, 0.008044547388226526, 0.791680303179806]}
{"CMD":[-0.3264079657515339, 20.0, 0, 3.126099004777581]}
{"Distance":[0.9737236299972744]}
{"Time":[1615323833.1870298]}
{"IMU":[0.03345604658126831, -0.007670652270317078, 0.79]}
{"Kalman":[0.07156368752880517, 0.002034963906260568, 0.7913730617937248]}
{"CMD":[-0.05560904507479379, 20.0, 0, 3.146746403303439]}
{"Distance":[0.9515898941973558]}
{"Time":[1615323833.2184963]}
{"IMU":[0.03345604658126831, -0.007670652270317078, 0.79]}
{"Kalman":[0.1030047716426772, -0.006287279254265137, 0.7913552064227811]}
{"CMD":[0.059771409880939055, 20.0, 0, 3.1470010969209268]}
{"Distance":[0.920962876267609]}
{"Time":[1615323833.2591004]}
{"IMU":[0.03345604658126831, -0.007670652270317078, 0.79]}
{"Kalman":[0.1030047716426772, -0.006287279254265137, 0.7913552064227811]}
{"CMD":[0.17181120233759925, 20.0, 0, 3.1470157181137877]}
{"Distance":[0.920962876267609]}
{"Time":[1615323833.2932148]}
{"IMU":[0.03345604658126831, -0.007670652270317078, 0.79]}
{"Kalman":[0.1030047716426772, -0.006287279254265137, 0.7913552064227811]}
{"CMD":[0.17181120233759925, 20.0, 0, 3.1470157181137877]}
{"Distance":[0.920962876267609]}
{"Time":[1615323833.324281]}
{"IMU":[0.03345604658126831, -0.007670652270317078, 0.79]}
{"Kalman":[0.1030047716426772, -0.006287279254265137, 0.7913552064227811]}
{"CMD":[0.17181120233759925, 20.0, 0, 3.1470157181137877]}
{"Distance":[0.920962876267609]}
{"Time":[1615323833.3541903]}
{"IMU":[0.03345604658126831, -0.007670652270317078, 0.79]}
{"Kalman":[0.1030047716426772, -0.006287279254265137, 0.7913552064227811]}
{"CMD":[0.17181120233759925, 20.0, 0, 3.1470157181137877]}
{"Distance":[0.920962876267609]}
{"Time":[1615323833.3858693]}
{"IMU":[0.03345604658126831, -0.007670652270317078, 0.79]}
{"Kalman":[0.1030047716426772, -0.006287279254265137, 0.7913552064227811]}
{"CMD":[0.17181120233759925, 20.0, 0, 3.1470157181137877]}
{"Distance":[0.920962876267609]}
{"Time":[1615323833.4436195]}
{"IMU":[0.03345604658126831, -0.007670652270317078, 0.79]}
{"Kalman":[0.1030047716426772, -0.006287279254265137, 0.7913552064227811]}
{"CMD":[0.17181120233759925, 20.0, 0, 3.1470157181137877]}
{"Distance":[0.920962876267609]}
{"Time":[1615323833.5014935]}
{"IMU":[0.03345604658126831, -0.007670652270317078, 0.79]}
{"Kalman":[0.1030047716426772, -0.006287279254265137, 0.7913552064227811]}
{"CMD":[0.17181120233759925, 20.0, 0, 3.1470157181137877]}
{"Distance":[0.920962876267609]}
{"Time":[1615323833.5460403]}
{"IMU":[0.03345604658126831, -0.007670652270317078, 0.79]}
{"Kalman":[0.1030047716426772, -0.006287279254265137, 0.7913552064227811]}
{"CMD":[0.17181120233759925, 20.0, 0, 3.1470157181137877]}
{"Distance":[0.920962876267609]}
{"Time":[1615323833.5947084]}
{"IMU":[0.03345604658126831, -0.007670652270317078, 0.79]}
{"Kalman":[0.1030047716426772, -0.006287279254265137, 0.7913552064227811]}
{"CMD":[0.17181120233759925, 20.0, 0, 3.1470157181137877]}
{"Distance":[0.920962876267609]}
{"Time":[1615323833.6509135]}
{"IMU":[0.05891075611114502, -0.01670618772506714, 0.8]}
{"Kalman":[0.130934233469351, -0.014306205923404628, 0.8012263479155949]}
{"CMD":[0.39094278163674834, 20.0, 0, 2.9981280468663707]}
{"Distance":[0.8916226437492485]}
{"Time":[1615323833.7028036]}
{"IMU":[0.05891075611114502, -0.01670618772506714, 0.8]}
{"Kalman":[0.25936331267845913, -0.06270931362737779, 0.7984386906281247]}
{"CMD":[1.385824401802488, 20.0, 0, 3.0400421745350443]}
{"Distance":[0.7701312369057286]}
{"Time":[1615323833.7723308]}
{"IMU":[0.05891075611114502, -0.01670618772506714, 0.8]}
{"Kalman":[0.28211540526025475, -0.07322099396166656, 0.798438664021095]}
{"CMD":[2.0008952203568713, 19.617486415639092, 0, 3.0401750343934135]}
{"Distance":[0.7492306570629526]}
{"Time":[1615323833.8417797]}
{"IMU":[0.05891075611114502, -0.01670618772506714, 0.8]}
{"Kalman":[0.28211540526025475, -0.07322099396166656, 0.798438664021095]}
{"CMD":[2.0008952203568713, 19.617486415639092, 0, 3.0401750343934135]}
{"Distance":[0.7492306570629526]}
{"Time":[1615323833.9044833]}
{"IMU":[0.05891075611114502, -0.01670618772506714, 0.8]}
{"Kalman":[0.28211540526025475, -0.07322099396166656, 0.798438664021095]}
{"CMD":[2.0008952203568713, 19.617486415639092, 0, 3.0401750343934135]}
{"Distance":[0.7492306570629526]}
{"Time":[1615323833.96065]}
{"IMU":[0.05891075611114502, -0.01670618772506714, 0.8]}
{"Kalman":[0.28211540526025475, -0.07322099396166656, 0.798438664021095]}
{"CMD":[2.0008952203568713, 19.617486415639092, 0, 3.0401750343934135]}
{"Distance":[0.7492306570629526]}
{"Time":[1615323833.9981995]}
{"IMU":[0.05891075611114502, -0.01670618772506714, 0.8]}
{"Kalman":[0.28211540526025475, -0.07322099396166656, 0.798438664021095]}
{"CMD":[2.0008952203568713, 19.617486415639092, 0, 3.0401750343934135]}
{"Distance":[0.7492306570629526]}
{"Time":[1615323834.0345874]}
{"IMU":[0.05891075611114502, -0.01670618772506714, 0.8]}
{"Kalman":[0.28211540526025475, -0.07322099396166656, 0.798438664021095]}
{"CMD":[2.0008952203568713, 19.617486415639092, 0, 3.0401750343934135]}
{"Distance":[0.7492306570629526]}
{"Time":[1615323834.0883942]}
{"IMU":[0.05891075611114502, -0.01670618772506714, 0.8]}
{"Kalman":[0.28211540526025475, -0.07322099396166656, 0.798438664021095]}
{"CMD":[2.0008952203568713, 19.617486415639092, 0, 3.0401750343934135]}
