{"IMU":[-0.003735406696796417, -0.00016555819660425187, 0.77]}
{"Kalman":[0.0005549523880984536, 0.0018830875155779222, 0.7617864095408041]}
{"CMD":[-0.029383357054706835, 15.59515978285597, 0, 2.9539702126741796]}
{"Distance":[1.0274432655353818]}
{"Time":[1615306950.1656828]}
{"IMU":[-0.003735406696796417, -0.00016555819660425187, 0.77]}
{"Kalman":[0.0005549523880984536, 0.0018830875155779222, 0.7617864095408041]}
{"CMD":[-0.029383357054706835, 15.59515978285597, 0, 2.9539702126741796]}
{"Distance":[1.0274432655353818]}
{"Time":[1615306950.286874]}
{"IMU":[0.007019564509391785, 0.001049828678369522, 0.78]}
{"Kalman":[0.010972987179110216, 0.003024703899118973, 0.770543856996678]}
{"CMD":[-0.029383357054706835, 15.59515978285597, 0, 2.9539702126741796]}
{"Distance":[1.0152998091623235]}
{"Time":[1615306950.397851]}
{"IMU":[0.007019564509391785, 0.001049828678369522, 0.78]}
{"Kalman":[0.045188220004995595, 0.0028471540045351272, 0.761343572859339]}
{"CMD":[-0.04719693265307459, 15.432598651978996, 0, 2.845373390495211]}
{"Distance":[0.9841902924326676]}
{"Time":[1615306950.5113575]}
{"IMU":[0.007019564509391785, 0.001049828678369522, 0.78]}
{"Kalman":[0.04518847507674185, 0.0028471503383340085, 0.7613432612557177]}
{"CMD":[-0.0444264189994497, 14.898706366368168, 0, 2.9594654777907476]}
{"Distance":[0.9841901205251876]}
{"Time":[1615306950.628049]}
{"IMU":[0.007019564509391785, 0.001049828678369522, 0.78]}
{"Kalman":[0.04518847507674185, 0.0028471503383340085, 0.7613432612557177]}
{"CMD":[-0.0444264189994497, 14.898706366368168, 0, 2.9594654777907476]}
{"Distance":[0.9841901205251876]}
{"Time":[1615306950.7408924]}
{"IMU":[0.007019564509391785, 0.001049828678369522, 0.78]}
{"Kalman":[0.04518847507674185, 0.0028471503383340085, 0.7613432612557177]}
{"CMD":[-0.0444264189994497, 14.898706366368168, 0, 2.9594654777907476]}
{"Distance":[0.9841901205251876]}
{"Time":[1615306950.852407]}
{"IMU":[0.08624176979064942, 0.00018568139523267746, 0.8]}
{"Kalman":[0.20199295995979086, 0.0018567457969695408, 0.7811191982760675]}
{"CMD":[-0.0444264189994497, 14.898706366368168, 0, 2.9594654777907476]}
{"Distance":[0.8274826214622286]}
{"Time":[1615306950.9684324]}
{"IMU":[0.08624176979064942, 0.00018568139523267746, 0.8]}
{"Kalman":[0.20199295995979086, 0.0018567457969695408, 0.7811191982760675]}
{"CMD":[-0.028972325641189577, 12.451957540844793, 0, 2.714233756236892]}
{"Distance":[0.8274826214622286]}
{"Time":[1615306951.0804007]}
{"IMU":[0.08624176979064942, 0.00018568139523267746, 0.8]}
{"Kalman":[0.20201251491083985, 0.0018566708889521696, 0.7811195905871514]}
{"CMD":[-0.028972325641189577, 12.451957540844793, 0, 2.714233756236892]}
{"Distance":[0.8274636591479101]}
{"Time":[1615306951.1970632]}
{"IMU":[0.08624176979064942, 0.00018568139523267746, 0.8]}
{"Kalman":[0.20201251491083985, 0.0018566708889521696, 0.7811195905871514]}
{"CMD":[-0.028971156790032915, 12.451652408924952, 0, 2.7142288913790398]}
{"Distance":[0.8274636591479101]}
{"Time":[1615306951.310099]}
{"IMU":[0.23520389556884766, -0.0027724355459213257, 0.82]}
{"Kalman":[0.4092098848058799, 0.00017704998789098937, 0.7976290422466248]}
{"CMD":[-0.028971156790032915, 12.451652408924952, 0, 2.7142288913790398]}
{"Distance":[0.6244893883003925]}
{"Time":[1615306951.4230454]}
{"IMU":[0.23520389556884766, -0.0027724355459213257, 0.82]}
{"Kalman":[0.4133685637483017, 0.00034517312980415034, 0.7966811930968634]}
{"CMD":[-0.004745670622255477, 9.16953044693971, 0, 2.5183880295116277]}
{"Distance":[0.6208664094503219]}
{"Time":[1615306951.5381339]}
{"IMU":[0.23520389556884766, -0.0027724355459213257, 0.82]}
{"Kalman":[0.4133685637483017, 0.00034517312980415034, 0.7966811930968634]}
{"CMD":[-0.005386019096203991, 9.153690844585636, 0, 2.5212570706422257]}
{"Distance":[0.6208664094503219]}
{"Time":[1615306951.6521306]}
{"IMU":[0.23520389556884766, -0.0027724355459213257, 0.82]}
{"Kalman":[0.4133685637483017, 0.00034517312980415034, 0.7966811930968634]}
{"CMD":[-0.005386019096203991, 9.153690844585636, 0, 2.5212570706422257]}
{"Distance":[0.6208664094503219]}
{"Time":[1615306951.7794151]}
{"IMU":[0.4363763427734375, -0.007328493595123291, 0.84]}
{"Kalman":[0.631988357064887, -0.004067204985534893, 0.8154238463330303]}
{"CMD":[-0.005386019096203991, 9.153690844585636, 0, 2.5212570706422257]}
{"Distance":[0.4117249907337278]}
{"Time":[1615306951.8938947]}
{"IMU":[0.4363763427734375, -0.007328493595123291, 0.84]}
{"Kalman":[0.6556674732044317, -0.003372822799010237, 0.8190508801451639]}
{"CMD":[0.053974026286123106, 5.418772029268658, 0, 2.2531137535514483]}
{"Distance":[0.3889972351049479]}
{"Time":[1615306952.0144286]}
{"IMU":[0.4363763427734375, -0.007328493595123291, 0.84]}
{"Kalman":[0.6556674732044317, -0.003372822799010237, 0.8190508801451639]}
{"CMD":[0.052628917013003554, 5.372902478873092, 0, 2.2438615237292874]}
{"Distance":[0.3889972351049479]}
{"Time":[1615306952.1291]}
{"IMU":[0.4363763427734375, -0.007328493595123291, 0.84]}
{"Kalman":[0.6556674732044317, -0.003372822799010237, 0.8190508801451639]}
{"CMD":[0.052628917013003554, 5.372902478873092, 0, 2.2438615237292874]}
{"Distance":[0.3889972351049479]}
{"Time":[1615306952.2441373]}
{"IMU":[0.4363763427734375, -0.007328493595123291, 0.84]}
{"Kalman":[0.6556674732044317, -0.003372822799010237, 0.8190508801451639]}
{"CMD":[0.052628917013003554, 5.372902478873092, 0, 2.2438615237292874]}
{"Distance":[0.3889972351049479]}
{"Time":[1615306952.3581548]}
{"IMU":[0.6724852752685547, -0.011913859844207763, 0.86]}
{"Kalman":[0.9053573525645224, -0.006719152493398832, 0.842885943264553]}
{"CMD":[0.052628917013003554, 5.372902478873092, 0, 2.2438615237292874]}
{"Distance":[0.18354074356309802]}
{"Time":[1615306952.4721978]}
