{"IMU":[-0.012326239347457886, 0.004640293419361115, 0.63]}
{"Kalman":[3.774454967407009, 2.3505336669311707, 1.2713254977904975]}
{"UWB":[3.53036437, 2.31710973, 1.32900948]}
{"Distance":[2.2261186723966104]}
{"Time":[0.6]}
{"Title":['ModelBasedAgendUWB_PID']}
{"IMU":[0.06290422916412354, -0.017638260126113893, 0.61]}
{"Kalman":[3.9397656308756397, 2.3348794621753504, 1.2290439245468916]}
{"UWB":[3.674052, 2.32237443, 1.57129607]}
{"Distance":[2.0605296000307525]}
{"Time":[1.2]}
{"Title":['ModelBasedAgendUWB_PID']}
{"IMU":[0.2457485580444336, -0.06413605213165283, 0.59]}
{"Kalman":[4.976880107529686, 2.54432337437278, 1.1879083336047664]}
{"UWB":[5.28928762, 2.76041018, 1.2084626]}
{"Distance":[1.051887933970805]}
{"Time":[1.8]}
{"Title":['ModelBasedAgendUWB_PID']}
{"IMU":[0.529423828125, -0.1293765926361084, 0.57]}
{"Kalman":[4.579087307357377, 2.1656363076652863, 1.1468285109037912]}
{"UWB":[4.31872126, 2.15719605, 1.24438818]}
{"Distance":[1.4272513730701841]}
{"Time":[2.3]}
{"Title":['ModelBasedAgendUWB_PID']}
{"IMU":[1.2565274047851562, -0.3052893257141113, 0.54]}
{"Kalman":[5.160199871944146, 1.9181913275114415, 1.0867782455650343]}
{"UWB":[4.68840026, 1.85015682, 1.87472533]}
{"Distance":[0.9225194401583656]}
{"Time":[2.9]}
{"Title":['ModelBasedAgendUWB_PID']}
{"IMU":[1.6953045654296874, -0.347273063659668, 0.53]}
{"Kalman":[5.762809033352696, 2.021898491309831, 1.0659004405081294]}
{"UWB":[5.4082174, 1.9677081, 0.64325244]}
{"Distance":[0.36551334284103887]}
{"Time":[3.6]}
{"Title":['ModelBasedAgendUWB_PID']}
{"IMU":[2.122439422607422, -0.35057945251464845, 0.53]}
{"Kalman":[6.652679915262267, 2.3797007984331273, 1.0648278408046963]}
{"UWB":[6.60648177, 2.62928055, 0.75372199]}
{"Distance":[0.657528165980468]}
{"Time":[4.1]}
{"Title":['ModelBasedAgendUWB_PID']}
{"IMU":[2.5589413452148437, -0.3104079627990723, 0.52]}
{"Kalman":[6.531596343178255, 2.1815183987490507, 1.0472275125577526]}
{"UWB":[6.02336167, 2.17818329, 0.78337377]}
{"Distance":[0.5446398460592854]}
{"Time":[4.7]}
{"Title":['ModelBasedAgendUWB_PID']}
{"IMU":[2.956490173339844, -0.26336500167846677, 0.51]}
{"Kalman":[7.058312727340066, 2.3097075982710025, 1.0263348356740936]}
{"UWB":[6.60643493, 2.36028131, 1.64983692]}
{"Distance":[1.058357248907079]}
{"Time":[5.3]}
{"Title":['ModelBasedAgendUWB_PID']}
{"IMU":[3.544501953125, -0.12924768447875976, 0.48]}
{"Kalman":[7.349084245175764, 2.376117497989878, 0.9683525383602897]}
{"UWB":[6.861439, 2.36715028, 1.09419294]}
{"Distance":[1.3512298746259643]}
{"Time":[5.9]}
{"Title":['ModelBasedAgendUWB_PID']}
{"IMU":[3.7435992431640623, -0.04961857795715332, 0.51]}
{"Kalman":[7.515630518773495, 2.4954734511696994, 1.0150384689832077]}
{"UWB":[7.15666981, 2.53995354, 1.33099549]}
{"Distance":[1.528183804242738]}
{"Time":[6.6]}
{"Title":['ModelBasedAgendUWB_PID']}
{"IMU":[3.832462158203125, 0.005787547826766968, 0.53]}
{"Kalman":[7.605485997064116, 2.5633677637671286, 1.0657682620573095]}
{"UWB":[7.33717997, 2.65290036, 1.02937081]}
{"Distance":[1.6269443339465115]}
{"Time":[7.2]}
{"Title":['ModelBasedAgendUWB_PID']}
{"IMU":[3.8589828491210936, 0.03148338556289673, 0.52]}
{"Kalman":[7.802872667957808, 2.6637007945428866, 1.0495258915962868]}
{"UWB":[7.72097302, 2.83040423, 0.02773794]}
{"Distance":[1.8391922479231015]}
{"Time":[7.8]}
{"Title":['ModelBasedAgendUWB_PID']}
{"IMU":[3.8485513305664063, 0.046051926612854004, 0.49]}
{"Kalman":[7.710491689160059, 2.6776013821731195, 0.988975550770568]}
{"UWB":[7.59871879, 2.85412581, 0.06908315]}
{"Distance":[1.7516748050093893]}
{"Time":[8.3]}
{"Title":['ModelBasedAgendUWB_PID']}
{"IMU":[3.689466857910156, 0.03368251085281372, 0.45]}
{"Kalman":[7.424579916933982, 2.6307404981780405, 0.9106409190299043]}
{"UWB":[7.26607656, 2.80359169, 0.63894338]}
{"Distance":[1.4624695610051817]}
{"Time":[8.9]}
{"Title":['ModelBasedAgendUWB_PID']}
{"IMU":[3.5387481689453124, 0.015710058212280272, 0.51]}
{"Kalman":[7.217990193953013, 2.575377976476146, 1.02060998997581]}
{"UWB":[7.05192679, 2.72185518, 0.8263345]}
{"Distance":[1.2487326144911068]}
{"Time":[9.5]}
{"Title":['ModelBasedAgendUWB_PID']}
{"IMU":[3.3636355590820313, -0.007580257654190063, 0.52]}
{"Kalman":[6.950323774523054, 2.5140156249215755, 1.0505597946599166]}
{"UWB":[6.77733528, 2.63807632, 1.70286673]}
{"Distance":[0.9741242036487526]}
{"Time":[10.1]}
{"Title":['ModelBasedAgendUWB_PID']}
{"IMU":[3.1570928955078124, -0.03708827018737793, 0.49]}
{"Kalman":[6.7313289133839955, 2.5134949386683534, 0.9926267470932164]}
{"UWB":[6.56423927, 2.66465699, 1.58647197]}
{"Distance":[0.7618543616652855]}
{"Time":[10.7]}
{"Title":['ModelBasedAgendUWB_PID']}
{"IMU":[2.798033447265625, -0.11270424842834473, 0.44]}
{"Kalman":[6.503968871768351, 2.4024291133309728, 0.8934199902542201]}
{"UWB":[6.42786667, 2.52774401, 1.04926609]}
{"Distance":[0.514272638752281]}
{"Time":[11.4]}
{"Title":['ModelBasedAgendUWB_PID']}
{"IMU":[2.6504483032226562, -0.15659262657165526, 0.5]}
{"Kalman":[6.350285336597695, 2.38617329547191, 1.0019579771613365]}
{"UWB":[6.24332675, 2.53139091, 0.30835213]}
{"Distance":[0.36072933605107527]}
{"Time":[12.0]}
{"Title":['ModelBasedAgendUWB_PID']}
{"IMU":[2.532661895751953, -0.19847137451171876, 0.51]}
{"Kalman":[6.234879418981881, 2.2917836818147035, 1.0251408889158402]}
{"UWB":[6.06471759, 2.40089738, 0.4983005]}
{"Distance":[0.23502308258081342]}
{"Time":[12.6]}
{"Title":['ModelBasedAgendUWB_PID']}
{"IMU":[2.444489288330078, -0.23839656829833986, 0.5]}
{"Kalman":[5.984268853605149, 2.3104958426135043, 1.0114086096614572]}
{"UWB":[5.65249832, 2.47269606, 1.42665235]}
{"Distance":[0.018911152240508183]}
{"Time":[13.3]}
{"Title":['ModelBasedAgendUWB_PID']}
