{"IMU":[-0.005185487270355224, -0.0008237124234437942, 0.75]}
{"Kalman":[0.00870011955220604, -0.0004166682981802107, 0.751425136888136]}
{"CMD":[0.011558088726862778, 20.0, 0, 3.082455286604586]}
{"Distance":[1.0219907480791415]}
{"Time":[1615297537.8536797]}
{"IMU":[-0.005185487270355224, -0.0008237124234437942, 0.75]}
{"Kalman":[0.00870011955220604, -0.0004166682981802107, 0.751425136888136]}
{"CMD":[0.011558088726862778, 20.0, 0, 3.082455286604586]}
{"Distance":[1.0219907480791415]}
{"Time":[1615297537.9312046]}
{"IMU":[-0.005185487270355224, -0.0008237124234437942, 0.75]}
{"Kalman":[0.00870011955220604, -0.0004166682981802107, 0.751425136888136]}
{"CMD":[0.011558088726862778, 20.0, 0, 3.082455286604586]}
{"Distance":[1.0219907480791415]}
{"Time":[1615297538.0095863]}
{"IMU":[-0.005185487270355224, -0.0008237124234437942, 0.75]}
{"Kalman":[0.00870011955220604, -0.0004166682981802107, 0.751425136888136]}
{"CMD":[0.011558088726862778, 20.0, 0, 3.082455286604586]}
{"Distance":[1.0219907480791415]}
{"Time":[1615297538.084003]}
{"IMU":[-0.005185487270355224, -0.0008237124234437942, 0.75]}
{"Kalman":[0.00870011955220604, -0.0004166682981802107, 0.751425136888136]}
{"CMD":[0.011558088726862778, 20.0, 0, 3.082455286604586]}
{"Distance":[1.0219907480791415]}
{"Time":[1615297538.137577]}
{"IMU":[0.005636466145515442, -0.0022473102807998658, 0.76]}
{"Kalman":[0.0850243686617256, -0.007115125795913649, 0.7515518237814034]}
{"CMD":[0.11758905263433875, 20.0, 0, 2.959051743345826]}
{"Distance":[0.9481337074613013]}
{"Time":[1615297538.1864116]}
{"IMU":[0.005636466145515442, -0.0022473102807998658, 0.76]}
{"Kalman":[0.09606534423414943, -0.008538375070107528, 0.7503883093364497]}
{"CMD":[0.1973686397816427, 20.0, 0, 3.0808843044103003]}
{"Distance":[0.9378042236305403]}
{"Time":[1615297538.2226737]}
{"IMU":[0.005636466145515442, -0.0022473102807998658, 0.76]}
{"Kalman":[0.10501839427738714, -0.009692478053378572, 0.7502327629325141]}
{"CMD":[0.2563857383273591, 20.0, 0, 3.0970211524077005]}
{"Distance":[0.9292306987099422]}
{"Time":[1615297538.259954]}
{"IMU":[0.005636466145515442, -0.0022473102807998658, 0.76]}
{"Kalman":[0.10501839427738714, -0.009692478053378572, 0.7502327629325141]}
{"CMD":[0.2688625984107575, 20.0, 0, 3.0972413327763677]}
{"Distance":[0.9292306987099422]}
{"Time":[1615297538.2915785]}
{"IMU":[0.005636466145515442, -0.0022473102807998658, 0.76]}
{"Kalman":[0.10501839427738714, -0.009692478053378572, 0.7502327629325141]}
{"CMD":[0.2688625984107575, 20.0, 0, 3.0972413327763677]}
{"Distance":[0.9292306987099422]}
{"Time":[1615297538.3256066]}
{"IMU":[0.005636466145515442, -0.0022473102807998658, 0.76]}
{"Kalman":[0.10501839427738714, -0.009692478053378572, 0.7502327629325141]}
{"CMD":[0.2688625984107575, 20.0, 0, 3.0972413327763677]}
{"Distance":[0.9292306987099422]}
{"Time":[1615297538.3713331]}
{"IMU":[0.005636466145515442, -0.0022473102807998658, 0.76]}
{"Kalman":[0.10501839427738714, -0.009692478053378572, 0.7502327629325141]}
{"CMD":[0.2688625984107575, 20.0, 0, 3.0972413327763677]}
{"Distance":[0.9292306987099422]}
{"Time":[1615297538.417852]}
{"IMU":[0.005636466145515442, -0.0022473102807998658, 0.76]}
{"Kalman":[0.10501839427738714, -0.009692478053378572, 0.7502327629325141]}
{"CMD":[0.2688625984107575, 20.0, 0, 3.0972413327763677]}
{"Distance":[0.9292306987099422]}
{"Time":[1615297538.4707587]}
{"IMU":[0.005636466145515442, -0.0022473102807998658, 0.76]}
{"Kalman":[0.10501839427738714, -0.009692478053378572, 0.7502327629325141]}
{"CMD":[0.2688625984107575, 20.0, 0, 3.0972413327763677]}
{"Distance":[0.9292306987099422]}
{"Time":[1615297538.5164058]}
{"IMU":[0.005636466145515442, -0.0022473102807998658, 0.76]}
{"Kalman":[0.10501839427738714, -0.009692478053378572, 0.7502327629325141]}
{"CMD":[0.2688625984107575, 20.0, 0, 3.0972413327763677]}
{"Distance":[0.9292306987099422]}
{"Time":[1615297538.5737157]}
{"IMU":[0.005636466145515442, -0.0022473102807998658, 0.76]}
{"Kalman":[0.10501839427738714, -0.009692478053378572, 0.7502327629325141]}
{"CMD":[0.2688625984107575, 20.0, 0, 3.0972413327763677]}
{"Distance":[0.9292306987099422]}
{"Time":[1615297538.594335]}
{"IMU":[0.005636466145515442, -0.0022473102807998658, 0.76]}
{"Kalman":[0.10501839427738714, -0.009692478053378572, 0.7502327629325141]}
{"CMD":[0.2688625984107575, 20.0, 0, 3.0972413327763677]}
{"Distance":[0.9292306987099422]}
{"Time":[1615297538.6257179]}
{"IMU":[0.10156224250793457, -0.009049021601676942, 0.78]}
{"Kalman":[0.18596129930916233, -0.015027342339339935, 0.769416928957874]}
{"CMD":[0.3281769768995338, 20.0, 0, 3.097249579459241]}
{"Distance":[0.8461993736061431]}
{"Time":[1615297538.6729007]}
{"IMU":[0.10156224250793457, -0.009049021601676942, 0.78]}
{"Kalman":[0.4269901948206697, -0.01950173954609992, 0.7695973989923971]}
{"CMD":[0.5304932075587219, 16.33029195697936, 0, 2.8570273180255668]}
{"Distance":[0.6179044531544069]}
{"Time":[1615297538.7411191]}
{"IMU":[0.10156224250793457, -0.009049021601676942, 0.78]}
{"Kalman":[0.44204600571547004, -0.019863836797437955, 0.7695965038101563]}
{"CMD":[0.5440066916605656, 15.76840848391969, 0, 2.857117233917514]}
{"Distance":[0.6039809622884481]}
{"Time":[1615297538.819027]}
{"IMU":[0.10156224250793457, -0.009049021601676942, 0.78]}
{"Kalman":[0.4423281231214987, -0.019870621814730705, 0.7695965038029923]}
{"CMD":[0.5511972256964481, 15.46942990764816, 0, 2.857121054050573]}
{"Distance":[0.6037205768667313]}
{"Time":[1615297538.8737845]}
{"IMU":[0.10156224250793457, -0.009049021601676942, 0.78]}
{"Kalman":[0.4423281231214987, -0.019870621814730705, 0.7695965038029923]}
{"CMD":[0.5511972256964481, 15.46942990764816, 0, 2.857121054050573]}
{"Distance":[0.6037205768667313]}
{"Time":[1615297538.9187062]}
{"IMU":[0.10156224250793457, -0.009049021601676942, 0.78]}
{"Kalman":[0.4423281231214987, -0.019870621814730705, 0.7695965038029923]}
{"CMD":[0.5511972256964481, 15.46942990764816, 0, 2.857121054050573]}
{"Distance":[0.6037205768667313]}
{"Time":[1615297538.9631412]}
{"IMU":[0.10156224250793457, -0.009049021601676942, 0.78]}
{"Kalman":[0.4423281231214987, -0.019870621814730705, 0.7695965038029923]}
{"CMD":[0.5511972256964481, 15.46942990764816, 0, 2.857121054050573]}
{"Distance":[0.6037205768667313]}
{"Time":[1615297538.9991455]}
{"IMU":[0.10156224250793457, -0.009049021601676942, 0.78]}
{"Kalman":[0.4423281231214987, -0.019870621814730705, 0.7695965038029923]}
{"CMD":[0.5511972256964481, 15.46942990764816, 0, 2.857121054050573]}
{"Distance":[0.6037205768667313]}
{"Time":[1615297539.0310547]}
{"IMU":[0.10156224250793457, -0.009049021601676942, 0.78]}
{"Kalman":[0.4423281231214987, -0.019870621814730705, 0.7695965038029923]}
{"CMD":[0.5511972256964481, 15.46942990764816, 0, 2.857121054050573]}
{"Distance":[0.6037205768667313]}
{"Time":[1615297539.069508]}
{"IMU":[0.10156224250793457, -0.009049021601676942, 0.78]}
{"Kalman":[0.4423281231214987, -0.019870621814730705, 0.7695965038029923]}
{"CMD":[0.5511972256964481, 15.46942990764816, 0, 2.857121054050573]}
{"Distance":[0.6037205768667313]}
{"Time":[1615297539.1025279]}
{"IMU":[0.10156224250793457, -0.009049021601676942, 0.78]}
{"Kalman":[0.4423281231214987, -0.019870621814730705, 0.7695965038029923]}
{"CMD":[0.5511972256964481, 15.46942990764816, 0, 2.857121054050573]}
{"Distance":[0.6037205768667313]}
{"Time":[1615297539.1335425]}
{"IMU":[0.2852725410461426, -0.017559083700180052, 0.8]}
{"Kalman":[0.5944226817861396, -0.026297436371349358, 0.7887814205517021]}
{"CMD":[0.7294725905392145, 11.25043265828544, 0, 2.619218285786686]}
{"Distance":[0.4580369030039055]}
{"Time":[1615297539.194539]}
{"IMU":[0.2852725410461426, -0.017559083700180052, 0.8]}
{"Kalman":[0.781527800479784, -0.030919812985872347, 0.7919626944799341]}
{"CMD":[0.8576941021660133, 6.060266829600268, 0, 2.5797688639285994]}
{"Distance":[0.3032584001908795]}
{"Time":[1615297539.310751]}
{"IMU":[0.2852725410461426, -0.017559083700180052, 0.8]}
