{"IMU":[-0.02029259443283081, -0.011596180200576782, 0.81]}
{"Kalman":[-0.026843745081226656, -0.016386566977486857, 0.81]}
{"CMD":[5, 10.0, 0, 5]}
{"Distance":[1.044402506885993]}
{"Time":[0.5]}
{"Title":['ModelBasedAgentLQR']}
{"IMU":[-0.015635244846343994, -0.011182515621185303, 0.83]}
{"Kalman":[0.0007855056244418825, -0.0073289670513638485, 0.83]}
{"CMD":[5, 10.0, 0, 5]}
{"Distance":[1.0135991907693307]}
{"Time":[1.1]}
{"Title":['ModelBasedAgentLQR']}
{"IMU":[0.021589319705963134, -0.006199362874031067, 0.87]}
{"Kalman":[0.07384551760508101, -0.0030065430422287456, 0.87]}
{"CMD":[0, 10.0, 0, 5]}
{"Distance":[0.9352385602407897]}
{"Time":[1.6]}
{"Title":['ModelBasedAgentLQR']}
{"IMU":[0.08880023956298828, -0.01604317545890808, 0.9]}
{"Kalman":[0.1759675083255274, -0.028855341090284217, 0.9]}
{"CMD":[0, 10.0, 0, 5]}
{"Distance":[0.830579423080464]}
{"Time":[2.2]}
{"Title":['ModelBasedAgentLQR']}
{"IMU":[0.19393800735473632, -0.037570302486419675, 0.91]}
{"Kalman":[0.310811365955877, -0.05310090467220002, 0.91]}
{"CMD":[5, 10.0, 0, 5]}
{"Distance":[0.6970657640227429]}
{"Time":[2.8]}
{"Title":['ModelBasedAgentLQR']}
{"IMU":[0.29958316802978513, -0.029929518699645996, 0.94]}
{"Kalman":[0.4379505420224099, -0.03968989810651581, 0.94]}
{"CMD":[5, 8.518840009987619, 0, 5]}
{"Distance":[0.5666346982180039]}
{"Time":[3.3]}
{"Title":['ModelBasedAgentLQR']}
{"IMU":[0.46533966064453125, -0.03570765733718872, 0.98]}
{"Kalman":[0.6539412088565094, -0.053176273380426686, 0.98]}
{"CMD":[5, 6.947313367772129, 0, 5]}
{"Distance":[0.35069132150414545]}
{"Time":[3.8]}
{"Title":['ModelBasedAgentLQR']}
{"IMU":[0.6410002899169922, -0.05534419536590576, 1.03]}
{"Kalman":[0.8085266901775198, -0.07359919383093531, 1.03]}
{"CMD":[5, 5, 0, 5]}
{"Distance":[0.20731345761175055]}
{"Time":[4.3]}
{"Title":['ModelBasedAgentLQR']}
{"IMU":[0.8020124053955078, -0.0518892240524292, 1.06]}
{"Kalman":[0.9609303929182786, -0.037457190870025366, 1.06]}
{"CMD":[5, 5, 0, -5]}
{"Distance":[0.0808051690512037]}
{"Time":[4.8]}
{"Title":['ModelBasedAgentLQR']}
{"IMU":[0.004859832525253296, -0.00176328107714653, 0.82]}
{"Kalman":[0.01738547797670878, -0.014514860659714836, 0.82]}
{"CMD":[-5, 10.0, 0, 5]}
{"Distance":[0.9990705581043974]}
{"Time":[0.5]}
{"Title":['ModelBasedAgentLQR']}
