{"IMU":[-0.018606953620910645, 0.01477443814277649, 0.64]}
{"Kalman":[0.2871712903288587, 0.09451908264174418, 0.6340588761704661]}
{"UWB":[2.48311185, 4.0713344, 2.62893889]}
{"Distance":[0.7190678871392193]}
{"Time":[0.8]}
{"Title":['ModelBasedAgendUWB_PID']}
{"IMU":[-0.009046506881713868, 0.0029759618639945986, 0.71]}
{"Kalman":[-0.2036280133544352, -0.022919793040138223, 0.7014446358142078]}
{"UWB":[2.33379897, 3.84001397, 0.90596293]}
{"Distance":[1.2038462158617051]}
{"Time":[1.7]}
{"Title":['ModelBasedAgendUWB_PID']}
{"IMU":[0.015888534784317017, -0.01779433846473694, 0.75]}
{"Kalman":[-0.27290618413344037, -0.0629718559088388, 0.7396526977991744]}
{"UWB":[2.41464982, 4.36162733, 3.37743842]}
{"Distance":[1.2744628704837813]}
{"Time":[2.5]}
{"Title":['ModelBasedAgendUWB_PID']}
{"IMU":[0.14696041107177735, -0.01033018946647644, 0.84]}
{"Kalman":[-0.2904249545369065, -0.08046321528317137, 0.8299169090266949]}
{"UWB":[2.56131398, 4.52241804, 3.39745018]}
{"Distance":[1.292931124347033]}
{"Time":[3.4]}
{"Title":['ModelBasedAgendUWB_PID']}
{"IMU":[0.2603004264831543, 0.024376182556152343, 0.88]}
{"Kalman":[-0.23064263968823406, -0.0787632721786664, 0.8709897183809497]}
{"UWB":[2.82179269, 4.90268265, 3.27387308]}
{"Distance":[1.2331605571307878]}
{"Time":[4.2]}
{"Title":['ModelBasedAgendUWB_PID']}
{"IMU":[0.5881599044799805, 0.15212652206420899, 0.96]}
{"Kalman":[-0.3474512797657395, -0.024770779227579982, 0.951699544166403]}
{"UWB":[2.8915605, 5.30631509, 2.81301122]}
{"Distance":[1.3476789465024193]}
{"Time":[5.0]}
{"Title":['ModelBasedAgendUWB_PID']}
{"IMU":[1.0753359985351563, 0.39761699676513673, 1.05]}
{"Kalman":[-0.39602781621273425, -0.26470300862589313, 1.0414811816800045]}
{"UWB":[3.61808361, 5.82170407, 2.42892397]}
{"Distance":[1.420901596316682]}
{"Time":[5.9]}
{"Title":['ModelBasedAgendUWB_PID']}
{"IMU":[1.6236662292480468, 0.7374583435058594, 1.09]}
{"Kalman":[-0.38823894496634176, -0.32750490717690783, 1.0822545480190586]}
{"UWB":[3.75847119, 6.07942458, 2.26769598]}
{"Distance":[1.4263473744310031]}
{"Time":[6.7]}
{"Title":['ModelBasedAgendUWB_PID']}
{"IMU":[1.9556370544433594, 0.9641765594482422, 1.09]}
{"Kalman":[-0.005113939767142417, -0.3943346668081845, 1.0977426699277575]}
{"UWB":[3.92390844, 6.33863233, 2.59665741]}
{"Distance":[1.0797008203020635]}
{"Time":[7.5]}
{"Title":['ModelBasedAgendUWB_PID']}
{"IMU":[2.271400146484375, 1.181116256713867, 1.07]}
{"Kalman":[-0.37440738149970715, -0.49699133412684576, 1.0809386608003495]}
{"UWB":[4.28048817, 6.43277746, 2.6900646]}
{"Distance":[1.4615047165568995]}
{"Time":[8.3]}
{"Title":['ModelBasedAgendUWB_PID']}
{"IMU":[2.271400146484375, 1.181116256713867, 1.07]}
{"Kalman":[-0.35265753679394446, -0.279725344628127, 1.0809386672837427]}
{"UWB":[3.98021268, 8.75936824, 3.41147117]}
{"Distance":[1.3812779156537562]}
{"Time":[9.1]}
{"Title":['ModelBasedAgendUWB_PID']}
{"IMU":[2.271400146484375, 1.181116256713867, 1.07]}
{"Kalman":[-0.35265753679394446, -0.279725344628127, 1.0809386672837427]}
{"UWB":[2.41380026, 6.02640944, 1.79564341]}
{"Distance":[1.3812779156537562]}
{"Time":[9.9]}
{"Title":['ModelBasedAgendUWB_PID']}
{"IMU":[2.271400146484375, 1.181116256713867, 1.07]}
{"Kalman":[0.20435091435256997, 1.0368838623527983, 1.0809386676602986]}
{"UWB":[1.45575738, 5.34870987, 1.55966803]}
{"Distance":[1.3069757501573043]}
{"Time":[10.8]}
{"Title":['ModelBasedAgendUWB_PID']}
{"IMU":[2.271400146484375, 1.181116256713867, 1.07]}
{"Kalman":[0.20435091435256997, 1.0368838623527983, 1.0809386676602986]}
{"UWB":[1.05062809, 5.12382252, 1.43303203]}
{"Distance":[1.3069757501573043]}
{"Time":[11.6]}
{"Title":['ModelBasedAgendUWB_PID']}
{"IMU":[2.271400146484375, 1.181116256713867, 1.07]}
{"Kalman":[0.20435091435256997, 1.0368838623527983, 1.0809386676602986]}
{"UWB":[1.16752828, 5.39253967, 1.31726686]}
{"Distance":[1.3069757501573043]}
{"Time":[12.3]}
{"Title":['ModelBasedAgendUWB_PID']}
{"IMU":[2.271400146484375, 1.181116256713867, 1.07]}
{"Kalman":[0.20435091435256997, 1.0368838623527983, 1.0809386676602986]}
{"UWB":[1.03820931, 5.43504144, 1.12867832]}
{"Distance":[1.3069757501573043]}
{"Time":[13.1]}
{"Title":['ModelBasedAgendUWB_PID']}
{"IMU":[2.271400146484375, 1.181116256713867, 1.07]}
{"Kalman":[0.20435091435256997, 1.0368838623527983, 1.0809386676602986]}
{"UWB":[1.24844931, 5.65126063, 2.72485066]}
{"Distance":[1.3069757501573043]}
{"Time":[13.9]}
{"Title":['ModelBasedAgendUWB_PID']}
