{"IMU":[-0.008223636746406556, 0.010975730419158936, 0.81]}
{"Kalman":[-0.014781033579512885, 0.028784783746265138, 0.81]}
{"CMD":[0, 10.0, 0, 5]}
{"Distance":[2.0239246964862727]}
{"Time":[0.5]}
{"Title":['ModelBasedAgentLQR']}
{"IMU":[-0.0062864387035369874, 0.02997607469558716, 0.84]}
{"Kalman":[0.002059440343189856, 0.0555839975715629, 0.84]}
{"CMD":[-5, 10.0, 0, 5]}
{"Distance":[2.0051074935543487]}
{"Time":[1.1]}
{"Title":['ModelBasedAgentLQR']}
{"IMU":[0.010427310466766357, 0.05002992153167725, 0.87]}
{"Kalman":[0.033864808269191624, 0.06966528831264024, 0.87]}
{"CMD":[-5, 10.0, 0, 5]}
{"Distance":[1.9716594139348778]}
{"Time":[1.7]}
{"Title":['ModelBasedAgentLQR']}
{"IMU":[0.05075295448303223, 0.05962976932525635, 0.9]}
{"Kalman":[0.10399346945290813, 0.06559040264936321, 0.9]}
{"CMD":[-5, 10.0, 0, 5]}
{"Distance":[1.8997744247138726]}
{"Time":[2.3]}
{"Title":['ModelBasedAgentLQR']}
{"IMU":[0.20308441162109375, 0.03316726446151733, 0.96]}
{"Kalman":[0.2811627745179234, 0.021382989283653023, 0.96]}
{"CMD":[-5, 10.0, 0, 5]}
{"Distance":[1.7194355585289112]}
{"Time":[2.8]}
{"Title":['ModelBasedAgentLQR']}
{"IMU":[0.313364143371582, -0.0020435522496700287, 0.99]}
{"Kalman":[0.44040000369564397, -0.03846768418464353, 0.99]}
{"CMD":[-5, 10.0, 0, 5]}
{"Distance":[1.5601063781675522]}
{"Time":[3.4]}
{"Title":['ModelBasedAgentLQR']}
{"IMU":[0.4425448989868164, -0.04633212089538574, 1.01]}
{"Kalman":[0.5828713920431214, -0.07051809498243797, 1.01]}
{"CMD":[5, 10.0, 0, 0]}
{"Distance":[1.4189172961133967]}
{"Time":[3.9]}
{"Title":['ModelBasedAgentLQR']}
{"IMU":[0.5987422943115235, -0.05985300064086914, 1.01]}
{"Kalman":[0.7676746731501223, -0.054857166223394316, 1.01]}
{"CMD":[5, 10.0, 0, 0]}
{"Distance":[1.2335862433902702]}
{"Time":[4.5]}
{"Title":['ModelBasedAgentLQR']}
{"IMU":[0.78629150390625, -0.04489438533782959, 1.01]}
{"Kalman":[0.9816770146669784, -0.011430151823879318, 1.01]}
{"CMD":[5, 10.0, 0, 0]}
{"Distance":[1.0184362281597577]}
{"Time":[5.0]}
{"Title":['ModelBasedAgentLQR']}
{"IMU":[1.0305078887939454, 0.004606247842311859, 1.02]}
{"Kalman":[1.251032731886649, 0.06417601781574875, 1.02]}
{"CMD":[5, 10.0, 0, 0]}
{"Distance":[0.7519777456599787]}
{"Time":[5.5]}
{"Title":['ModelBasedAgentLQR']}
{"IMU":[1.2225328826904296, 0.055143275260925294, 1.02]}
{"Kalman":[1.447532705002922, 0.11372860484150178, 1.02]}
{"CMD":[-5, 9.257744563104126, 0, -5]}
{"Distance":[0.5644061548216699]}
{"Time":[6.1]}
{"Title":['ModelBasedAgentLQR']}
{"IMU":[1.4430152893066406, 0.08351398468017578, 1.0]}
{"Kalman":[1.6529790665440842, 0.1052913184811832, 1.0]}
{"CMD":[-5, 6.8288713196181785, 0, -5]}
{"Distance":[0.36264278567775354]}
{"Time":[6.7]}
{"Title":['ModelBasedAgentLQR']}
{"IMU":[1.634495849609375, 0.08530179023742676, 0.98]}
{"Kalman":[1.823837069256283, 0.08791688904336967, 0.98]}
{"CMD":[-5, 5, 0, 0]}
{"Distance":[0.19789582498698594]}
{"Time":[7.3]}
{"Title":['ModelBasedAgentLQR']}
{"IMU":[1.8080859375, 0.06140982151031494, 0.98]}
{"Kalman":[1.9669189898972073, 0.03941371818585472, 0.98]}
{"CMD":[-5, 5, 0, 5]}
{"Distance":[0.05520683300692996]}
{"Time":[7.8]}
{"Title":['ModelBasedAgentLQR']}
