{"IMU":[0.007259805202484131, 0.00022208943963050842, 0.8]}
{"Kalman":[0.035588619317693866, -0.004712690398193102, 0.8]}
{"CMD":[0, 10.0, 0, 5]}
{"Distance":[0.9849423945796735]}
{"Time":[0.6]}
{"Title":['ModelBasedAgentLQR']}
{"IMU":[0.062117362022399904, -0.0020999822020530703, 0.83]}
{"Kalman":[0.13788887267331995, -0.012379458958574292, 0.83]}
{"CMD":[0, 10.0, 0, 5]}
{"Distance":[0.8787996625309924]}
{"Time":[1.1]}
{"Title":['ModelBasedAgentLQR']}
{"IMU":[0.16535541534423828, -0.00504216730594635, 0.86]}
{"Kalman":[0.2869548507000828, -0.014801062688570368, 0.86]}
{"CMD":[5, 10.0, 0, 5]}
{"Distance":[0.7268097800641183]}
{"Time":[1.6]}
{"Title":['ModelBasedAgentLQR']}
{"IMU":[0.3076922035217285, 0.008575737476348877, 0.89]}
{"Kalman":[0.4678640935536499, 0.01675430928483514, 0.89]}
{"CMD":[5, 8.813722755611844, 0, 5]}
{"Distance":[0.5436444884380698]}
{"Time":[2.2]}
{"Title":['ModelBasedAgentLQR']}
{"IMU":[0.3076922035217285, 0.008575737476348877, 0.89]}
{"Kalman":[0.4690755078799791, 0.01789153568745585, 0.89]}
{"CMD":[-5, 6.577561536361573, 0, 5]}
{"Distance":[0.5424950906525862]}
{"Time":[2.7]}
{"Title":['ModelBasedAgentLQR']}
{"IMU":[0.3076922035217285, 0.008575737476348877, 0.89]}
{"Kalman":[0.4691158883575234, 0.017929443234209873, 0.89]}
{"CMD":[-5, 6.562587631798973, 0, 5]}
{"Distance":[0.5424568231012588]}
{"Time":[3.3]}
{"Title":['ModelBasedAgentLQR']}
{"IMU":[0.3076922035217285, 0.008575737476348877, 0.89]}
{"Kalman":[0.4691158883575234, 0.017929443234209873, 0.89]}
{"CMD":[-5, 6.562088501646887, 0, 5]}
{"Distance":[0.5424568231012588]}
{"Time":[3.8]}
{"Title":['ModelBasedAgentLQR']}
{"IMU":[0.3076922035217285, 0.008575737476348877, 0.89]}
{"Kalman":[0.4691158883575234, 0.017929443234209873, 0.89]}
{"CMD":[-5, 6.562088501646887, 0, 5]}
{"Distance":[0.5424568231012588]}
{"Time":[4.3]}
{"Title":['ModelBasedAgentLQR']}
{"IMU":[0.3076922035217285, 0.008575737476348877, 0.89]}
{"Kalman":[0.4691158883575234, 0.017929443234209873, 0.89]}
{"CMD":[-5, 6.562088501646887, 0, 5]}
{"Distance":[0.5424568231012588]}
{"Time":[4.8]}
{"Title":['ModelBasedAgentLQR']}
{"IMU":[0.3076922035217285, 0.008575737476348877, 0.89]}
{"Kalman":[0.4691158883575234, 0.017929443234209873, 0.89]}
{"CMD":[-5, 6.562088501646887, 0, 5]}
{"Distance":[0.5424568231012588]}
{"Time":[5.3]}
{"Title":['ModelBasedAgentLQR']}
{"IMU":[0.3076922035217285, 0.008575737476348877, 0.89]}
{"Kalman":[0.46915611109882727, 0.01796720270460939, 0.89]}
{"CMD":[-5, 6.562088501646887, 0, 5]}
{"Distance":[0.5424187079708342]}
{"Time":[5.9]}
{"Title":['ModelBasedAgentLQR']}
{"IMU":[0.3076922035217285, 0.008575737476348877, 0.89]}
{"Kalman":[0.46915611109882727, 0.01796720270460939, 0.89]}
{"CMD":[-5, 6.5615913212219565, 0, 5]}
{"Distance":[0.5424187079708342]}
{"Time":[6.4]}
{"Title":['ModelBasedAgentLQR']}
{"IMU":[0.3076922035217285, 0.008575737476348877, 0.89]}
{"Kalman":[0.46915611109882727, 0.01796720270460939, 0.89]}
{"CMD":[-5, 6.5615913212219565, 0, 5]}
{"Distance":[0.5424187079708342]}
{"Time":[6.9]}
{"Title":['ModelBasedAgentLQR']}
{"IMU":[0.3076922035217285, 0.008575737476348877, 0.89]}
{"Kalman":[0.46915611109882727, 0.01796720270460939, 0.89]}
{"CMD":[-5, 6.5615913212219565, 0, 5]}
{"Distance":[0.5424187079708342]}
{"Time":[7.5]}
{"Title":['ModelBasedAgentLQR']}
{"IMU":[0.3076922035217285, 0.008575737476348877, 0.89]}
{"Kalman":[0.46915611109882727, 0.01796720270460939, 0.89]}
{"CMD":[-5, 6.5615913212219565, 0, 5]}
{"Distance":[0.5424187079708342]}
{"Time":[8.0]}
{"Title":['ModelBasedAgentLQR']}
{"IMU":[0.3076922035217285, 0.008575737476348877, 0.89]}
{"Kalman":[0.46915611109882727, 0.01796720270460939, 0.89]}
{"CMD":[-5, 6.5615913212219565, 0, 5]}
{"Distance":[0.5424187079708342]}
{"Time":[8.5]}
{"Title":['ModelBasedAgentLQR']}
