{"IMU":[0.018303459882736205, -0.012640892267227173, 0.79]}
{"Kalman":[-0.1127501107554912, 0.03573932963538618, 0.7938685541614093]}
{"CMD":[0.3222248389213802, 20.0, 0, 6.476965055528554]}
{"Distance":[1.1322456807745624]}
{"Time":[1615321814.1699426]}
{"IMU":[0.018303459882736205, -0.012640892267227173, 0.79]}
{"Kalman":[-0.12521991533739232, 0.048183114008903835, 0.7940221319678891]}
{"CMD":[-1.3166901636544182, 20.0, 0, 3.1067901439904255]}
{"Distance":[1.144931592920091]}
{"Time":[1615321814.2512014]}
{"IMU":[0.018303459882736205, -0.012640892267227173, 0.79]}
{"Kalman":[-0.12521991533739232, 0.048183114008903835, 0.7940221319678891]}
{"CMD":[-1.3166901636544182, 20.0, 0, 3.1067901439904255]}
{"Distance":[1.144931592920091]}
{"Time":[1615321814.2958834]}
{"IMU":[0.018303459882736205, -0.012640892267227173, 0.79]}
{"Kalman":[-0.12521991533739232, 0.048183114008903835, 0.7940221319678891]}
{"CMD":[-1.3166901636544182, 20.0, 0, 3.1067901439904255]}
{"Distance":[1.144931592920091]}
{"Time":[1615321814.34051]}
{"IMU":[0.018303459882736205, -0.012640892267227173, 0.79]}
{"Kalman":[-0.12521991533739232, 0.048183114008903835, 0.7940221319678891]}
{"CMD":[-1.3166901636544182, 20.0, 0, 3.1067901439904255]}
{"Distance":[1.144931592920091]}
{"Time":[1615321814.3757207]}
{"IMU":[0.018303459882736205, -0.012640892267227173, 0.79]}
{"Kalman":[-0.12521991533739232, 0.048183114008903835, 0.7940221319678891]}
{"CMD":[-1.3166901636544182, 20.0, 0, 3.1067901439904255]}
{"Distance":[1.144931592920091]}
{"Time":[1615321814.4225738]}
{"IMU":[0.018303459882736205, -0.012640892267227173, 0.79]}
{"Kalman":[-0.12521991533739232, 0.048183114008903835, 0.7940221319678891]}
{"CMD":[-1.3166901636544182, 20.0, 0, 3.1067901439904255]}
{"Distance":[1.144931592920091]}
{"Time":[1615321814.459601]}
{"IMU":[-0.007379099726676941, 0.00223468616604805, 0.8]}
{"Kalman":[-0.13418216270987243, 0.05250312121025935, 0.794022234817669]}
{"CMD":[-1.3166901636544182, 20.0, 0, 3.1067901439904255]}
{"Distance":[1.1539291987360276]}
{"Time":[1615321814.5160136]}
{"IMU":[-0.007379099726676941, 0.00223468616604805, 0.8]}
{"Kalman":[-0.0033879520713165487, 0.09704277942340785, 0.7980618521417295]}
{"CMD":[-2.4950094285635545, 20.0, 0, 3.0458436222580483]}
{"Distance":[1.0280971252564222]}
{"Time":[1615321814.6307926]}
{"IMU":[-0.007379099726676941, 0.00223468616604805, 0.8]}
{"Kalman":[0.005973158809475444, 0.09986183433296292, 0.7980618514410741]}
{"CMD":[-2.728904050626566, 20.0, 0, 3.045858546029518]}
{"Distance":[1.019235381453648]}
{"Time":[1615321814.7246814]}
{"IMU":[-0.007379099726676941, 0.00223468616604805, 0.8]}
{"Kalman":[0.005973158809475444, 0.09986183433296292, 0.7980618514410741]}
{"CMD":[-2.728904050626566, 20.0, 0, 3.045858546029518]}
{"Distance":[1.019235381453648]}
{"Time":[1615321814.8055813]}
{"IMU":[-0.007379099726676941, 0.00223468616604805, 0.8]}
{"Kalman":[0.005973158809475444, 0.09986183433296292, 0.7980618514410741]}
{"CMD":[-2.728904050626566, 20.0, 0, 3.045858546029518]}
{"Distance":[1.019235381453648]}
{"Time":[1615321814.8734982]}
{"IMU":[-0.007379099726676941, 0.00223468616604805, 0.8]}
{"Kalman":[0.005973158809475444, 0.09986183433296292, 0.7980618514410741]}
{"CMD":[-2.728904050626566, 20.0, 0, 3.045858546029518]}
{"Distance":[1.019235381453648]}
{"Time":[1615321814.950144]}
{"IMU":[0.01955696702003479, 0.033948421478271484, 0.81]}
{"Kalman":[0.024081497870092314, 0.11780892481918673, 0.8079330055779415]}
{"CMD":[-3.0242605512166936, 20.0, 0, 2.9303874971048742]}
{"Distance":[1.001591531470219]}
{"Time":[1615321815.0177822]}
{"IMU":[0.01955696702003479, 0.033948421478271484, 0.81]}
{"Kalman":[0.20303514804368983, 0.15829406338793145, 0.8074997629694362]}
{"CMD":[-4.325669698086828, 20.0, 0, 2.9035053369381525]}
{"Distance":[0.8350247463485313]}
{"Time":[1615321815.0841727]}
{"IMU":[0.01955696702003479, 0.033948421478271484, 0.81]}
{"Kalman":[0.25075851058206833, 0.17196518431583618, 0.807498082623583]}
{"CMD":[-4.699257641127949, 20.0, 0, 2.903530681806438]}
{"Distance":[0.7924593505509143]}
{"Time":[1615321815.1270952]}
{"IMU":[0.01955696702003479, 0.033948421478271484, 0.81]}
{"Kalman":[0.25075851058206833, 0.17196518431583618, 0.807498082623583]}
{"CMD":[-4.699257641127949, 20.0, 0, 2.903530681806438]}
{"Distance":[0.7924593505509143]}
{"Time":[1615321815.1910548]}
{"IMU":[0.01955696702003479, 0.033948421478271484, 0.81]}
{"Kalman":[0.25075851058206833, 0.17196518431583618, 0.807498082623583]}
{"CMD":[-4.699257641127949, 20.0, 0, 2.903530681806438]}
{"Distance":[0.7924593505509143]}
{"Time":[1615321815.2634692]}
{"IMU":[0.01955696702003479, 0.033948421478271484, 0.81]}
{"Kalman":[0.25075851058206833, 0.17196518431583618, 0.807498082623583]}
{"CMD":[-4.699257641127949, 20.0, 0, 2.903530681806438]}
{"Distance":[0.7924593505509143]}
{"Time":[1615321815.3056538]}
{"IMU":[0.01955696702003479, 0.033948421478271484, 0.81]}
{"Kalman":[0.25075851058206833, 0.17196518431583618, 0.807498082623583]}
{"CMD":[-4.699257641127949, 20.0, 0, 2.903530681806438]}
{"Distance":[0.7924593505509143]}
{"Time":[1615321815.3388898]}
{"IMU":[0.01955696702003479, 0.033948421478271484, 0.81]}
{"Kalman":[0.25075851058206833, 0.17196518431583618, 0.807498082623583]}
{"CMD":[-4.699257641127949, 20.0, 0, 2.903530681806438]}
{"Distance":[0.7924593505509143]}
{"Time":[1615321815.3707538]}
{"IMU":[0.01955696702003479, 0.033948421478271484, 0.81]}
{"Kalman":[0.25075851058206833, 0.17196518431583618, 0.807498082623583]}
{"CMD":[-4.699257641127949, 20.0, 0, 2.903530681806438]}
{"Distance":[0.7924593505509143]}
{"Time":[1615321815.4041803]}
{"IMU":[0.01955696702003479, 0.033948421478271484, 0.81]}
{"Kalman":[0.25075851058206833, 0.17196518431583618, 0.807498082623583]}
{"CMD":[-4.699257641127949, 20.0, 0, 2.903530681806438]}
{"Distance":[0.7924593505509143]}
{"Time":[1615321815.4373748]}
{"IMU":[0.01955696702003479, 0.033948421478271484, 0.81]}
{"Kalman":[0.25075851058206833, 0.17196518431583618, 0.807498082623583]}
{"CMD":[-4.699257641127949, 20.0, 0, 2.903530681806438]}
{"Distance":[0.7924593505509143]}
{"Time":[1615321815.470884]}
{"IMU":[0.09618582725524902, 0.07088700771331786, 0.82]}
{"Kalman":[0.31695227478303245, 0.19749007460901707, 0.817369235570535]}
{"CMD":[-5.1336579986807855, 19.179665239767605, 0, 2.7880596506107453]}
{"Distance":[0.7341052517243286]}
{"Time":[1615321815.5068192]}
{"IMU":[0.09618582725524902, 0.07088700771331786, 0.82]}
{"Kalman":[0.43105080719276445, 0.16968429286014022, 0.8177207320341902]}
{"CMD":[-5.148046851327523, 16.79318346968726, 0, 2.7528062486542066]}
{"Distance":[0.6210649521343176]}
{"Time":[1615321815.5493217]}
{"IMU":[0.09618582725524902, 0.07088700771331786, 0.82]}
{"Kalman":[0.46137608709184535, 0.15724088275151493, 0.8177333581111127]}
{"CMD":[-4.2968896448867655, 14.718866196654846, 0, 2.74915073162302]}
{"Distance":[0.5899674088544374]}
{"Time":[1615321815.58617]}
{"IMU":[0.09618582725524902, 0.07088700771331786, 0.82]}
{"Kalman":[0.49989103204261204, 0.141436997117576, 0.8177340918771261]}
{"CMD":[-3.865020074192737, 13.666376123867217, 0, 2.749139664137759]}
{"Distance":[0.5507579007593961]}
{"Time":[1615321815.632339]}
{"IMU":[0.09618582725524902, 0.07088700771331786, 0.82]}
{"Kalman":[0.49989103204261204, 0.141436997117576, 0.8177340918771261]}
{"CMD":[-3.865020074192737, 13.666376123867217, 0, 2.749139664137759]}
{"Distance":[0.5507579007593961]}
{"Time":[1615321815.6994271]}
{"IMU":[0.09618582725524902, 0.07088700771331786, 0.82]}
{"Kalman":[0.49989103204261204, 0.141436997117576, 0.8177340918771261]}
{"CMD":[-3.865020074192737, 13.666376123867217, 0, 2.749139664137759]}
{"Distance":[0.5507579007593961]}
{"Time":[1615321815.8043344]}
{"IMU":[0.09618582725524902, 0.07088700771331786, 0.82]}
{"Kalman":[0.49989103204261204, 0.141436997117576, 0.8177340918771261]}
{"CMD":[-3.865020074192737, 13.666376123867217, 0, 2.749139664137759]}
{"Distance":[0.5507579007593961]}
{"Time":[1615321815.861461]}
