{"IMU":[0.04306380271911621, -0.01015986680984497, 0.77]}
{"Kalman":[0.03452715966315202, -0.006374922152722572, 0.7720342184099321]}
{"CMD":[0.03332399034841903, 10.274227103070197, 0, 2.9665050622177835]}
{"Distance":[1.9786592741829556]}
{"Time":[1615223252.2788124]}
{"IMU":[0.005041459202766418, 0.00039627134799957275, 0.77]}
{"Kalman":[-0.011893544414373902, 0.006168019713415853, 0.7671364191743243]}
{"CMD":[0.03332399034841903, 10.274227103070197, 0, 2.9665050622177835]}
{"Distance":[2.0253343244507493]}
{"Time":[1615223252.50294]}
{"IMU":[0.005041459202766418, 0.00039627134799957275, 0.77]}
{"Kalman":[-0.011893544414373902, 0.006168019713415853, 0.7671364191743243]}
{"CMD":[-0.0322424375505426, 10.516884669325439, 0, 3.030239830325587]}
{"Distance":[2.0253343244507493]}
{"Time":[1615223252.7207122]}
{"IMU":[-0.017913798093795775, 0.011133770942687988, 0.79]}
{"Kalman":[-0.0263455847324855, 0.015892759505766962, 0.7830897552009439]}
{"CMD":[-0.0322424375505426, 10.516884669325439, 0, 3.030239830325587]}
{"Distance":[2.037984068354886]}
{"Time":[1615223252.9325094]}
{"IMU":[-0.017913798093795775, 0.011133770942687988, 0.79]}
{"Kalman":[-0.026224818336694003, 0.01584999049595076, 0.7825477265700442]}
{"CMD":[-0.08307711869920476, 10.592430635305593, 0, 2.822640024108484]}
{"Distance":[2.0379214233777874]}
{"Time":[1615223253.1458225]}
{"IMU":[-0.017913798093795775, 0.011133770942687988, 0.79]}
{"Kalman":[-0.026224818336694003, 0.01584999049595076, 0.7825477265700442]}
{"CMD":[-0.08285354984045126, 10.591799346309216, 0, 2.8296934102185203]}
{"Distance":[2.0379214233777874]}
{"Time":[1615223253.3633094]}
{"IMU":[-0.025602378845214845, 0.02032332420349121, 0.81]}
{"Kalman":[-0.025471318776706782, 0.023892467568503863, 0.803779676483779]}
{"CMD":[-0.08285354984045126, 10.591799346309216, 0, 2.8296934102185203]}
{"Distance":[2.0350939360516933]}
{"Time":[1615223253.5797408]}
{"IMU":[-0.025602378845214845, 0.02032332420349121, 0.81]}
{"Kalman":[-0.025471318776706782, 0.023892467568503863, 0.803779676483779]}
{"CMD":[-0.12489444413257708, 10.587860535534276, 0, 2.5534033176417803]}
{"Distance":[2.0350939360516933]}
{"Time":[1615223253.7926173]}
{"IMU":[-0.017477595806121828, 0.026692128181457518, 0.83]}
{"Kalman":[-0.009259352282810166, 0.028950180365503952, 0.8247734342961665]}
{"CMD":[-0.12489444413257708, 10.587860535534276, 0, 2.5534033176417803]}
{"Distance":[2.017093356046639]}
{"Time":[1615223254.0055766]}
{"IMU":[-0.017477595806121828, 0.026692128181457518, 0.83]}
{"Kalman":[-0.009259352282810166, 0.028950180365503952, 0.8247734342961665]}
{"CMD":[-0.15133291167689458, 10.503114808131036, 0, 2.280212804613772]}
{"Distance":[2.017093356046639]}
{"Time":[1615223254.2185023]}
{"IMU":[0.010003223419189453, 0.03061262607574463, 0.84]}
{"Kalman":[0.018088899369377555, 0.03281566447066787, 0.8343659661131947]}
{"CMD":[-0.15133291167689458, 10.503114808131036, 0, 2.280212804613772]}
{"Distance":[1.9890910265292416]}
{"Time":[1615223254.4336996]}
{"IMU":[0.010003223419189453, 0.03061262607574463, 0.84]}
{"Kalman":[0.03034394730980402, 0.030850085472317733, 0.8350905120455252]}
{"CMD":[-0.1715391748949382, 10.36015574882481, 0, 2.155385762606784]}
{"Distance":[1.9767882620276207]}
{"Time":[1615223254.6457236]}
{"IMU":[0.010003223419189453, 0.03061262607574463, 0.84]}
{"Kalman":[0.03034394730980402, 0.030850085472317733, 0.8350905120455252]}
{"CMD":[-0.16126439286609395, 10.296094245091503, 0, 2.1459572897847847]}
{"Distance":[1.9767882620276207]}
{"Time":[1615223254.8600867]}
{"IMU":[0.06893566131591797, 0.034014604091644286, 0.86]}
{"Kalman":[0.10917591864676315, 0.03458852839072628, 0.8541408659922495]}
{"CMD":[-0.16126439286609395, 10.296094245091503, 0, 2.1459572897847847]}
{"Distance":[1.8967569585729847]}
{"Time":[1615223255.0859973]}
{"IMU":[0.06893566131591797, 0.034014604091644286, 0.86]}
{"Kalman":[0.10917591864676315, 0.03458852839072628, 0.8541408659922495]}
{"CMD":[-0.18080656651882737, 9.88401143230645, 0, 1.8980561748638585]}
{"Distance":[1.8967569585729847]}
{"Time":[1615223255.2984827]}
{"IMU":[0.16080137252807616, 0.03784316062927246, 0.87]}
{"Kalman":[0.21964276961295554, 0.03816233227152138, 0.8682887768433424]}
{"CMD":[-0.18080656651882737, 9.88401143230645, 0, 1.8980561748638585]}
{"Distance":[1.7856304426451888]}
{"Time":[1615223255.5288534]}
{"IMU":[0.16080137252807616, 0.03784316062927246, 0.87]}
{"Kalman":[0.21964276961295554, 0.03816233227152138, 0.8682887768433424]}
{"CMD":[-0.19948811323856208, 9.306561827867673, 0, 1.713950258323086]}
{"Distance":[1.7856304426451888]}
{"Time":[1615223255.746283]}
{"IMU":[0.29936370849609373, 0.040754351615905765, 0.88]}
{"Kalman":[0.39489488063633094, 0.04022355962021927, 0.8789386787984805]}
{"CMD":[-0.19948811323856208, 9.306561827867673, 0, 1.713950258323086]}
{"Distance":[1.610166520098787]}
{"Time":[1615223255.960063]}
{"IMU":[0.29936370849609373, 0.040754351615905765, 0.88]}
{"Kalman":[0.39542597249386513, 0.0401880658555547, 0.8790323751836311]}
{"CMD":[-0.21009922382159413, 8.38800774687493, 0, 1.5742882349123675]}
{"Distance":[1.6096291674290022]}
{"Time":[1615223256.1735115]}
{"IMU":[0.5044563293457032, 0.04072062969207764, 0.9]}
{"Kalman":[0.5995290442312993, 0.04015479667345365, 0.8982173452582212]}
{"CMD":[-0.21007734472807363, 8.387680370826523, 0, 1.574144456590035]}
{"Distance":[1.4047387708943855]}
{"Time":[1615223256.409508]}
{"IMU":[0.5044563293457032, 0.04072062969207764, 0.9]}
{"Kalman":[0.6196866421959658, 0.03972698238862995, 0.8979160871415285]}
{"CMD":[-0.20990343485487434, 7.320760865032062, 0, 1.32449159005979]}
{"Distance":[1.3846531421718762]}
{"Time":[1615223256.6255374]}
{"IMU":[0.5044563293457032, 0.04072062969207764, 0.9]}
{"Kalman":[0.6196866421959658, 0.03972698238862995, 0.8979160871415285]}
{"CMD":[-0.20766709709939413, 7.215389915563294, 0, 1.3284118438889814]}
{"Distance":[1.3846531421718762]}
{"Time":[1615223256.8392458]}
{"IMU":[0.7683383178710937, 0.03848812818527222, 0.91]}
{"Kalman":[0.912994019622768, 0.03600662699331194, 0.9092370961322328]}
{"CMD":[-0.20766709709939413, 7.215389915563294, 0, 1.3284118438889814]}
{"Distance":[1.0913827849484397]}
{"Time":[1615223257.0565832]}
{"IMU":[0.7683383178710937, 0.03848812818527222, 0.91]}
{"Kalman":[0.912994019622768, 0.03600662699331194, 0.9092370961322328]}
{"CMD":[-0.18821947337691175, 5.682167708243233, 0, 1.181092231945078]}
{"Distance":[1.0913827849484397]}
{"Time":[1615223257.2755797]}
{"IMU":[1.0543280029296875, 0.03413991212844849, 0.92]}
{"Kalman":[1.2103944622135416, 0.03169299964365387, 0.9201389745424192]}
{"CMD":[-0.18821947337691175, 5.682167708243233, 0, 1.181092231945078]}
{"Distance":[0.7942664130608766]}
{"Time":[1615223257.4905949]}
{"IMU":[1.0543280029296875, 0.03413991212844849, 0.92]}
{"Kalman":[1.2104157064801389, 0.031693065672490486, 0.9201524658557922]}
{"CMD":[-0.16567091047212618, 4.127451527561564, 0, 1.0390717131115708]}
{"Distance":[0.7942439396645652]}
{"Time":[1615223257.7195747]}
{"IMU":[1.342244873046875, 0.031653716564178466, 0.93]}
{"Kalman":[1.4969430205278875, 0.029241738555916923, 0.9297449465668505]}
{"CMD":[-0.1656709508414675, 4.1274385390387645, 0, 1.0390511794894732]}
{"Distance":[0.508780086483613]}
{"Time":[1615223257.9354563]}
{"IMU":[1.342244873046875, 0.031653716564178466, 0.93]}
{"Kalman":[1.4869558166794916, 0.030971081177986293, 0.9289980888938475]}
{"CMD":[-0.15269630649161448, 2.623254485265673, 0, 0.9095495382005325]}
{"Distance":[0.518859145904808]}
{"Time":[1615223258.1731625]}
{"IMU":[1.342244873046875, 0.031653716564178466, 0.93]}
{"Kalman":[1.4869558166794916, 0.030971081177986293, 0.9289980888938475]}
{"CMD":[-0.16189688054693208, 2.681864813985779, 0, 0.9239436166884585]}
{"Distance":[0.518859145904808]}
{"Time":[1615223258.3874433]}
{"IMU":[1.595595703125, 0.02946420192718506, 0.94]}
{"Kalman":[1.7250464710786388, 0.02718145624673312, 0.9420721853869247]}
{"CMD":[-0.1506120259267053, 1.3639015396552177, 0, 0.7991175303892799]}
