{"IMU":[2.1451496795390446, 1.7281899854379994, 0.64]}
{"Kalman":[2.1159227639115343, 1.8735419807374496, 0.6306799674730331]}
{"UWB":[2.09263865, 1.94408491, 0.94582132]}
{"Distance":[1.1855625204927873]}
{"Time":[1615562488.962579]}
{"IMU":[2.1635343970928984, 1.7470167198616369, 0.67]}
{"Kalman":[2.0607542334416165, 1.8152962043759886, 0.6622662641953833]}
{"UWB":[2.00194249, 1.83345211, 0.76947218]}
{"Distance":[1.2325288596455815]}
{"Time":[1615562489.5681078]}
{"IMU":[2.169861453977664, 1.791645298882137, 0.69]}
{"Kalman":[2.2173521647073238, 1.8447580547695879, 0.6836832762382384]}
{"UWB":[2.24926132, 1.83743992, 1.1753975]}
{"Distance":[1.2034997932333082]}
{"Time":[1615562490.2037354]}
{"IMU":[2.168766566721042, 1.8551945170599324, 0.72]}
{"Kalman":[2.1339616464012363, 2.006160729381373, 0.7131636391647698]}
{"UWB":[2.13288187, 2.05210066, 1.16115299]}
{"Distance":[1.0349613457261317]}
{"Time":[1615562490.7162993]}
{"IMU":[2.1602328719769317, 1.9571211585241657, 0.75]}
{"Kalman":[2.453513901572832, 2.2423430146298937, 0.7400367621548586]}
{"UWB":[2.12504772, 2.23212396, 1.04400547]}
{"Distance":[0.875555293009124]}
{"Time":[1615562491.2272253]}
{"IMU":[2.1444322905515034, 2.12454072563232, 0.77]}
{"Kalman":[2.175163165789821, 2.445081052114196, 0.7672000702547178]}
{"UWB":[2.22645946, 2.49247038, 1.31532595]}
{"Distance":[0.6064489652919229]}
{"Time":[1615562491.7435946]}
{"IMU":[2.123361293283542, 2.3667678984838827, 0.79]}
{"Kalman":[2.147923877954559, 2.7662157484534586, 0.7859843177531511]}
{"UWB":[2.19113421, 2.8516639, 1.13022361]}
{"Distance":[0.3205534067779723]}
{"Time":[1615562492.3194373]}
{"IMU":[2.0774741592083767, 2.759287010117183, 0.83]}
{"Kalman":[2.130305848765459, 3.071042744783327, 0.8275275328873583]}
{"UWB":[2.20841127, 3.10668253, 1.34496426]}
{"Distance":[0.188976897973443]}
{"Time":[1615562492.99392]}
