{"IMU":[0.010885672569274902, 0.011248793601989746, 0.79]}
{"Kalman":[0.038246968394185225, -0.0015289780502068372, 0.79]}
{"CMD":[-5, 10.0, 0, 5]}
{"Distance":[0.9844141565300926]}
{"Time":[0.6]}
{"Title":['ModelBasedAgentLQR']}
{"IMU":[-0.03209237098693848, -0.022060015201568604, 0.82]}
{"Kalman":[0.039414728309650024, -0.04925688470233669, 0.82]}
{"CMD":[0, 10.0, 0, 5]}
{"Distance":[0.9785449937938484]}
{"Time":[1.2]}
{"Title":['ModelBasedAgentLQR']}
{"IMU":[-0.08827630043029785, -0.09785272598266602, 0.85]}
{"Kalman":[0.0100141933654007, -0.11373235886455377, 0.85]}
{"CMD":[5, 10.0, 0, 5]}
{"Distance":[1.007723646041341]}
{"Time":[1.7]}
{"Title":['ModelBasedAgentLQR']}
{"IMU":[-0.12191379547119141, -0.19302364349365234, 0.86]}
{"Kalman":[0.00807892028011345, -0.1803918758893543, 0.86]}
{"CMD":[5, 10.0, 0, 5]}
{"Distance":[1.0178647539234011]}
{"Time":[2.3]}
{"Title":['ModelBasedAgentLQR']}
{"IMU":[-0.1712502098083496, -0.3882973861694336, 0.92]}
{"Kalman":[0.0377997523092882, -0.3593788449828793, 0.92]}
{"CMD":[5, 10.0, 0, 5]}
{"Distance":[1.0302341825416663]}
{"Time":[2.8]}
{"Title":['ModelBasedAgentLQR']}
{"IMU":[-0.21500539779663086, -0.6023389053344727, 0.96]}
{"Kalman":[0.007002935320981701, -0.570126282162162, 0.96]}
{"CMD":[5, 10.0, 0, 5]}
{"Distance":[1.1457255989429562]}
{"Time":[3.4]}
{"Title":['ModelBasedAgentLQR']}
{"IMU":[-0.2910057258605957, -1.0579753875732423, 1.03]}
{"Kalman":[-0.04610976397462799, -0.9947128602248281, 1.03]}
{"CMD":[7.047148405116581, 10.0, 0, 5]}
{"Distance":[1.4438487845268666]}
{"Time":[4.0]}
{"Title":['ModelBasedAgentLQR']}
{"IMU":[-0.2893306541442871, -1.324774932861328, 1.03]}
{"Kalman":[-0.028460370888923198, -1.2282640631879875, 1.03]}
{"CMD":[10.0, 10.0, 0, -5]}
{"Distance":[1.6022681871047826]}
{"Time":[4.6]}
{"Title":['ModelBasedAgentLQR']}
{"IMU":[-0.2777634811401367, -1.6474185180664063, 1.01]}
{"Kalman":[-0.015889540051938406, -1.5474626146807942, 1.01]}
{"CMD":[10.0, 10.0, 0, -5]}
{"Distance":[1.851154261919211]}
{"Time":[5.2]}
{"Title":['ModelBasedAgentLQR']}
{"IMU":[-0.28354089736938476, -2.0712924194335938, 0.98]}
{"Kalman":[0.13250064178928078, -1.9296653781544113, 0.98]}
{"CMD":[10.0, 10.0, 0, 0]}
{"Distance":[2.115789121851187]}
{"Time":[5.7]}
{"Title":['ModelBasedAgentLQR']}
{"IMU":[-0.266360912322998, -2.533570098876953, 0.99]}
{"Kalman":[0.1574078316017331, -2.359814513233376, 0.99]}
{"CMD":[10.0, 10.0, 0, 5]}
{"Distance":[2.505750605928884]}
{"Time":[6.2]}
{"Title":['ModelBasedAgentLQR']}
{"IMU":[-0.224221134185791, -3.0034140014648436, 1.02]}
{"Kalman":[0.21065902538724174, -2.8009482549687905, 1.02]}
{"CMD":[10.0, 10.0, 0, 0]}
{"Distance":[2.9101151697510756]}
{"Time":[6.8]}
{"Title":['ModelBasedAgentLQR']}
{"IMU":[-0.15993865966796875, -3.4832412719726564, 1.05]}
{"Kalman":[0.2676107990295807, -3.261031681688608, 1.05]}
{"CMD":[10.0, 9.75679102047305, 0, -5]}
{"Distance":[3.3426369187626284]}
{"Time":[7.3]}
{"Title":['ModelBasedAgentLQR']}
{"IMU":[-0.15993865966796875, -3.4832412719726564, 1.05]}
{"Kalman":[0.2675928452499489, -3.261013466962174, 1.05]}
{"CMD":[10.0, 9.052828383861934, 0, -5]}
{"Distance":[3.3426230825562313]}
{"Time":[7.9]}
{"Title":['ModelBasedAgentLQR']}
{"IMU":[-0.15993865966796875, -3.4832412719726564, 1.05]}
{"Kalman":[0.26758835680504095, -3.2610089132805653, 1.05]}
{"CMD":[10.0, 9.053050304782712, 0, -5]}
{"Distance":[3.3426196235262595]}
{"Time":[8.5]}
{"Title":['ModelBasedAgentLQR']}
{"IMU":[-0.15993865966796875, -3.4832412719726564, 1.05]}
{"Kalman":[0.26758835680504095, -3.2610089132805653, 1.05]}
{"CMD":[10.0, 9.053105785012907, 0, -5]}
{"Distance":[3.3426196235262595]}
{"Time":[9.0]}
{"Title":['ModelBasedAgentLQR']}
{"IMU":[-0.15993865966796875, -3.4832412719726564, 1.05]}
{"Kalman":[0.26758760873088966, -3.2610081543336307, 1.05]}
{"CMD":[10.0, 9.053105785012907, 0, -5]}
{"Distance":[3.3426190470221053]}
{"Time":[9.6]}
{"Title":['ModelBasedAgentLQR']}
{"IMU":[-0.15993865966796875, -3.4832412719726564, 1.05]}
{"Kalman":[0.2675868607023972, -3.2610073954330185, 1.05]}
{"CMD":[10.0, 9.053115031717939, 0, -5]}
{"Distance":[3.3426184705533784]}
{"Time":[10.1]}
{"Title":['ModelBasedAgentLQR']}
{"IMU":[-0.15993865966796875, -3.4832412719726564, 1.05]}
{"Kalman":[0.2675868607023972, -3.2610073954330185, 1.05]}
{"CMD":[10.0, 9.053124277858597, 0, -5]}
{"Distance":[3.3426184705533784]}
{"Time":[10.6]}
{"Title":['ModelBasedAgentLQR']}
{"IMU":[-0.15993865966796875, -3.4832412719726564, 1.05]}
{"Kalman":[0.2675868607023972, -3.2610073954330185, 1.05]}
{"CMD":[10.0, 9.053124277858597, 0, -5]}
{"Distance":[3.3426184705533784]}
{"Time":[11.1]}
{"Title":['ModelBasedAgentLQR']}
{"IMU":[-0.15993865966796875, -3.4832412719726564, 1.05]}
{"Kalman":[0.2675868607023972, -3.2610073954330185, 1.05]}
{"CMD":[10.0, 9.053124277858597, 0, -5]}
{"Distance":[3.3426184705533784]}
{"Time":[11.6]}
{"Title":['ModelBasedAgentLQR']}
{"IMU":[-0.15993865966796875, -3.4832412719726564, 1.05]}
{"Kalman":[0.2675868607023972, -3.2610073954330185, 1.05]}
{"CMD":[10.0, 9.053124277858597, 0, -5]}
{"Distance":[3.3426184705533784]}
{"Time":[12.1]}
{"Title":['ModelBasedAgentLQR']}
{"IMU":[-0.15993865966796875, -3.4832412719726564, 1.05]}
{"Kalman":[0.2675868607023972, -3.2610073954330185, 1.05]}
{"CMD":[10.0, 9.053124277858597, 0, -5]}
{"Distance":[3.3426184705533784]}
{"Time":[12.7]}
{"Title":['ModelBasedAgentLQR']}
{"IMU":[-0.15993865966796875, -3.4832412719726564, 1.05]}
{"Kalman":[0.2675868607023972, -3.2610073954330185, 1.05]}
{"CMD":[10.0, 9.053124277858597, 0, -5]}
{"Distance":[3.3426184705533784]}
{"Time":[13.2]}
{"Title":['ModelBasedAgentLQR']}
{"IMU":[-0.15993865966796875, -3.4832412719726564, 1.05]}
{"Kalman":[0.2675868607023972, -3.2610073954330185, 1.05]}
{"CMD":[10.0, 9.053124277858597, 0, -5]}
{"Distance":[3.3426184705533784]}
{"Time":[13.7]}
{"Title":['ModelBasedAgentLQR']}
{"IMU":[-0.15993865966796875, -3.4832412719726564, 1.05]}
{"Kalman":[0.2675868607023972, -3.2610073954330185, 1.05]}
{"CMD":[10.0, 9.053124277858597, 0, -5]}
{"Distance":[3.3426184705533784]}
{"Time":[14.2]}
{"Title":['ModelBasedAgentLQR']}
{"IMU":[-0.15993865966796875, -3.4832412719726564, 1.05]}
{"Kalman":[0.2675868607023972, -3.2610073954330185, 1.05]}
{"CMD":[10.0, 9.053124277858597, 0, -5]}
{"Distance":[3.3426184705533784]}
{"Time":[14.7]}
{"Title":['ModelBasedAgentLQR']}
{"IMU":[-0.15993865966796875, -3.4832412719726564, 1.05]}
{"Kalman":[0.2675868607023972, -3.2610073954330185, 1.05]}
{"CMD":[10.0, 9.053124277858597, 0, -5]}
{"Distance":[3.3426184705533784]}
{"Time":[15.3]}
{"Title":['ModelBasedAgentLQR']}
{"IMU":[-0.15993865966796875, -3.4832412719726564, 1.05]}
{"Kalman":[0.2675868607023972, -3.2610073954330185, 1.05]}
{"CMD":[10.0, 9.053124277858597, 0, -5]}
{"Distance":[3.3426184705533784]}
{"Time":[15.8]}
{"Title":['ModelBasedAgentLQR']}
{"IMU":[-0.15993865966796875, -3.4832412719726564, 1.05]}
{"Kalman":[0.2675868607023972, -3.2610073954330185, 1.05]}
{"CMD":[10.0, 9.053124277858597, 0, -5]}
{"Distance":[3.3426184705533784]}
{"Time":[16.3]}
{"Title":['ModelBasedAgentLQR']}
