{"IMU":[-0.011159545183181763, 0.009669700860977173, 0.8]}
{"Kalman":[-0.01965106242208549, 0.019217606473887344, 0.8]}
{"CMD":[-5, 15.0, 0, 5]}
{"Distance":[1.0392581996294632]}
{"Time":[1616766361.1886618]}
{"IMU":[0.017457882165908812, -0.02258711338043213, 0.83]}
{"Kalman":[0.033208694529878575, -0.031189962594602213, 0.83]}
{"CMD":[-5, 15.0, 0, 5]}
{"Distance":[0.9821192606294178]}
{"Time":[1616766361.6982791]}
{"IMU":[0.07453159809112549, -0.08055821418762207, 0.87]}
{"Kalman":[0.1988916458112632, -0.11167816295604176, 0.87]}
{"CMD":[5, 15.0, 0, 5]}
{"Distance":[0.819235379626773]}
{"Time":[1616766362.2294245]}
{"IMU":[0.21837356567382812, -0.1577276611328125, 0.89]}
{"Kalman":[0.41441813278738077, -0.17670494663586103, 0.89]}
{"CMD":[5, 14.853365746803858, 0, 5]}
{"Distance":[0.6214746667192478]}
{"Time":[1616766362.8246136]}
{"IMU":[0.44655475616455076, -0.2347111701965332, 0.92]}
{"Kalman":[0.6958080612097506, -0.22888502999607338, 0.92]}
{"CMD":[5, 10.85728491399079, 0, 5]}
{"Distance":[0.38900011899904896]}
{"Time":[1616766363.4129446]}
{"IMU":[0.7011199951171875, -0.2843978500366211, 0.96]}
{"Kalman":[0.953506566262508, -0.2561093945223443, 0.96]}
{"CMD":[5, 5.640028718283052, 0, 5]}
{"Distance":[0.2633508331927286]}
{"Time":[1616766363.9306006]}
{"IMU":[0.9438045501708985, -0.3081554985046387, 0.99]}
{"Kalman":[1.1794109732633928, -0.2606313967354399, 0.99]}
{"CMD":[5, 5, 0, 5]}
{"Distance":[0.31657072241694134]}
{"Time":[1616766364.5338247]}
{"IMU":[1.179705352783203, -0.31046688079833984, 1.02]}
{"Kalman":[1.3976548125933865, -0.24845218303228173, 1.02]}
{"CMD":[5, -5, 0, 5]}
{"Distance":[0.4693163509107559]}
{"Time":[1616766365.1146462]}
{"IMU":[1.373561553955078, -0.28749120712280274, 1.05]}
{"Kalman":[1.5256091335117326, -0.2089420651111986, 1.05]}
{"CMD":[5, -7.372925699180478, 0, -5]}
{"Distance":[0.5678219331831825]}
{"Time":[1616766365.6273715]}
{"IMU":[1.5159719848632813, -0.22917642593383789, 1.04]}
{"Kalman":[1.6006347920152173, -0.1373819267136701, 1.04]}
{"CMD":[5, -9.745329279228963, 0, -5]}
{"Distance":[0.6174430720047991]}
{"Time":[1616766366.1612117]}
{"IMU":[1.6027740478515624, -0.043268980979919436, 1.0]}
{"Kalman":[1.623915973153099, 0.054639429014627344, 1.0]}
{"CMD":[5, -11.136381488733848, 0, -5]}
{"Distance":[0.6263039268267627]}
{"Time":[1616766366.6774323]}
{"IMU":[1.5588214111328125, 0.0774923324584961, 0.99]}
{"Kalman":[1.5165209600998715, 0.18472543297832544, 0.99]}
{"CMD":[-5, -11.568038325977463, 0, 0]}
{"Distance":[0.5486505151838671]}
{"Time":[1616766367.2115483]}
{"IMU":[1.4527009582519532, 0.17305572509765624, 1.01]}
{"Kalman":[1.308302600409851, 0.2213913550632407, 1.01]}
{"CMD":[-5, -9.576825277303467, 0, 5]}
{"Distance":[0.3796901704234838]}
{"Time":[1616766367.7345598]}
{"IMU":[1.3033753967285155, 0.242659912109375, 1.0]}
{"Kalman":[1.1394087897183418, 0.25534900687802914, 1.0]}
{"CMD":[-5, -5.716244576197957, 0, -5]}
{"Distance":[0.2909259802154641]}
{"Time":[1616766368.3146968]}
{"IMU":[1.1411355590820313, 0.28350818634033204, 1.0]}
{"Kalman":[0.9697301101681548, 0.2666048542855457, 1.0]}
{"CMD":[-5, -5, 0, 0]}
{"Distance":[0.26831774924340934]}
{"Time":[1616766368.8697731]}
{"IMU":[0.9671163177490234, 0.3015415000915527, 0.99]}
{"Kalman":[0.8071809396764723, 0.26092739133464027, 0.99]}
{"CMD":[-5, 5, 0, 0]}
{"Distance":[0.3245955846476485]}
{"Time":[1616766369.4428766]}
{"IMU":[0.8223512268066406, 0.2898577117919922, 0.99]}
{"Kalman":[0.7095076603274834, 0.22993582518215266, 0.99]}
{"CMD":[-5, 5, 0, 5]}
{"Distance":[0.3706160858767604]}
{"Time":[1616766370.0084426]}
{"IMU":[0.7171419525146484, 0.24971548080444336, 1.02]}
{"Kalman":[0.6448979573599025, 0.17482523114976, 1.02]}
{"CMD":[-5, 5.386024181672844, 0, 5]}
{"Distance":[0.3963096291206367]}
{"Time":[1616766370.5263605]}
{"IMU":[0.6425959014892578, 0.18818895339965822, 1.06]}
{"Kalman":[0.6053633370963423, 0.10200195495711813, 1.06]}
{"CMD":[-5, 6.583953954782841, 0, -5]}
{"Distance":[0.4119981729605232]}
{"Time":[1616766371.0842974]}
{"IMU":[0.5977029037475586, 0.10763189315795899, 1.03]}
{"Kalman":[0.5942785139498239, 0.013128625345502257, 1.03]}
{"CMD":[-5, 7.316966126438858, 0, -5]}
{"Distance":[0.40704088866626875]}
{"Time":[1616766371.6373088]}
{"IMU":[0.6054660034179687, 0.0046429851651191715, 1.0]}
{"Kalman":[0.7849290643163735, -0.1539138703141233, 1.0]}
{"CMD":[-5, 7.522490050353755, 0, -5]}
{"Distance":[0.2644711455922996]}
{"Time":[1616766372.2367835]}
{"IMU":[0.6054660034179687, 0.0046429851651191715, 1.0]}
{"Kalman":[0.7849705107760194, -0.15394398299103987, 1.0]}
{"CMD":[5, 5, 0, 0]}
{"Distance":[0.2644549699572151]}
{"Time":[1616766372.7969692]}
{"IMU":[0.6054660034179687, 0.0046429851651191715, 1.0]}
{"Kalman":[0.7849718923246742, -0.15394498674693707, 1.0]}
{"CMD":[5, 5, 0, 0]}
{"Distance":[0.26445443092326154]}
{"Time":[1616766373.3757951]}
{"IMU":[0.6054660034179687, 0.0046429851651191715, 1.0]}
{"Kalman":[0.7849725830990018, -0.1539454886248857, 1.0]}
{"CMD":[5, 5, 0, 0]}
{"Distance":[0.26445416141000794]}
{"Time":[1616766373.9482558]}
{"IMU":[0.6054660034179687, 0.0046429851651191715, 1.0]}
{"Kalman":[0.7849725830990018, -0.1539454886248857, 1.0]}
{"CMD":[5, 5, 0, 0]}
{"Distance":[0.26445416141000794]}
{"Time":[1616766374.4675922]}
{"IMU":[0.6054660034179687, 0.0046429851651191715, 1.0]}
{"Kalman":[0.7849725830990018, -0.1539454886248857, 1.0]}
{"CMD":[5, 5, 0, 0]}
{"Distance":[0.26445416141000794]}
{"Time":[1616766374.9837735]}
{"IMU":[0.6054660034179687, 0.0046429851651191715, 1.0]}
{"Kalman":[0.7849725830990018, -0.1539454886248857, 1.0]}
{"CMD":[5, 5, 0, 0]}
{"Distance":[0.26445416141000794]}
{"Time":[1616766375.493978]}
{"IMU":[0.6054660034179687, 0.0046429851651191715, 1.0]}
{"Kalman":[0.7849732738311677, -0.15394599047220212, 1.0]}
{"CMD":[5, 5, 0, 0]}
{"Distance":[0.264453891915686]}
{"Time":[1616766376.065013]}
{"IMU":[0.6054660034179687, 0.0046429851651191715, 1.0]}
{"Kalman":[0.7849732738311677, -0.15394599047220212, 1.0]}
{"CMD":[5, 5, 0, 0]}
{"Distance":[0.264453891915686]}
{"Time":[1616766376.5821958]}
{"IMU":[0.6054660034179687, 0.0046429851651191715, 1.0]}
{"Kalman":[0.7849732738311677, -0.15394599047220212, 1.0]}
{"CMD":[5, 5, 0, 0]}
{"Distance":[0.264453891915686]}
{"Time":[1616766377.0929685]}
{"IMU":[0.6054660034179687, 0.0046429851651191715, 1.0]}
{"Kalman":[0.7849732738311677, -0.15394599047220212, 1.0]}
{"CMD":[5, 5, 0, 0]}
{"Distance":[0.264453891915686]}
{"Time":[1616766377.6250436]}
{"IMU":[0.6054660034179687, 0.0046429851651191715, 1.0]}
{"Kalman":[0.7849732738311677, -0.15394599047220212, 1.0]}
{"CMD":[5, 5, 0, 0]}
{"Distance":[0.264453891915686]}
{"Time":[1616766378.139412]}
{"IMU":[0.6054660034179687, 0.0046429851651191715, 1.0]}
{"Kalman":[0.7849732738311677, -0.15394599047220212, 1.0]}
{"CMD":[5, 5, 0, 0]}
{"Distance":[0.264453891915686]}
{"Time":[1616766378.654067]}
{"IMU":[0.6054660034179687, 0.0046429851651191715, 1.0]}
{"Kalman":[0.7849732738311677, -0.15394599047220212, 1.0]}
{"CMD":[5, 5, 0, 0]}
{"Distance":[0.264453891915686]}
{"Time":[1616766379.1692953]}
{"IMU":[0.6054660034179687, 0.0046429851651191715, 1.0]}
{"Kalman":[0.7849732738311677, -0.15394599047220212, 1.0]}
{"CMD":[5, 5, 0, 0]}
{"Distance":[0.264453891915686]}
{"Time":[1616766379.6849084]}
{"IMU":[0.6054660034179687, 0.0046429851651191715, 1.0]}
{"Kalman":[0.7849732738311677, -0.15394599047220212, 1.0]}
{"CMD":[5, 5, 0, 0]}
{"Distance":[0.264453891915686]}
{"Time":[1616766380.2005131]}
{"IMU":[0.6054660034179687, 0.0046429851651191715, 1.0]}
{"Kalman":[0.7849732738733266, -0.15394599050283242, 1.0]}
{"CMD":[5, 5, 0, 0]}
{"Distance":[0.26445389189923746]}
{"Time":[1616766380.765288]}
{"IMU":[0.6054660034179687, 0.0046429851651191715, 1.0]}
{"Kalman":[0.7849732738733266, -0.15394599050283242, 1.0]}
{"CMD":[5, 5, 0, 0]}
{"Distance":[0.26445389189923746]}
{"Time":[1616766381.290002]}
