{"IMU":[-0.01722464680671692, 0.0060934871435165405, 0.67]}
{"Kalman":[4.092959066767425, 2.6602591894386505, 1.3449106682816119]}
{"UWB":[4.0219766, 2.62101644, 2.69920344]}
{"Distance":[1.9407709304808656]}
{"Time":[0.6]}
{"Title":['ModelBasedAgendUWB_PID']}
{"IMU":[0.019400632381439208, 0.0015862984955310822, 0.65]}
{"Kalman":[4.218036114845446, 2.681549952710207, 1.3081440058069733]}
{"UWB":[4.14164621, 2.68752919, 2.70600371]}
{"Distance":[1.8223544261225024]}
{"Time":[1.2]}
{"Title":['ModelBasedAgendUWB_PID']}
{"IMU":[0.11115412712097168, -0.008625314831733703, 0.64]}
{"Kalman":[5.280355017295724, 2.90741404374795, 1.285421033669349]}
{"UWB":[5.90961686, 3.1097468, 1.28171108]}
{"Distance":[0.941722210460003]}
{"Time":[1.7]}
{"Title":['ModelBasedAgendUWB_PID']}
{"IMU":[0.2611667442321777, -0.02487396001815796, 0.62]}
{"Kalman":[4.604959406052457, 2.6786112027622764, 1.2472875761631852]}
{"UWB":[4.5389067, 2.72015266, 3.41342709]}
{"Distance":[1.445504998821731]}
{"Time":[2.3]}
{"Title":['ModelBasedAgendUWB_PID']}
{"IMU":[0.4401812744140625, -0.05152145385742188, 0.61]}
{"Kalman":[4.792026331788885, 2.633827250365368, 1.22754158803766]}
{"UWB":[4.71206699, 2.67487987, 3.31299446]}
{"Distance":[1.2532521758121622]}
{"Time":[2.9]}
{"Title":['ModelBasedAgendUWB_PID']}
{"IMU":[0.889589614868164, -0.14974026679992675, 0.58]}
{"Kalman":[5.208393332957787, 2.524856667108969, 1.1681599586272107]}
{"UWB":[5.05162855, 2.57207116, 3.11500529]}
{"Distance":[0.8229226185061602]}
{"Time":[3.5]}
{"Title":['ModelBasedAgendUWB_PID']}
{"IMU":[1.1581954956054688, -0.22189916610717775, 0.56]}
{"Kalman":[5.474663934342863, 1.983858236374513, 1.13018278189445]}
{"UWB":[5.28800327, 1.6851397, 5.51706593]}
{"Distance":[0.6131260853921915]}
{"Time":[4.1]}
{"Title":['ModelBasedAgendUWB_PID']}
{"IMU":[1.4164846801757813, -0.3087547111511231, 0.55]}
{"Kalman":[5.457596704378138, 2.1640546238970675, 1.1055977258219558]}
{"UWB":[5.05923332, 2.09545151, 0.84930481]}
{"Distance":[0.559180185973381]}
{"Time":[4.7]}
{"Title":['ModelBasedAgendUWB_PID']}
{"IMU":[1.6713374328613282, -0.35897048950195315, 0.54]}
{"Kalman":[5.752334472280377, 2.1365095311548385, 1.0866656064203801]}
{"UWB":[5.38960829, 2.03000325, 1.35558574]}
{"Distance":[0.29676143115952597]}
{"Time":[5.2]}
{"Title":['ModelBasedAgendUWB_PID']}
{"IMU":[1.9422212219238282, -0.36925132751464845, 0.52]}
{"Kalman":[6.817261480145655, 2.5610218508808473, 1.0460757314034872]}
{"UWB":[7.10104018, 2.76548599, 1.22694899]}
{"Distance":[0.8579328257894847]}
{"Time":[5.8]}
{"Title":['ModelBasedAgendUWB_PID']}
{"IMU":[2.14194580078125, -0.3519186019897461, 0.51]}
{"Kalman":[6.337781100671056, 2.117113221757904, 1.0256442449194088]}
{"UWB":[6.10434506, 1.92506519, 0.45476626]}
{"Distance":[0.3841141049562274]}
{"Time":[6.4]}
{"Title":['ModelBasedAgendUWB_PID']}
{"IMU":[2.430015869140625, -0.30806922912597656, 0.47]}
{"Kalman":[6.557499041350304, 2.1431909934459634, 0.9467367481345147]}
{"UWB":[6.33471044, 1.94685376, -0.23958412]}
{"Distance":[0.5791323213592653]}
{"Time":[7.0]}
{"Title":['ModelBasedAgendUWB_PID']}
{"IMU":[2.46190185546875, -0.27457120895385745, 0.47]}
{"Kalman":[6.50566983740525, 2.2485513501765744, 0.9333062637577312]}
{"UWB":[6.34962425, 2.07974175, 0.17993567]}
{"Distance":[0.5082803832827956]}
{"Time":[7.7]}
{"Title":['ModelBasedAgendUWB_PID']}
{"IMU":[2.4515147399902344, -0.22916271209716796, 0.51]}
{"Kalman":[6.445509483974618, 2.3506847189387496, 1.014819854781989]}
{"UWB":[6.2690342, 2.22378133, 1.10537706]}
{"Distance":[0.44838336392559275]}
{"Time":[8.2]}
{"Title":['ModelBasedAgendUWB_PID']}
{"IMU":[2.4010856628417967, -0.16207853317260743, 0.53]}
{"Kalman":[6.400857088689419, 2.477136193229188, 1.0660730839456964]}
{"UWB":[6.28308664, 2.36085817, 0.90016556]}
{"Distance":[0.43825065488175236]}
{"Time":[8.7]}
{"Title":['ModelBasedAgendUWB_PID']}
{"IMU":[2.311900634765625, -0.11656098365783692, 0.51]}
{"Kalman":[6.7788930718405735, 2.8198879945222863, 1.0293077862337978]}
{"UWB":[7.09752382, 2.98178778, 1.05877592]}
{"Distance":[0.936460327087939]}
{"Time":[9.2]}
{"Title":['ModelBasedAgendUWB_PID']}
{"IMU":[2.1644998168945313, -0.10118148803710937, 0.48]}
{"Kalman":[6.0875393078299105, 2.4986156977780722, 0.9679594574868984]}
{"UWB":[6.034748, 2.40829354, -0.00756387]}
{"Distance":[0.21705143588377948]}
{"Time":[9.7]}
{"Title":['ModelBasedAgendUWB_PID']}
{"IMU":[1.9689720153808594, -0.10952967643737793, 0.46]}
{"Kalman":[5.998861091532808, 2.5753062930395103, 0.915318921361164]}
{"UWB":[5.726524, 2.31443865, 0.78549753]}
{"Distance":[0.2753086487919576]}
{"Time":[10.3]}
{"Title":['ModelBasedAgendUWB_PID']}
{"IMU":[1.5122569274902344, -0.2003228759765625, 0.53]}
{"Kalman":[5.445712151143533, 2.4196411102232562, 1.0549296544379652]}
{"UWB":[5.47993999, 2.4029287, 2.62405744]}
{"Distance":[0.5670529204980638]}
{"Time":[11.0]}
{"Title":['ModelBasedAgendUWB_PID']}
{"IMU":[1.3122660827636718, -0.2747979164123535, 0.54]}
{"Kalman":[5.090915061408851, 2.2511673392098013, 1.0862409352121636]}
{"UWB":[4.85612761, 2.1903462, 0.86754399]}
{"Distance":[0.9103955482827908]}
{"Time":[11.7]}
{"Title":['ModelBasedAgendUWB_PID']}
{"IMU":[1.179240493774414, -0.3760564041137695, 0.52]}
{"Kalman":[4.96004336920929, 2.1021389232720153, 1.0484727421148647]}
{"UWB":[4.71686044, 2.04242323, 0.84603159]}
{"Distance":[1.0586117322274127]}
{"Time":[12.2]}
{"Title":['ModelBasedAgendUWB_PID']}
{"IMU":[1.0991480255126953, -0.46483421325683594, 0.49]}
{"Kalman":[4.919023225619711, 1.9865617750102995, 0.9890413008618926]}
{"UWB":[4.66161586, 1.86169579, 1.1867742]}
{"Distance":[1.1255018025904309]}
{"Time":[12.8]}
{"Title":['ModelBasedAgendUWB_PID']}
{"IMU":[1.0586873626708984, -0.5106396484375, 0.45]}
{"Kalman":[4.915033280512057, 2.0449563762875154, 0.9043640590775411]}
{"UWB":[4.60187546, 1.90997787, 0.49040461]}
{"Distance":[1.114540278497293]}
{"Time":[13.3]}
{"Title":['ModelBasedAgendUWB_PID']}
{"IMU":[1.0663621520996094, -0.5206235122680664, 0.44]}
{"Kalman":[4.912867081948687, 1.9210491080653305, 0.8734723330832961]}
{"UWB":[4.59106321, 1.71734366, 1.32322241]}
{"Distance":[1.1512870015807717]}
{"Time":[13.8]}
{"Title":['ModelBasedAgendUWB_PID']}
{"IMU":[1.1075221252441407, -0.49936832427978517, 0.52]}
{"Kalman":[5.011884287370685, 2.0038570845084287, 1.035997894266204]}
{"UWB":[4.74880284, 1.95027107, 0.63153325]}
{"Distance":[1.0315392808520611]}
{"Time":[14.4]}
{"Title":['ModelBasedAgendUWB_PID']}
{"IMU":[1.292262420654297, -0.3813314437866211, 0.52]}
{"Kalman":[5.238585814322127, 2.193034293443, 1.037944911260012]}
{"UWB":[4.92400626, 2.07498185, 1.32990816]}
{"Distance":[0.768890905480574]}
{"Time":[15.0]}
{"Title":['ModelBasedAgendUWB_PID']}
{"IMU":[1.4750663757324218, -0.24558895111083984, 0.48]}
{"Kalman":[5.8710325160390315, 2.5125455869878013, 0.9735013593251499]}
{"UWB":[5.8765606, 2.46065139, 2.56303611]}
{"Distance":[0.24861262732856457]}
{"Time":[16.0]}
{"Title":['ModelBasedAgendUWB_PID']}
{"IMU":[1.8057489013671875, 0.12022770881652832, 0.48]}
{"Kalman":[5.962438190493335, 2.8594867669017336, 0.9691620520192358]}
{"UWB":[5.6642969, 2.70729087, 0.43194395]}
{"Distance":[0.5607462276926792]}
{"Time":[16.6]}
{"Title":['ModelBasedAgendUWB_PID']}
{"IMU":[1.9608233642578126, 0.27717559814453124, 0.51]}
{"Kalman":[6.171718348441843, 2.9935145183574474, 1.0203918664336933]}
{"UWB":[5.99340625, 2.8773835, 1.9036929]}
{"Distance":[0.7144575413305935]}
{"Time":[17.3]}
{"Title":['ModelBasedAgendUWB_PID']}
{"IMU":[2.1129986572265627, 0.3951591110229492, 0.53]}
{"Kalman":[6.3254355504212745, 3.105945182459857, 1.0663780433830654]}
{"UWB":[6.16072456, 3.03403702, 1.81611366]}
{"Distance":[0.8691696811372626]}
{"Time":[17.9]}
{"Title":['ModelBasedAgendUWB_PID']}
{"IMU":[2.229262390136719, 0.476945686340332, 0.5]}
{"Kalman":[6.475928422906433, 3.175447047977382, 1.013111471104465]}
{"UWB":[6.40948556, 3.12257654, 1.86912032]}
{"Distance":[0.9964514024991473]}
{"Time":[18.4]}
{"Title":['ModelBasedAgendUWB_PID']}
