{"IMU":[0.002477555721998215, -0.004257971942424774, 0.63]}
{"Kalman":[3.8180572777374073, 2.2227306685723676, 1.2702470970195532]}
{"UWB":[3.81783724, 2.14431762, 1.40091799]}
{"Distance":[2.1833104664279808]}
{"Time":[0.5]}
{"Title":['ModelBasedAgendUWB_PID']}
{"IMU":[0.017587376832962034, 0.01877072811126709, 0.61]}
{"Kalman":[3.8762547966396013, 2.31564174118118, 1.2279435708682096]}
{"UWB":[3.86308953, 2.26681894, 1.28920943]}
{"Distance":[2.1238028046086295]}
{"Time":[1.1]}
{"Title":['ModelBasedAgendUWB_PID']}
{"IMU":[0.0921236228942871, 0.0681240463256836, 0.59]}
{"Kalman":[3.9926256799521926, 2.3864406557780353, 1.1866144757044153]}
{"UWB":[3.94925884, 2.31713907, 1.34533449]}
{"Distance":[2.009234592514954]}
{"Time":[1.7]}
{"Title":['ModelBasedAgendUWB_PID']}
{"IMU":[0.24327016830444337, 0.13345596313476563, 0.58]}
{"Kalman":[4.266385613879602, 2.4656413229214196, 1.1656430121529207]}
{"UWB":[4.21096452, 2.40966748, 1.10211009]}
{"Distance":[1.7415096576312066]}
{"Time":[2.2]}
{"Title":['ModelBasedAgendUWB_PID']}
{"IMU":[0.7966278839111328, 0.22385194778442383, 0.56]}
{"Kalman":[4.798706632637088, 2.5733281108702917, 1.125877389523274]}
{"UWB":[4.70572507, 2.58249387, 1.22772226]}
{"Distance":[1.2319959458789007]}
{"Time":[2.9]}
{"Title":['ModelBasedAgendUWB_PID']}
{"IMU":[1.1462129211425782, 0.2365749931335449, 0.55]}
{"Kalman":[5.076216967205203, 2.3105465906786273, 1.105393200503577]}
{"UWB":[4.82558385, 2.08986817, 1.71181221]}
{"Distance":[0.9238432346748534]}
{"Time":[3.4]}
{"Title":['ModelBasedAgendUWB_PID']}
{"IMU":[1.5102027893066405, 0.23453943252563478, 0.55]}
{"Kalman":[5.695510641816898, 2.754134468294273, 1.1042448133739422]}
{"UWB":[5.60429342, 2.92006003, -0.4587366]}
{"Distance":[0.5467649262157183]}
{"Time":[4.0]}
{"Title":['ModelBasedAgendUWB_PID']}
{"IMU":[1.8861636352539062, 0.23854047775268555, 0.53]}
{"Kalman":[6.059255471326389, 2.6787369887408308, 1.0662406015269688]}
{"UWB":[5.93394359, 2.77831652, 0.39730901]}
{"Distance":[0.38334438501507334]}
{"Time":[4.6]}
{"Title":['ModelBasedAgendUWB_PID']}
{"IMU":[2.2653228759765627, 0.2340266799926758, 0.53]}
{"Kalman":[7.688742551046664, 2.900583419874798, 1.0661398131134132]}
{"UWB":[9.99931063, 3.48775227, 0.03776321]}
{"Distance":[1.7923592965541542]}
{"Time":[5.1]}
{"Title":['ModelBasedAgendUWB_PID']}
{"IMU":[2.591263427734375, 0.2139301300048828, 0.51]}
{"Kalman":[6.571548166514398, 2.5763714942004543, 1.0282658961510005]}
{"UWB":[6.39518628, 2.63409364, 0.74744863]}
{"Distance":[0.6348610158550938]}
{"Time":[5.7]}
{"Title":['ModelBasedAgendUWB_PID']}
{"IMU":[2.83648193359375, 0.18614398956298828, 0.5]}
{"Kalman":[6.874516429409712, 2.492234350065105, 1.009694046906277]}
{"UWB":[6.6848112, 2.4902219, 1.4236864]}
{"Distance":[0.8953954604823868]}
{"Time":[6.2]}
{"Title":['ModelBasedAgendUWB_PID']}
{"IMU":[2.987357482910156, 0.1388401508331299, 0.48]}
{"Kalman":[6.874704079727241, 2.405348010697331, 0.9707292533249321]}
{"UWB":[6.82148198, 2.4189695, 1.28719887]}
{"Distance":[0.8810252155581956]}
{"Time":[6.8]}
{"Title":['ModelBasedAgendUWB_PID']}
{"IMU":[3.06075439453125, 0.08315537452697754, 0.45]}
{"Kalman":[6.913304802583215, 2.3439536696199004, 0.9103849855197386]}
{"UWB":[6.81870312, 2.36856358, 1.27683125]}
{"Distance":[0.9143618471341752]}
{"Time":[7.3]}
{"Title":['ModelBasedAgendUWB_PID']}
{"IMU":[3.1054507446289064, -0.050483593940734865, 0.54]}
{"Kalman":[6.984054318351198, 2.1882800403123093, 1.0771895744073843]}
{"UWB":[7.00442108, 2.19422143, 1.20067565]}
{"Distance":[0.9903758129408556]}
{"Time":[7.9]}
{"Title":['ModelBasedAgendUWB_PID']}
{"IMU":[3.0945037841796874, -0.14552995681762695, 0.54]}
{"Kalman":[6.984166371104673, 2.0618256496521528, 1.077335117080632]}
{"UWB":[7.03405353, 2.05582313, 0.65763292]}
{"Distance":[1.0125761537666984]}
{"Time":[8.4]}
{"Title":['ModelBasedAgendUWB_PID']}
{"IMU":[3.0699258422851563, -0.19602035522460937, 0.52]}
{"Kalman":[6.89028204002281, 2.006890033103512, 1.0514655932556378]}
{"UWB":[6.91320314, 1.95943795, 0.84175974]}
{"Distance":[0.9372916106960716]}
{"Time":[9.0]}
{"Title":['ModelBasedAgendUWB_PID']}
{"IMU":[3.0252947998046875, -0.22067028045654297, 0.49]}
{"Kalman":[6.856257488266826, 1.9910079045800657, 0.9908014035233812]}
{"UWB":[6.91544163, 1.92605108, 0.79888674]}
{"Distance":[0.9103037961279827]}
{"Time":[9.6]}
{"Title":['ModelBasedAgendUWB_PID']}
{"IMU":[2.9577838134765626, -0.2262864875793457, 0.47]}
{"Kalman":[6.685270157759433, 2.0219800494286417, 0.9463779657029256]}
{"UWB":[6.66758508, 1.96049637, 1.01011474]}
{"Distance":[0.7395203053543146]}
{"Time":[10.1]}
{"Title":['ModelBasedAgendUWB_PID']}
{"IMU":[2.894766540527344, -0.2065562438964844, 0.5]}
{"Kalman":[6.636966586701168, 2.0554156844067997, 1.0028543315235012]}
{"UWB":[6.64829952, 1.99063416, 1.32000148]}
{"Distance":[0.6823107210120111]}
{"Time":[10.7]}
{"Title":['ModelBasedAgendUWB_PID']}
{"IMU":[2.760245361328125, -0.08238314628601075, 0.52]}
{"Kalman":[6.474151296842079, 2.256244719501275, 1.044164104643745]}
{"UWB":[6.46127532, 2.21747035, 1.12596149]}
{"Distance":[0.4761659131737039]}
{"Time":[11.4]}
{"Title":['ModelBasedAgendUWB_PID']}
{"IMU":[2.68906494140625, 0.023344993591308594, 0.51]}
{"Kalman":[6.372238050302683, 2.3888726140126875, 1.0256467230319795]}
{"UWB":[6.33191643, 2.35018687, 1.13545877]}
{"Distance":[0.3827002843147507]}
{"Time":[12.0]}
{"Title":['ModelBasedAgendUWB_PID']}
{"IMU":[2.6068115234375, 0.16934368133544922, 0.48]}
{"Kalman":[6.302082641376357, 2.6011141973422727, 0.9741711813168948]}
{"UWB":[6.25211919, 2.582329, 1.05344204]}
{"Distance":[0.42652512477226695]}
{"Time":[12.6]}
{"Title":['ModelBasedAgendUWB_PID']}
{"IMU":[2.5057049560546876, 0.29510848999023437, 0.44]}
{"Kalman":[6.1633163025147, 2.702388531157863, 0.8831484824328176]}
{"UWB":[6.14167655, 2.67786143, 0.74652888]}
{"Distance":[0.43426805624459164]}
{"Time":[13.2]}
{"Title":['ModelBasedAgendUWB_PID']}
{"IMU":[2.4009635925292967, 0.37533504486083985, 0.52]}
{"Kalman":[6.033427831979482, 2.768036239425361, 1.0413143770072768]}
{"UWB":[5.98614663, 2.76195985, 1.27529279]}
{"Distance":[0.46922845327865864]}
{"Time":[13.8]}
{"Title":['ModelBasedAgendUWB_PID']}
{"IMU":[2.1203739929199217, 0.4073310852050781, 0.51]}
{"Kalman":[5.7647345113728745, 2.8291784504781434, 1.0211942161376435]}
{"UWB":[5.77084733, 2.91164221, 0.57895022]}
{"Distance":[0.5791197480568325]}
{"Time":[14.5]}
{"Title":['ModelBasedAgendUWB_PID']}
{"IMU":[2.039194793701172, 0.3928993606567383, 0.46]}
{"Kalman":[5.878296053344237, 2.6274503813983667, 0.9329178345726659]}
{"UWB":[5.93763336, 2.58162376, -0.37175779]}
{"Distance":[0.3493359456304557]}
{"Time":[15.1]}
{"Title":['ModelBasedAgendUWB_PID']}
{"IMU":[2.008963317871094, 0.3660012435913086, 0.44]}
{"Kalman":[5.668048984564907, 2.7266828308857574, 0.8871372118449895]}
{"UWB":[5.57690005, 2.74895276, 0.53155113]}
{"Distance":[0.5406012530702029]}
{"Time":[15.7]}
{"Title":['ModelBasedAgendUWB_PID']}
{"IMU":[2.0224876403808594, 0.2837210655212402, 0.53]}
{"Kalman":[5.810319886997017, 2.643633020343196, 1.0611332679251604]}
{"UWB":[5.75103956, 2.73801849, 0.44776987]}
{"Distance":[0.3925075769192384]}
{"Time":[16.7]}
{"Title":['ModelBasedAgendUWB_PID']}
{"IMU":[2.0620947265625, 0.23739902496337892, 0.52]}
{"Kalman":[5.838568582827973, 2.6070168707392947, 1.0501200042797831]}
{"UWB":[5.78229217, 2.67948183, 0.0364526]}
{"Distance":[0.34687095780523036]}
{"Time":[17.2]}
{"Title":['ModelBasedAgendUWB_PID']}
{"IMU":[2.0902117919921874, 0.2184391975402832, 0.49]}
{"Kalman":[5.929687387310607, 2.582668525653537, 0.9930196535858203]}
{"UWB":[5.89449861, 2.65044022, 0.21329017]}
{"Distance":[0.29128226670766116]}
{"Time":[17.8]}
{"Title":['ModelBasedAgendUWB_PID']}
{"IMU":[2.151258544921875, 0.17839279174804687, 0.46]}
{"Kalman":[6.025590864039447, 2.5055125026034557, 0.9341220319202358]}
{"UWB":[5.98926834, 2.56997901, 0.19857303]}
{"Distance":[0.2070996886734042]}
{"Time":[18.3]}
{"Title":['ModelBasedAgendUWB_PID']}
