{"IMU":[0.004258024990558624, -0.00041004598140716554, 0.69]}
{"Kalman":[0.05925400977538568, 0.032061097163786745, 0.6811765183549008]}
{"UWB":[0.06386077000000023, 0.08151032999999597, 0.9093059899999987]}
{"Distance":[1.9410107966016739]}
{"Time":[0.6]}
{"Title":['ModelBasedAgendUWB_PID']}
{"IMU":[0.05538551807403565, -0.008627676367759705, 0.72]}
{"Kalman":[0.09094979954110996, -0.013381879249002013, 0.7100320549042751]}
{"UWB":[-0.007950569999999768, 0.03659667999999572, 0.49289324999999873]}
{"Distance":[1.9090971013975069]}
{"Time":[1.1]}
{"Title":['ModelBasedAgendUWB_PID']}
{"IMU":[0.1705476951599121, -0.02087632179260254, 0.76]}
{"Kalman":[0.48231367035439726, 0.08151831516716782, 0.7507410573822157]}
{"UWB":[0.173257, 0.5846426099999955, 1.9783104999999985]}
{"Distance":[1.519874018101775]}
{"Time":[1.6]}
{"Title":['ModelBasedAgendUWB_PID']}
{"IMU":[0.3430562210083008, -0.029884452819824218, 0.8]}
{"Kalman":[0.7681617502048237, 0.0893600790976088, 0.7902232675524918]}
{"UWB":[0.2156939600000003, 0.9470494799999956, 2.3065244299999987]}
{"Distance":[1.2350751788432857]}
{"Time":[2.2]}
{"Title":['ModelBasedAgendUWB_PID']}
{"IMU":[0.5563047027587891, -0.05395875930786133, 0.83]}
{"Kalman":[0.9746970030321599, 0.07697060910802479, 0.8202553294741406]}
{"UWB":[0.20291667000000002, 1.064275189999996, 2.290379249999999]}
{"Distance":[1.0281880714430096]}
{"Time":[2.8]}
{"Title":['ModelBasedAgendUWB_PID']}
{"IMU":[0.8508783721923828, -0.07982476234436035, 0.87]}
{"Kalman":[1.2358294032994606, 0.05725675523403018, 0.8607990706146793]}
{"UWB":[0.17641985000000027, 1.2345020699999956, 2.143819729999999]}
{"Distance":[0.7663126234648547]}
{"Time":[3.4]}
{"Title":['ModelBasedAgendUWB_PID']}
{"IMU":[1.420159149169922, -0.1407627773284912, 0.95]}
{"Kalman":[1.8468632310309134, -0.03785267900654135, 0.9382995586665925]}
{"UWB":[0.11588968999999993, 1.948562849999996, 1.369237149999999]}
{"Distance":[0.15774566655938177]}
{"Time":[4.0]}
{"Title":['ModelBasedAgendUWB_PID']}
