{"IMU":[2.333796118472483, 1.768956090269776, 0.69]}
{"Kalman":[2.3991052767728465, 1.7301709117685558, 0.69]}
{"UWB":[2.42011753, 1.70535584, 1.39489795]}
{"Distance":[0.8360123026979571]}
{"Time":[1615484792.142983]}
{"IMU":[2.333796118472483, 1.768956090269776, 0.69]}
{"Kalman":[2.3991052767728465, 1.7301709117685558, 0.69]}
{"UWB":[2.42011753, 1.70535584, 1.39489795]}
{"Distance":[0.8360123026979571]}
{"Time":[1615484792.164628]}
{"IMU":[2.333796118472483, 1.768956090269776, 0.69]}
{"Kalman":[2.3991052767728465, 1.7301709117685558, 0.69]}
{"UWB":[2.42011753, 1.70535584, 1.39489795]}
{"Distance":[0.8360123026979571]}
{"Time":[1615484792.176476]}
{"IMU":[2.333796118472483, 1.768956090269776, 0.69]}
{"Kalman":[2.3991052767728465, 1.7301709117685558, 0.69]}
{"UWB":[2.75749763, 3.07491521, 0.20524873]}
{"Distance":[0.8360123026979571]}
{"Time":[1615484792.1896365]}
{"IMU":[2.333796118472483, 1.768956090269776, 0.69]}
{"Kalman":[2.3991052767728465, 1.7301709117685558, 0.69]}
{"UWB":[2.75749763, 3.07491521, 0.20524873]}
{"Distance":[0.8360123026979571]}
{"Time":[1615484792.2022297]}
{"IMU":[2.333796118472483, 1.768956090269776, 0.69]}
{"Kalman":[2.3991052767728465, 1.7301709117685558, 0.69]}
{"UWB":[2.75749763, 3.07491521, 0.20524873]}
{"Distance":[0.8360123026979571]}
{"Time":[1615484792.21542]}
{"IMU":[2.333796118472483, 1.768956090269776, 0.69]}
{"Kalman":[2.3991052767728465, 1.7301709117685558, 0.69]}
{"UWB":[2.75749763, 3.07491521, 0.20524873]}
{"Distance":[0.8360123026979571]}
{"Time":[1615484792.2278748]}
{"IMU":[2.333796118472483, 1.768956090269776, 0.69]}
{"Kalman":[2.3991052767728465, 1.7301709117685558, 0.69]}
{"UWB":[2.75749763, 3.07491521, 0.20524873]}
{"Distance":[0.8360123026979571]}
{"Time":[1615484792.2401693]}
{"IMU":[2.333796118472483, 1.768956090269776, 0.69]}
{"Kalman":[2.3991052767728465, 1.7301709117685558, 0.69]}
{"UWB":[2.75749763, 3.07491521, 0.20524873]}
{"Distance":[0.8360123026979571]}
{"Time":[1615484792.2532272]}
{"IMU":[2.333796118472483, 1.768956090269776, 0.69]}
{"Kalman":[2.3991052767728465, 1.7301709117685558, 0.69]}
{"UWB":[2.75749763, 3.07491521, 0.20524873]}
{"Distance":[0.8360123026979571]}
{"Time":[1615484792.2660744]}
{"IMU":[2.333796118472483, 1.768956090269776, 0.69]}
{"Kalman":[2.3991052767728465, 1.7301709117685558, 0.69]}
{"UWB":[2.75749763, 3.07491521, 0.20524873]}
{"Distance":[0.8360123026979571]}
{"Time":[1615484792.2806988]}
{"IMU":[2.333796118472483, 1.768956090269776, 0.69]}
{"Kalman":[2.3991052767728465, 1.7301709117685558, 0.69]}
{"UWB":[2.75749763, 3.07491521, 0.20524873]}
{"Distance":[0.8360123026979571]}
{"Time":[1615484792.2934544]}
{"IMU":[2.333796118472483, 1.768956090269776, 0.69]}
{"Kalman":[2.3991052767728465, 1.7301709117685558, 0.69]}
{"UWB":[2.75749763, 3.07491521, 0.20524873]}
{"Distance":[0.8360123026979571]}
{"Time":[1615484792.3065805]}
{"IMU":[2.333796118472483, 1.768956090269776, 0.69]}
{"Kalman":[2.3991052767728465, 1.7301709117685558, 0.69]}
{"UWB":[2.75749763, 3.07491521, 0.20524873]}
{"Distance":[0.8360123026979571]}
{"Time":[1615484792.3210855]}
{"IMU":[2.333796118472483, 1.768956090269776, 0.69]}
{"Kalman":[2.3991052767728465, 1.7301709117685558, 0.69]}
{"UWB":[2.75749763, 3.07491521, 0.20524873]}
{"Distance":[0.8360123026979571]}
{"Time":[1615484792.3357697]}
{"IMU":[2.333796118472483, 1.768956090269776, 0.69]}
{"Kalman":[2.3991052767728465, 1.7301709117685558, 0.69]}
{"UWB":[2.75749763, 3.07491521, 0.20524873]}
{"Distance":[0.8360123026979571]}
{"Time":[1615484792.350084]}
{"IMU":[2.333796118472483, 1.768956090269776, 0.69]}
{"Kalman":[2.3991052767728465, 1.7301709117685558, 0.69]}
{"UWB":[2.75749763, 3.07491521, 0.20524873]}
{"Distance":[0.8360123026979571]}
{"Time":[1615484792.3683524]}
{"IMU":[2.333796118472483, 1.768956090269776, 0.69]}
{"Kalman":[2.3991052767728465, 1.7301709117685558, 0.69]}
{"UWB":[2.75749763, 3.07491521, 0.20524873]}
{"Distance":[0.8360123026979571]}
{"Time":[1615484792.3821187]}
{"IMU":[2.333796118472483, 1.768956090269776, 0.69]}
{"Kalman":[2.3991052767728465, 1.7301709117685558, 0.69]}
{"UWB":[2.75749763, 3.07491521, 0.20524873]}
{"Distance":[0.8360123026979571]}
{"Time":[1615484792.3962517]}
{"IMU":[2.333796118472483, 1.768956090269776, 0.69]}
{"Kalman":[2.3991052767728465, 1.7301709117685558, 0.69]}
{"UWB":[2.30236396, 1.92841206, 1.00507988]}
{"Distance":[0.8360123026979571]}
{"Time":[1615484792.4110656]}
{"IMU":[2.333796118472483, 1.768956090269776, 0.69]}
{"Kalman":[2.3991052767728465, 1.7301709117685558, 0.69]}
{"UWB":[2.30236396, 1.92841206, 1.00507988]}
{"Distance":[0.8360123026979571]}
{"Time":[1615484792.43748]}
{"IMU":[2.3449321043982763, 1.7807000911814888, 0.72]}
{"Kalman":[2.4002414767747196, 1.7975915808891898, 0.72]}
{"UWB":[2.46278156, 1.74747806, 1.20231087]}
{"Distance":[0.7627118395526822]}
{"Time":[1615484792.505614]}
{"IMU":[2.3449321043982763, 1.7807000911814888, 0.72]}
{"Kalman":[2.434559168941292, 1.7683920311286305, 0.72]}
{"UWB":[2.46278156, 1.74747806, 1.20231087]}
{"Distance":[0.7860869687800104]}
{"Time":[1615484792.5797663]}
{"IMU":[2.3449321043982763, 1.7807000911814888, 0.72]}
{"Kalman":[2.4345648979485146, 1.7683903617248224, 0.72]}
{"UWB":[2.46278156, 1.74747806, 1.20231087]}
{"Distance":[0.786088045576082]}
{"Time":[1615484792.6230593]}
{"IMU":[2.3449321043982763, 1.7807000911814888, 0.72]}
{"Kalman":[2.4345648979485146, 1.7683903617248224, 0.72]}
{"UWB":[2.46278156, 1.74747806, 1.20231087]}
{"Distance":[0.786088045576082]}
{"Time":[1615484792.646947]}
{"IMU":[2.3449321043982763, 1.7807000911814888, 0.72]}
{"Kalman":[2.4345648979485146, 1.7683903617248224, 0.72]}
{"UWB":[2.44429276, 1.77133098, 1.22341131]}
{"Distance":[0.786088045576082]}
{"Time":[1615484792.6739333]}
{"IMU":[2.3449321043982763, 1.7807000911814888, 0.72]}
{"Kalman":[2.4345648979485146, 1.7683903617248224, 0.72]}
{"UWB":[2.44429276, 1.77133098, 1.22341131]}
{"Distance":[0.786088045576082]}
{"Time":[1615484792.6976647]}
{"IMU":[2.3449321043982763, 1.7807000911814888, 0.72]}
{"Kalman":[2.4345648979485146, 1.7683903617248224, 0.72]}
{"UWB":[2.44429276, 1.77133098, 1.22341131]}
{"Distance":[0.786088045576082]}
{"Time":[1615484792.7348626]}
{"IMU":[2.3449321043982763, 1.7807000911814888, 0.72]}
{"Kalman":[2.4345648979485146, 1.7683903617248224, 0.72]}
{"UWB":[2.44429276, 1.77133098, 1.22341131]}
{"Distance":[0.786088045576082]}
{"Time":[1615484792.748888]}
{"IMU":[2.3449321043982763, 1.7807000911814888, 0.72]}
{"Kalman":[2.4345648979485146, 1.7683903617248224, 0.72]}
{"UWB":[2.44429276, 1.77133098, 1.22341131]}
{"Distance":[0.786088045576082]}
{"Time":[1615484792.7629013]}
{"IMU":[2.3449321043982763, 1.7807000911814888, 0.72]}
{"Kalman":[2.4345648979485146, 1.7683903617248224, 0.72]}
{"UWB":[2.44429276, 1.77133098, 1.22341131]}
{"Distance":[0.786088045576082]}
{"Time":[1615484792.780247]}
{"IMU":[2.3449321043982763, 1.7807000911814888, 0.72]}
{"Kalman":[2.4345648979485146, 1.7683903617248224, 0.72]}
{"UWB":[2.41807072, 1.83166566, 1.23831078]}
{"Distance":[0.786088045576082]}
{"Time":[1615484792.7970006]}
{"IMU":[2.3449321043982763, 1.7807000911814888, 0.72]}
{"Kalman":[2.4345648979485146, 1.7683903617248224, 0.72]}
{"UWB":[2.41807072, 1.83166566, 1.23831078]}
{"Distance":[0.786088045576082]}
{"Time":[1615484792.816253]}
{"IMU":[2.3449321043982763, 1.7807000911814888, 0.72]}
{"Kalman":[2.4345648979485146, 1.7683903617248224, 0.72]}
{"UWB":[2.41807072, 1.83166566, 1.23831078]}
{"Distance":[0.786088045576082]}
{"Time":[1615484792.831794]}
{"IMU":[2.3449321043982763, 1.7807000911814888, 0.72]}
{"Kalman":[2.4345648979485146, 1.7683903617248224, 0.72]}
{"UWB":[2.41807072, 1.83166566, 1.23831078]}
{"Distance":[0.786088045576082]}
{"Time":[1615484792.8486493]}
{"IMU":[2.3449321043982763, 1.7807000911814888, 0.72]}
{"Kalman":[2.4345648979485146, 1.7683903617248224, 0.72]}
{"UWB":[2.41807072, 1.83166566, 1.23831078]}
{"Distance":[0.786088045576082]}
{"Time":[1615484792.8638315]}
{"IMU":[2.3449321043982763, 1.7807000911814888, 0.72]}
