{"IMU":[0.017175793647766113, 0.002641757130622864, 0.79]}
{"Kalman":[0.08409213203067231, 0.0208249518775382, 0.7937080440207357]}
{"CMD":[20.0, 20.0, 0, 6.378004612534741]}
{"Distance":[1.3565498032049894]}
{"Time":[1615324254.9945607]}
{"IMU":[0.017175793647766113, 0.002641757130622864, 0.79]}
{"Kalman":[0.07536683418766686, 0.014581451400603282, 0.7935693271993935]}
{"CMD":[20.0, 20.0, 0, 3.113619855382984]}
{"Distance":[1.366971042091525]}
{"Time":[1615324255.0469785]}
{"IMU":[0.017175793647766113, 0.002641757130622864, 0.79]}
{"Kalman":[0.07536683418766686, 0.014581451400603282, 0.7935693271993935]}
{"CMD":[20.0, 20.0, 0, 3.113619855382984]}
{"Distance":[1.366971042091525]}
{"Time":[1615324255.0884821]}
{"IMU":[0.017175793647766113, 0.002641757130622864, 0.79]}
{"Kalman":[0.07536683418766686, 0.014581451400603282, 0.7935693271993935]}
{"CMD":[20.0, 20.0, 0, 3.113619855382984]}
{"Distance":[1.366971042091525]}
{"Time":[1615324255.1371922]}
{"IMU":[0.017175793647766113, 0.002641757130622864, 0.79]}
{"Kalman":[0.07536683418766686, 0.014581451400603282, 0.7935693271993935]}
{"CMD":[20.0, 20.0, 0, 3.113619855382984]}
{"Distance":[1.366971042091525]}
{"Time":[1615324255.193742]}
{"IMU":[0.017175793647766113, 0.002641757130622864, 0.79]}
{"Kalman":[0.07536683418766686, 0.014581451400603282, 0.7935693271993935]}
{"CMD":[20.0, 20.0, 0, 3.113619855382984]}
{"Distance":[1.366971042091525]}
{"Time":[1615324255.2519095]}
{"IMU":[0.024018158912658693, 0.0012170780450105668, 0.78]}
{"Kalman":[0.07656703881627203, 0.012190710774820143, 0.7836981676673843]}
{"CMD":[20.0, 20.0, 0, 3.2561615058511513]}
{"Distance":[1.3694094012933278]}
{"Time":[1615324255.3074188]}
{"IMU":[0.024018158912658693, 0.0012170780450105668, 0.78]}
{"Kalman":[0.14801679906279594, 0.08809101163047672, 0.7793859649320123]}
{"CMD":[20.0, 20.0, 0, 3.327549296064816]}
{"Distance":[1.2673294481772728]}
{"Time":[1615324255.3550916]}
{"IMU":[0.024018158912658693, 0.0012170780450105668, 0.78]}
{"Kalman":[0.1702333747220472, 0.11960714013692178, 0.7793732779131646]}
{"CMD":[20.0, 20.0, 0, 3.3277406559691074]}
{"Distance":[1.229748100474985]}
{"Time":[1615324255.409499]}
{"IMU":[0.024018158912658693, 0.0012170780450105668, 0.78]}
{"Kalman":[0.1702333747220472, 0.11960714013692178, 0.7793732779131646]}
{"CMD":[20.0, 20.0, 0, 3.3277406559691074]}
{"Distance":[1.229748100474985]}
{"Time":[1615324255.4662035]}
{"IMU":[0.024018158912658693, 0.0012170780450105668, 0.78]}
{"Kalman":[0.1702333747220472, 0.11960714013692178, 0.7793732779131646]}
{"CMD":[20.0, 20.0, 0, 3.3277406559691074]}
{"Distance":[1.229748100474985]}
{"Time":[1615324255.5238485]}
{"IMU":[0.024018158912658693, 0.0012170780450105668, 0.78]}
{"Kalman":[0.1702333747220472, 0.11960714013692178, 0.7793732779131646]}
{"CMD":[20.0, 20.0, 0, 3.3277406559691074]}
{"Distance":[1.229748100474985]}
{"Time":[1615324255.556945]}
{"IMU":[0.024018158912658693, 0.0012170780450105668, 0.78]}
{"Kalman":[0.1702333747220472, 0.11960714013692178, 0.7793732779131646]}
{"CMD":[20.0, 20.0, 0, 3.3277406559691074]}
{"Distance":[1.229748100474985]}
{"Time":[1615324255.619947]}
{"IMU":[0.024018158912658693, 0.0012170780450105668, 0.78]}
{"Kalman":[0.1702333747220472, 0.11960714013692178, 0.7793732779131646]}
{"CMD":[20.0, 20.0, 0, 3.3277406559691074]}
{"Distance":[1.229748100474985]}
{"Time":[1615324255.685483]}
{"IMU":[0.024018158912658693, 0.0012170780450105668, 0.78]}
{"Kalman":[0.1702333747220472, 0.11960714013692178, 0.7793732779131646]}
{"CMD":[20.0, 20.0, 0, 3.3277406559691074]}
{"Distance":[1.229748100474985]}
{"Time":[1615324255.7504258]}
{"IMU":[0.090283203125, 0.05620136260986328, 0.71]}
{"Kalman":[0.22020169170033774, 0.1632244948297187, 0.7102751899649228]}
{"CMD":[20.0, 20.0, 0, 4.136038133950731]}
{"Distance":[1.1799233505740347]}
{"Time":[1615324255.8324282]}
{"IMU":[0.090283203125, 0.05620136260986328, 0.71]}
{"Kalman":[0.3773680911686112, 0.3093851004414433, 0.6996120175645362]}
{"CMD":[18.872292997789636, 17.014535627235908, 0, 4.530789798533988]}
{"Distance":[0.9771654790151679]}
{"Time":[1615324255.8904161]}
{"IMU":[0.090283203125, 0.05620136260986328, 0.71]}
{"Kalman":[0.4967875452715736, 0.4669104503757964, 0.6990443387721026]}
{"CMD":[14.771860525345806, 13.906011135832967, 0, 4.539352168356505]}
{"Distance":[0.7924528708620253]}
{"Time":[1615324255.9365616]}
{"IMU":[0.090283203125, 0.05620136260986328, 0.71]}
{"Kalman":[0.4967875452715736, 0.4669104503757964, 0.6990443387721026]}
{"CMD":[14.567629776013334, 13.751184476098308, 0, 4.539352169307775]}
{"Distance":[0.7924528708620253]}
{"Time":[1615324255.9736905]}
{"IMU":[0.090283203125, 0.05620136260986328, 0.71]}
{"Kalman":[0.4967875452715736, 0.4669104503757964, 0.6990443387721026]}
{"CMD":[14.567629776013334, 13.751184476098308, 0, 4.539352169307775]}
{"Distance":[0.7924528708620253]}
{"Time":[1615324256.0089357]}
{"IMU":[0.090283203125, 0.05620136260986328, 0.71]}
{"Kalman":[0.4967875452715736, 0.4669104503757964, 0.6990443387721026]}
{"CMD":[14.567629776013334, 13.751184476098308, 0, 4.539352169307775]}
{"Distance":[0.7924528708620253]}
{"Time":[1615324256.0456712]}
{"IMU":[0.090283203125, 0.05620136260986328, 0.71]}
{"Kalman":[0.4967875452715736, 0.4669104503757964, 0.6990443387721026]}
{"CMD":[14.567629776013334, 13.751184476098308, 0, 4.539352169307775]}
{"Distance":[0.7924528708620253]}
{"Time":[1615324256.0845213]}
{"IMU":[0.090283203125, 0.05620136260986328, 0.71]}
{"Kalman":[0.4967875452715736, 0.4669104503757964, 0.6990443387721026]}
{"CMD":[14.567629776013334, 13.751184476098308, 0, 4.539352169307775]}
{"Distance":[0.7924528708620253]}
{"Time":[1615324256.1250641]}
{"IMU":[0.090283203125, 0.05620136260986328, 0.71]}
{"Kalman":[0.4967875452715736, 0.4669104503757964, 0.6990443387721026]}
{"CMD":[14.567629776013334, 13.751184476098308, 0, 4.539352169307775]}
{"Distance":[0.7924528708620253]}
{"Time":[1615324256.1753323]}
{"IMU":[0.090283203125, 0.05620136260986328, 0.71]}
{"Kalman":[0.4967875452715736, 0.4669104503757964, 0.6990443387721026]}
{"CMD":[14.567629776013334, 13.751184476098308, 0, 4.539352169307775]}
{"Distance":[0.7924528708620253]}
{"Time":[1615324256.2127554]}
{"IMU":[0.090283203125, 0.05620136260986328, 0.71]}
{"Kalman":[0.4967875452715736, 0.4669104503757964, 0.6990443387721026]}
{"CMD":[14.567629776013334, 13.751184476098308, 0, 4.539352169307775]}
{"Distance":[0.7924528708620253]}
{"Time":[1615324256.2629495]}
{"IMU":[0.1983419418334961, 0.15818053245544433, 0.75]}
{"Kalman":[0.6820364588806558, 0.646834586561853, 0.7373697453647491]}
{"CMD":[12.873405657727567, 11.805369923816741, 0, 3.9438007215259523]}
{"Distance":[0.5429560510574193]}
{"Time":[1615324256.3367643]}
{"IMU":[0.1983419418334961, 0.15818053245544433, 0.75]}
{"Kalman":[0.8055703942173512, 0.8408244064879029, 0.7368656202975137]}
{"CMD":[6.10146880556912, 6.428638064498942, 0, 3.968866114391991]}
{"Distance":[0.36383985894365234]}
{"Time":[1615324256.4145834]}
{"IMU":[0.1983419418334961, 0.15818053245544433, 0.75]}
{"Kalman":[0.8055703942173512, 0.8408244064879029, 0.7368656202975137]}
{"CMD":[4.349759092625327, 5.313138320821533, 0, 3.9688890132471615]}
{"Distance":[0.36383985894365234]}
{"Time":[1615324256.487026]}
{"IMU":[0.1983419418334961, 0.15818053245544433, 0.75]}
{"Kalman":[0.8055703942173512, 0.8408244064879029, 0.7368656202975137]}
{"CMD":[4.349759092625327, 5.313138320821533, 0, 3.9688890132471615]}
{"Distance":[0.36383985894365234]}
{"Time":[1615324256.5896304]}
{"IMU":[0.1983419418334961, 0.15818053245544433, 0.75]}
{"Kalman":[0.8055703942173512, 0.8408244064879029, 0.7368656202975137]}
{"CMD":[4.349759092625327, 5.313138320821533, 0, 3.9688890132471615]}
{"Distance":[0.36383985894365234]}
{"Time":[1615324256.6496706]}
{"IMU":[0.1983419418334961, 0.15818053245544433, 0.75]}
{"Kalman":[0.8055703942173512, 0.8408244064879029, 0.7368656202975137]}
{"CMD":[4.349759092625327, 5.313138320821533, 0, 3.9688890132471615]}
{"Distance":[0.36383985894365234]}
{"Time":[1615324256.7054331]}
