{"IMU":[-0.020806424617767334, -0.023408038616180418, 0.79]}
{"Kalman":[-0.015505943670386959, -0.0338665680033242, 0.79]}
{"CMD":[5, 10.0, 0, 5]}
{"Distance":[1.03754482604763]}
{"Time":[0.5]}
{"Title":['ModelBasedAgentLQR']}
{"IMU":[-0.001040816530585289, -0.016971383094787598, 0.81]}
{"Kalman":[0.03487751846210019, -0.008348948983276061, 0.81]}
{"CMD":[5, 10.0, 0, 5]}
{"Distance":[0.9836824229999229]}
{"Time":[1.1]}
{"Title":['ModelBasedAgentLQR']}
{"IMU":[0.046884560585021974, 0.01832388162612915, 0.85]}
{"Kalman":[0.12355705385542039, 0.04164140957300372, 0.85]}
{"CMD":[5, 10.0, 0, 5]}
{"Distance":[0.8901607971809459]}
{"Time":[1.7]}
{"Title":['ModelBasedAgentLQR']}
{"IMU":[0.1270729923248291, 0.07600883483886718, 0.89]}
{"Kalman":[0.2414584279113747, 0.10921997573450215, 0.89]}
{"CMD":[-5, 10.0, 0, 5]}
{"Distance":[0.7742185219213813]}
{"Time":[2.2]}
{"Title":['ModelBasedAgentLQR']}
{"IMU":[0.2352631378173828, 0.12638876914978028, 0.93]}
{"Kalman":[0.3676509424671635, 0.1252614031620804, 0.93]}
{"CMD":[-5, 9.376089468610981, 0, 5]}
{"Distance":[0.6484255930211267]}
{"Time":[2.8]}
{"Title":['ModelBasedAgentLQR']}
{"IMU":[0.397030029296875, 0.16877260208129882, 0.97]}
{"Kalman":[0.5844358765094512, 0.14626057546871024, 0.97]}
{"CMD":[-5, 7.8162642061851155, 0, 5]}
{"Distance":[0.4415718476860888]}
{"Time":[3.4]}
{"Title":['ModelBasedAgentLQR']}
{"IMU":[0.5850926208496093, 0.20482345581054687, 1.0]}
{"Kalman":[0.7760734664064772, 0.16204536261481384, 1.0]}
{"CMD":[-5, 5.136655056444356, 0, 5]}
{"Distance":[0.2764087408027785]}
{"Time":[3.9]}
{"Title":['ModelBasedAgentLQR']}
{"IMU":[0.9652999877929688, 0.2139682388305664, 1.05]}
{"Kalman":[1.137940745522893, 0.1514668595189792, 1.05]}
{"CMD":[-5, 5, 0, 0]}
{"Distance":[0.21087877751910858]}
{"Time":[4.4]}
{"Title":['ModelBasedAgentLQR']}
{"IMU":[1.12885986328125, 0.19143510818481446, 1.03]}
{"Kalman":[1.2524553438884531, 0.10955317184819428, 1.03]}
{"CMD":[-5, -5, 0, -5]}
{"Distance":[0.27683135320956176]}
{"Time":[4.9]}
{"Title":['ModelBasedAgentLQR']}
{"IMU":[1.12885986328125, 0.19143510818481446, 1.03]}
{"Kalman":[1.2501540879334256, 0.1082321672357112, 1.03]}
{"CMD":[-5, -5, 0, -5]}
{"Distance":[0.2742102655524461]}
{"Time":[5.5]}
{"Title":['ModelBasedAgentLQR']}
{"IMU":[1.3299526977539062, 0.06516478061676026, 0.98]}
{"Kalman":[1.3871329034072426, -0.04688176971446341, 0.98]}
{"CMD":[-5, -5, 0, -5]}
{"Distance":[0.390473795832808]}
{"Time":[6.0]}
{"Title":['ModelBasedAgentLQR']}
{"IMU":[1.4694766235351562, -0.07462766647338867, 0.98]}
{"Kalman":[1.57018209771325, -0.2842000275154088, 0.98]}
{"CMD":[5, -5, 0, 5]}
{"Distance":[0.6373988391834748]}
{"Time":[6.6]}
{"Title":['ModelBasedAgentLQR']}
{"IMU":[1.6186767578125, -0.21953567504882812, 1.01]}
{"Kalman":[1.6914218875536076, -0.37464692628463164, 1.01]}
{"CMD":[5, -7.047838323270044, 0, 5]}
{"Distance":[0.7864633150775158]}
{"Time":[7.2]}
{"Title":['ModelBasedAgentLQR']}
{"IMU":[1.71633056640625, -0.3152246856689453, 1.03]}
{"Kalman":[1.7655700526831564, -0.42913702354568595, 1.03]}
{"CMD":[5, -8.546444541474749, 0, 0]}
{"Distance":[0.8781549353860864]}
{"Time":[7.7]}
{"Title":['ModelBasedAgentLQR']}
{"IMU":[1.7817689514160155, -0.3984393310546875, 1.02]}
{"Kalman":[1.7959783164379477, -0.479183318407311, 1.02]}
{"CMD":[5.304425327643957, -9.462966266544766, 0, -5]}
{"Distance":[0.9292998078549419]}
{"Time":[8.3]}
{"Title":['ModelBasedAgentLQR']}
{"IMU":[1.7816409301757812, -0.5017808532714844, 0.97]}
{"Kalman":[1.768485210709955, -0.5499395245255128, 0.97]}
{"CMD":[5.923031552353627, -9.838833077331417, 0, -5]}
{"Distance":[0.9454644359865002]}
{"Time":[8.9]}
{"Title":['ModelBasedAgentLQR']}
{"IMU":[1.7332431030273439, -0.5276301956176758, 0.96]}
{"Kalman":[1.675697473807651, -0.524857912551242, 0.96]}
{"CMD":[6.797626358274465, -9.498999601407537, 0, 5]}
{"Distance":[0.8565295701128413]}
{"Time":[9.4]}
{"Title":['ModelBasedAgentLQR']}
{"IMU":[1.6552012634277344, -0.531322898864746, 1.05]}
{"Kalman":[1.5676528451194436, -0.4961060832694849, 1.05]}
{"CMD":[6.487600584419752, -8.352080098511404, 0, 5]}
{"Distance":[0.7555468208054271]}
{"Time":[10.0]}
{"Title":['ModelBasedAgentLQR']}
{"IMU":[1.5485342407226563, -0.5078098678588867, 1.03]}
{"Kalman":[1.4622184792488309, -0.46987839905904283, 1.03]}
{"CMD":[6.132208429722546, -7.01657504188792, 0, -5]}
{"Distance":[0.6597966599350068]}
{"Time":[10.5]}
{"Title":['ModelBasedAgentLQR']}
{"IMU":[1.4216360473632812, -0.4703030014038086, 0.99]}
{"Kalman":[1.3071883852434847, -0.3962530062343378, 0.99]}
{"CMD":[5.808016423957501, -5.713334608081309, 0, -5]}
{"Distance":[0.5014789616506855]}
{"Time":[11.1]}
{"Title":['ModelBasedAgentLQR']}
{"IMU":[1.3088751220703125, -0.42273387908935545, 1.01]}
{"Kalman":[1.2275907556097863, -0.3453903007834734, 1.01]}
{"CMD":[5, -5, 0, 0]}
{"Distance":[0.4137535642315745]}
{"Time":[11.6]}
{"Title":['ModelBasedAgentLQR']}
{"IMU":[1.2403564453125, -0.3689752960205078, 1.03]}
{"Kalman":[1.2043288629584403, -0.3032750950404763, 1.03]}
{"CMD":[5, -5, 0, 0]}
{"Distance":[0.3669142508948092]}
{"Time":[12.2]}
{"Title":['ModelBasedAgentLQR']}
{"IMU":[1.1917874908447266, -0.30480533599853515, 1.02]}
{"Kalman":[1.1661150733901176, -0.21100658686097182, 1.02]}
{"CMD":[5, -5, 0, -5]}
{"Distance":[0.2692916584414025]}
{"Time":[12.7]}
{"Title":['ModelBasedAgentLQR']}
{"IMU":[1.1399352264404297, -0.21799999237060547, 0.96]}
{"Kalman":[1.1210464585595545, -0.1069057646842085, 0.96]}
{"CMD":[5, -5, 0, -5]}
{"Distance":[0.16637634342816085]}
{"Time":[13.3]}
{"Title":['ModelBasedAgentLQR']}
{"IMU":[1.0040776824951172, 0.035679523944854734, 0.93]}
{"Kalman":[0.9933705391752348, 0.1871339062683155, 0.93]}
{"CMD":[5, -5, 0, 5]}
{"Distance":[0.1999076002208665]}
{"Time":[13.9]}
{"Title":['ModelBasedAgentLQR']}
{"IMU":[0.9472164916992187, 0.12653048515319823, 0.95]}
{"Kalman":[0.9153451962797658, 0.22231760102970433, 0.95]}
{"CMD":[-5, 0, 0, 5]}
{"Distance":[0.24308753880138356]}
{"Time":[14.4]}
{"Title":['ModelBasedAgentLQR']}
{"IMU":[0.8894157409667969, 0.18402042388916015, 0.97]}
{"Kalman":[0.8615369061310831, 0.24473817315512303, 0.97]}
{"CMD":[-5, 5, 0, 5]}
{"Distance":[0.2827875558843767]}
{"Time":[15.0]}
{"Title":['ModelBasedAgentLQR']}
{"IMU":[0.8573505401611328, 0.21477928161621093, 0.98]}
{"Kalman":[0.8297149073025152, 0.2709327500714633, 0.98]}
{"CMD":[-5, 5, 0, 5]}
{"Distance":[0.3206268358329929]}
{"Time":[15.6]}
{"Title":['ModelBasedAgentLQR']}
{"IMU":[0.8575848388671875, 0.2168803596496582, 1.0]}
{"Kalman":[0.8657134022734667, 0.2092621700963313, 1.0]}
{"CMD":[-5, 5, 0, 5]}
{"Distance":[0.24864341166094403]}
{"Time":[16.1]}
{"Title":['ModelBasedAgentLQR']}
{"IMU":[0.8830051422119141, 0.20039690017700196, 1.01]}
{"Kalman":[0.9093397591088767, 0.1689320303946687, 1.01]}
{"CMD":[-5, 5, 0, 0]}
{"Distance":[0.19198257778168773]}
{"Time":[16.7]}
{"Title":['ModelBasedAgentLQR']}
{"IMU":[0.9293049621582031, 0.17226720809936524, 1.02]}
{"Kalman":[0.9716165292195194, 0.1249987044417212, 1.02]}
{"CMD":[-5, 5, 0, 0]}
{"Distance":[0.1297316365643137]}
{"Time":[17.3]}
{"Title":['ModelBasedAgentLQR']}
