{"IMU":[0.001626381278038025, 0.017808291912078857, 0.75]}
{"Kalman":[-0.006917262395874131, 0.018964203939582917, 0.75]}
{"CMD":[-5, 10.0, 0, 5]}
{"Distance":[1.0376618015239183]}
{"Time":[0.5]}
{"Title":['ModelBasedAgentLQR']}
{"IMU":[0.01577160358428955, 0.0010764089971780778, 0.8]}
{"Kalman":[0.051216741757262194, -0.022455317644858194, 0.8]}
{"CMD":[-5, 10.0, 0, 5]}
{"Distance":[0.9698937634670289]}
{"Time":[1.1]}
{"Title":['ModelBasedAgentLQR']}
{"IMU":[0.06513740062713623, -0.03211978912353516, 0.83]}
{"Kalman":[0.13799435407356536, -0.075367136640506, 0.83]}
{"CMD":[5, 10.0, 0, 5]}
{"Distance":[0.8818355509359093]}
{"Time":[1.7]}
{"Title":['ModelBasedAgentLQR']}
{"IMU":[0.15111605644226075, -0.05411745071411133, 0.86]}
{"Kalman":[0.23854629988025833, -0.05330349131418738, 0.86]}
{"CMD":[5, 10.0, 0, 5]}
{"Distance":[0.7760496115663786]}
{"Time":[2.3]}
{"Title":['ModelBasedAgentLQR']}
{"IMU":[0.2498420524597168, -0.03721059799194336, 0.9]}
{"Kalman":[0.3701247396301585, -0.014688201739462354, 0.9]}
{"CMD":[5, 9.412085350667406, 0, 5]}
{"Distance":[0.6379330583190642]}
{"Time":[2.8]}
{"Title":['ModelBasedAgentLQR']}
{"IMU":[0.5733998489379882, 0.029475066661834717, 0.99]}
{"Kalman":[0.7352501440030004, 0.06360510888210096, 0.99]}
{"CMD":[5, 7.785686391625034, 0, 5]}
{"Distance":[0.27246668810395147]}
{"Time":[3.4]}
{"Title":['ModelBasedAgentLQR']}
{"IMU":[0.748293228149414, 0.046067113876342776, 1.02]}
{"Kalman":[0.9156364832826509, 0.054605680284278924, 1.02]}
{"CMD":[-5, 5, 0, 0]}
{"Distance":[0.10246454641595468]}
{"Time":[3.9]}
{"Title":['ModelBasedAgentLQR']}
{"IMU":[-0.005094267129898071, 0.003701320588588715, 0.81]}
{"Kalman":[0.006366996952944643, 0.0030301508381776632, 0.81]}
{"CMD":[0, 10.0, 0, 5]}
{"Distance":[1.011640117115969]}
{"Time":[0.5]}
{"Title":['ModelBasedAgentLQR']}
