{"IMU":[0.009235049486160279, 0.0024963141977787017, 0.73]}
{"Kalman":[-0.009992127967987603, -0.011555811119015536, 0.7308614243760451]}
{"CMD":[0.09445328865509595, 17.122965452433625, 0, 5.250316856295542]}
{"Distance":[2.02796387151073]}
{"Time":[1615214124.5854928]}
{"IMU":[0.018437525033950807, -0.014026167392730713, 0.74]}
{"Kalman":[0.021420109621344094, -0.026849315699789045, 0.7103652810760077]}
{"CMD":[0.204146616148397, 17.056545827374098, 0, 5.155916961960092]}
{"Distance":[1.9998468788311121]}
{"Time":[1615214124.9311388]}
{"IMU":[0.034502613544464114, 0.0030369216203689573, 0.77]}
{"Kalman":[0.07106242395117343, -0.016827617328956036, 0.7405648102653011]}
{"CMD":[0.22875559819549476, 16.8574585461298, 0, 5.65349887528569]}
{"Distance":[1.946378678127864]}
{"Time":[1615214125.2665772]}
{"IMU":[0.055407395362854, 0.057489848136901854, 0.81]}
{"Kalman":[0.09067730003206943, 0.030812330866289258, 0.7705671500325355]}
{"CMD":[0.14341837396737503, 16.434383010153635, 0, 5.063981916228416]}
{"Distance":[1.923304969314652]}
{"Time":[1615214125.6309745]}
{"IMU":[0.055407395362854, 0.057489848136901854, 0.81]}
{"Kalman":[0.13245397701322098, 0.038594013398408844, 0.7775698224425276]}
{"CMD":[-0.32312712748564315, 15.955173808391368, 0, 4.324669135689753]}
{"Distance":[1.8811413635695167]}
{"Time":[1615214125.9856694]}
{"IMU":[0.07702031135559081, 0.16463638305664063, 0.84]}
{"Kalman":[0.23044861372669168, 0.14680412118714375, 0.8144707289525979]}
{"CMD":[-0.32882017256727775, 15.911452359633675, 0, 4.341705867730484]}
{"Distance":[1.7852968013959745]}
{"Time":[1615214126.3283246]}
{"IMU":[0.10054310798645019, 0.355323486328125, 0.86]}
{"Kalman":[0.29013125378582, 0.33153649656646594, 0.833235831887289]}
{"CMD":[-1.2507679873566695, 15.076540140939166, 0, 3.621421938280535]}
{"Distance":[1.7496793607978414]}
{"Time":[1615214126.6540818]}
{"IMU":[0.10054310798645019, 0.355323486328125, 0.86]}
{"Kalman":[0.3269537270583163, 0.3405184083584626, 0.8494010055516563]}
{"CMD":[-2.896496864053253, 14.273639041645122, 0, 2.977000722560112]}
{"Distance":[1.7139768595182059]}
{"Time":[1615214127.0278752]}
{"IMU":[0.14822278976440428, 0.6521734619140624, 0.91]}
{"Kalman":[0.5121098805076103, 0.6220424874604471, 0.9006021519779583]}
{"CMD":[-2.901246992866643, 14.254165293146745, 0, 2.9393067393197683]}
{"Distance":[1.615745585196033]}
{"Time":[1615214127.4011006]}
{"IMU":[0.22969654083251953, 1.3319808959960937, 0.94]}
{"Kalman":[0.3467946761732586, 1.3188621021531977, 0.9423738139134313]}
{"CMD":[-8.456573907933798, 12.011977547270918, 0, 1.6223155230202457]}
{"Distance":[2.1156100454828426]}
{"Time":[1615214128.4224942]}
{"IMU":[0.24756973266601562, 1.3629550170898437, 0.94]}
{"Kalman":[0.2693773896057057, 1.3397233920330525, 0.9401546957146718]}
{"CMD":[-11.236677034483709, 14.085274165662783, 0, 1.12482916218658]}
{"Distance":[2.189405135467968]}
{"Time":[1615214128.7514513]}
{"IMU":[0.24756973266601562, 1.3629550170898437, 0.94]}
{"Kalman":[0.2692384474490743, 1.3396964689849495, 0.9401415001590996]}
{"CMD":[-11.414185396369417, 14.74605158338024, 0, 1.1684026099634375]}
{"Distance":[2.189498851518867]}
{"Time":[1615214129.0835273]}
{"IMU":[0.28439218521118165, 1.391282958984375, 0.95]}
{"Kalman":[0.3266388052149618, 1.3408348627501274, 0.9498061728002476]}
{"CMD":[-11.595133589185386, 14.471886155942562, 0, 1.0708806835891567]}
{"Distance":[2.1448765087220107]}
{"Time":[1615214129.4501958]}
{"IMU":[0.3639212417602539, 1.4564280700683594, 0.95]}
{"Kalman":[0.4658848129263007, 1.3523341428152322, 0.9526394243589518]}
{"CMD":[-11.42388448701467, 14.257001757150437, 0, 0.979753900617672]}
{"Distance":[2.045619726429874]}
{"Time":[1615214129.7994988]}
{"IMU":[0.49705413818359373, 1.5959199523925782, 0.95]}
{"Kalman":[0.582402683739246, 1.4569089218838962, 0.9526442758477631]}
{"CMD":[-11.521858108373342, 13.070628735710935, 0, 0.9244505013565533]}
{"Distance":[2.0333244508303565]}
{"Time":[1615214130.1294975]}
{"IMU":[0.73404296875, 1.5959199523925782, 0.95]}
{"Kalman":[0.8073127733623116, 1.4408129615575715, 0.9543804202642889]}
{"CMD":[-12.37496265215197, 11.271276593478657, 0, 0.90740520377277]}
{"Distance":[1.870969255982648]}
{"Time":[1615214130.6067379]}
{"IMU":[0.73404296875, 1.8542167663574218, 0.96]}
{"Kalman":[1.0755755745913271, 1.5454804507538422, 0.961437473685299]}
{"CMD":[-14.201293692174822, 9.278296117131129, 0, 0.7440717111089958]}
{"Distance":[1.801265502470479]}
{"Time":[1615214130.9514575]}
{"IMU":[1.0736203002929687, 2.18643310546875, 1.02]}
{"Kalman":[1.4335844961999642, 1.826312913335253, 1.0242261849175809]}
{"CMD":[-13.167460540322665, 7.87607642538722, 0, 0.7527177679466993]}
{"Distance":[1.9122845730685085]}
{"Time":[1615214131.2946224]}
{"IMU":[1.4481356811523438, 2.5056605529785156, 0.98]}
{"Kalman":[1.7847038638349586, 2.105593320225579, 0.994233258761872]}
{"CMD":[-15.560147143170767, 4.825848034555225, 0, -0.4728808400209413]}
{"Distance":[2.1165795311612277]}
{"Time":[1615214131.642774]}
{"IMU":[1.4481356811523438, 2.5056605529785156, 0.98]}
{"Kalman":[1.859569278488335, 2.236068969252724, 0.6688843709590635]}
{"CMD":[-18.847719449244337, 1.2574998435342548, 0, 3.379414783843273]}
{"Distance":[2.264809657033986]}
{"Time":[1615214132.0458167]}
{"IMU":[1.4481356811523438, 2.5056605529785156, 0.98]}
{"Kalman":[1.8595694834447016, 2.2360696527661768, 0.6688798508443099]}
{"CMD":[-19.051263122601338, 1.1964658264787562, 0, 6.463228829659047]}
{"Distance":[2.2648109800110747]}
{"Time":[1615214132.394103]}
{"IMU":[1.4481356811523438, 2.5056605529785156, 0.98]}
{"Kalman":[1.8595694936925202, 2.2360696869418497, 0.6688796248385722]}
{"CMD":[-19.05126584024404, 1.1964650115742803, 0, 6.4632700036468425]}
{"Distance":[2.2648110461601516]}
{"Time":[1615214132.739963]}
{"IMU":[1.4481356811523438, 2.5056605529785156, 0.98]}
{"Kalman":[1.85956949540049, 2.2360696926377948, 0.6688795871709493]}
{"CMD":[-19.051266131420043, 1.1964649242630843, 0, 6.463274415145535]}
{"Distance":[2.2648110571849998]}
{"Time":[1615214133.1085734]}
{"IMU":[1.4481356811523438, 2.5056605529785156, 0.98]}
{"Kalman":[1.8595694962544749, 2.2360696954857673, 0.6688795683371378]}
{"CMD":[-19.05126620421404, 1.1964649024352851, 0, 6.463275518020209]}
{"Distance":[2.264811062697424]}
{"Time":[1615214133.484986]}
{"IMU":[1.4481356811523438, 2.5056605529785156, 0.98]}
{"Kalman":[1.859569496681467, 2.2360696969097535, 0.6688795589202321]}
{"CMD":[-19.05126620421404, 1.1964649024352851, 0, 6.463275518020209]}
{"Distance":[2.2648110654536358]}
{"Time":[1615214133.8546326]}
{"IMU":[1.4481356811523438, 2.5056605529785156, 0.98]}
{"Kalman":[1.859569496681467, 2.2360696969097535, 0.6688795589202321]}
{"CMD":[-19.051266216346374, 1.1964648987973205, 0, 6.463275701832654]}
{"Distance":[2.2648110654536358]}
{"Time":[1615214134.2063475]}
{"IMU":[1.4481356811523438, 2.5056605529785156, 0.98]}
{"Kalman":[1.859569496681467, 2.2360696969097535, 0.6688795589202321]}
{"CMD":[-19.051266216346374, 1.1964648987973205, 0, 6.463275701832654]}
{"Distance":[2.2648110654536358]}
{"Time":[1615214134.5744693]}
{"IMU":[1.4481356811523438, 2.5056605529785156, 0.98]}
{"Kalman":[1.859569496681467, 2.2360696969097535, 0.6688795589202321]}
{"CMD":[-19.051266216346374, 1.1964648987973205, 0, 6.463275701832654]}
{"Distance":[2.2648110654536358]}
{"Time":[1615214134.9107816]}
{"IMU":[1.4481356811523438, 2.5056605529785156, 0.98]}
{"Kalman":[1.859569497108251, 2.2360696983330453, 0.6688795495079245]}
{"CMD":[-19.051266216346374, 1.1964648987973205, 0, 6.463275701832654]}
{"Distance":[2.2648110682085028]}
{"Time":[1615214135.2803378]}
{"IMU":[1.4481356811523438, 2.5056605529785156, 0.98]}
{"Kalman":[1.8595694971084336, 2.2360696983336537, 0.6688795495039012]}
{"CMD":[-19.051266228477974, 1.1964648951595753, 0, 6.463275885633879]}
{"Distance":[2.2648110682096805]}
{"Time":[1615214135.6901872]}
{"IMU":[1.4481356811523438, 2.5056605529785156, 0.98]}
