{"IMU":[0.03587272405624389, -0.012033283710479736, 0.83]}
{"Kalman":[0.04402152713121527, -0.010238086849980326, 0.8405156469943736]}
{"CMD":[-0.057979166239578155, 20.0, 0, 5.346567959002334]}
{"Distance":[0.969244508813181]}
{"Time":[1615322029.962799]}
{"IMU":[0.03587272405624389, -0.012033283710479736, 0.83]}
{"Kalman":[0.03303260236143938, -0.032310494913109014, 0.839831707010169]}
{"CMD":[0.8829423276178283, 20.0, 0, 2.415838550008698]}
{"Distance":[0.9806751746917511]}
{"Time":[1615322030.0151613]}
{"IMU":[0.03587272405624389, -0.012033283710479736, 0.83]}
{"Kalman":[0.03303260236143938, -0.032310494913109014, 0.839831707010169]}
{"CMD":[0.8829423276178283, 20.0, 0, 2.415838550008698]}
{"Distance":[0.9806751746917511]}
{"Time":[1615322030.0628715]}
{"IMU":[0.03587272405624389, -0.012033283710479736, 0.83]}
{"Kalman":[0.03303260236143938, -0.032310494913109014, 0.839831707010169]}
{"CMD":[0.8829423276178283, 20.0, 0, 2.415838550008698]}
{"Distance":[0.9806751746917511]}
{"Time":[1615322030.1679187]}
{"IMU":[0.03587272405624389, -0.012033283710479736, 0.83]}
{"Kalman":[0.03303260236143938, -0.032310494913109014, 0.839831707010169]}
{"CMD":[0.8829423276178283, 20.0, 0, 2.415838550008698]}
{"Distance":[0.9806751746917511]}
{"Time":[1615322030.2161505]}
{"IMU":[0.03587272405624389, -0.012033283710479736, 0.83]}
{"Kalman":[0.03303260236143938, -0.032310494913109014, 0.839831707010169]}
{"CMD":[0.8829423276178283, 20.0, 0, 2.415838550008698]}
{"Distance":[0.9806751746917511]}
{"Time":[1615322030.2662284]}
{"IMU":[0.026678266525268553, -0.01493945598602295, 0.8]}
{"Kalman":[0.02411506516571251, -0.03505592884465397, 0.8102182431359715]}
{"CMD":[0.9529842977079077, 20.0, 0, 2.8434632798758335]}
{"Distance":[0.9947851222359934]}
{"Time":[1615322030.3190856]}
{"IMU":[0.026678266525268553, -0.01493945598602295, 0.8]}
{"Kalman":[0.04129428157956738, -0.012554876714998355, 0.8028419502809869]}
{"CMD":[0.36299981110533786, 20.0, 0, 2.9727134582723758]}
{"Distance":[0.9788491078968052]}
{"Time":[1615322030.373532]}
{"IMU":[0.026678266525268553, -0.01493945598602295, 0.8]}
{"Kalman":[0.04155844611767721, -0.011848870244111676, 0.8028207236988992]}
{"CMD":[0.32379166896428446, 20.0, 0, 2.974079875979318]}
{"Distance":[0.978585854658164]}
{"Time":[1615322030.4385386]}
{"IMU":[0.026678266525268553, -0.01493945598602295, 0.8]}
{"Kalman":[0.04155844611767721, -0.011848870244111676, 0.8028207236988992]}
{"CMD":[0.32379166896428446, 20.0, 0, 2.974079875979318]}
{"Distance":[0.978585854658164]}
{"Time":[1615322030.4736536]}
{"IMU":[0.026678266525268553, -0.01493945598602295, 0.8]}
{"Kalman":[0.04155844611767721, -0.011848870244111676, 0.8028207236988992]}
{"CMD":[0.32379166896428446, 20.0, 0, 2.974079875979318]}
{"Distance":[0.978585854658164]}
{"Time":[1615322030.5107489]}
{"IMU":[0.026678266525268553, -0.01493945598602295, 0.8]}
{"Kalman":[0.04155844611767721, -0.011848870244111676, 0.8028207236988992]}
{"CMD":[0.32379166896428446, 20.0, 0, 2.974079875979318]}
{"Distance":[0.978585854658164]}
{"Time":[1615322030.541434]}
{"IMU":[0.026678266525268553, -0.01493945598602295, 0.8]}
{"Kalman":[0.04155844611767721, -0.011848870244111676, 0.8028207236988992]}
{"CMD":[0.32379166896428446, 20.0, 0, 2.974079875979318]}
{"Distance":[0.978585854658164]}
{"Time":[1615322030.5766032]}
{"IMU":[0.026678266525268553, -0.01493945598602295, 0.8]}
{"Kalman":[0.04155844611767721, -0.011848870244111676, 0.8028207236988992]}
{"CMD":[0.32379166896428446, 20.0, 0, 2.974079875979318]}
{"Distance":[0.978585854658164]}
{"Time":[1615322030.6158466]}
{"IMU":[0.026678266525268553, -0.01493945598602295, 0.8]}
{"Kalman":[0.04155844611767721, -0.011848870244111676, 0.8028207236988992]}
{"CMD":[0.32379166896428446, 20.0, 0, 2.974079875979318]}
{"Distance":[0.978585854658164]}
{"Time":[1615322030.6558464]}
{"IMU":[0.026678266525268553, -0.01493945598602295, 0.8]}
{"Kalman":[0.04155844611767721, -0.011848870244111676, 0.8028207236988992]}
{"CMD":[0.32379166896428446, 20.0, 0, 2.974079875979318]}
{"Distance":[0.978585854658164]}
{"Time":[1615322030.6982207]}
{"IMU":[0.026678266525268553, -0.01493945598602295, 0.8]}
{"Kalman":[0.04155844611767721, -0.011848870244111676, 0.8028207236988992]}
{"CMD":[0.32379166896428446, 20.0, 0, 2.974079875979318]}
{"Distance":[0.978585854658164]}
{"Time":[1615322030.7370362]}
{"IMU":[0.026678266525268553, -0.01493945598602295, 0.8]}
{"Kalman":[0.04155844611767721, -0.011848870244111676, 0.8028207236988992]}
{"CMD":[0.32379166896428446, 20.0, 0, 2.974079875979318]}
{"Distance":[0.978585854658164]}
{"Time":[1615322030.7697697]}
{"IMU":[0.026678266525268553, -0.01493945598602295, 0.8]}
{"Kalman":[0.04155844611767721, -0.011848870244111676, 0.8028207236988992]}
{"CMD":[0.32379166896428446, 20.0, 0, 2.974079875979318]}
{"Distance":[0.978585854658164]}
{"Time":[1615322030.8072395]}
{"IMU":[0.06187761783599854, -0.005663264989852906, 0.8]}
{"Kalman":[0.0991403808415417, -0.002551038583227879, 0.802820708656913]}
{"CMD":[0.06992858279747899, 20.0, 0, 2.9740801028594657]}
{"Distance":[0.9221899121996172]}
{"Time":[1615322030.8833213]}
{"IMU":[0.06187761783599854, -0.005663264989852906, 0.8]}
{"Kalman":[0.12081941690985265, 0.0080741879733556, 0.7994114581785785]}
{"CMD":[-0.2206416937280052, 20.0, 0, 3.0255022575097823]}
{"Distance":[0.9018089893675959]}
{"Time":[1615322030.9479086]}
{"IMU":[0.06187761783599854, -0.005663264989852906, 0.8]}
{"Kalman":[0.12151839918731977, 0.008416769859087176, 0.7994011289794783]}
{"CMD":[-0.2299713457801758, 20.0, 0, 3.0256580527184704]}
{"Distance":[0.9011329935342386]}
{"Time":[1615322030.9936516]}
{"IMU":[0.06187761783599854, -0.005663264989852906, 0.8]}
{"Kalman":[0.12151839918731977, 0.008416769859087176, 0.7994011289794783]}
{"CMD":[-0.2300033592921195, 20.0, 0, 3.025658054121653]}
{"Distance":[0.9011329935342386]}
{"Time":[1615322031.055286]}
{"IMU":[0.06187761783599854, -0.005663264989852906, 0.8]}
{"Kalman":[0.12151839918731977, 0.008416769859087176, 0.7994011289794783]}
{"CMD":[-0.2300033592921195, 20.0, 0, 3.025658054121653]}
{"Distance":[0.9011329935342386]}
{"Time":[1615322031.1139219]}
{"IMU":[0.06187761783599854, -0.005663264989852906, 0.8]}
{"Kalman":[0.12151839918731977, 0.008416769859087176, 0.7994011289794783]}
{"CMD":[-0.2300033592921195, 20.0, 0, 3.025658054121653]}
{"Distance":[0.9011329935342386]}
{"Time":[1615322031.165989]}
{"IMU":[0.06187761783599854, -0.005663264989852906, 0.8]}
{"Kalman":[0.12151839918731977, 0.008416769859087176, 0.7994011289794783]}
{"CMD":[-0.2300033592921195, 20.0, 0, 3.025658054121653]}
{"Distance":[0.9011329935342386]}
{"Time":[1615322031.218322]}
{"IMU":[0.06187761783599854, -0.005663264989852906, 0.8]}
{"Kalman":[0.12151839918731977, 0.008416769859087176, 0.7994011289794783]}
{"CMD":[-0.2300033592921195, 20.0, 0, 3.025658054121653]}
{"Distance":[0.9011329935342386]}
{"Time":[1615322031.2857192]}
{"IMU":[0.14827696800231935, 0.006703473329544067, 0.81]}
{"Kalman":[0.2522500089914288, 0.02010872581950966, 0.8061868426567119]}
{"CMD":[-0.5533216180791585, 20.0, 0, 2.8749336030280688]}
{"Distance":[0.7727211333118673]}
{"Time":[1615322031.3707771]}
{"IMU":[0.14827696800231935, 0.006703473329544067, 0.81]}
{"Kalman":[0.2529732179024278, 0.020099710615461116, 0.8061771324862509]}
{"CMD":[-0.5492607068689543, 20.0, 0, 2.9234547392140353]}
{"Distance":[0.772023520049183]}
{"Time":[1615322031.4367325]}
{"IMU":[0.14827696800231935, 0.006703473329544067, 0.81]}
{"Kalman":[0.2529732179024278, 0.020099710615461116, 0.8061771324862509]}
{"CMD":[-0.5492607068689543, 20.0, 0, 2.9234547392140353]}
{"Distance":[0.772023520049183]}
{"Time":[1615322031.5214775]}
{"IMU":[0.14827696800231935, 0.006703473329544067, 0.81]}
{"Kalman":[0.2529732179024278, 0.020099710615461116, 0.8061771324862509]}
{"CMD":[-0.5492607068689543, 20.0, 0, 2.9234547392140353]}
{"Distance":[0.772023520049183]}
{"Time":[1615322031.5701573]}
{"IMU":[0.14827696800231935, 0.006703473329544067, 0.81]}
