{"IMU":[-0.002459500730037689, 0.006652584075927734, 0.76]}
{"Kalman":[-0.027236714140253526, 0.015777742472238704, 0.76]}
{"CMD":[-5, 10.0, 0, 5]}
{"Distance":[1.0550185799478533]}
{"Time":[0.6]}
{"Title":['ModelBasedAgentLQR']}
{"IMU":[-0.006166672706604004, -0.004292365610599518, 0.8]}
{"Kalman":[0.011450480914090896, -0.02569434140911265, 0.8]}
{"CMD":[-5, 10.0, 0, 5]}
{"Distance":[1.0089055212780977]}
{"Time":[1.2]}
{"Title":['ModelBasedAgentLQR']}
{"IMU":[0.01665631890296936, -0.029976420402526856, 0.83]}
{"Kalman":[0.060809241405699814, -0.06993472738520923, 0.83]}
{"CMD":[5, 10.0, 0, 5]}
{"Distance":[0.9570110485900258]}
{"Time":[1.7]}
{"Title":['ModelBasedAgentLQR']}
{"IMU":[0.07578302383422851, -0.05279299736022949, 0.87]}
{"Kalman":[0.15316870176761405, -0.06352498027784084, 0.87]}
{"CMD":[5, 10.0, 0, 5]}
{"Distance":[0.8591034109961666]}
{"Time":[2.2]}
{"Title":['ModelBasedAgentLQR']}
{"IMU":[0.16218147277832032, -0.04423887729644775, 0.88]}
{"Kalman":[0.25382244381692665, -0.02506791056107084, 0.88]}
{"CMD":[5, 10.0, 0, 5]}
{"Distance":[0.7561807624445636]}
{"Time":[2.8]}
{"Title":['ModelBasedAgentLQR']}
{"IMU":[0.47725017547607423, 0.0496376895904541, 0.94]}
{"Kalman":[0.6517824226720789, 0.10152394380680962, 0.94]}
{"CMD":[5, 9.223261827269472, 0, 5]}
{"Distance":[0.3676446549675583]}
{"Time":[3.3]}
{"Title":['ModelBasedAgentLQR']}
{"IMU":[0.6620367431640625, 0.06923467636108399, 1.05]}
{"Kalman":[0.8615741429303507, 0.10054437853825729, 1.05]}
{"CMD":[-5, 5, 0, 5]}
{"Distance":[0.17824390581759408]}
{"Time":[3.9]}
{"Title":['ModelBasedAgentLQR']}
{"IMU":[0.8262098693847656, 0.05493479251861572, 1.04]}
{"Kalman":[0.986541106140328, 0.03296389752127704, 1.04]}
{"CMD":[-5, 5, 0, -5]}
{"Distance":[0.05355147396402059]}
{"Time":[4.4]}
{"Title":['ModelBasedAgentLQR']}
{"IMU":[0.007677341103553772, 0.003474159836769104, 0.82]}
{"Kalman":[0.02187844265308454, -0.0070758676969785855, 0.82]}
{"CMD":[-5, 10.0, 0, 5]}
{"Distance":[0.9945711884276662]}
{"Time":[0.6]}
{"Title":['ModelBasedAgentLQR']}
