{"IMU":[0.011673380136489869, -0.002304517477750778, 0.82]}
{"Kalman":[0.011832929778954528, -0.004579178249404949, 0.82]}
{"CMD":[0, 7.090702348204329, 0, 5]}
{"Distance":[1.0044377171047911]}
{"Time":[0.5]}
{"Title":['ModelBasedPID']}
{"IMU":[0.02792732000350952, 0.016125125885009764, 0.84]}
{"Kalman":[0.0375833576030784, 0.017642744368266107, 0.84]}
{"CMD":[0, 7.114066866510913, 0, 5]}
{"Distance":[0.9757853554913641]}
{"Time":[1.0]}
{"Title":['ModelBasedPID']}
{"IMU":[0.07362853050231934, 0.013410447835922242, 0.87]}
{"Kalman":[0.16100489948830554, -0.024280049343366458, 0.87]}
{"CMD":[-5, 6.933799461613031, 0, 5]}
{"Distance":[0.8493540483677844]}
{"Time":[1.6]}
{"Title":['ModelBasedPID']}
{"IMU":[0.1405486297607422, -0.01773499369621277, 0.9]}
{"Kalman":[0.266066128841575, -0.05234942053093392, 0.9]}
{"CMD":[5, 6.069804257190943, 0, 5]}
{"Distance":[0.7425627172593008]}
{"Time":[2.2]}
{"Title":['ModelBasedPID']}
{"IMU":[0.36310688018798826, 0.019739266633987427, 0.92]}
{"Kalman":[0.6094355972395114, -0.049186785416470646, 0.92]}
{"CMD":[5, 5.334388542328614, 0, 5]}
{"Distance":[0.40169626904324507]}
{"Time":[2.7]}
{"Title":['ModelBasedPID']}
{"IMU":[0.6305580902099609, 0.04059596061706543, 0.95]}
{"Kalman":[0.9031339083138126, -0.022349944688412116, 0.95]}
{"CMD":[5, 5, 0, 5]}
{"Distance":[0.11127695065076125]}
{"Time":[3.2]}
{"Title":['ModelBasedPID']}
{"IMU":[0.908851318359375, 0.08719425201416016, 0.97]}
{"Kalman":[1.2030265739113915, 0.045515260627187616, 0.97]}
{"CMD":[5, 5, 0, 5]}
{"Distance":[0.21021757458442553]}
{"Time":[3.7]}
{"Title":['ModelBasedPID']}
{"IMU":[1.223054428100586, 0.16217254638671874, 0.97]}
{"Kalman":[1.5333855677401007, 0.12176691021116434, 0.97]}
{"CMD":[-5, -5, 0, 5]}
{"Distance":[0.5479300542001719]}
{"Time":[4.2]}
{"Title":['ModelBasedPID']}
{"IMU":[1.5037057495117188, 0.19899242401123046, 1.02]}
{"Kalman":[1.736136855823061, 0.12331178430856468, 1.02]}
{"CMD":[-5, -5, 0, 5]}
{"Distance":[0.7466614136611213]}
{"Time":[4.8]}
{"Title":['ModelBasedPID']}
{"IMU":[1.5037057495117188, 0.19899242401123046, 1.02]}
{"Kalman":[1.7338566003134326, 0.12103075781443469, 1.02]}
{"CMD":[-5, -5, 0, -5]}
{"Distance":[0.7440389466692758]}
{"Time":[5.4]}
{"Title":['ModelBasedPID']}
{"IMU":[1.5037057495117188, 0.19899242401123046, 1.02]}
{"Kalman":[1.7338565986824652, 0.12103075618291585, 1.02]}
{"CMD":[-5, -5, 0, -5]}
{"Distance":[0.7440389447952339]}
{"Time":[5.9]}
{"Title":['ModelBasedPID']}
{"IMU":[1.5037057495117188, 0.19899242401123046, 1.02]}
{"Kalman":[1.7338565986824652, 0.12103075618291585, 1.02]}
{"CMD":[-5, -5, 0, -5]}
{"Distance":[0.7440389447952339]}
{"Time":[6.5]}
{"Title":['ModelBasedPID']}
{"IMU":[1.5037057495117188, 0.19899242401123046, 1.02]}
{"Kalman":[1.7338565984106373, 0.12103075591099603, 1.02]}
{"CMD":[-5, -5, 0, -5]}
{"Distance":[0.7440389444828936]}
{"Time":[7.0]}
{"Title":['ModelBasedPID']}
{"IMU":[1.5037057495117188, 0.19899242401123046, 1.02]}
{"Kalman":[1.7338565984106373, 0.12103075591099603, 1.02]}
{"CMD":[-5, -5, 0, -5]}
{"Distance":[0.7440389444828936]}
{"Time":[7.5]}
{"Title":['ModelBasedPID']}
{"IMU":[1.5037057495117188, 0.19899242401123046, 1.02]}
{"Kalman":[1.7338565984106373, 0.12103075591099603, 1.02]}
{"CMD":[-5, -5, 0, -5]}
{"Distance":[0.7440389444828936]}
{"Time":[8.0]}
{"Title":['ModelBasedPID']}
{"IMU":[1.5037057495117188, 0.19899242401123046, 1.02]}
{"Kalman":[1.7338565984106373, 0.12103075591099603, 1.02]}
{"CMD":[-5, -5, 0, -5]}
{"Distance":[0.7440389444828936]}
{"Time":[8.5]}
{"Title":['ModelBasedPID']}
{"IMU":[1.5037057495117188, 0.19899242401123046, 1.02]}
{"Kalman":[1.7338565984106373, 0.12103075591099603, 1.02]}
{"CMD":[-5, -5, 0, -5]}
{"Distance":[0.7440389444828936]}
{"Time":[9.0]}
{"Title":['ModelBasedPID']}
{"IMU":[1.5037057495117188, 0.19899242401123046, 1.02]}
{"Kalman":[1.7338565984106373, 0.12103075591099603, 1.02]}
{"CMD":[-5, -5, 0, -5]}
{"Distance":[0.7440389444828936]}
{"Time":[9.5]}
{"Title":['ModelBasedPID']}
{"IMU":[1.5037057495117188, 0.19899242401123046, 1.02]}
{"Kalman":[1.7338565981388259, 0.12103075563909281, 1.02]}
{"CMD":[-5, -5, 0, -5]}
{"Distance":[0.7440389441705723]}
{"Time":[10.0]}
{"Title":['ModelBasedPID']}
{"IMU":[1.5037057495117188, 0.19899242401123046, 1.02]}
{"Kalman":[1.7338565981388259, 0.12103075563909281, 1.02]}
{"CMD":[-5, -5, 0, -5]}
{"Distance":[0.7440389441705723]}
{"Time":[10.6]}
{"Title":['ModelBasedPID']}
{"IMU":[1.5037057495117188, 0.19899242401123046, 1.02]}
{"Kalman":[1.7338565981388259, 0.12103075563909281, 1.02]}
{"CMD":[-5, -5, 0, -5]}
{"Distance":[0.7440389441705723]}
{"Time":[11.1]}
{"Title":['ModelBasedPID']}
{"IMU":[1.5037057495117188, 0.19899242401123046, 1.02]}
{"Kalman":[1.7338565981388259, 0.12103075563909281, 1.02]}
{"CMD":[-5, -5, 0, -5]}
{"Distance":[0.7440389441705723]}
{"Time":[11.6]}
{"Title":['ModelBasedPID']}
{"IMU":[1.5037057495117188, 0.19899242401123046, 1.02]}
{"Kalman":[1.7338565981388259, 0.12103075563909281, 1.02]}
{"CMD":[-5, -5, 0, -5]}
{"Distance":[0.7440389441705723]}
{"Time":[12.1]}
{"Title":['ModelBasedPID']}
{"IMU":[1.5037057495117188, 0.19899242401123046, 1.02]}
{"Kalman":[1.7338565981388259, 0.12103075563909281, 1.02]}
{"CMD":[-5, -5, 0, -5]}
{"Distance":[0.7440389441705723]}
{"Time":[12.6]}
{"Title":['ModelBasedPID']}
{"IMU":[1.5037057495117188, 0.19899242401123046, 1.02]}
{"Kalman":[1.7338565981388259, 0.12103075563909281, 1.02]}
{"CMD":[-5, -5, 0, -5]}
{"Distance":[0.7440389441705723]}
{"Time":[13.1]}
{"Title":['ModelBasedPID']}
{"IMU":[1.5037057495117188, 0.19899242401123046, 1.02]}
{"Kalman":[1.7338565981388259, 0.12103075563909281, 1.02]}
{"CMD":[-5, -5, 0, -5]}
{"Distance":[0.7440389441705723]}
{"Time":[13.6]}
{"Title":['ModelBasedPID']}
{"IMU":[1.5037057495117188, 0.19899242401123046, 1.02]}
{"Kalman":[1.7338565981388259, 0.12103075563909281, 1.02]}
{"CMD":[-5, -5, 0, -5]}
{"Distance":[0.7440389441705723]}
{"Time":[14.1]}
{"Title":['ModelBasedPID']}
{"IMU":[1.5037057495117188, 0.19899242401123046, 1.02]}
{"Kalman":[1.7338565981388259, 0.12103075563909281, 1.02]}
{"CMD":[-5, -5, 0, -5]}
{"Distance":[0.7440389441705723]}
{"Time":[14.6]}
{"Title":['ModelBasedPID']}
