{"IMU":[-0.002983405292034149, 0.0015851621329784392, 0.76]}
{"Kalman":[-0.0029834052920341483, 0.0015851621329784392, 0.76]}
{"CMD":[-0.383833171154696, 20.0, 0, 3.770781508800369]}
{"Distance":[1.0312992892609751]}
{"Time":[1615326556.8981392]}
{"IMU":[-0.002983405292034149, 0.0015851621329784392, 0.76]}
{"Kalman":[-0.0029834052920341483, 0.0015851621329784384, 0.76]}
{"CMD":[-0.04331740343524654, 20.0, 0, 3.6199502484483537]}
{"Distance":[1.0312992892609751]}
{"Time":[1615326556.939512]}
{"IMU":[-0.002983405292034149, 0.0015851621329784392, 0.76]}
{"Kalman":[-0.0029834052920341483, 0.0015851621329784384, 0.76]}
{"CMD":[-0.04331740343524654, 20.0, 0, 3.6199502484483537]}
{"Distance":[1.0312992892609751]}
{"Time":[1615326556.9765315]}
{"IMU":[-0.002983405292034149, 0.0015851621329784392, 0.76]}
{"Kalman":[-0.0029834052920341483, 0.0015851621329784384, 0.76]}
{"CMD":[-0.04331740343524654, 20.0, 0, 3.6199502484483537]}
{"Distance":[1.0312992892609751]}
{"Time":[1615326557.0198274]}
{"IMU":[-0.002983405292034149, 0.0015851621329784392, 0.76]}
{"Kalman":[-0.0029834052920341483, 0.0015851621329784384, 0.76]}
{"CMD":[-0.04331740343524654, 20.0, 0, 3.6199502484483537]}
{"Distance":[1.0312992892609751]}
{"Time":[1615326557.0672414]}
{"IMU":[-0.002983405292034149, 0.0015851621329784392, 0.76]}
{"Kalman":[-0.0029834052920341483, 0.0015851621329784384, 0.76]}
{"CMD":[-0.04331740343524654, 20.0, 0, 3.6199502484483537]}
{"Distance":[1.0312992892609751]}
{"Time":[1615326557.1076083]}
{"IMU":[-0.002983405292034149, 0.0015851621329784392, 0.76]}
{"Kalman":[-0.0029834052920341483, 0.0015851621329784384, 0.76]}
{"CMD":[-0.04331740343524654, 20.0, 0, 3.6199502484483537]}
{"Distance":[1.0312992892609751]}
{"Time":[1615326557.1459339]}
{"IMU":[-0.002983405292034149, 0.0015851621329784392, 0.76]}
{"Kalman":[-0.0029834052920341483, 0.0015851621329784384, 0.76]}
{"CMD":[-0.04331740343524654, 20.0, 0, 3.6199502484483537]}
{"Distance":[1.0312992892609751]}
{"Time":[1615326557.1794868]}
{"IMU":[-0.002983405292034149, 0.0015851621329784392, 0.76]}
{"Kalman":[-0.0029834052920341483, 0.0015851621329784384, 0.76]}
{"CMD":[-0.04331740343524654, 20.0, 0, 3.6199502484483537]}
{"Distance":[1.0312992892609751]}
{"Time":[1615326557.2115078]}
{"IMU":[-0.002983405292034149, 0.0015851621329784392, 0.76]}
{"Kalman":[-0.0029834052920341483, 0.0015851621329784384, 0.76]}
{"CMD":[-0.04331740343524654, 20.0, 0, 3.6199502484483537]}
{"Distance":[1.0312992892609751]}
{"Time":[1615326557.2398036]}
{"IMU":[-0.0028189969062805175, -0.012373335361480713, 0.78]}
{"Kalman":[-0.0028189969062805166, -0.012373335361480713, 0.78]}
{"CMD":[0.33812362063291385, 20.0, 0, 3.318287727744324]}
{"Distance":[1.0267419539417324]}
{"Time":[1615326557.2720363]}
{"IMU":[-0.0028189969062805175, -0.012373335361480713, 0.78]}
{"Kalman":[-0.0028189969062805166, -0.012373335361480713, 0.78]}
{"CMD":[0.33812362063291385, 20.0, 0, 3.318287727744324]}
{"Distance":[1.0267419539417324]}
{"Time":[1615326557.3039026]}
{"IMU":[-0.0028189969062805175, -0.012373335361480713, 0.78]}
{"Kalman":[-0.0028189969062805166, -0.012373335361480713, 0.78]}
{"CMD":[0.33812362063291385, 20.0, 0, 3.318287727744324]}
{"Distance":[1.0267419539417324]}
{"Time":[1615326557.338982]}
{"IMU":[-0.0028189969062805175, -0.012373335361480713, 0.78]}
{"Kalman":[-0.0028189969062805166, -0.012373335361480713, 0.78]}
{"CMD":[0.33812362063291385, 20.0, 0, 3.318287727744324]}
{"Distance":[1.0267419539417324]}
{"Time":[1615326557.3774424]}
{"IMU":[-0.0028189969062805175, -0.012373335361480713, 0.78]}
{"Kalman":[-0.0028189969062805166, -0.012373335361480713, 0.78]}
{"CMD":[0.33812362063291385, 20.0, 0, 3.318287727744324]}
{"Distance":[1.0267419539417324]}
{"Time":[1615326557.4200413]}
{"IMU":[-0.0028189969062805175, -0.012373335361480713, 0.78]}
{"Kalman":[-0.0028189969062805166, -0.012373335361480713, 0.78]}
{"CMD":[0.33812362063291385, 20.0, 0, 3.318287727744324]}
{"Distance":[1.0267419539417324]}
{"Time":[1615326557.469029]}
{"IMU":[-0.0028189969062805175, -0.012373335361480713, 0.78]}
{"Kalman":[-0.0028189969062805166, -0.012373335361480713, 0.78]}
{"CMD":[0.33812362063291385, 20.0, 0, 3.318287727744324]}
{"Distance":[1.0267419539417324]}
{"Time":[1615326557.5252237]}
{"IMU":[-0.0028189969062805175, -0.012373335361480713, 0.78]}
{"Kalman":[-0.0028189969062805166, -0.012373335361480713, 0.78]}
{"CMD":[0.33812362063291385, 20.0, 0, 3.318287727744324]}
{"Distance":[1.0267419539417324]}
{"Time":[1615326557.567426]}
{"IMU":[-0.0028189969062805175, -0.012373335361480713, 0.78]}
{"Kalman":[-0.0028189969062805166, -0.012373335361480713, 0.78]}
{"CMD":[0.33812362063291385, 20.0, 0, 3.318287727744324]}
{"Distance":[1.0267419539417324]}
{"Time":[1615326557.603287]}
{"IMU":[-0.0028189969062805175, -0.012373335361480713, 0.78]}
{"Kalman":[-0.0028189969062805166, -0.012373335361480713, 0.78]}
{"CMD":[0.33812362063291385, 20.0, 0, 3.318287727744324]}
{"Distance":[1.0267419539417324]}
{"Time":[1615326557.6409993]}
{"IMU":[-0.0028189969062805175, -0.012373335361480713, 0.78]}
{"Kalman":[-0.0028189969062805166, -0.012373335361480713, 0.78]}
{"CMD":[0.33812362063291385, 20.0, 0, 3.318287727744324]}
{"Distance":[1.0267419539417324]}
{"Time":[1615326557.682862]}
{"IMU":[-0.0028189969062805175, -0.012373335361480713, 0.78]}
{"Kalman":[-0.0028189969062805166, -0.012373335361480713, 0.78]}
{"CMD":[0.33812362063291385, 20.0, 0, 3.318287727744324]}
{"Distance":[1.0267419539417324]}
{"Time":[1615326557.7368977]}
{"IMU":[0.04168569564819336, -0.03148084878921509, 0.8]}
{"Kalman":[0.041685695648193355, -0.03148084878921509, 0.8]}
{"CMD":[0.8602707566097096, 20.0, 0, 3.0166252070402946]}
{"Distance":[0.9794678911356801]}
{"Time":[1615326557.7930193]}
{"IMU":[0.04168569564819336, -0.03148084878921509, 0.8]}
{"Kalman":[0.041685695648193355, -0.03148084878921509, 0.8]}
{"CMD":[0.8602707566097096, 20.0, 0, 3.0166252070402946]}
{"Distance":[0.9794678911356801]}
{"Time":[1615326557.8392558]}
{"IMU":[0.04168569564819336, -0.03148084878921509, 0.8]}
{"Kalman":[0.041685695648193355, -0.03148084878921509, 0.8]}
{"CMD":[0.8602707566097096, 20.0, 0, 3.0166252070402946]}
{"Distance":[0.9794678911356801]}
{"Time":[1615326557.910629]}
{"IMU":[0.04168569564819336, -0.03148084878921509, 0.8]}
{"Kalman":[0.041685695648193355, -0.03148084878921509, 0.8]}
{"CMD":[0.8602707566097096, 20.0, 0, 3.0166252070402946]}
{"Distance":[0.9794678911356801]}
{"Time":[1615326557.9847012]}
{"IMU":[0.04168569564819336, -0.03148084878921509, 0.8]}
{"Kalman":[0.041685695648193355, -0.03148084878921509, 0.8]}
{"CMD":[0.8602707566097096, 20.0, 0, 3.0166252070402946]}
{"Distance":[0.9794678911356801]}
{"Time":[1615326558.0587575]}
{"IMU":[0.04168569564819336, -0.03148084878921509, 0.8]}
{"Kalman":[0.041685695648193355, -0.03148084878921509, 0.8]}
{"CMD":[0.8602707566097096, 20.0, 0, 3.0166252070402946]}
{"Distance":[0.9794678911356801]}
{"Time":[1615326558.1257954]}
{"IMU":[0.04168569564819336, -0.03148084878921509, 0.8]}
{"Kalman":[0.041685695648193355, -0.03148084878921509, 0.8]}
{"CMD":[0.8602707566097096, 20.0, 0, 3.0166252070402946]}
{"Distance":[0.9794678911356801]}
{"Time":[1615326558.1840463]}
{"IMU":[0.1455834197998047, -0.05427906513214111, 0.82]}
{"Kalman":[0.1455834197998047, -0.05427906513214111, 0.82]}
{"CMD":[1.4832729810414678, 20.0, 0, 2.7149626863362664]}
{"Distance":[0.8748565079100777]}
{"Time":[1615326558.2924976]}
{"IMU":[0.1455834197998047, -0.05427906513214111, 0.82]}
{"Kalman":[0.1455834197998047, -0.05427906513214111, 0.82]}
{"CMD":[1.4832729810414678, 20.0, 0, 2.7149626863362664]}
{"Distance":[0.8748565079100777]}
{"Time":[1615326558.3785553]}
{"IMU":[0.1455834197998047, -0.05427906513214111, 0.82]}
{"Kalman":[0.1455834197998047, -0.05427906513214111, 0.82]}
{"CMD":[1.4832729810414678, 20.0, 0, 2.7149626863362664]}
{"Distance":[0.8748565079100777]}
{"Time":[1615326558.4431324]}
{"IMU":[0.1455834197998047, -0.05427906513214111, 0.82]}
{"Kalman":[0.1455834197998047, -0.05427906513214111, 0.82]}
