{"IMU":[2.1556045810702895, 1.8475047112194252, 0.65]}
{"Kalman":[2.343042302395987, 2.043371328189777, 0.65]}
{"UWB":[2.4364587819479415, 2.141407659285786, 0.8955036428571044]}
{"Distance":[1.0306668397530523]}
{"Time":[1615474315.613515]}
{"IMU":[2.1556045810702895, 1.8475047112194252, 0.65]}
{"Kalman":[2.348245888801757, 2.045637200898008, 0.65]}
{"UWB":[2.4427407054937156, 2.1430400347531724, 0.8934994501234126]}
{"Distance":[1.0277828868858236]}
{"Time":[1615474315.7191439]}
{"IMU":[2.1556045810702895, 1.8475047112194252, 0.65]}
{"Kalman":[2.348245888801757, 2.045637200898008, 0.65]}
{"UWB":[2.445827162269827, 2.146338792699471, 0.8643639723925933]}
{"Distance":[1.0277828868858236]}
{"Time":[1615474315.755307]}
{"IMU":[2.1556045810702895, 1.8475047112194252, 0.65]}
{"Kalman":[2.348245888801757, 2.045637200898008, 0.65]}
{"UWB":[2.4488759793291566, 2.1495973218903277, 0.8355838053658085]}
{"Distance":[1.0277828868858236]}
{"Time":[1615474315.7939131]}
{"IMU":[2.1556045810702895, 1.8475047112194252, 0.65]}
{"Kalman":[2.348245888801757, 2.045637200898008, 0.65]}
{"UWB":[2.4518878410301914, 2.1528163537576583, 0.8071524888484392]}
{"Distance":[1.0277828868858236]}
{"Time":[1615474315.8205245]}
{"IMU":[2.1556045810702895, 1.8475047112194252, 0.65]}
{"Kalman":[2.348245888801757, 2.045637200898008, 0.65]}
{"UWB":[2.4548634152408524, 2.1559966021085155, 0.7790637183132068]}
{"Distance":[1.0277828868858236]}
{"Time":[1615474315.8359244]}
{"IMU":[2.1556045810702895, 1.8475047112194252, 0.65]}
{"Kalman":[2.348245888801757, 2.045637200898008, 0.65]}
{"UWB":[2.457803353832224, 2.1591387636527752, 0.7513113402394742]}
{"Distance":[1.0277828868858236]}
{"Time":[1615474315.8518624]}
{"IMU":[2.1556045810702895, 1.8475047112194252, 0.65]}
{"Kalman":[2.348245888801757, 2.045637200898008, 0.65]}
{"UWB":[2.4607082931546507, 2.1622435185119846, 0.7238893476190004]}
{"Distance":[1.0277828868858236]}
{"Time":[1615474315.8691223]}
{"IMU":[2.1556045810702895, 1.8475047112194252, 0.65]}
{"Kalman":[2.348245888801757, 2.045637200898008, 0.65]}
{"UWB":[2.4607405353253347, 2.162359184319603, 0.7274853191715516]}
{"Distance":[1.0277828868858236]}
{"Time":[1615474315.887462]}
{"IMU":[2.1556045810702895, 1.8475047112194252, 0.65]}
{"Kalman":[2.348245888801757, 2.045637200898008, 0.65]}
{"UWB":[2.4607723981763634, 2.1624734893530144, 0.7310389851764258]}
{"Distance":[1.0277828868858236]}
{"Time":[1615474315.904441]}
{"IMU":[2.1556045810702895, 1.8475047112194252, 0.65]}
{"Kalman":[2.348245888801757, 2.045637200898008, 0.65]}
{"UWB":[2.460803888362468, 2.1625864574854505, 0.7345510878362137]}
{"Distance":[1.0277828868858236]}
{"Time":[1615474315.9263272]}
{"IMU":[2.1556045810702895, 1.8475047112194252, 0.65]}
{"Kalman":[2.348245888801757, 2.045637200898008, 0.65]}
{"UWB":[2.460835012383618, 2.1626981120349513, 0.7380223520929808]}
{"Distance":[1.0277828868858236]}
{"Time":[1615474315.9467993]}
{"IMU":[2.1556045810702895, 1.8475047112194252, 0.65]}
{"Kalman":[2.348245888801757, 2.045637200898008, 0.65]}
{"UWB":[2.4608657765894946, 2.162808475780411, 0.7414534861271264]}
{"Distance":[1.0277828868858236]}
{"Time":[1615474315.9662528]}
{"IMU":[2.1556045810702895, 1.8475047112194252, 0.65]}
{"Kalman":[2.348245888801757, 2.045637200898008, 0.65]}
{"UWB":[2.460896187183809, 2.162917570977073, 0.7448451818390404]}
{"Distance":[1.0277828868858236]}
{"Time":[1615474315.9847393]}
{"IMU":[2.1556045810702895, 1.8475047112194252, 0.65]}
{"Kalman":[2.348245888801757, 2.045637200898008, 0.65]}
{"UWB":[2.4609262502284746, 2.163025419371487, 0.7481981153142468]}
{"Distance":[1.0277828868858236]}
{"Time":[1615474316.0018456]}
{"IMU":[2.1556045810702895, 1.8475047112194252, 0.65]}
{"Kalman":[2.348245888801757, 2.045637200898008, 0.65]}
{"UWB":[2.460955971647632, 2.1631320422159646, 0.7515129472726895]}
{"Distance":[1.0277828868858236]}
{"Time":[1615474316.0193038]}
{"IMU":[2.1559043691876982, 1.8578970143881988, 0.67]}
{"Kalman":[2.3609153516433525, 2.0627271857447007, 0.67]}
{"UWB":[2.4666142805190376, 2.1707326883880205, 0.729157319289587]}
{"Distance":[1.0033567998227455]}
{"Time":[1615474316.1034908]}
{"IMU":[2.1559043691876982, 1.8578970143881988, 0.67]}
{"Kalman":[2.3761557638319815, 2.099868358385697, 0.67]}
{"UWB":[2.491135801078846, 2.2020949675000367, 0.5511344923683964]}
{"Distance":[0.9666821437614849]}
{"Time":[1615474316.2102199]}
{"IMU":[2.1559043691876982, 1.8578970143881988, 0.67]}
{"Kalman":[2.3851140332568397, 2.1098755135446132, 0.67]}
{"UWB":[2.497934047563997, 2.206553868025682, 0.5370438067179253]}
{"Distance":[0.9562533067874728]}
{"Time":[1615474316.2988784]}
{"IMU":[2.1559043691876982, 1.8578970143881988, 0.67]}
{"Kalman":[2.3851140332568397, 2.1098755135446132, 0.67]}
{"UWB":[2.497973398086629, 2.205221061454126, 0.5482727846428341]}
{"Distance":[0.9562533067874728]}
{"Time":[1615474316.3279533]}
{"IMU":[2.1559043691876982, 1.8578970143881988, 0.67]}
{"Kalman":[2.3851140332568397, 2.1098755135446132, 0.67]}
{"UWB":[2.498012349111569, 2.2039017859137537, 0.5593877627918555]}
{"Distance":[0.9562533067874728]}
{"Time":[1615474316.3627112]}
{"IMU":[2.1559043691876982, 1.8578970143881988, 0.67]}
{"Kalman":[2.3851140332568397, 2.1098755135446132, 0.67]}
{"UWB":[2.4979002496463596, 2.202860427575806, 0.568986166287857]}
{"Distance":[0.9562533067874728]}
{"Time":[1615474316.386671]}
{"IMU":[2.1559043691876982, 1.8578970143881988, 0.67]}
{"Kalman":[2.3851140332568397, 2.1098755135446132, 0.67]}
{"UWB":[2.497639376834067, 2.202092796733714, 0.5770908580653061]}
{"Distance":[0.9562533067874728]}
{"Time":[1615474316.4057765]}
{"IMU":[2.1559043691876982, 1.8578970143881988, 0.67]}
{"Kalman":[2.3851140332568397, 2.1098755135446132, 0.67]}
{"UWB":[2.4973811127498977, 2.2013328422000433, 0.5851145029249807]}
{"Distance":[0.9562533067874728]}
{"Time":[1615474316.428062]}
{"IMU":[2.1559043691876982, 1.8578970143881988, 0.67]}
{"Kalman":[2.3851140332568397, 2.1098755135446132, 0.67]}
{"UWB":[2.4971254184576104, 2.2005804494030254, 0.5930583105223699]}
{"Distance":[0.9562533067874728]}
{"Time":[1615474316.4509225]}
{"IMU":[2.1559043691876982, 1.8578970143881988, 0.67]}
{"Kalman":[2.3851140332568397, 2.1098755135446132, 0.67]}
{"UWB":[2.4968722557919794, 2.1998355060396415, 0.600923466559389]}
{"Distance":[0.9562533067874728]}
{"Time":[1615474316.4715803]}
{"IMU":[2.1559043691876982, 1.8578970143881988, 0.67]}
{"Kalman":[2.3851140332568397, 2.1098755135446132, 0.67]}
{"UWB":[2.4966215873398028, 2.1990979020197394, 0.6087111333743684]}
{"Distance":[0.9562533067874728]}
{"Time":[1615474316.4926174]}
{"IMU":[2.1559043691876982, 1.8578970143881988, 0.67]}
{"Kalman":[2.3851140332568397, 2.1098755135446132, 0.67]}
{"UWB":[2.4966394445587294, 2.199270063872588, 0.6113589218872387]}
{"Distance":[0.9562533067874728]}
{"Time":[1615474316.5285528]}
{"IMU":[2.161605912280426, 1.9343018279162596, 0.67]}
{"Kalman":[2.3862076490524036, 2.1221845225901297, 0.67]}
{"UWB":[2.4967005893975123, 2.1998595626506536, 0.6204252049638377]}
{"Distance":[0.9446738651590291]}
{"Time":[1615474316.5847802]}
{"IMU":[2.161605912280426, 1.9343018279162596, 0.71]}
{"Kalman":[2.3873342833013207, 2.1603391134745094, 0.71]}
{"UWB":[2.496696132092974, 2.2013632655349564, 0.6399367897441666]}
{"Distance":[0.8954462396369757]}
{"Time":[1615474316.6774576]}
{"IMU":[2.161605912280426, 1.9343018279162596, 0.71]}
{"Kalman":[2.386864141710167, 2.16581489220257, 0.71]}
{"UWB":[2.4958831313482737, 2.204682027146132, 0.6649026225617853]}
{"Distance":[0.890373245612191]}
{"Time":[1615474316.8020406]}
{"IMU":[2.161605912280426, 1.9343018279162596, 0.71]}
{"Kalman":[2.3866803925460895, 2.16656229114826, 0.71]}
{"UWB":[2.495564743822177, 2.205957900644513, 0.6718231246444323]}
{"Distance":[0.8896964358530083]}
{"Time":[1615474316.8579617]}
{"IMU":[2.161605912280426, 1.9343018279162596, 0.71]}
{"Kalman":[2.3866803925460895, 2.16656229114826, 0.71]}
{"UWB":[2.495423582787562, 2.206518431305381, 0.6742745848451203]}
