{"IMU":[0.0285010290145874, -0.021184701919555664, 0.75]}
{"Kalman":[0.09190595302191447, -0.049945274846290286, 0.7494378331451448]}
{"CMD":[20.0, 20.0, 0, 6.762506959635758]}
{"Distance":[1.4106031609875578]}
{"Time":[1615323460.133543]}
{"IMU":[0.0285010290145874, -0.021184701919555664, 0.75]}
{"Kalman":[0.023291954746311516, 0.03498417025829091, 0.7487308575739183]}
{"CMD":[20.0, 20.0, 0, 3.7899241439695803]}
{"Distance":[1.3958332060998186]}
{"Time":[1615323460.2162268]}
{"IMU":[0.0285010290145874, -0.021184701919555664, 0.75]}
{"Kalman":[0.023291954746311516, 0.03498417025829091, 0.7487308575739183]}
{"CMD":[20.0, 20.0, 0, 3.7899241439695803]}
{"Distance":[1.3958332060998186]}
{"Time":[1615323460.2732997]}
{"IMU":[0.0285010290145874, -0.021184701919555664, 0.75]}
{"Kalman":[0.023291954746311516, 0.03498417025829091, 0.7487308575739183]}
{"CMD":[20.0, 20.0, 0, 3.7899241439695803]}
{"Distance":[1.3958332060998186]}
{"Time":[1615323460.31661]}
{"IMU":[0.0285010290145874, -0.021184701919555664, 0.75]}
{"Kalman":[0.023291954746311516, 0.03498417025829091, 0.7487308575739183]}
{"CMD":[20.0, 20.0, 0, 3.7899241439695803]}
{"Distance":[1.3958332060998186]}
{"Time":[1615323460.3614144]}
{"IMU":[0.0285010290145874, -0.021184701919555664, 0.75]}
{"Kalman":[0.023291954746311516, 0.03498417025829091, 0.7487308575739183]}
{"CMD":[20.0, 20.0, 0, 3.7899241439695803]}
{"Distance":[1.3958332060998186]}
{"Time":[1615323460.4118166]}
{"IMU":[0.0285010290145874, -0.021184701919555664, 0.75]}
{"Kalman":[0.023291954746311516, 0.03498417025829091, 0.7487308575739183]}
{"CMD":[20.0, 20.0, 0, 3.7899241439695803]}
{"Distance":[1.3958332060998186]}
{"Time":[1615323460.4600556]}
{"IMU":[0.02512885570526123, 0.01282855987548828, 0.77]}
{"Kalman":[0.06913108932626136, 0.1934645071141053, 0.7630732691322147]}
{"CMD":[20.0, 20.0, 0, 3.573595742787065]}
{"Distance":[1.2542530470137603]}
{"Time":[1615323460.5178998]}
{"IMU":[0.02512885570526123, 0.01282855987548828, 0.77]}
{"Kalman":[0.11140288763573383, 0.31628985148626365, 0.7627450814909628]}
{"CMD":[18.683608269328175, 20.0, 0, 3.5785458383432633]}
{"Distance":[1.1460167065272293]}
{"Time":[1615323460.5762985]}
{"IMU":[0.02512885570526123, 0.01282855987548828, 0.77]}
{"Kalman":[0.11140288763573383, 0.31628985148626365, 0.7627450814909628]}
{"CMD":[18.683608269328175, 20.0, 0, 3.5785458383432633]}
{"Distance":[1.1460167065272293]}
{"Time":[1615323460.6290102]}
{"IMU":[0.02512885570526123, 0.01282855987548828, 0.77]}
{"Kalman":[0.11140288763573383, 0.31628985148626365, 0.7627450814909628]}
{"CMD":[18.683608269328175, 20.0, 0, 3.5785458383432633]}
{"Distance":[1.1460167065272293]}
{"Time":[1615323460.6748931]}
{"IMU":[0.02512885570526123, 0.01282855987548828, 0.77]}
{"Kalman":[0.11140288763573383, 0.31628985148626365, 0.7627450814909628]}
{"CMD":[18.683608269328175, 20.0, 0, 3.5785458383432633]}
{"Distance":[1.1460167065272293]}
{"Time":[1615323460.7023935]}
{"IMU":[0.02512885570526123, 0.01282855987548828, 0.77]}
{"Kalman":[0.11140288763573383, 0.31628985148626365, 0.7627450814909628]}
{"CMD":[18.683608269328175, 20.0, 0, 3.5785458383432633]}
{"Distance":[1.1460167065272293]}
{"Time":[1615323460.729716]}
{"IMU":[0.02512885570526123, 0.01282855987548828, 0.77]}
{"Kalman":[0.11140288763573383, 0.31628985148626365, 0.7627450814909628]}
{"CMD":[18.683608269328175, 20.0, 0, 3.5785458383432633]}
{"Distance":[1.1460167065272293]}
{"Time":[1615323460.76487]}
{"IMU":[0.02512885570526123, 0.01282855987548828, 0.77]}
{"Kalman":[0.11140288763573383, 0.31628985148626365, 0.7627450814909628]}
{"CMD":[18.683608269328175, 20.0, 0, 3.5785458383432633]}
{"Distance":[1.1460167065272293]}
{"Time":[1615323460.7952938]}
{"IMU":[0.02512885570526123, 0.01282855987548828, 0.77]}
{"Kalman":[0.11140288763573383, 0.31628985148626365, 0.7627450814909628]}
{"CMD":[18.683608269328175, 20.0, 0, 3.5785458383432633]}
{"Distance":[1.1460167065272293]}
{"Time":[1615323460.8500445]}
{"IMU":[0.02512885570526123, 0.01282855987548828, 0.77]}
{"Kalman":[0.11140288763573383, 0.31628985148626365, 0.7627450814909628]}
{"CMD":[18.683608269328175, 20.0, 0, 3.5785458383432633]}
{"Distance":[1.1460167065272293]}
{"Time":[1615323460.9081633]}
{"IMU":[0.02512885570526123, 0.01282855987548828, 0.77]}
{"Kalman":[0.11140288763573383, 0.31628985148626365, 0.7627450814909628]}
{"CMD":[18.683608269328175, 20.0, 0, 3.5785458383432633]}
{"Distance":[1.1460167065272293]}
{"Time":[1615323460.963896]}
{"IMU":[0.06976474285125732, 0.12237255096435547, 0.8]}
{"Kalman":[0.14772545745901344, 0.4012623590487021, 0.7923585311372975]}
{"CMD":[16.361581825212536, 20.0, 0, 3.131882444990505]}
{"Distance":[1.0620610331552673]}
{"Time":[1615323461.0054934]}
{"IMU":[0.06976474285125732, 0.12237255096435547, 0.8]}
{"Kalman":[0.36178994531017417, 0.7726933583557971, 0.7937728612749516]}
{"CMD":[7.811006582282553, 18.231236304165293, 0, 3.1105524939918445]}
{"Distance":[0.7081737187932612]}
{"Time":[1615323461.0675764]}
{"IMU":[0.06976474285125732, 0.12237255096435547, 0.8]}
{"Kalman":[0.38595029248518387, 0.8215468753388244, 0.7937728617909325]}
{"CMD":[5.032637449059956, 16.85720297389252, 0, 3.110549917486349]}
{"Distance":[0.6718870392664753]}
{"Time":[1615323461.1406865]}
{"IMU":[0.06976474285125732, 0.12237255096435547, 0.8]}
{"Kalman":[0.38595029248518387, 0.8215468753388244, 0.7937728617909325]}
{"CMD":[4.876552268318431, 16.780011556127825, 0, 3.1105499174862783]}
{"Distance":[0.6718870392664753]}
{"Time":[1615323461.1818068]}
{"IMU":[0.06976474285125732, 0.12237255096435547, 0.8]}
{"Kalman":[0.38595029248518387, 0.8215468753388244, 0.7937728617909325]}
{"CMD":[4.876552268318431, 16.780011556127825, 0, 3.1105499174862783]}
{"Distance":[0.6718870392664753]}
{"Time":[1615323461.241496]}
{"IMU":[0.06976474285125732, 0.12237255096435547, 0.8]}
{"Kalman":[0.38595029248518387, 0.8215468753388244, 0.7937728617909325]}
{"CMD":[4.876552268318431, 16.780011556127825, 0, 3.1105499174862783]}
{"Distance":[0.6718870392664753]}
{"Time":[1615323461.2949426]}
{"IMU":[0.06976474285125732, 0.12237255096435547, 0.8]}
{"Kalman":[0.38595029248518387, 0.8215468753388244, 0.7937728617909325]}
{"CMD":[4.876552268318431, 16.780011556127825, 0, 3.1105499174862783]}
{"Distance":[0.6718870392664753]}
{"Time":[1615323461.358186]}
{"IMU":[0.06976474285125732, 0.12237255096435547, 0.8]}
{"Kalman":[0.38595029248518387, 0.8215468753388244, 0.7937728617909325]}
{"CMD":[4.876552268318431, 16.780011556127825, 0, 3.1105499174862783]}
{"Distance":[0.6718870392664753]}
{"Time":[1615323461.4047127]}
{"IMU":[0.06976474285125732, 0.12237255096435547, 0.8]}
{"Kalman":[0.38595029248518387, 0.8215468753388244, 0.7937728617909325]}
{"CMD":[4.876552268318431, 16.780011556127825, 0, 3.1105499174862783]}
{"Distance":[0.6718870392664753]}
{"Time":[1615323461.4454696]}
{"IMU":[0.15694766998291015, 0.27719644546508787, 0.82]}
{"Kalman":[0.5929995190953671, 1.0141675191523025, 0.8136276785531382]}
{"CMD":[-0.38715291642991695, 11.122019421798255, 0, 2.811077213856099]}
{"Distance":[0.44786689122665196]}
{"Time":[1615323461.509181]}
{"IMU":[0.15694766998291015, 0.27719644546508787, 0.82]}
{"Kalman":[0.6375125830002785, 1.055275282129242, 0.8136204776625542]}
{"CMD":[-1.5104964004473946, 9.90561997142469, 0, 2.8111858257963442]}
{"Distance":[0.4113268902519403]}
{"Time":[1615323461.5481498]}
{"IMU":[0.15694766998291015, 0.27719644546508787, 0.82]}
{"Kalman":[0.6991474531054535, 1.1121950133053946, 0.8136200591819122]}
{"CMD":[-3.065930325777431, 8.221336402898897, 0, 2.811192137792611]}
{"Distance":[0.3712646742189283]}
{"Time":[1615323461.6393359]}
{"IMU":[0.15694766998291015, 0.27719644546508787, 0.82]}
{"Kalman":[0.6991474531054535, 1.1121950133053946, 0.8136200591819122]}
{"CMD":[-3.065930325777431, 8.221336402898897, 0, 2.811192137792611]}
{"Distance":[0.3712646742189283]}
{"Time":[1615323461.711521]}
{"IMU":[0.15694766998291015, 0.27719644546508787, 0.82]}
{"Kalman":[0.6991474531054535, 1.1121950133053946, 0.8136200591819122]}
