{"IMU":[]}
{"Kalman":[-0.06397405979422217, -0.059685117369424966, 0.660770682523806]}
{"UWB":[2.52745545, 2.8364428, 1.24432473]}
{"Distance":[2.0648368537826043]}
{"Time":[0.6]}
{"Title":['ModelBasedAgendUWB_PID']}
{"IMU":[]}
{"Kalman":[0.1262291598200798, 0.00747512595752229, 0.6761746184814361]}
{"UWB":[2.53009654, 2.89643359, 1.24894099]}
{"Distance":[1.8737857505639872]}
{"Time":[1.1]}
{"Title":['ModelBasedAgendUWB_PID']}
{"IMU":[]}
{"Kalman":[0.19159129199159736, 0.039733536680193485, 0.6936638470349006]}
{"UWB":[2.62523199, 2.96865349, 1.05682615]}
{"Distance":[1.8088451589723582]}
{"Time":[1.7]}
{"Title":['ModelBasedAgendUWB_PID']}
{"IMU":[]}
{"Kalman":[0.5905552927641693, 0.2890840901978931, 0.7200996459900015]}
{"UWB":[2.61277491, 3.22598496, 1.21523315]}
{"Distance":[1.4387855969395302]}
{"Time":[2.3]}
{"Title":['ModelBasedAgendUWB_PID']}
{"IMU":[]}
{"Kalman":[0.788631056725817, 0.0271138739191909, 0.8002024811728535]}
{"UWB":[2.53936533, 3.50671789, 1.59152849]}
{"Distance":[1.2116723479918639]}
{"Time":[2.9]}
{"Title":['ModelBasedAgendUWB_PID']}
{"IMU":[]}
{"Kalman":[1.7158010288367525, 0.6296845282789397, 0.8357706971418675]}
{"UWB":[3.65895816, 4.83837728, -3.43035664]}
{"Distance":[0.6908485075355663]}
{"Time":[3.4]}
{"Title":['ModelBasedAgendUWB_PID']}
{"IMU":[]}
{"Kalman":[1.438461728426527, -0.04805081977601055, 0.8810175885385513]}
{"UWB":[2.59830936, 4.56147375, 2.73691898]}
{"Distance":[0.5635903758252708]}
{"Time":[4.0]}
{"Title":['ModelBasedAgendUWB_PID']}
{"IMU":[]}
{"Kalman":[1.196884931868275, 0.6073062695400276, 0.9211678497117367]}
{"UWB":[2.67168695, 4.94046564, 2.84244132]}
{"Distance":[1.0068836664098042]}
{"Time":[4.6]}
{"Title":['ModelBasedAgendUWB_PID']}
{"IMU":[]}
{"Kalman":[5.237204948478713, 0.9243442716195651, 0.9586984511311993]}
{"UWB":[2.36445242, 4.91025651, 0.78122701]}
{"Distance":[3.3665870270841016]}
{"Time":[5.1]}
{"Title":['ModelBasedAgendUWB_PID']}
{"IMU":[]}
{"Kalman":[2.3362934502151984, -0.14670773698380973, 1.0024502574115286]}
{"UWB":[2.35948645, 5.14926072, 1.31149046]}
{"Distance":[0.36690113756780973]}
{"Time":[5.7]}
{"Title":['ModelBasedAgendUWB_PID']}
{"IMU":[]}
{"Kalman":[0.9048643641194016, 0.9021350581675444, 1.0425123199714756]}
{"UWB":[4.29193781, 2.61627186, -0.9626952]}
{"Distance":[1.4188621230234322]}
{"Time":[6.3]}
{"Title":['ModelBasedAgendUWB_PID']}
{"IMU":[]}
{"Kalman":[2.4881841077090177, -0.2010553856318121, 1.0622662044814992]}
{"UWB":[2.30843007, 5.45827295, 1.79194066]}
{"Distance":[0.5279649525406079]}
{"Time":[6.9]}
{"Title":['ModelBasedAgendUWB_PID']}
{"IMU":[]}
{"Kalman":[47181.44318846043, -1281098.1270685531, -578.9006751281815]}
{"UWB":[2.23449471, 5.58669793, 0.88650192]}
{"Distance":[1281966.5795324494]}
{"Time":[7.4]}
{"Title":['ModelBasedAgendUWB_PID']}
{"IMU":[]}
{"Kalman":[14.511216199292821, -47.123627048867235, 1.0215417993503788]}
{"UWB":[4.53755719, 9.99959326, -6.96350225]}
{"Distance":[48.75619711407134]}
{"Time":[8.0]}
{"Title":['ModelBasedAgendUWB_PID']}
{"IMU":[]}
{"Kalman":[2.5360025126692194, 0.0761121367440072, 1.1175143387046829]}
{"UWB":[2.66675815, 5.57828395, 2.78402332]}
{"Distance":[0.5413794888499703]}
{"Time":[8.6]}
{"Title":['ModelBasedAgendUWB_PID']}
{"IMU":[]}
{"Kalman":[2.251688619887079, 0.3548486151869494, 1.1920362519018675]}
{"UWB":[3.04656277, 5.43687389, 2.64998286]}
{"Distance":[0.4350456310328358]}
{"Time":[9.1]}
{"Title":['ModelBasedAgendUWB_PID']}
{"IMU":[]}
{"Kalman":[1.9305719242432517, 0.6241074288224826, 1.1974768407170726]}
{"UWB":[3.29919032, 4.3486043, 2.47478226]}
{"Distance":[0.627957275946935]}
{"Time":[9.6]}
{"Title":['ModelBasedAgendUWB_PID']}
{"IMU":[]}
{"Kalman":[1.4706378767483552, 0.6580023634130541, 1.1880716054059086]}
{"UWB":[3.29132797, 4.37970428, 0.84126455]}
{"Distance":[0.8445065824436506]}
{"Time":[10.2]}
{"Title":['ModelBasedAgendUWB_PID']}
{"IMU":[]}
{"Kalman":[1.070890662603445, 0.962184203045023, 1.178124450758936]}
{"UWB":[3.6269455, 4.12884555, 2.76104759]}
{"Distance":[1.3375509715247684]}
{"Time":[10.7]}
{"Title":['ModelBasedAgendUWB_PID']}
{"IMU":[]}
{"Kalman":[0.8670418338842907, 1.170322414240074, 1.1604552663858767]}
{"UWB":[3.91662063, 3.78728712, 1.86119061]}
{"Distance":[1.6288796025001318]}
{"Time":[11.3]}
{"Title":['ModelBasedAgendUWB_PID']}
{"IMU":[]}
{"Kalman":[0.7698945449054782, 1.3033702199602601, 1.1493968546639335]}
{"UWB":[4.05936473, 3.76080227, 0.76325509]}
{"Distance":[1.792186753921744]}
{"Time":[11.8]}
{"Title":['ModelBasedAgendUWB_PID']}
{"IMU":[]}
{"Kalman":[0.625110191250907, 1.4682077751555194, 1.1920586596218248]}
{"UWB":[4.23906543, 3.57193107, 0.94340087]}
{"Distance":[2.011456203159601]}
{"Time":[12.3]}
{"Title":['ModelBasedAgendUWB_PID']}
{"IMU":[]}
{"Kalman":[0.6182356468326968, 1.4596236318212086, 1.1923162931802849]}
{"UWB":[4.12406031, 3.57727192, 1.24181285]}
{"Distance":[2.0099188725555046]}
{"Time":[12.9]}
{"Title":['ModelBasedAgendUWB_PID']}
{"IMU":[]}
{"Kalman":[0.7277132487255892, 1.1872965436257377, 1.1924267809672011]}
{"UWB":[3.39219569, 4.23563793, 2.74671286]}
{"Distance":[1.7402260370348497]}
{"Time":[13.4]}
{"Title":['ModelBasedAgendUWB_PID']}
{"IMU":[]}
{"Kalman":[0.816422762648321, 0.8800244205819111, 1.1928981280271673]}
{"UWB":[2.82438066, 4.14628887, 1.55179681]}
{"Distance":[1.4748891679029854]}
{"Time":[14.0]}
{"Title":['ModelBasedAgendUWB_PID']}
{"IMU":[]}
{"Kalman":[0.816422762648321, 0.8800244205819111, 1.1928981280271673]}
{"UWB":[2.77690684, 3.98298349, 2.2035911]}
{"Distance":[1.4748891679029854]}
{"Time":[14.5]}
{"Title":['ModelBasedAgendUWB_PID']}
{"IMU":[]}
{"Kalman":[0.816422762648321, 0.8800244205819111, 1.1928981280271673]}
{"UWB":[2.7604299, 4.04160524, 3.16155538]}
{"Distance":[1.4748891679029854]}
{"Time":[15.0]}
{"Title":['ModelBasedAgendUWB_PID']}
{"IMU":[]}
{"Kalman":[0.816422762648321, 0.8800244205819111, 1.1928981280271673]}
{"UWB":[2.60647363, 3.6261101, 3.19540831]}
{"Distance":[1.4748891679029854]}
{"Time":[15.5]}
{"Title":['ModelBasedAgendUWB_PID']}
{"IMU":[]}
{"Kalman":[0.42211224595289487, 0.35828598630513936, 1.1928356788090386]}
{"UWB":[2.26772437, 3.17740953, 1.65636521]}
{"Distance":[1.6180539584187124]}
{"Time":[16.1]}
{"Title":['ModelBasedAgendUWB_PID']}
{"IMU":[]}
{"Kalman":[0.42211224595289487, 0.35828598630513936, 1.1928356788090386]}
{"UWB":[2.08901754, 2.94701588, 5.6653368]}
{"Distance":[1.6180539584187124]}
{"Time":[16.6]}
{"Title":['ModelBasedAgendUWB_PID']}
{"IMU":[]}
{"Kalman":[0.42211224595289487, 0.35828598630513936, 1.1928356788090386]}
{"UWB":[2.26614344, 3.17571452, 1.56210986]}
{"Distance":[1.6180539584187124]}
{"Time":[17.1]}
{"Title":['ModelBasedAgendUWB_PID']}
{"IMU":[]}
{"Kalman":[0.42211224595289487, 0.35828598630513936, 1.1928356788090386]}
{"UWB":[2.3903482, 3.03762738, 1.86787083]}
{"Distance":[1.6180539584187124]}
{"Time":[17.6]}
{"Title":['ModelBasedAgendUWB_PID']}
{"IMU":[]}
{"Kalman":[0.42211224595289487, 0.35828598630513936, 1.1928356788090386]}
{"UWB":[2.21524071, 3.12670811, 1.24933874]}
{"Distance":[1.6180539584187124]}
{"Time":[18.2]}
{"Title":['ModelBasedAgendUWB_PID']}
{"IMU":[]}
{"Kalman":[0.42211224595289487, 0.35828598630513936, 1.1928356788090386]}
{"UWB":[2.26194963, 3.13796421, 1.71617562]}
{"Distance":[1.6180539584187124]}
{"Time":[18.7]}
{"Title":['ModelBasedAgendUWB_PID']}
{"IMU":[]}
{"Kalman":[0.42211224595289487, 0.35828598630513936, 1.1928356788090386]}
{"UWB":[2.2386221, 3.1075739, 1.65812457]}
{"Distance":[1.6180539584187124]}
{"Time":[19.2]}
{"Title":['ModelBasedAgendUWB_PID']}
{"IMU":[]}
{"Kalman":[0.42211224595289487, 0.35828598630513936, 1.1928356788090386]}
{"UWB":[2.2938069, 3.11455983, 1.56954607]}
{"Distance":[1.6180539584187124]}
{"Time":[19.7]}
{"Title":['ModelBasedAgendUWB_PID']}
{"IMU":[]}
{"Kalman":[0.42211224595289487, 0.35828598630513936, 1.1928356788090386]}
{"UWB":[2.26233876, 3.18923455, 1.61327962]}
{"Distance":[1.6180539584187124]}
{"Time":[20.2]}
{"Title":['ModelBasedAgendUWB_PID']}
{"IMU":[]}
