{"IMU":[0.02164992094039917, -0.017970161437988283, 0.77]}
{"Kalman":[0.07989872019822292, -0.11417297943286474, 0.7693627739901165]}
{"CMD":[20.0, 20.0, 0, 7.116173839460118]}
{"Distance":[1.4632707620986312]}
{"Time":[1615323486.8031805]}
{"IMU":[0.02164992094039917, -0.017970161437988283, 0.77]}
{"Kalman":[-0.023927635045524656, -0.048802539911179686, 0.770360386678119]}
{"CMD":[20.0, 20.0, 0, 3.4636832304088623]}
{"Distance":[1.4836269482389048]}
{"Time":[1615323486.8934045]}
{"IMU":[0.02164992094039917, -0.017970161437988283, 0.77]}
{"Kalman":[-0.023927635045524656, -0.048802539911179686, 0.770360386678119]}
{"CMD":[20.0, 20.0, 0, 3.4636832304088623]}
{"Distance":[1.4836269482389048]}
{"Time":[1615323486.9298801]}
{"IMU":[0.02164992094039917, -0.017970161437988283, 0.77]}
{"Kalman":[-0.023927635045524656, -0.048802539911179686, 0.770360386678119]}
{"CMD":[20.0, 20.0, 0, 3.4636832304088623]}
{"Distance":[1.4836269482389048]}
{"Time":[1615323486.9778745]}
{"IMU":[0.02164992094039917, -0.017970161437988283, 0.77]}
{"Kalman":[-0.023927635045524656, -0.048802539911179686, 0.770360386678119]}
{"CMD":[20.0, 20.0, 0, 3.4636832304088623]}
{"Distance":[1.4836269482389048]}
{"Time":[1615323487.0242677]}
{"IMU":[0.02164992094039917, -0.017970161437988283, 0.77]}
{"Kalman":[-0.023927635045524656, -0.048802539911179686, 0.770360386678119]}
{"CMD":[20.0, 20.0, 0, 3.4636832304088623]}
{"Distance":[1.4836269482389048]}
{"Time":[1615323487.069032]}
{"IMU":[0.02164992094039917, -0.017970161437988283, 0.77]}
{"Kalman":[-0.023927635045524656, -0.048802539911179686, 0.770360386678119]}
{"CMD":[20.0, 20.0, 0, 3.4636832304088623]}
{"Distance":[1.4836269482389048]}
{"Time":[1615323487.1151628]}
{"IMU":[0.02164992094039917, -0.017970161437988283, 0.77]}
{"Kalman":[-0.023927635045524656, -0.048802539911179686, 0.770360386678119]}
{"CMD":[20.0, 20.0, 0, 3.4636832304088623]}
{"Distance":[1.4836269482389048]}
{"Time":[1615323487.1635177]}
{"IMU":[0.02464379072189331, 0.006431543231010437, 0.78]}
{"Kalman":[-0.034822940536791885, -0.027298380370430957, 0.7802315425508279]}
{"CMD":[20.0, 20.0, 0, 3.314795342267675]}
{"Distance":[1.4746181388625708]}
{"Time":[1615323487.2108285]}
{"IMU":[0.02464379072189331, 0.006431543231010437, 0.78]}
{"Kalman":[0.15684872957366056, 0.21945965202471093, 0.7742532020615221]}
{"CMD":[20.0, 20.0, 0, 3.404967405349222]}
{"Distance":[1.170943600870004]}
{"Time":[1615323487.247551]}
{"IMU":[0.02464379072189331, 0.006431543231010437, 0.78]}
{"Kalman":[0.21648570861179378, 0.32027485287770474, 0.7742347333137678]}
{"CMD":[18.94995291356495, 20.0, 0, 3.4052453271668357]}
{"Distance":[1.061551165079618]}
{"Time":[1615323487.2814326]}
{"IMU":[0.02464379072189331, 0.006431543231010437, 0.78]}
{"Kalman":[0.21648570861179378, 0.32027485287770474, 0.7742347333137678]}
{"CMD":[18.574710946226766, 20.0, 0, 3.4052459717993133]}
{"Distance":[1.061551165079618]}
{"Time":[1615323487.3288095]}
{"IMU":[0.02464379072189331, 0.006431543231010437, 0.78]}
{"Kalman":[0.21648570861179378, 0.32027485287770474, 0.7742347333137678]}
{"CMD":[18.574710946226766, 20.0, 0, 3.4052459717993133]}
{"Distance":[1.061551165079618]}
{"Time":[1615323487.3714833]}
{"IMU":[0.02464379072189331, 0.006431543231010437, 0.78]}
{"Kalman":[0.21648570861179378, 0.32027485287770474, 0.7742347333137678]}
{"CMD":[18.574710946226766, 20.0, 0, 3.4052459717993133]}
{"Distance":[1.061551165079618]}
{"Time":[1615323487.4112866]}
{"IMU":[0.02464379072189331, 0.006431543231010437, 0.78]}
{"Kalman":[0.21648570861179378, 0.32027485287770474, 0.7742347333137678]}
{"CMD":[18.574710946226766, 20.0, 0, 3.4052459717993133]}
{"Distance":[1.061551165079618]}
{"Time":[1615323487.4705822]}
{"IMU":[0.02464379072189331, 0.006431543231010437, 0.78]}
{"Kalman":[0.21648570861179378, 0.32027485287770474, 0.7742347333137678]}
{"CMD":[18.574710946226766, 20.0, 0, 3.4052459717993133]}
{"Distance":[1.061551165079618]}
{"Time":[1615323487.528996]}
{"IMU":[0.02464379072189331, 0.006431543231010437, 0.78]}
{"Kalman":[0.21648570861179378, 0.32027485287770474, 0.7742347333137678]}
{"CMD":[18.574710946226766, 20.0, 0, 3.4052459717993133]}
{"Distance":[1.061551165079618]}
{"Time":[1615323487.5918443]}
{"IMU":[0.02464379072189331, 0.006431543231010437, 0.78]}
{"Kalman":[0.21648570861179378, 0.32027485287770474, 0.7742347333137678]}
{"CMD":[18.574710946226766, 20.0, 0, 3.4052459717993133]}
{"Distance":[1.061551165079618]}
{"Time":[1615323487.660686]}
{"IMU":[0.02464379072189331, 0.006431543231010437, 0.78]}
{"Kalman":[0.21648570861179378, 0.32027485287770474, 0.7742347333137678]}
{"CMD":[18.574710946226766, 20.0, 0, 3.4052459717993133]}
{"Distance":[1.061551165079618]}
{"Time":[1615323487.7292707]}
{"IMU":[0.13174955368041993, 0.1207360553741455, 0.8]}
{"Kalman":[0.6915794371150122, 0.7324187689891974, 0.7926112752387979]}
{"CMD":[18.2602087151157, 20.0, 0, 3.4052461229240913]}
{"Distance":[0.4579662017634345]}
{"Time":[1615323487.7818503]}
{"IMU":[0.13174955368041993, 0.1207360553741455, 0.8]}
{"Kalman":[0.8765674177964862, 0.921888899756031, 0.7926063995047801]}
{"CMD":[2.1345261608548727, 3.3730170871023253, 0, 3.1281438151636247]}
{"Distance":[0.25367114904364163]}
{"Time":[1615323487.837934]}
{"IMU":[0.13174955368041993, 0.1207360553741455, 0.8]}
{"Kalman":[0.8901073496484058, 0.935756895062783, 0.7926063995047486]}
{"CMD":[1.7555582716762759, 3.0030141212774253, 0, 3.1281438151640995]}
{"Distance":[0.2433427144166349]}
{"Time":[1615323487.9000573]}
{"IMU":[0.13174955368041993, 0.1207360553741455, 0.8]}
{"Kalman":[0.8901073496484058, 0.935756895062783, 0.7926063995047486]}
{"CMD":[1.7555582716762759, 3.0030141212774253, 0, 3.1281438151640995]}
{"Distance":[0.2433427144166349]}
{"Time":[1615323487.987398]}
{"IMU":[0.13174955368041993, 0.1207360553741455, 0.8]}
{"Kalman":[0.8901073496484058, 0.935756895062783, 0.7926063995047486]}
{"CMD":[1.7555582716762759, 3.0030141212774253, 0, 3.1281438151640995]}
{"Distance":[0.2433427144166349]}
{"Time":[1615323488.0455964]}
{"IMU":[0.13174955368041993, 0.1207360553741455, 0.8]}
{"Kalman":[0.8901073496484058, 0.935756895062783, 0.7926063995047486]}
{"CMD":[1.7555582716762759, 3.0030141212774253, 0, 3.1281438151640995]}
{"Distance":[0.2433427144166349]}
{"Time":[1615323488.1040761]}
{"IMU":[0.13174955368041993, 0.1207360553741455, 0.8]}
{"Kalman":[0.8901073496484058, 0.935756895062783, 0.7926063995047486]}
{"CMD":[1.7555582716762759, 3.0030141212774253, 0, 3.1281438151640995]}
{"Distance":[0.2433427144166349]}
{"Time":[1615323488.1915927]}
{"IMU":[0.32359359741210936, 0.29100311279296875, 0.83]}
{"Kalman":[1.2449238156042848, 1.1950561491009652, 0.8228112825221678]}
{"CMD":[-4.0936198282621845, -5.148720549536194, 0, 2.672570052851041]}
{"Distance":[0.35976439283744954]}
{"Time":[1615323488.3362665]}
{"IMU":[0.32359359741210936, 0.29100311279296875, 0.83]}
{"Kalman":[1.2449238156042848, 1.1950561491009652, 0.8228112825221678]}
{"CMD":[-5.330259742740803, -6.692983330037095, 0, 2.6725597577338487]}
{"Distance":[0.35976439283744954]}
{"Time":[1615323488.4213362]}
{"IMU":[0.32359359741210936, 0.29100311279296875, 0.83]}
{"Kalman":[1.2449238156042848, 1.1950561491009652, 0.8228112825221678]}
{"CMD":[-5.330259742740803, -6.692983330037095, 0, 2.6725597577338487]}
{"Distance":[0.35976439283744954]}
{"Time":[1615323488.541569]}
{"IMU":[0.32359359741210936, 0.29100311279296875, 0.83]}
{"Kalman":[1.2449238156042848, 1.1950561491009652, 0.8228112825221678]}
{"CMD":[-5.330259742740803, -6.692983330037095, 0, 2.6725597577338487]}
{"Distance":[0.35976439283744954]}
{"Time":[1615323488.631563]}
{"IMU":[0.503355484008789, 0.43959110260009765, 0.85]}
{"Kalman":[1.3737030237839083, 1.2890319864186168, 0.8425535912792484]}
{"CMD":[-7.898318349215968, -10.212106578525791, 0, 2.3747840265249405]}
{"Distance":[0.4979787252256765]}
{"Time":[1615323488.7491684]}
{"IMU":[0.503355484008789, 0.43959110260009765, 0.85]}
{"Kalman":[1.255506502613475, 1.2015373208889757, 0.8454779940449274]}
