{"IMU":[0.030810000896453856, -0.02185715675354004, 0.74]}
{"Kalman":[0.1283885130174897, -0.08750580618079365, 0.74]}
{"CMD":[0.44769036735444084, 20.0, 0, 3.6199502484483537]}
{"Distance":[0.9137635637051924]}
{"Time":[1615325771.6693382]}
{"IMU":[0.030810000896453856, -0.02185715675354004, 0.74]}
{"Kalman":[-0.03597346104523743, 0.020788361251935908, 0.74]}
{"CMD":[0.597286080296113, 20.0, 0, 3.921612769152383]}
{"Distance":[1.0683038743511084]}
{"Time":[1615325771.7049284]}
{"IMU":[0.030810000896453856, -0.02185715675354004, 0.74]}
{"Kalman":[-0.03597346104523743, 0.020788361251935908, 0.74]}
{"CMD":[0.597286080296113, 20.0, 0, 3.921612769152383]}
{"Distance":[1.0683038743511084]}
{"Time":[1615325771.7344332]}
{"IMU":[0.030810000896453856, -0.02185715675354004, 0.74]}
{"Kalman":[-0.03597346104523743, 0.020788361251935908, 0.74]}
{"CMD":[0.597286080296113, 20.0, 0, 3.921612769152383]}
{"Distance":[1.0683038743511084]}
{"Time":[1615325771.7878501]}
{"IMU":[0.030810000896453856, -0.02185715675354004, 0.74]}
{"Kalman":[-0.03597346104523743, 0.020788361251935908, 0.74]}
{"CMD":[0.597286080296113, 20.0, 0, 3.921612769152383]}
{"Distance":[1.0683038743511084]}
{"Time":[1615325771.8299108]}
{"IMU":[0.030810000896453856, -0.02185715675354004, 0.74]}
{"Kalman":[-0.03597346104523743, 0.020788361251935908, 0.74]}
{"CMD":[0.597286080296113, 20.0, 0, 3.921612769152383]}
{"Distance":[1.0683038743511084]}
{"Time":[1615325771.8820152]}
{"IMU":[0.030810000896453856, -0.02185715675354004, 0.74]}
{"Kalman":[-0.03597346104523743, 0.020788361251935908, 0.74]}
{"CMD":[0.597286080296113, 20.0, 0, 3.921612769152383]}
{"Distance":[1.0683038743511084]}
{"Time":[1615325771.9174778]}
{"IMU":[0.030810000896453856, -0.02185715675354004, 0.74]}
{"Kalman":[-0.03597346104523743, 0.020788361251935908, 0.74]}
{"CMD":[0.597286080296113, 20.0, 0, 3.921612769152383]}
{"Distance":[1.0683038743511084]}
{"Time":[1615325771.9631848]}
{"IMU":[0.030810000896453856, -0.02185715675354004, 0.74]}
{"Kalman":[-0.03597346104523743, 0.020788361251935908, 0.74]}
{"CMD":[0.597286080296113, 20.0, 0, 3.921612769152383]}
{"Distance":[1.0683038743511084]}
{"Time":[1615325772.0073092]}
{"IMU":[0.020343000888824462, -0.006588326096534729, 0.75]}
{"Kalman":[-0.05850394165626287, 0.04312420405031769, 0.75]}
{"CMD":[0.1800378482107229, 20.0, 0, 3.770781508800369]}
{"Distance":[1.0884807262771439]}
{"Time":[1615325772.045891]}
{"IMU":[0.020343000888824462, -0.006588326096534729, 0.75]}
{"Kalman":[0.016508451005268297, 0.05067278379488224, 0.75]}
{"CMD":[0.1800378482107229, 20.0, 0, 3.770781508800369]}
{"Distance":[1.0160331480623945]}
{"Time":[1615325772.0789578]}
{"IMU":[0.020343000888824462, -0.006588326096534729, 0.75]}
{"Kalman":[0.06837506066069186, 0.05540512639789904, 0.75]}
{"CMD":[0.1800378482107229, 20.0, 0, 3.770781508800369]}
{"Distance":[0.9661753234429746]}
{"Time":[1615325772.1318545]}
{"IMU":[0.020343000888824462, -0.006588326096534729, 0.75]}
{"Kalman":[0.06837506066069186, 0.05540512639789904, 0.75]}
{"CMD":[0.1800378482107229, 20.0, 0, 3.770781508800369]}
{"Distance":[0.9661753234429746]}
{"Time":[1615325772.1668882]}
{"IMU":[0.020343000888824462, -0.006588326096534729, 0.75]}
{"Kalman":[0.06837506066069186, 0.05540512639789904, 0.75]}
{"CMD":[0.1800378482107229, 20.0, 0, 3.770781508800369]}
{"Distance":[0.9661753234429746]}
{"Time":[1615325772.2004683]}
{"IMU":[0.020343000888824462, -0.006588326096534729, 0.75]}
{"Kalman":[0.06837506066069186, 0.05540512639789904, 0.75]}
{"CMD":[0.1800378482107229, 20.0, 0, 3.770781508800369]}
{"Distance":[0.9661753234429746]}
{"Time":[1615325772.2366757]}
{"IMU":[0.020343000888824462, -0.006588326096534729, 0.75]}
{"Kalman":[0.06837506066069186, 0.05540512639789904, 0.75]}
{"CMD":[0.1800378482107229, 20.0, 0, 3.770781508800369]}
{"Distance":[0.9661753234429746]}
{"Time":[1615325772.2663724]}
{"IMU":[0.020343000888824462, -0.006588326096534729, 0.75]}
{"Kalman":[0.06837506066069186, 0.05540512639789904, 0.75]}
{"CMD":[0.1800378482107229, 20.0, 0, 3.770781508800369]}
{"Distance":[0.9661753234429746]}
{"Time":[1615325772.299854]}
{"IMU":[0.020343000888824462, -0.006588326096534729, 0.75]}
{"Kalman":[0.06837506066069186, 0.05540512639789904, 0.75]}
{"CMD":[0.1800378482107229, 20.0, 0, 3.770781508800369]}
{"Distance":[0.9661753234429746]}
{"Time":[1615325772.3460674]}
{"IMU":[0.020343000888824462, -0.006588326096534729, 0.75]}
{"Kalman":[0.06837506066069186, 0.05540512639789904, 0.75]}
{"CMD":[0.1800378482107229, 20.0, 0, 3.770781508800369]}
{"Distance":[0.9661753234429746]}
{"Time":[1615325772.40056]}
{"IMU":[0.020343000888824462, -0.006588326096534729, 0.75]}
{"Kalman":[0.06837506066069186, 0.05540512639789904, 0.75]}
{"CMD":[0.1800378482107229, 20.0, 0, 3.770781508800369]}
{"Distance":[0.9661753234429746]}
{"Time":[1615325772.4578753]}
{"IMU":[0.020343000888824462, -0.006588326096534729, 0.75]}
{"Kalman":[0.06837506066069186, 0.05540512639789904, 0.75]}
{"CMD":[0.1800378482107229, 20.0, 0, 3.770781508800369]}
{"Distance":[0.9661753234429746]}
{"Time":[1615325772.5124376]}
{"IMU":[0.048589859008789066, 0.006664762496948242, 0.78]}
{"Kalman":[0.22741903750934075, 0.08376811123214865, 0.78]}
{"CMD":[-0.1821266101896815, 20.0, 0, 3.318287727744324]}
{"Distance":[0.807649948964522]}
{"Time":[1615325772.6197433]}
{"IMU":[0.048589859008789066, 0.006664762496948242, 0.78]}
{"Kalman":[0.31120668405361435, 0.10010794417737238, 0.78]}
{"CMD":[-0.1821266101896815, 20.0, 0, 3.318287727744324]}
{"Distance":[0.7299711176340044]}
{"Time":[1615325772.7196636]}
{"IMU":[0.048589859008789066, 0.006664762496948242, 0.78]}
{"Kalman":[0.31120668405361435, 0.10010794417737238, 0.78]}
{"CMD":[-0.1821266101896815, 20.0, 0, 3.318287727744324]}
{"Distance":[0.7299711176340044]}
{"Time":[1615325772.7583375]}
{"IMU":[0.048589859008789066, 0.006664762496948242, 0.78]}
{"Kalman":[0.31120668405361435, 0.10010794417737238, 0.78]}
{"CMD":[-0.1821266101896815, 20.0, 0, 3.318287727744324]}
{"Distance":[0.7299711176340044]}
{"Time":[1615325772.8002682]}
{"IMU":[0.048589859008789066, 0.006664762496948242, 0.78]}
{"Kalman":[0.31120668405361435, 0.10010794417737238, 0.78]}
{"CMD":[-0.1821266101896815, 20.0, 0, 3.318287727744324]}
{"Distance":[0.7299711176340044]}
{"Time":[1615325772.8616343]}
{"IMU":[0.048589859008789066, 0.006664762496948242, 0.78]}
{"Kalman":[0.31120668405361435, 0.10010794417737238, 0.78]}
{"CMD":[-0.1821266101896815, 20.0, 0, 3.318287727744324]}
{"Distance":[0.7299711176340044]}
{"Time":[1615325772.9145205]}
{"IMU":[0.048589859008789066, 0.006664762496948242, 0.78]}
{"Kalman":[0.31120668405361435, 0.10010794417737238, 0.78]}
{"CMD":[-0.1821266101896815, 20.0, 0, 3.318287727744324]}
{"Distance":[0.7299711176340044]}
{"Time":[1615325772.983016]}
{"IMU":[0.12103418350219726, 0.017036156654357912, 0.81]}
{"Kalman":[0.35582094931179353, 0.10577748133828506, 0.81]}
{"CMD":[-0.465543590418911, 20.0, 0, 2.8657939466882794]}
{"Distance":[0.6798937600124229]}
{"Time":[1615325773.0509517]}
{"IMU":[0.12103418350219726, 0.017036156654357912, 0.81]}
{"Kalman":[0.5689014331310105, 0.07893509420769981, 0.81]}
{"CMD":[-0.465543590418911, 20.0, 0, 2.8657939466882794]}
{"Distance":[0.47767847288115783]}
{"Time":[1615325773.154083]}
{"IMU":[0.12103418350219726, 0.017036156654357912, 0.81]}
{"Kalman":[0.5689014331310105, 0.07893509420769981, 0.81]}
{"CMD":[-0.465543590418911, 20.0, 0, 2.8657939466882794]}
{"Distance":[0.47767847288115783]}
{"Time":[1615325773.2049992]}
{"IMU":[0.12103418350219726, 0.017036156654357912, 0.81]}
{"Kalman":[0.5689014331310105, 0.07893509420769981, 0.81]}
{"CMD":[-0.465543590418911, 20.0, 0, 2.8657939466882794]}
{"Distance":[0.47767847288115783]}
{"Time":[1615325773.2471282]}
{"IMU":[0.12103418350219726, 0.017036156654357912, 0.81]}
{"Kalman":[0.5689014331310105, 0.07893509420769981, 0.81]}
{"CMD":[-0.465543590418911, 20.0, 0, 2.8657939466882794]}
{"Distance":[0.47767847288115783]}
{"Time":[1615325773.2883627]}
