{"IMU":[0.00709481418132782, 0.0030366122722625733, 0.8]}
{"Kalman":[-0.014195747548736426, 0.0070273430910454265, 0.8]}
{"CMD":[0, 7.17427534566122, 0, 5]}
{"Distance":[1.033751613249943]}
{"Time":[0.5]}
{"Title":['ModelBasedAgentPID']}
{"IMU":[-0.02361856460571289, -0.012571763992309571, 0.84]}
{"Kalman":[-0.034826423588680544, -0.018158389567393074, 0.84]}
{"CMD":[0, 7.298595366445079, 0, 5]}
{"Distance":[1.0472800265779065]}
{"Time":[1.1]}
{"Title":['ModelBasedAgentPID']}
{"IMU":[-0.02382580280303955, -0.02699831247329712, 0.88]}
{"Kalman":[-0.018312357869563985, -0.04068568461985194, 0.88]}
{"CMD":[5, 7.443010682691591, 0, 5]}
{"Distance":[1.026165378056996]}
{"Time":[1.6]}
{"Title":['ModelBasedAgentPID']}
{"IMU":[-0.011203621625900268, -0.036327090263366696, 0.91]}
{"Kalman":[0.009178567025882139, -0.0439692319106951, 0.91]}
{"CMD":[5, 7.327395197659511, 0, 5]}
{"Distance":[0.9958716811897509]}
{"Time":[2.1]}
{"Title":['ModelBasedAgentPID']}
{"IMU":[0.01583696365356445, -0.04254752159118652, 0.94]}
{"Kalman":[0.05318709737901386, -0.04551977303223187, 0.94]}
{"CMD":[5, 7.134953093354095, 0, 5]}
{"Distance":[0.9498035177374755]}
{"Time":[2.7]}
{"Title":['ModelBasedAgentPID']}
{"IMU":[0.06719748020172119, -0.042149534225463865, 0.96]}
{"Kalman":[0.12390032942769358, -0.0342821273300864, 0.96]}
{"CMD":[5, 6.826887797334582, 0, 5]}
{"Distance":[0.8776821161623268]}
{"Time":[3.2]}
{"Title":['ModelBasedAgentPID']}
{"IMU":[0.1337109088897705, -0.030739874839782716, 0.99]}
{"Kalman":[0.2103316286973748, -0.011496466563567096, 0.99]}
{"CMD":[5, 6.331879951217934, 0, 5]}
{"Distance":[0.7898153615745822]}
{"Time":[3.8]}
{"Title":['ModelBasedAgentPID']}
{"IMU":[0.216295108795166, -0.011572058200836182, 1.02]}
{"Kalman":[0.3017786062294952, 0.01640470097289377, 1.02]}
{"CMD":[0, 5.726854313067303, 0, 5]}
{"Distance":[0.6987003856681607]}
{"Time":[4.3]}
{"Title":['ModelBasedAgentPID']}
{"IMU":[0.30278270721435546, 0.0044764247536659245, 1.04]}
{"Kalman":[0.3915678814857838, 0.019084123919064604, 1.04]}
{"CMD":[-5, 5.0867231177729195, 0, 0]}
{"Distance":[0.6100441349816056]}
{"Time":[4.9]}
{"Title":['ModelBasedAgentPID']}
{"IMU":[0.40658332824707033, -0.0068132376670837404, 1.04]}
{"Kalman":[0.5068135127020248, -0.023185671275890305, 1.04]}
{"CMD":[-5, 5, 0, -5]}
{"Distance":[0.495348853441521]}
{"Time":[5.4]}
{"Title":['ModelBasedAgentPID']}
{"IMU":[0.5001372146606445, -0.036053557395935056, 1.02]}
{"Kalman":[0.6069934838631097, -0.06575040476674338, 1.02]}
{"CMD":[5, 5, 0, -5]}
{"Distance":[0.3989702212609939]}
{"Time":[6.0]}
{"Title":['ModelBasedAgentPID']}
{"IMU":[0.6094636154174805, -0.0589632797241211, 1.0]}
{"Kalman":[0.7244353632075204, -0.05980217906330469, 1.0]}
{"CMD":[5, 5, 0, -5]}
{"Distance":[0.2819790234597083]}
{"Time":[6.5]}
{"Title":['ModelBasedAgentPID']}
{"IMU":[0.857786636352539, -0.008343398571014404, 0.98]}
{"Kalman":[0.9760756961525351, 0.02367939648164869, 0.98]}
{"CMD":[5, 5, 0, 0]}
{"Distance":[0.039154643815528974]}
{"Time":[7.1]}
{"Title":['ModelBasedAgentPID']}
