{"IMU":[0.02740079402923584, -0.020723552703857423, 0.78]}
{"Kalman":[0.06889222296311819, -0.033308319675242344, 0.7821790784210622]}
{"CMD":[0.5566751153797946, 20.0, 0, 3.7753284093084756]}
{"Distance":[1.9436390211583563]}
{"Time":[1615321186.7504115]}
{"IMU":[0.02740079402923584, -0.020723552703857423, 0.78]}
{"Kalman":[-0.008215784952865401, -0.01658344921661308, 0.7816440419852858]}
{"CMD":[0.45317254627714665, 20.0, 0, 3.293490435273096]}
{"Distance":[2.020120039532873]}
{"Time":[1615321186.8083382]}
{"IMU":[0.02740079402923584, -0.020723552703857423, 0.78]}
{"Kalman":[-0.008215784952865401, -0.01658344921661308, 0.7816440419852858]}
{"CMD":[0.45317254627714665, 20.0, 0, 3.293490435273096]}
{"Distance":[2.020120039532873]}
{"Time":[1615321186.8474042]}
{"IMU":[0.02740079402923584, -0.020723552703857423, 0.78]}
{"Kalman":[-0.008215784952865401, -0.01658344921661308, 0.7816440419852858]}
{"CMD":[0.45317254627714665, 20.0, 0, 3.293490435273096]}
{"Distance":[2.020120039532873]}
{"Time":[1615321186.87641]}
{"IMU":[0.02740079402923584, -0.020723552703857423, 0.78]}
{"Kalman":[-0.008215784952865401, -0.01658344921661308, 0.7816440419852858]}
{"CMD":[0.45317254627714665, 20.0, 0, 3.293490435273096]}
{"Distance":[2.020120039532873]}
{"Time":[1615321186.906461]}
{"IMU":[0.02740079402923584, -0.020723552703857423, 0.78]}
{"Kalman":[-0.008215784952865401, -0.01658344921661308, 0.7816440419852858]}
{"CMD":[0.45317254627714665, 20.0, 0, 3.293490435273096]}
{"Distance":[2.020120039532873]}
{"Time":[1615321186.9362032]}
{"IMU":[0.02740079402923584, -0.020723552703857423, 0.78]}
{"Kalman":[-0.008215784952865401, -0.01658344921661308, 0.7816440419852858]}
{"CMD":[0.45317254627714665, 20.0, 0, 3.293490435273096]}
{"Distance":[2.020120039532873]}
{"Time":[1615321186.9651935]}
{"IMU":[0.02740079402923584, -0.020723552703857423, 0.78]}
{"Kalman":[-0.008215784952865401, -0.01658344921661308, 0.7816440419852858]}
{"CMD":[0.45317254627714665, 20.0, 0, 3.293490435273096]}
{"Distance":[2.020120039532873]}
{"Time":[1615321186.9942188]}
{"IMU":[0.02740079402923584, -0.020723552703857423, 0.78]}
{"Kalman":[-0.008215784952865401, -0.01658344921661308, 0.7816440419852858]}
{"CMD":[0.45317254627714665, 20.0, 0, 3.293490435273096]}
{"Distance":[2.020120039532873]}
{"Time":[1615321187.0275648]}
{"IMU":[0.02740079402923584, -0.020723552703857423, 0.78]}
{"Kalman":[-0.008215784952865401, -0.01658344921661308, 0.7816440419852858]}
{"CMD":[0.45317254627714665, 20.0, 0, 3.293490435273096]}
{"Distance":[2.020120039532873]}
{"Time":[1615321187.0766277]}
{"IMU":[0.02740079402923584, -0.020723552703857423, 0.78]}
{"Kalman":[-0.008215784952865401, -0.01658344921661308, 0.7816440419852858]}
{"CMD":[0.45317254627714665, 20.0, 0, 3.293490435273096]}
{"Distance":[2.020120039532873]}
{"Time":[1615321187.1181448]}
{"IMU":[0.02780597925186157, -0.009569820165634155, 0.78]}
{"Kalman":[-0.016572954118335557, -0.007657874518776136, 0.7816440371069958]}
{"CMD":[0.29539349113809865, 20.0, 0, 3.293490507956382]}
{"Distance":[2.028374829476699]}
{"Time":[1615321187.1702335]}
{"IMU":[0.02780597925186157, -0.009569820165634155, 0.78]}
{"Kalman":[0.07833460903506695, 0.024752120466892045, 0.775792618310049]}
{"CMD":[-0.5346942026764577, 20.0, 0, 3.3779862432212444]}
{"Distance":[1.9348590368045626]}
{"Time":[1615321187.213088]}
{"IMU":[0.02780597925186157, -0.009569820165634155, 0.78]}
{"Kalman":[0.10804252602800145, 0.03896102187039754, 0.7757162537905072]}
{"CMD":[-1.0646799261084985, 20.0, 0, 3.3829000117249204]}
{"Distance":[1.9056033803909604]}
{"Time":[1615321187.2630756]}
{"IMU":[0.02780597925186157, -0.009569820165634155, 0.78]}
{"Kalman":[0.10804252602800145, 0.03896102187039754, 0.7757162537905072]}
{"CMD":[-1.0646799261084985, 20.0, 0, 3.3829000117249204]}
{"Distance":[1.9056033803909604]}
{"Time":[1615321187.322646]}
{"IMU":[0.02780597925186157, -0.009569820165634155, 0.78]}
{"Kalman":[0.10804252602800145, 0.03896102187039754, 0.7757162537905072]}
{"CMD":[-1.0646799261084985, 20.0, 0, 3.3829000117249204]}
{"Distance":[1.9056033803909604]}
{"Time":[1615321187.3700202]}
{"IMU":[0.02780597925186157, -0.009569820165634155, 0.78]}
{"Kalman":[0.10804252602800145, 0.03896102187039754, 0.7757162537905072]}
{"CMD":[-1.0646799261084985, 20.0, 0, 3.3829000117249204]}
{"Distance":[1.9056033803909604]}
{"Time":[1615321187.4295564]}
{"IMU":[0.02780597925186157, -0.009569820165634155, 0.78]}
{"Kalman":[0.10804252602800145, 0.03896102187039754, 0.7757162537905072]}
{"CMD":[-1.0646799261084985, 20.0, 0, 3.3829000117249204]}
{"Distance":[1.9056033803909604]}
{"Time":[1615321187.487614]}
{"IMU":[0.02780597925186157, -0.009569820165634155, 0.78]}
{"Kalman":[0.10804252602800145, 0.03896102187039754, 0.7757162537905072]}
{"CMD":[-1.0646799261084985, 20.0, 0, 3.3829000117249204]}
{"Distance":[1.9056033803909604]}
{"Time":[1615321187.541795]}
{"IMU":[0.02780597925186157, -0.009569820165634155, 0.78]}
{"Kalman":[0.10804252602800145, 0.03896102187039754, 0.7757162537905072]}
{"CMD":[-1.0646799261084985, 20.0, 0, 3.3829000117249204]}
{"Distance":[1.9056033803909604]}
{"Time":[1615321187.595686]}
{"IMU":[0.02780597925186157, -0.009569820165634155, 0.78]}
{"Kalman":[0.10804252602800145, 0.03896102187039754, 0.7757162537905072]}
{"CMD":[-1.0646799261084985, 20.0, 0, 3.3829000117249204]}
{"Distance":[1.9056033803909604]}
{"Time":[1615321187.6424582]}
{"IMU":[0.07860851287841797, -0.007501397132873535, 0.8]}
{"Kalman":[0.15705522927414411, 0.04395160612100133, 0.7957020783656045]}
{"CMD":[-1.201056607624857, 20.0, 0, 3.081451300741302]}
{"Distance":[1.8547546501924526]}
{"Time":[1615321187.711128]}
{"IMU":[0.07860851287841797, -0.007501397132873535, 0.8]}
{"Kalman":[0.2818512457063126, 0.03213603075719769, 0.7958649148408387]}
{"CMD":[-0.8781747810878083, 20.0, 0, 3.0789952176622166]}
{"Distance":[1.730531421080448]}
{"Time":[1615321187.7759485]}
{"IMU":[0.07860851287841797, -0.007501397132873535, 0.8]}
{"Kalman":[0.31338270658079487, 0.02730940431411334, 0.795865365286443]}
{"CMD":[-0.7462785412543038, 20.0, 0, 3.078988423534394]}
{"Distance":[1.6991452695736038]}
{"Time":[1615321187.8390553]}
{"IMU":[0.07860851287841797, -0.007501397132873535, 0.8]}
{"Kalman":[0.31338270658079487, 0.02730940431411334, 0.795865365286443]}
{"CMD":[-0.7462785412543038, 20.0, 0, 3.078988423534394]}
{"Distance":[1.6991452695736038]}
{"Time":[1615321187.877045]}
{"IMU":[0.07860851287841797, -0.007501397132873535, 0.8]}
{"Kalman":[0.31338270658079487, 0.02730940431411334, 0.795865365286443]}
{"CMD":[-0.7462785412543038, 20.0, 0, 3.078988423534394]}
{"Distance":[1.6991452695736038]}
{"Time":[1615321187.9273698]}
{"IMU":[0.07860851287841797, -0.007501397132873535, 0.8]}
{"Kalman":[0.31338270658079487, 0.02730940431411334, 0.795865365286443]}
{"CMD":[-0.7462785412543038, 20.0, 0, 3.078988423534394]}
{"Distance":[1.6991452695736038]}
{"Time":[1615321187.9684274]}
{"IMU":[0.07860851287841797, -0.007501397132873535, 0.8]}
{"Kalman":[0.31338270658079487, 0.02730940431411334, 0.795865365286443]}
{"CMD":[-0.7462785412543038, 20.0, 0, 3.078988423534394]}
{"Distance":[1.6991452695736038]}
{"Time":[1615321188.0290182]}
{"IMU":[0.07860851287841797, -0.007501397132873535, 0.8]}
{"Kalman":[0.31338270658079487, 0.02730940431411334, 0.795865365286443]}
{"CMD":[-0.7462785412543038, 20.0, 0, 3.078988423534394]}
{"Distance":[1.6991452695736038]}
{"Time":[1615321188.1091986]}
{"IMU":[0.17696809768676758, -0.02210348129272461, 0.82]}
{"Kalman":[0.6495185227109526, 0.011499901392807654, 0.8151043292213737]}
{"CMD":[-0.34565594905332253, 20.0, 0, 2.7887707020655594]}
{"Distance":[1.3631283421987566]}
{"Time":[1615321188.2315335]}
{"IMU":[0.17696809768676758, -0.02210348129272461, 0.82]}
{"Kalman":[0.6495185227109526, 0.011499901392807654, 0.8151043292213737]}
{"CMD":[-0.3142554680900761, 20.0, 0, 2.7888047057171397]}
{"Distance":[1.3631283421987566]}
{"Time":[1615321188.303871]}
{"IMU":[0.17696809768676758, -0.02210348129272461, 0.82]}
