{"IMU":[2.6228659149908435, 1.421317859447537, 0.76]}
{"Kalman":[2.551153800318709, 1.4570023336201974, 0.76]}
{"UWB":[2.521550531082724, 1.4775397663385847, 1.4379368707677112]}
{"Distance":[1.5623887191542836]}
{"Time":[1615478355.0800893]}
{"IMU":[2.6228659149908435, 1.421317859447537, 0.76]}
{"Kalman":[2.551153800318709, 1.4570023336201974, 0.76]}
{"UWB":[2.5211876193137712, 1.4778159345882367, 1.4390594917058772]}
{"Distance":[1.5623887191542836]}
{"Time":[1615478355.132612]}
{"IMU":[2.6228659149908435, 1.421317859447537, 0.76]}
{"Kalman":[2.551153800318709, 1.4570023336201974, 0.76]}
{"UWB":[2.5208275427930134, 1.4780899452734384, 1.4401733421679637]}
{"Distance":[1.5623887191542836]}
{"Time":[1615478355.1506174]}
{"IMU":[2.6228659149908435, 1.421317859447537, 0.76]}
{"Kalman":[2.551153800318709, 1.4570023336201974, 0.76]}
{"UWB":[2.5204702684241678, 1.4783618235797666, 1.441278524533069]}
{"Distance":[1.5623887191542836]}
{"Time":[1615478355.1738327]}
{"IMU":[2.6228659149908435, 1.421317859447537, 0.76]}
{"Kalman":[2.551153800318709, 1.4570023336201974, 0.76]}
{"UWB":[2.5201157636240734, 1.4786315943023252, 1.4423751395930184]}
{"Distance":[1.5623887191542836]}
{"Time":[1615478355.194144]}
{"IMU":[2.6228659149908435, 1.421317859447537, 0.76]}
{"Kalman":[2.551153800318709, 1.4570023336201974, 0.76]}
{"UWB":[2.519700033513556, 1.4789029172586865, 1.4433443336679488]}
{"Distance":[1.5623887191542836]}
{"Time":[1615478355.2356231]}
{"IMU":[2.6228659149908435, 1.421317859447537, 0.76]}
{"Kalman":[2.551153800318709, 1.4570023336201974, 0.76]}
{"UWB":[2.5192237845385064, 1.4791757745384613, 1.4441875769999943]}
{"Distance":[1.5623887191542836]}
{"Time":[1615478355.2777615]}
{"IMU":[2.6228659149908435, 1.421317859447537, 0.76]}
{"Kalman":[2.551153800318709, 1.4570023336201974, 0.76]}
{"UWB":[2.51875118498089, 1.4794465409578543, 1.4450243586973117]}
{"Distance":[1.5623887191542836]}
{"Time":[1615478355.3060803]}
{"IMU":[2.6228659149908435, 1.421317859447537, 0.76]}
{"Kalman":[2.551153800318709, 1.4570023336201974, 0.76]}
{"UWB":[2.5182821930534844, 1.4797152404580156, 1.4458547527480847]}
{"Distance":[1.5623887191542836]}
{"Time":[1615478355.3259773]}
{"IMU":[2.6228659149908435, 1.421317859447537, 0.76]}
{"Kalman":[2.551153800318709, 1.4570023336201974, 0.76]}
{"UWB":[2.5178167676046144, 1.4799818966159701, 1.4466788320152015]}
{"Distance":[1.5623887191542836]}
{"Time":[1615478355.346729]}
{"IMU":[2.6228659149908435, 1.421317859447537, 0.76]}
{"Kalman":[2.551153800318709, 1.4570023336201974, 0.76]}
{"UWB":[2.5173548681061146, 1.480246532651516, 1.4474966682575676]}
{"Distance":[1.5623887191542836]}
{"Time":[1615478355.366577]}
{"IMU":[2.6228659149908435, 1.421317859447537, 0.76]}
{"Kalman":[2.551153800318709, 1.4570023336201974, 0.76]}
{"UWB":[2.5168964546415653, 1.4805091714339633, 1.4483083321509345]}
{"Distance":[1.5623887191542836]}
{"Time":[1615478355.3891413]}
{"IMU":[2.6228659149908435, 1.421317859447537, 0.76]}
{"Kalman":[2.551153800318709, 1.4570023336201974, 0.76]}
{"UWB":[2.5153236543820805, 1.4813257337453174, 1.454611575730329]}
{"Distance":[1.5623887191542836]}
{"Time":[1615478355.4162853]}
{"IMU":[2.6228659149908435, 1.421317859447537, 0.76]}
{"Kalman":[2.5443217873868758, 1.4609333992830222, 0.76]}
{"UWB":[2.5111174958899722, 1.4835094760733882, 1.471468415211003]}
{"Distance":[1.5582972830239037]}
{"Time":[1615478355.5230062]}
{"IMU":[2.6135015270017994, 1.421317859447537, 0.76]}
{"Kalman":[2.5408335697753306, 1.4617573772493846, 0.76]}
{"UWB":[2.5088940126679438, 1.484663858257704, 1.4803793727586154]}
{"Distance":[1.5573881169661237]}
{"Time":[1615478355.597496]}
{"IMU":[2.6135015270017994, 1.4156358224032206, 0.78]}
{"Kalman":[2.5323177223394455, 1.46878759823047, 0.78]}
{"UWB":[2.506853884328673, 1.4861959188162315, 1.4826190751589898]}
{"Distance":[1.5472736844236776]}
{"Time":[1615478355.7273452]}
{"IMU":[2.6135015270017994, 1.4156358224032206, 0.78]}
{"Kalman":[2.528987453621111, 1.4743179927247372, 0.78]}
{"UWB":[2.502296393350554, 1.4904291479209197, 1.5053625177662904]}
{"Distance":[1.5417346917647379]}
{"Time":[1615478355.8421984]}
{"IMU":[2.5835146316789994, 1.4633381783840935, 0.78]}
{"Kalman":[2.5204053717141113, 1.476658283461411, 0.78]}
{"UWB":[2.498777239747505, 1.493736389983108, 1.5237661713467612]}
{"Distance":[1.5392811194000677]}
{"Time":[1615478355.9264338]}
{"IMU":[2.5835146316789994, 1.4633381783840935, 0.8]}
{"Kalman":[2.5172554033978782, 1.4902018275862254, 0.8]}
{"UWB":[2.499552126863726, 1.4922067978817122, 1.5320205152216468]}
{"Distance":[1.5230851159309506]}
{"Time":[1615478356.0564454]}
{"IMU":[2.5835146316789994, 1.4633381783840935, 0.8]}
{"Kalman":[2.5181969454970203, 1.4896996303641168, 0.8]}
{"UWB":[2.501060942852519, 1.491418041215504, 1.5340192691247774]}
{"Distance":[1.5235938879332993]}
{"Time":[1615478356.123019]}
{"IMU":[2.5835146316789994, 1.4633381783840935, 0.8]}
{"Kalman":[2.515147458570869, 1.5149767254702617, 0.8]}
{"UWB":[2.502995025532598, 1.4902768833544866, 1.5403149677424353]}
{"Distance":[1.4985071142294195]}
{"Time":[1615478356.275223]}
{"IMU":[2.5835146316789994, 1.4633381783840935, 0.8]}
{"Kalman":[2.5168622095058013, 1.5141670487129144, 0.8]}
{"UWB":[2.505461408961248, 1.4889229098759345, 1.5476532348372107]}
{"Distance":[1.4993278138018744]}
{"Time":[1615478356.3969738]}
{"IMU":[2.5835146316789994, 1.4633381783840935, 0.8]}
{"Kalman":[2.5183940382624934, 1.5137611804695592, 0.8]}
{"UWB":[2.5077372935213535, 1.4887496388109456, 1.5522569723018333]}
{"Distance":[1.4997480352788732]}
{"Time":[1615478356.5307822]}
{"IMU":[2.5405747839712514, 1.565579031693725, 0.83]}
{"Kalman":[2.505644614357711, 1.564926865416564, 0.83]}
{"UWB":[2.5122093738930675, 1.4915392704457402, 1.5602657450222759]}
{"Distance":[1.4451182523497432]}
{"Time":[1615478356.67693]}
{"IMU":[2.5405747839712514, 1.565579031693725, 0.83]}
{"Kalman":[2.5065750488884957, 1.5773381363733072, 0.83]}
{"UWB":[2.514339172463627, 1.4967517770991023, 1.5683118171136992]}
{"Distance":[1.4327979653411227]}
{"Time":[1615478356.8034308]}
{"IMU":[2.473414354016722, 1.565579031693725, 0.83]}
{"Kalman":[2.494873075873924, 1.5786141836790097, 0.83]}
{"UWB":[2.5169381834577553, 1.498086512410304, 1.5928733219799232]}
{"Distance":[1.431525034426392]}
{"Time":[1615478356.9317915]}
{"IMU":[2.473414354016722, 1.7544546592114252, 0.85]}
{"Kalman":[2.4912772201976785, 1.6334040339457285, 0.85]}
{"UWB":[2.5200747220227244, 1.500417762517658, 1.6058739053324103]}
{"Distance":[1.3748311246561475]}
{"Time":[1615478357.0488055]}
{"IMU":[2.473414354016722, 1.7544546592114252, 0.85]}
{"Kalman":[2.492486177603602, 1.677907019172836, 0.85]}
{"UWB":[2.5229586063195306, 1.5096092575416535, 1.61527840711113]}
{"Distance":[1.3305962225556858]}
{"Time":[1615478357.2027953]}
{"IMU":[2.473414354016722, 1.7544546592114252, 0.85]}
{"Kalman":[2.492486177603602, 1.677907019172836, 0.85]}
{"UWB":[2.5231877941413563, 1.5114527484071902, 1.6170887670637293]}
{"Distance":[1.3305962225556858]}
{"Time":[1615478357.2732434]}
{"IMU":[2.473414354016722, 1.7544546592114252, 0.85]}
{"Kalman":[2.492486177603602, 1.677907019172836, 0.85]}
{"UWB":[2.523650359295659, 1.5133033465055126, 1.618227382127089]}
{"Distance":[1.3305962225556858]}
{"Time":[1615478357.3432431]}
{"IMU":[2.473414354016722, 1.7544546592114252, 0.85]}
{"Kalman":[2.492486177603602, 1.677907019172836, 0.85]}
{"UWB":[2.5246374243664675, 1.5157130196280846, 1.6186848002204013]}
{"Distance":[1.3305962225556858]}
{"Time":[1615478357.433026]}
{"IMU":[2.473414354016722, 1.7544546592114252, 0.85]}
{"Kalman":[2.4972739798176145, 1.6919601593663016, 0.85]}
{"UWB":[2.530923118849857, 1.5310579745872515, 1.6215976683491258]}
{"Distance":[1.3166152269630889]}
{"Time":[1615478357.5845284]}
{"IMU":[2.4075460430883777, 1.975153130280761, 0.85]}
{"Kalman":[2.4827264076790256, 1.765221927373923, 0.85]}
{"UWB":[2.536921130612576, 1.5463130017310056, 1.6233839620639254]}
{"Distance":[1.2439755888400064]}
