{"IMU":[0.00289057195186615, 0.00022780433297157288, 0.75]}
{"Kalman":[0.004486083177515006, -2.6980729905209044e-05, 0.75]}
{"CMD":[0, 10.0, 0, 5]}
{"Distance":[1.0264248434811023]}
{"Time":[0.5]}
{"Title":['ModelBasedAgentLQR']}
{"IMU":[0.020228493213653564, 0.07202422618865967, 0.81]}
{"Kalman":[0.1048105287639208, 0.0674804896812557, 0.81]}
{"CMD":[0, 10.0, 0, 5]}
{"Distance":[0.9176152820760741]}
{"Time":[1.1]}
{"Title":['ModelBasedAgentLQR']}
{"IMU":[0.05249390602111816, 0.1816916847229004, 0.84]}
{"Kalman":[0.18422857099854695, 0.1644216801335911, 0.84]}
{"CMD":[-5, 10.0, 0, 5]}
{"Distance":[0.8474181454707149]}
{"Time":[1.7]}
{"Title":['ModelBasedAgentLQR']}
{"IMU":[0.11510536193847656, 0.32158870697021485, 0.88]}
{"Kalman":[0.2866140391560055, 0.281700280370736, 0.88]}
{"CMD":[-5, 10.0, 0, 5]}
{"Distance":[0.7763211816576052]}
{"Time":[2.2]}
{"Title":['ModelBasedAgentLQR']}
{"IMU":[0.2116383934020996, 0.4989426803588867, 0.91]}
{"Kalman":[0.4185834544284214, 0.4394605254755636, 0.91]}
{"CMD":[-5, 8.817935417971805, 0, 5]}
{"Distance":[0.7343505654084063]}
{"Time":[2.8]}
{"Title":['ModelBasedAgentLQR']}
{"IMU":[0.33308258056640627, 0.696845932006836, 0.95]}
{"Kalman":[0.5601061970727719, 0.6203010404473028, 0.95]}
{"CMD":[-5.432030829155748, 7.1867037356957555, 0, 5]}
{"Distance":[0.7620891933584845]}
{"Time":[3.3]}
{"Title":['ModelBasedAgentLQR']}
{"IMU":[0.4818487548828125, 0.9154009246826171, 0.98]}
{"Kalman":[0.7201369539766139, 0.8230696396245165, 0.98]}
{"CMD":[-7.667342525067129, 5.437386432989499, 0, 5]}
{"Distance":[0.8695786084081871]}
{"Time":[3.8]}
{"Title":['ModelBasedAgentLQR']}
{"IMU":[0.6366915130615234, 1.1097645568847656, 1.03]}
{"Kalman":[0.8792383309002487, 0.982623870938558, 1.03]}
{"CMD":[-10.0, 5, 0, 5]}
{"Distance":[0.9904711265160806]}
{"Time":[4.3]}
{"Title":['ModelBasedAgentLQR']}
{"IMU":[0.6366915130615234, 1.1097645568847656, 1.03]}
{"Kalman":[0.8792383309002487, 0.982623870938558, 1.03]}
{"CMD":[-10.0, 5, 0, -5]}
{"Distance":[0.9904711265160806]}
{"Time":[4.8]}
{"Title":['ModelBasedAgentLQR']}
{"IMU":[0.6366915130615234, 1.1097645568847656, 1.03]}
{"Kalman":[0.8792503068297051, 0.982542521797006, 1.03]}
{"CMD":[-10.0, 5, 0, -5]}
{"Distance":[0.9903889617417696]}
{"Time":[5.4]}
{"Title":['ModelBasedAgentLQR']}
{"IMU":[0.6366915130615234, 1.1097645568847656, 1.03]}
{"Kalman":[0.8792542985625396, 0.9825154070715412, 1.03]}
{"CMD":[-10.0, 5, 0, -5]}
{"Distance":[0.9903615751575687]}
{"Time":[5.9]}
{"Title":['ModelBasedAgentLQR']}
{"IMU":[0.6366915130615234, 1.1097645568847656, 1.03]}
{"Kalman":[0.879254298684365, 0.9825154062440149, 1.03]}
{"CMD":[-10.0, 5, 0, -5]}
{"Distance":[0.9903615743217455]}
{"Time":[6.4]}
{"Title":['ModelBasedAgentLQR']}
{"IMU":[0.6366915130615234, 1.1097645568847656, 1.03]}
{"Kalman":[0.879254298684365, 0.9825154062440149, 1.03]}
{"CMD":[-10.0, 5, 0, -5]}
{"Distance":[0.9903615743217455]}
{"Time":[6.9]}
{"Title":['ModelBasedAgentLQR']}
{"IMU":[0.6366915130615234, 1.1097645568847656, 1.03]}
{"Kalman":[0.879254298684365, 0.9825154062440149, 1.03]}
{"CMD":[-10.0, 5, 0, -5]}
{"Distance":[0.9903615743217455]}
{"Time":[7.4]}
{"Title":['ModelBasedAgentLQR']}
{"IMU":[0.6366915130615234, 1.1097645568847656, 1.03]}
{"Kalman":[0.879254298684365, 0.9825154062440149, 1.03]}
{"CMD":[-10.0, 5, 0, -5]}
{"Distance":[0.9903615743217455]}
{"Time":[7.9]}
{"Title":['ModelBasedAgentLQR']}
{"IMU":[0.6366915130615234, 1.1097645568847656, 1.03]}
{"Kalman":[0.879254298684365, 0.9825154062440149, 1.03]}
{"CMD":[-10.0, 5, 0, -5]}
{"Distance":[0.9903615743217455]}
{"Time":[8.4]}
{"Title":['ModelBasedAgentLQR']}
{"IMU":[0.6366915130615234, 1.1097645568847656, 1.03]}
{"Kalman":[0.879254298684365, 0.9825154062440149, 1.03]}
{"CMD":[-10.0, 5, 0, -5]}
{"Distance":[0.9903615743217455]}
{"Time":[9.0]}
{"Title":['ModelBasedAgentLQR']}
{"IMU":[0.6366915130615234, 1.1097645568847656, 1.03]}
{"Kalman":[0.879254298684365, 0.9825154062440149, 1.03]}
{"CMD":[-10.0, 5, 0, -5]}
{"Distance":[0.9903615743217455]}
{"Time":[9.5]}
{"Title":['ModelBasedAgentLQR']}
{"IMU":[0.6366915130615234, 1.1097645568847656, 1.03]}
{"Kalman":[0.879254298684365, 0.9825154062440149, 1.03]}
{"CMD":[-10.0, 5, 0, -5]}
{"Distance":[0.9903615743217455]}
{"Time":[10.0]}
{"Title":['ModelBasedAgentLQR']}
{"IMU":[0.6366915130615234, 1.1097645568847656, 1.03]}
{"Kalman":[0.879254298806183, 0.9825154054165391, 1.03]}
{"CMD":[-10.0, 5, 0, -5]}
{"Distance":[0.9903615734859733]}
{"Time":[10.5]}
{"Title":['ModelBasedAgentLQR']}
{"IMU":[0.6366915130615234, 1.1097645568847656, 1.03]}
{"Kalman":[0.879254298806183, 0.9825154054165391, 1.03]}
{"CMD":[-10.0, 5, 0, -5]}
{"Distance":[0.9903615734859733]}
{"Time":[11.0]}
{"Title":['ModelBasedAgentLQR']}
{"IMU":[0.6366915130615234, 1.1097645568847656, 1.03]}
{"Kalman":[0.879254298806183, 0.9825154054165391, 1.03]}
{"CMD":[-10.0, 5, 0, -5]}
{"Distance":[0.9903615734859733]}
{"Time":[11.5]}
{"Title":['ModelBasedAgentLQR']}
{"IMU":[0.6366915130615234, 1.1097645568847656, 1.03]}
{"Kalman":[0.879254298806183, 0.9825154054165391, 1.03]}
{"CMD":[-10.0, 5, 0, -5]}
{"Distance":[0.9903615734859733]}
{"Time":[12.0]}
{"Title":['ModelBasedAgentLQR']}
{"IMU":[0.6366915130615234, 1.1097645568847656, 1.03]}
{"Kalman":[0.879254298806183, 0.9825154054165391, 1.03]}
{"CMD":[-10.0, 5, 0, -5]}
{"Distance":[0.9903615734859733]}
{"Time":[12.5]}
{"Title":['ModelBasedAgentLQR']}
{"IMU":[0.6366915130615234, 1.1097645568847656, 1.03]}
{"Kalman":[0.879254298806183, 0.9825154054165391, 1.03]}
{"CMD":[-10.0, 5, 0, -5]}
{"Distance":[0.9903615734859733]}
{"Time":[13.1]}
{"Title":['ModelBasedAgentLQR']}
