{"IMU":[2.7791240985655445, 0.7557235766357417, 0.66]}
{"Kalman":[2.7613805664337914, 0.9571897529540457, 0.6533424124653784]}
{"UWB":[2.71277388, 1.07399233, 1.48038441]}
{"Distance":[2.0594643735557074]}
{"Time":[1615573722.7652023]}
{"IMU":[2.878021503981318, 0.747988720030212, 0.69]}
{"Kalman":[2.7733058515050666, 1.0829242246491633, 0.6828827225462207]}
{"UWB":[2.63819357, 1.29356127, 1.06851911]}
{"Distance":[1.9364595572600842]}
{"Time":[1615573723.3227901]}
{"IMU":[3.036555944975581, 0.7231854105895992, 0.73]}
{"Kalman":[2.8003999552208665, 1.1589556950597961, 0.7197935201973614]}
{"UWB":[2.57116132, 1.41181575, 1.26650148]}
{"Distance":[1.8653911830630745]}
{"Time":[1615573723.947292]}
{"IMU":[3.187992369230952, 0.6835991431182857, 0.76]}
{"Kalman":[2.8078275753311397, 1.2757304524107203, 0.7515644725240561]}
{"UWB":[2.50025628, 1.63531641, 1.25376203]}
{"Distance":[1.7515316979369766]}
{"Time":[1615573724.469832]}
{"IMU":[3.329110762175288, 0.6385593748992916, 0.77]}
{"Kalman":[2.8844174729890693, 1.3311221529179516, 0.759877343696271]}
{"UWB":[2.36873104, 2.04115223, 1.47020053]}
{"Distance":[1.712579943249516]}
{"Time":[1615573724.98094]}
{"IMU":[3.5519661012255805, 0.570390801519775, 0.82]}
{"Kalman":[2.892185595619854, 1.5733710156805936, 0.8093699869367316]}
{"UWB":[2.25100673, 2.42966406, 0.95629091]}
{"Distance":[1.4795539193662126]}
{"Time":[1615573725.5089116]}
{"IMU":[3.826782156523432, 0.48150036343994096, 0.87]}
{"Kalman":[2.7532574191787207, 1.9328591579466878, 0.8610849761825482]}
{"UWB":[1.97477357, 3.03397065, 1.64506165]}
{"Distance":[1.0967811528045686]}
{"Time":[1615573726.0408564]}
{"IMU":[4.163770529326166, 0.3672806597656246, 0.91]}
{"Kalman":[2.716844241600386, 2.238024871896751, 0.8992742634962974]}
{"UWB":[1.60997373, 3.34432147, 1.54035849]}
{"Distance":[0.7922294623170797]}
{"Time":[1615573726.6211927]}
{"IMU":[4.936611715849605, 0.12092751035156213, 0.97]}
{"Kalman":[2.5807191590148215, 2.814400108986273, 0.9640761190295495]}
{"UWB":[1.16554509, 4.23659377, 4.57457822]}
{"Distance":[0.20239294003588024]}
{"Time":[1615573727.2567103]}
