{"IMU":[0.0004182263091206551, -0.0003657203167676926, 0.81]}
{"Kalman":[-0.001140501581931406, -0.0009054279971325446, 0.81]}
{"CMD":[0, 7.1824104525489645, 0, 5]}
{"Distance":[1.0190108555396156]}
{"Time":[0.5]}
{"Title":['ModelBasedAgentPID']}
{"IMU":[0.008718780279159545, -0.0009310174733400345, 0.84]}
{"Kalman":[0.01263537961274986, -0.0009982138077187152, 0.84]}
{"CMD":[0, 7.207427562051437, 0, 5]}
{"Distance":[1.0002449150199486]}
{"Time":[1.0]}
{"Title":['ModelBasedAgentPID']}
{"IMU":[0.024874389171600342, -0.0025926750898361208, 0.87]}
{"Kalman":[0.04560813522143148, -0.0029109046550181315, 0.87]}
{"CMD":[0, 7.110987883115994, 0, 5]}
{"Distance":[0.9632093775090772]}
{"Time":[1.6]}
{"Title":['ModelBasedAgentPID']}
{"IMU":[0.05195394992828369, -0.0040171933174133305, 0.9]}
{"Kalman":[0.08221794634457529, -0.004560896754680961, 0.9]}
{"CMD":[0, 6.880170106747326, 0, 5]}
{"Distance":[0.92322516202234]}
{"Time":[2.2]}
{"Title":['ModelBasedAgentPID']}
{"IMU":[0.09009077072143555, -0.007423579692840576, 0.93]}
{"Kalman":[0.1326044537035224, -0.005119750680852024, 0.93]}
{"CMD":[0, 6.623900987331823, 0, 5]}
{"Distance":[0.8702305703559252]}
{"Time":[2.8]}
{"Title":['ModelBasedAgentPID']}
{"IMU":[0.14401666641235353, -0.011696356534957885, 0.96]}
{"Kalman":[0.1998573240250519, -0.011486071960797713, 0.96]}
{"CMD":[0, 6.2711899101948845, 0, 5]}
{"Distance":[0.8012242081748651]}
{"Time":[3.3]}
{"Title":['ModelBasedAgentPID']}
{"IMU":[0.20630767822265625, -0.01702673316001892, 0.99]}
{"Kalman":[0.2765119452916377, -0.01589140474594325, 0.99]}
{"CMD":[0, 5.80040791544426, 0, 5]}
{"Distance":[0.7237316505794739]}
{"Time":[3.9]}
{"Title":['ModelBasedAgentPID']}
{"IMU":[0.2798350715637207, -0.024693872928619385, 1.02]}
{"Kalman":[0.3530402554138259, -0.0254023673022181, 1.02]}
{"CMD":[5, 5.263826271625467, 0, 5]}
{"Distance":[0.6477670811175607]}
{"Time":[4.5]}
{"Title":['ModelBasedAgentPID']}
{"IMU":[0.3595390701293945, -0.02038149833679199, 1.04]}
{"Kalman":[0.44817367583387446, 0.004371243605050493, 1.04]}
{"CMD":[5, 5, 0, 0]}
{"Distance":[0.5532914239470484]}
{"Time":[5.1]}
{"Title":['ModelBasedAgentPID']}
{"IMU":[0.5753781890869141, 0.05644843578338623, 1.06]}
{"Kalman":[0.6911122082368087, 0.11586393190425691, 1.06]}
{"CMD":[0, 5, 0, -5]}
{"Distance":[0.33531495435881603]}
{"Time":[5.6]}
{"Title":['ModelBasedAgentPID']}
{"IMU":[0.7015115356445313, 0.09684147834777831, 1.03]}
{"Kalman":[0.8282545932403098, 0.13565441950045842, 1.03]}
{"CMD":[-5, 5, 0, -5]}
{"Distance":[0.2209040657685091]}
{"Time":[6.2]}
{"Title":['ModelBasedAgentPID']}
{"IMU":[0.8392958068847656, 0.10405262947082519, 1.01]}
{"Kalman":[0.9763404991613808, 0.10851631221243958, 1.01]}
{"CMD":[-5, 5, 0, -5]}
{"Distance":[0.11151485101151455]}
{"Time":[6.7]}
{"Title":['ModelBasedAgentPID']}
{"IMU":[0.9735627746582032, 0.08003442764282226, 1.0]}
{"Kalman":[1.1014523493945574, 0.05514031554479286, 1.0]}
{"CMD":[-5, -6.635445774834111, 0, 0]}
{"Distance":[1.102831688148817]}
{"Time":[0.5]}
{"Title":['ModelBasedAgentPID']}
{"IMU":[1.0664009857177734, 0.030985660552978515, 1.0]}
{"Kalman":[1.1365042127505585, -0.018080373107050948, 1.0]}
{"CMD":[-5, -7.510782758530401, 0, 0]}
{"Distance":[1.1366480218130222]}
{"Time":[1.0]}
{"Title":['ModelBasedAgentPID']}
{"IMU":[1.1030609893798828, -0.029908318519592286, 1.0]}
{"Kalman":[1.1248024706224942, -0.08849554777028709, 1.0]}
{"CMD":[5, -7.756104420345745, 0, 0]}
{"Distance":[1.1282783609968021]}
{"Time":[1.6]}
{"Title":['ModelBasedAgentPID']}
{"IMU":[1.0942374420166017, -0.06890603065490723, 1.0]}
{"Kalman":[1.069701467142524, -0.09374483954481319, 1.0]}
{"CMD":[5, -7.674170091078855, 0, 0]}
{"Distance":[1.0738013427762843]}
{"Time":[2.2]}
{"Title":['ModelBasedAgentPID']}
{"IMU":[1.0480374145507811, -0.06918781280517577, 1.0]}
{"Kalman":[0.9841213045913036, -0.0613392627393145, 1.0]}
{"CMD":[5, -7.288444691987352, 0, 0]}
{"Distance":[0.9860310579813863]}
{"Time":[2.7]}
{"Title":['ModelBasedAgentPID']}
{"IMU":[0.9656908416748047, -0.036471686363220214, 1.0]}
{"Kalman":[0.8667119544171384, 0.0028231091433925104, 1.0]}
{"CMD":[5, -6.68936622896785, 0, 0]}
{"Distance":[0.8667165522100125]}
{"Time":[3.2]}
{"Title":['ModelBasedAgentPID']}
{"IMU":[0.7294758605957031, 0.10360348701477051, 1.0]}
{"Kalman":[0.6065777410364654, 0.16517955741563678, 1.0]}
{"CMD":[0, -5.867484974643383, 0, 0]}
{"Distance":[0.6286659224969388]}
{"Time":[3.8]}
{"Title":['ModelBasedAgentPID']}
{"IMU":[0.5855493545532227, 0.17334640502929688, 1.0]}
{"Kalman":[0.43992957053437626, 0.21976290630210696, 1.0]}
{"CMD":[-5, -5, 0, 0]}
{"Distance":[0.49176596264575834]}
{"Time":[4.3]}
{"Title":['ModelBasedAgentPID']}
{"IMU":[0.4404963302612305, 0.2034049415588379, 1.0]}
{"Kalman":[0.3004843093582479, 0.20747873923861404, 1.0]}
{"CMD":[-5, -5, 0, 0]}
{"Distance":[0.3651551004799851]}
{"Time":[4.9]}
{"Title":['ModelBasedAgentPID']}
{"IMU":[0.3047328567504883, 0.20108415603637694, 1.0]}
{"Kalman":[0.17439263999361512, 0.1804883560100109, 1.0]}
{"CMD":[-5, -5, 0, 0]}
{"Distance":[0.2509757748053367]}
{"Time":[5.5]}
{"Title":['ModelBasedAgentPID']}
{"IMU":[0.1811867141723633, 0.18725852966308593, 1.0]}
{"Kalman":[0.050834970290304995, 0.16587592270493212, 1.0]}
{"CMD":[-5, -5, 0, 0]}
{"Distance":[0.1734906796851889]}
{"Time":[6.0]}
{"Title":['ModelBasedAgentPID']}
{"IMU":[-0.018464930057525634, 0.16565301895141601, 1.0]}
{"Kalman":[-0.2501061907377493, 0.1151413943069591, 1.0]}
{"CMD":[-5, -5, 0, 0]}
{"Distance":[0.2753373336986797]}
{"Time":[6.6]}
{"Title":['ModelBasedAgentPID']}
{"IMU":[-0.2926351165771484, 0.11637742042541505, 1.01]}
{"Kalman":[-0.5779080388887022, 0.039029568248699534, 1.01]}
{"CMD":[-5, 5, 0, 0]}
{"Distance":[0.5793108048447445]}
{"Time":[7.1]}
{"Title":['ModelBasedAgentPID']}
{"IMU":[-0.5463279342651367, 0.04674112796783447, 1.0]}
{"Kalman":[-0.760927866182556, -0.04227089665120612, 1.0]}
{"CMD":[-5, 5, 0, 0]}
{"Distance":[0.762101073504581]}
{"Time":[7.7]}
{"Title":['ModelBasedAgentPID']}
{"IMU":[-0.7357122039794922, -0.04795599937438965, 0.99]}
{"Kalman":[-0.9054355839832384, -0.190396647025733, 0.99]}
{"CMD":[5, 5.526019065434144, 0, 0]}
{"Distance":[0.9252915648279246]}
{"Time":[8.2]}
{"Title":['ModelBasedAgentPID']}
{"IMU":[-0.9226925659179688, -0.22125085830688476, 1.0]}
{"Kalman":[-1.0746395037357082, -0.3941119948160496, 1.0]}
{"CMD":[5, 6.537553958959216, 0, 5]}
{"Distance":[1.144628466991458]}
{"Time":[8.8]}
{"Title":['ModelBasedAgentPID']}
{"IMU":[-1.0530121612548828, -0.25084724426269533, 1.01]}
{"Kalman":[-1.1221511842069822, -0.283201869628302, 1.01]}
{"CMD":[5, 7.721995727828154, 0, 0]}
{"Distance":[1.157379185564566]}
{"Time":[9.3]}
{"Title":['ModelBasedAgentPID']}
{"IMU":[-1.0003168487548828, -0.08058485984802247, 1.03]}
{"Kalman":[-0.9323870387000747, 0.1176425757522307, 1.03]}
{"CMD":[5, 8.05452247711934, 0, 0]}
{"Distance":[0.9402581377289504]}
{"Time":[9.9]}
{"Title":['ModelBasedAgentPID']}
{"IMU":[-0.9066562652587891, 0.12415179252624511, 1.03]}
{"Kalman":[-0.8181512145376615, 0.30897571495200876, 1.03]}
{"CMD":[-5, 6.726069343695834, 0, -5]}
{"Distance":[0.8750642275167895]}
{"Time":[10.4]}
{"Title":['ModelBasedAgentPID']}
{"IMU":[-0.8034223937988281, 0.25610387802124024, 1.02]}
{"Kalman":[-0.7034595813266886, 0.3566455146703525, 1.02]}
{"CMD":[-5, 5.926445519356779, 0, -5]}
{"Distance":[0.7889558959123131]}
{"Time":[11.0]}
{"Title":['ModelBasedAgentPID']}
{"IMU":[-0.6881723022460937, 0.3080571937561035, 0.99]}
{"Kalman":[-0.5684715226774678, 0.3507159229149725, 0.99]}
{"CMD":[-5, 5.1236112719925435, 0, 0]}
{"Distance":[0.6680280912366932]}
{"Time":[11.6]}
{"Title":['ModelBasedAgentPID']}
{"IMU":[-0.5648578262329101, 0.31792282104492187, 0.97]}
{"Kalman":[-0.4348266559549152, 0.3266720906421989, 0.97]}
{"CMD":[-5, 5, 0, 5]}
{"Distance":[0.5446915416393752]}
{"Time":[12.1]}
{"Title":['ModelBasedAgentPID']}
{"IMU":[-0.431287841796875, 0.298369312286377, 1.01]}
{"Kalman":[-0.29374423464000654, 0.27781570347489476, 1.01]}
{"CMD":[-5, 5, 0, 5]}
