{"IMU":[0.006155233979225159, -0.046286420822143556, 0.77]}
{"Kalman":[-0.04401332199581906, -0.06552496926394263, 0.77]}
{"CMD":[5, 7.592150430421596, 0, 5]}
{"Distance":[1.0710543114622089]}
{"Time":[0.5]}
{"Title":['ModelBasedAgentPID']}
{"IMU":[0.015935609340667723, -0.0736156415939331, 0.81]}
{"Kalman":[-0.0037365630229643926, -0.09172624736607463, 0.81]}
{"CMD":[5, 7.518908485025662, 0, 5]}
{"Distance":[1.0256708986829137]}
{"Time":[1.1]}
{"Title":['ModelBasedAgentPID']}
{"IMU":[0.03179921865463257, -0.0877651596069336, 0.84]}
{"Kalman":[0.031077376609472105, -0.10805531989724027, 0.84]}
{"CMD":[5, 7.236957985755275, 0, 5]}
{"Distance":[0.9879711545769329]}
{"Time":[1.6]}
{"Title":['ModelBasedAgentPID']}
{"IMU":[0.05269997596740723, -0.0818382453918457, 0.88]}
{"Kalman":[0.07245403202512678, -0.09975189297554492, 0.88]}
{"CMD":[5, 6.993261164246304, 0, 5]}
{"Distance":[0.9405806519691169]}
{"Time":[2.2]}
{"Title":['ModelBasedAgentPID']}
{"IMU":[0.07678626537322998, -0.056559877395629884, 0.91]}
{"Kalman":[0.11605791019891115, -0.07063149908497693, 0.91]}
{"CMD":[5, 6.703623807228138, 0, 5]}
{"Distance":[0.8913149986311839]}
{"Time":[2.7]}
{"Title":['ModelBasedAgentPID']}
{"IMU":[0.09850790977478027, -0.011483228206634522, 0.96]}
{"Kalman":[0.15466530559589337, -0.018973988651085814, 0.96]}
{"CMD":[5, 6.3983934909820315, 0, 5]}
{"Distance":[0.8464932119093549]}
{"Time":[3.3]}
{"Title":['ModelBasedAgentPID']}
{"IMU":[0.11449739456176758, 0.05619642734527588, 0.99]}
{"Kalman":[0.19305022070588174, 0.061868263585742586, 0.99]}
{"CMD":[5, 6.128145823584991, 0, 5]}
{"Distance":[0.8093797800426824]}
{"Time":[3.8]}
{"Title":['ModelBasedAgentPID']}
{"IMU":[0.1235062313079834, 0.1497196102142334, 1.03]}
{"Kalman":[0.23095522144828343, 0.1679833581287135, 1.03]}
{"CMD":[-5, 5.85944950509326, 0, 5]}
{"Distance":[0.787748868628739]}
{"Time":[4.3]}
{"Title":['ModelBasedAgentPID']}
{"IMU":[0.15152629852294922, 0.28752687454223635, 1.04]}
{"Kalman":[0.29506379522808895, 0.29718897160258856, 1.04]}
{"CMD":[-5, 5.59411502211203, 0, -5]}
{"Distance":[0.7660654917436432]}
{"Time":[4.9]}
{"Title":['ModelBasedAgentPID']}
{"IMU":[0.19803268432617188, 0.4198442840576172, 1.03]}
{"Kalman":[0.3326487107947498, 0.38744625059209425, 1.03]}
{"CMD":[-5, 5.14534685214124, 0, -5]}
{"Distance":[0.7722514747812279]}
{"Time":[5.4]}
{"Title":['ModelBasedAgentPID']}
{"IMU":[0.39473308563232423, 0.6623656463623047, 0.99]}
{"Kalman":[0.5454052639315832, 0.5829014970238503, 0.99]}
{"CMD":[-5, 5, 0, -5]}
{"Distance":[0.7392770314934445]}
{"Time":[6.0]}
{"Title":['ModelBasedAgentPID']}
{"IMU":[0.517376823425293, 0.7765865325927734, 1.0]}
{"Kalman":[0.6584589493049171, 0.6837482756568882, 1.0]}
{"CMD":[-5, 5, 0, 5]}
{"Distance":[0.7643049089032918]}
{"Time":[6.5]}
{"Title":['ModelBasedAgentPID']}
{"IMU":[0.6539244842529297, 0.8886791229248047, 1.01]}
{"Kalman":[0.7924049014737389, 0.784211181774773, 1.01]}
{"CMD":[-5, 5, 0, 0]}
{"Distance":[0.8112847234804278]}
{"Time":[7.1]}
{"Title":['ModelBasedAgentPID']}
{"IMU":[0.7933388519287109, 0.9883684539794921, 1.01]}
{"Kalman":[0.9340747203411863, 0.8724989845226809, 1.01]}
{"CMD":[-5.485830247575681, 5, 0, 0]}
{"Distance":[0.87504321064231]}
{"Time":[7.7]}
{"Title":['ModelBasedAgentPID']}
{"IMU":[0.9539438629150391, 1.0929185485839843, 1.01]}
{"Kalman":[1.1000925872339056, 0.9692871022489989, 1.01]}
{"CMD":[-6.1038496011419205, 5, 0, 0]}
{"Distance":[0.9744926949984993]}
{"Time":[8.3]}
{"Title":['ModelBasedAgentPID']}
{"IMU":[1.1359276580810547, 1.195340118408203, 1.01]}
{"Kalman":[1.2696279972229458, 1.036952797163523, 1.01]}
{"CMD":[-6.781363145480286, -5, 0, 0]}
{"Distance":[1.071480452659642]}
{"Time":[8.9]}
{"Title":['ModelBasedAgentPID']}
{"IMU":[1.1359276580810547, 1.195340118408203, 1.01]}
{"Kalman":[1.269617124483835, 1.0368614254864545, 1.01]}
{"CMD":[-7.255034849291628, -5, 0, 0]}
{"Distance":[1.0713892894166595]}
{"Time":[9.4]}
{"Title":['ModelBasedAgentPID']}
{"IMU":[1.1359276580810547, 1.195340118408203, 1.01]}
{"Kalman":[1.269613953268261, 1.0368347754139762, 1.01]}
{"CMD":[-7.25442357882396, -5, 0, 0]}
{"Distance":[1.0713627001649304]}
{"Time":[10.0]}
{"Title":['ModelBasedAgentPID']}
{"IMU":[1.1359276580810547, 1.195340118408203, 1.01]}
{"Kalman":[1.2696135002512903, 1.03683096837695, 1.01]}
{"CMD":[-7.2542369979972, -5, 0, 0]}
{"Distance":[1.0713589018173306]}
{"Time":[10.5]}
{"Title":['ModelBasedAgentPID']}
{"IMU":[1.1359276580810547, 1.195340118408203, 1.01]}
{"Kalman":[1.2696135002443776, 1.0368309683188577, 1.01]}
{"CMD":[-7.25421033774655, -5, 0, 0]}
{"Distance":[1.0713589017593708]}
{"Time":[11.1]}
{"Title":['ModelBasedAgentPID']}
{"IMU":[1.1359276580810547, 1.195340118408203, 1.01]}
{"Kalman":[1.2696135002443776, 1.0368309683188577, 1.01]}
{"CMD":[-7.254210335712992, -5, 0, 0]}
{"Distance":[1.0713589017593708]}
{"Time":[11.6]}
{"Title":['ModelBasedAgentPID']}
{"IMU":[1.1359276580810547, 1.195340118408203, 1.01]}
{"Kalman":[1.2696135002443776, 1.0368309683188577, 1.01]}
{"CMD":[-7.254210335712965, -5, 0, 0]}
{"Distance":[1.0713589017593708]}
{"Time":[12.1]}
{"Title":['ModelBasedAgentPID']}
{"IMU":[1.1359276580810547, 1.195340118408203, 1.01]}
{"Kalman":[1.2696135002443776, 1.0368309683188577, 1.01]}
{"CMD":[-7.254210335712965, -5, 0, 0]}
{"Distance":[1.0713589017593708]}
{"Time":[12.6]}
{"Title":['ModelBasedAgentPID']}
{"IMU":[1.1359276580810547, 1.195340118408203, 1.01]}
{"Kalman":[1.2696135002443776, 1.0368309683188577, 1.01]}
{"CMD":[-7.254210335712965, -5, 0, 0]}
{"Distance":[1.0713589017593708]}
{"Time":[13.1]}
{"Title":['ModelBasedAgentPID']}
{"IMU":[1.1359276580810547, 1.195340118408203, 1.01]}
{"Kalman":[1.2696135002443776, 1.0368309683188577, 1.01]}
{"CMD":[-7.254210335712965, -5, 0, 0]}
{"Distance":[1.0713589017593708]}
{"Time":[13.6]}
{"Title":['ModelBasedAgentPID']}
{"IMU":[1.1359276580810547, 1.195340118408203, 1.01]}
{"Kalman":[1.2696135002443776, 1.0368309683188577, 1.01]}
{"CMD":[-7.254210335712965, -5, 0, 0]}
{"Distance":[1.0713589017593708]}
{"Time":[14.1]}
{"Title":['ModelBasedAgentPID']}
{"IMU":[1.1359276580810547, 1.195340118408203, 1.01]}
{"Kalman":[1.2696135002443776, 1.0368309683188577, 1.01]}
{"CMD":[-7.254210335712965, -5, 0, 0]}
{"Distance":[1.0713589017593708]}
{"Time":[14.7]}
{"Title":['ModelBasedAgentPID']}
{"IMU":[1.1359276580810547, 1.195340118408203, 1.01]}
{"Kalman":[1.2696135002443776, 1.0368309683188577, 1.01]}
{"CMD":[-7.254210335712965, -5, 0, 0]}
{"Distance":[1.0713589017593708]}
{"Time":[15.2]}
{"Title":['ModelBasedAgentPID']}
{"IMU":[1.1359276580810547, 1.195340118408203, 1.01]}
{"Kalman":[1.2696135002374653, 1.0368309682607686, 1.01]}
{"CMD":[-7.254210335712965, -5, 0, 0]}
{"Distance":[1.0713589017014142]}
{"Time":[15.7]}
{"Title":['ModelBasedAgentPID']}
{"IMU":[1.1359276580810547, 1.195340118408203, 1.01]}
{"Kalman":[1.2696135002374653, 1.0368309682607686, 1.01]}
{"CMD":[-7.254210335306368, -5, 0, 0]}
{"Distance":[1.0713589017014142]}
{"Time":[16.2]}
{"Title":['ModelBasedAgentPID']}
{"IMU":[1.1359276580810547, 1.195340118408203, 1.01]}
{"Kalman":[1.2696135002374653, 1.0368309682607686, 1.01]}
{"CMD":[-7.254210335306341, -5, 0, 0]}
{"Distance":[1.0713589017014142]}
{"Time":[16.8]}
{"Title":['ModelBasedAgentPID']}
