{"IMU":[2.371011538078604, 2.0198418254446358, 0.55]}
{"Kalman":[2.303886610805941, 1.9204401498392085, 0.5429823640956505]}
{"UWB":[2.25850202, 1.87731682, 1.12288328]}
{"Distance":[0.528741260673448]}
{"Time":[1615559870.0294027]}
{"IMU":[2.383301730772076, 2.015265708048281, 0.59]}
{"Kalman":[2.3059619523127974, 2.046944899563502, 0.5735608257937714]}
{"UWB":[2.24249976, 2.11404014, 1.13931389]}
{"Distance":[0.47150395218945745]}
{"Time":[1615559870.2534497]}
{"IMU":[2.383301730772076, 2.015265708048281, 0.59]}
{"Kalman":[2.3677015954188367, 2.0253131287957316, 0.5789655154255167]}
{"UWB":[2.35551054, 2.01188833, 1.33935206]}
{"Distance":[0.44760589114298416]}
{"Time":[1615559870.520641]}
{"IMU":[2.409989869167624, 2.015265708048281, 0.59]}
{"Kalman":[2.416105158067839, 1.9550373751989714, 0.5788464838433237]}
{"UWB":[2.41552875, 1.90737171, 1.20181586]}
{"Distance":[0.4532359112682466]}
{"Time":[1615559870.7472427]}
{"IMU":[2.409989869167624, 2.0315505952429143, 0.63]}
{"Kalman":[2.3746583163248016, 2.1160358441299914, 0.6199449931633103]}
{"UWB":[2.33764946, 2.14970934, 1.01586673]}
{"Distance":[0.400511540639132]}
{"Time":[1615559871.054437]}
{"IMU":[2.4337788863680943, 2.050728432614741, 0.67]}
{"Kalman":[2.4271430477991305, 2.0972391101882657, 0.6618319416045733]}
{"UWB":[2.42493939, 2.12668535, 1.41949495]}
{"Distance":[0.3459384247456259]}
{"Time":[1615559871.3440933]}
{"IMU":[2.4337788863680943, 2.050728432614741, 0.67]}
{"Kalman":[2.4209523473865766, 2.1324947688453446, 0.6623048623338641]}
{"UWB":[2.38249713, 2.06194395, 1.50146759]}
{"Distance":[0.3483424283508331]}
{"Time":[1615559871.6439428]}
{"IMU":[2.460284857322989, 2.072805025060114, 0.71]}
{"Kalman":[2.4681110650402425, 2.0926525392107584, 0.7031332753874684]}
{"UWB":[2.45316186, 2.08597536, 1.17965347]}
{"Distance":[0.2986649318803427]}
{"Time":[1615559871.9451]}
{"IMU":[2.4663091321490387, 2.0781408185552923, 0.71]}
{"Kalman":[2.4735163929847253, 2.0862445888669527, 0.7032118697700088]}
{"UWB":[2.45923435, 2.07042833, 1.25316028]}
{"Distance":[0.2982847415162111]}
{"Time":[1615559872.1951807]}
{"IMU":[2.4663091321490387, 2.0781408185552923, 0.74]}
{"Kalman":[2.43436316091221, 2.1389061286776374, 0.7358374229962088]}
{"UWB":[2.41028154, 2.17777128, 1.51567976]}
{"Distance":[0.27496135834586144]}
{"Time":[1615559872.537461]}
{"IMU":[2.465335659553824, 2.079004885632929, 0.77]}
{"Kalman":[2.4699827529249543, 2.1102425174626487, 0.7583240907981282]}
{"UWB":[2.47006556, 2.13622805, 0.99005899]}
{"Distance":[0.24374820896672938]}
{"Time":[1615559872.7553828]}
{"IMU":[2.465335659553824, 2.079004885632929, 0.77]}
{"Kalman":[2.4317978126935182, 2.1553375786681754, 0.7657961340579897]}
{"UWB":[2.41592812, 2.19547024, 1.14892818]}
{"Distance":[0.25013043954790476]}
{"Time":[1615559873.147086]}
{"IMU":[2.4641560884020905, 2.0792963809561105, 0.79]}
{"Kalman":[2.4488114519671718, 2.087473507591881, 0.7867962018625483]}
{"UWB":[2.44322144, 2.08523651, 0.98726874]}
{"Distance":[0.21962021765310016]}
{"Time":[1615559873.4526203]}
{"IMU":[2.4648152108691317, 2.0828378648351995, 0.81]}
{"Kalman":[2.4648311222039263, 2.0241643452964815, 0.8061168943287591]}
{"UWB":[2.46890364, 1.98957868, 1.42289482]}
{"Distance":[0.2111363425715053]}
{"Time":[1615559873.7912972]}
{"IMU":[2.4648152108691317, 2.0828378648351995, 0.81]}
{"Kalman":[2.4292215121876755, 2.1170524202331875, 0.8072602748427954]}
{"UWB":[2.36292567, 2.16541025, 0.94618184]}
{"Distance":[0.2060315049367047]}
{"Time":[1615559874.1270015]}
{"IMU":[2.4693228478930576, 2.0846667069982856, 0.84]}
{"Kalman":[2.427296492247253, 2.097529026263228, 0.8368244580968538]}
{"UWB":[2.40588259, 2.10084071, 1.16841241]}
{"Distance":[0.17865655103059333]}
{"Time":[1615559874.3562033]}
