{"IMU":[0.025196185111999513, -0.023125507831573487, 0.82]}
{"Kalman":[0.0772684257808085, -0.07105778349925096, 0.8294792743371283]}
{"CMD":[0.40365051567281385, 20.0, 0, 5.5762581828607445]}
{"Distance":[0.9410420206013365]}
{"Time":[1615323734.912306]}
{"IMU":[0.025196185111999513, -0.023125507831573487, 0.82]}
{"Kalman":[0.05288248414644092, -0.0301806022472216, 0.8291209462866698]}
{"CMD":[0.8247391836222907, 20.0, 0, 2.577390303934122]}
{"Distance":[0.9628821883213879]}
{"Time":[1615323734.9983578]}
{"IMU":[0.025196185111999513, -0.023125507831573487, 0.82]}
{"Kalman":[0.05288248414644092, -0.0301806022472216, 0.8291209462866698]}
{"CMD":[0.8247391836222907, 20.0, 0, 2.577390303934122]}
{"Distance":[0.9628821883213879]}
{"Time":[1615323735.0419931]}
{"IMU":[0.09662962913513183, 0.0025853508710861205, 0.81]}
{"Kalman":[0.2664277806241812, 0.09059091520126335, 0.8125524628173698]}
{"CMD":[-2.3950573194283438, 20.0, 0, 2.8272948283136223]}
{"Distance":[0.7625427818508286]}
{"Time":[1615323735.803915]}
{"IMU":[0.09662962913513183, 0.0025853508710861205, 0.81]}
{"Kalman":[0.4625112994033109, 0.08272783683356218, 0.8125739183206788]}
{"CMD":[-2.2606867833206086, 14.687844480543056, 0, 2.8269712122531674]}
{"Distance":[0.5752099915247834]}
{"Time":[1615323735.8655488]}
{"IMU":[0.09662962913513183, 0.0025853508710861205, 0.81]}
{"Kalman":[0.4625112994033109, 0.08272783683356218, 0.8125739183206788]}
{"CMD":[-2.2606867833206086, 14.687844480543056, 0, 2.8269712122531674]}
{"Distance":[0.5752099915247834]}
{"Time":[1615323735.8966317]}
{"IMU":[0.09662962913513183, 0.0025853508710861205, 0.81]}
{"Kalman":[0.4625112994033109, 0.08272783683356218, 0.8125739183206788]}
{"CMD":[-2.2606867833206086, 14.687844480543056, 0, 2.8269712122531674]}
{"Distance":[0.5752099915247834]}
{"Time":[1615323735.926705]}
{"IMU":[0.09662962913513183, 0.0025853508710861205, 0.81]}
{"Kalman":[0.4625112994033109, 0.08272783683356218, 0.8125739183206788]}
{"CMD":[-2.2606867833206086, 14.687844480543056, 0, 2.8269712122531674]}
{"Distance":[0.5752099915247834]}
{"Time":[1615323735.9594476]}
{"IMU":[0.09662962913513183, 0.0025853508710861205, 0.81]}
{"Kalman":[0.4625112994033109, 0.08272783683356218, 0.8125739183206788]}
{"CMD":[-2.2606867833206086, 14.687844480543056, 0, 2.8269712122531674]}
{"Distance":[0.5752099915247834]}
{"Time":[1615323735.9915533]}
{"IMU":[0.09662962913513183, 0.0025853508710861205, 0.81]}
{"Kalman":[0.4625112994033109, 0.08272783683356218, 0.8125739183206788]}
{"CMD":[-2.2606867833206086, 14.687844480543056, 0, 2.8269712122531674]}
{"Distance":[0.5752099915247834]}
{"Time":[1615323736.0213926]}
{"IMU":[0.09662962913513183, 0.0025853508710861205, 0.81]}
{"Kalman":[0.4625112994033109, 0.08272783683356218, 0.8125739183206788]}
{"CMD":[-2.2606867833206086, 14.687844480543056, 0, 2.8269712122531674]}
{"Distance":[0.5752099915247834]}
{"Time":[1615323736.0566983]}
{"IMU":[0.09662962913513183, 0.0025853508710861205, 0.81]}
{"Kalman":[0.4625112994033109, 0.08272783683356218, 0.8125739183206788]}
{"CMD":[-2.2606867833206086, 14.687844480543056, 0, 2.8269712122531674]}
{"Distance":[0.5752099915247834]}
{"Time":[1615323736.10685]}
{"IMU":[0.09662962913513183, 0.0025853508710861205, 0.81]}
{"Kalman":[0.4625112994033109, 0.08272783683356218, 0.8125739183206788]}
{"CMD":[-2.2606867833206086, 14.687844480543056, 0, 2.8269712122531674]}
{"Distance":[0.5752099915247834]}
{"Time":[1615323736.161046]}
{"IMU":[0.09662962913513183, 0.0025853508710861205, 0.81]}
{"Kalman":[0.4625112994033109, 0.08272783683356218, 0.8125739183206788]}
{"CMD":[-2.2606867833206086, 14.687844480543056, 0, 2.8269712122531674]}
{"Distance":[0.5752099915247834]}
{"Time":[1615323736.2158887]}
{"IMU":[0.14630094528198243, 0.008154798150062561, 0.81]}
{"Kalman":[0.5114980828045727, 0.07169246000529957, 0.8094129031701951]}
{"CMD":[-1.9591252835946216, 13.349192606743623, 0, 2.874649202167095]}
{"Distance":[0.5292422634325731]}
{"Time":[1615323736.2731264]}
{"IMU":[0.14630094528198243, 0.008154798150062561, 0.81]}
{"Kalman":[0.5210693186414406, 0.05752214202550773, 0.8092290773615751]}
{"CMD":[-1.639066081623963, 13.133011000342057, 0, 2.8774200144154713]}
{"Distance":[0.5187262662465556]}
{"Time":[1615323736.3297265]}
{"IMU":[0.14630094528198243, 0.008154798150062561, 0.81]}
{"Kalman":[0.5210693186414406, 0.05752214202550773, 0.8092290773615751]}
{"CMD":[-1.5718958841747452, 13.08764139031349, 0, 2.8774218700070326]}
{"Distance":[0.5187262662465556]}
{"Time":[1615323736.3679583]}
{"IMU":[0.14630094528198243, 0.008154798150062561, 0.81]}
{"Kalman":[0.5210693186414406, 0.05752214202550773, 0.8092290773615751]}
{"CMD":[-1.5718958841747452, 13.08764139031349, 0, 2.8774218700070326]}
{"Distance":[0.5187262662465556]}
{"Time":[1615323736.3959928]}
{"IMU":[0.14630094528198243, 0.008154798150062561, 0.81]}
{"Kalman":[0.5210693186414406, 0.05752214202550773, 0.8092290773615751]}
{"CMD":[-1.5718958841747452, 13.08764139031349, 0, 2.8774218700070326]}
{"Distance":[0.5187262662465556]}
{"Time":[1615323736.4445126]}
{"IMU":[0.14630094528198243, 0.008154798150062561, 0.81]}
{"Kalman":[0.5210693186414406, 0.05752214202550773, 0.8092290773615751]}
{"CMD":[-1.5718958841747452, 13.08764139031349, 0, 2.8774218700070326]}
{"Distance":[0.5187262662465556]}
{"Time":[1615323736.5174053]}
{"IMU":[0.14630094528198243, 0.008154798150062561, 0.81]}
{"Kalman":[0.5210693186414406, 0.05752214202550773, 0.8092290773615751]}
{"CMD":[-1.5718958841747452, 13.08764139031349, 0, 2.8774218700070326]}
{"Distance":[0.5187262662465556]}
{"Time":[1615323736.58432]}
{"IMU":[0.14630094528198243, 0.008154798150062561, 0.81]}
{"Kalman":[0.5210693186414406, 0.05752214202550773, 0.8092290773615751]}
{"CMD":[-1.5718958841747452, 13.08764139031349, 0, 2.8774218700070326]}
{"Distance":[0.5187262662465556]}
{"Time":[1615323736.6460013]}
{"IMU":[0.24106887817382813, 0.010586495399475098, 0.82]}
{"Kalman":[0.5789354312654985, 0.055350235991974896, 0.8191002243488683]}
{"CMD":[-1.5264421083261157, 11.978742093980975, 0, 2.7619509276063043]}
{"Distance":[0.46160995277243405]}
{"Time":[1615323736.8589516]}
{"IMU":[0.24106887817382813, 0.010586495399475098, 0.82]}
{"Kalman":[0.5789354312654985, 0.055350235991974896, 0.8191002243488683]}
{"CMD":[-1.512544649420472, 11.50634589150168, 0, 2.72853411588569]}
{"Distance":[0.46160995277243405]}
{"Time":[1615323736.9996004]}
{"IMU":[0.24106887817382813, 0.010586495399475098, 0.82]}
{"Kalman":[0.5789354312654985, 0.055350235991974896, 0.8191002243488683]}
{"CMD":[-1.512544649420472, 11.50634589150168, 0, 2.72853411588569]}
{"Distance":[0.46160995277243405]}
{"Time":[1615323737.0565488]}
{"IMU":[0.24106887817382813, 0.010586495399475098, 0.82]}
{"Kalman":[0.5789354312654985, 0.055350235991974896, 0.8191002243488683]}
{"CMD":[-1.512544649420472, 11.50634589150168, 0, 2.72853411588569]}
{"Distance":[0.46160995277243405]}
{"Time":[1615323737.1850471]}
{"IMU":[0.24106887817382813, 0.010586495399475098, 0.82]}
{"Kalman":[0.5789354312654985, 0.055350235991974896, 0.8191002243488683]}
{"CMD":[-1.512544649420472, 11.50634589150168, 0, 2.72853411588569]}
{"Distance":[0.46160995277243405]}
{"Time":[1615323737.2406776]}
{"IMU":[0.3597234344482422, 0.016479120254516602, 0.83]}
{"Kalman":[0.9912163309094276, 0.1029674204885513, 0.8283389666489495]}
{"CMD":[-2.8137697723125688, 0.24002954002131976, 0, 2.589185001366819]}
{"Distance":[0.20036704543389686]}
{"Time":[1615323737.4197242]}
{"IMU":[0.3597234344482422, 0.016479120254516602, 0.83]}
{"Kalman":[0.9912163309094276, 0.1029674204885513, 0.8283389666489495]}
{"CMD":[-2.8137697723125688, 0.24002954002131976, 0, 2.589185001366819]}
{"Distance":[0.20036704543389686]}
{"Time":[1615323737.472854]}
{"IMU":[0.3597234344482422, 0.016479120254516602, 0.83]}
{"Kalman":[0.9912163309094276, 0.1029674204885513, 0.8283389666489495]}
{"CMD":[-2.8137697723125688, 0.24002954002131976, 0, 2.589185001366819]}
{"Distance":[0.20036704543389686]}
{"Time":[1615323737.616199]}
