{"IMU":[2.331831321853024, 1.5597813005764736, 0.69]}
{"Kalman":[2.4872290576243232, 1.3462132380419856, 0.6973185646903117]}
{"UWB":[2.56075449, 1.24332233, 1.20943992]}
{"Distance":[1.681305981158061]}
{"Time":[1615573172.1202085]}
{"IMU":[2.357455531495434, 1.5537959797699703, 0.68]}
{"Kalman":[2.48928730483922, 1.4590362921914526, 0.6760325384979335]}
{"UWB":[2.51930042, 1.4055194, 1.06824399]}
{"Distance":[1.5746868979999697]}
{"Time":[1615573172.3331554]}
{"IMU":[2.357455531495434, 1.5537959797699703, 0.68]}
{"Kalman":[2.529246747717788, 1.4243477840271999, 0.6756041962767209]}
{"UWB":[2.52031709, 1.50556753, 1.05260549]}
{"Distance":[1.6089648583562464]}
{"Time":[1615573172.6150732]}
{"IMU":[2.465015802520138, 1.5718898125012173, 0.71]}
{"Kalman":[2.6817249122535003, 1.5196760597805399, 0.703621751545942]}
{"UWB":[2.67334184, 1.48689448, 1.10515992]}
{"Distance":[1.5205995455336376]}
{"Time":[1615573172.8714266]}
{"IMU":[2.465015802520138, 1.5718898125012173, 0.71]}
{"Kalman":[2.724031300352854, 1.5756344958366537, 0.7028444789346541]}
{"UWB":[2.73680839, 1.59429148, 1.0892567]}
{"Distance":[1.4721781538549985]}
{"Time":[1615573173.1691873]}
{"IMU":[2.7051360322412075, 1.5713703532536283, 0.74]}
{"Kalman":[2.866882029356382, 1.690546048409696, 0.7317532008873916]}
{"UWB":[2.74659627, 1.75229073, 1.35847378]}
{"Distance":[1.3860838430752591]}
{"Time":[1615573173.4953997]}
{"IMU":[3.0039013673242154, 1.5607224889118925, 0.78]}
{"Kalman":[2.9419875516799716, 1.8380032455703508, 0.7714723305105]}
{"UWB":[2.70488404, 1.97882406, 1.25572757]}
{"Distance":[1.2640468143496095]}
{"Time":[1615573173.7849143]}
{"IMU":[3.0039013673242154, 1.5607224889118925, 0.78]}
{"Kalman":[2.990492971706873, 1.862543553101403, 0.771624513521841]}
{"UWB":[3.34977592, 1.47930156, -3.41977907]}
{"Distance":[1.259581631617878]}
{"Time":[1615573174.076193]}
{"IMU":[3.3385185243066373, 1.524450645001675, 0.8]}
{"Kalman":[3.100103443719311, 2.136812353537245, 0.7917094325650937]}
{"UWB":[2.73737691, 2.51230075, 1.3756904]}
{"Distance":[1.0717285181668168]}
{"Time":[1615573174.3381493]}
{"IMU":[3.3385185243066373, 1.524450645001675, 0.8]}
{"Kalman":[3.1150914166770245, 2.250160543583872, 0.7899131829457885]}
{"UWB":[2.6916909, 2.78284736, 1.46272959]}
{"Distance":[0.9923372067841422]}
{"Time":[1615573174.7047994]}
{"IMU":[3.7920895387109343, 1.473305785210873, 0.84]}
{"Kalman":[3.195511525869992, 2.5014129610633087, 0.8299774430174544]}
{"UWB":[2.56767151, 3.03804241, 1.49392836]}
{"Distance":[0.8724866691798481]}
{"Time":[1615573175.0023375]}
{"IMU":[4.2902981568749965, 1.3974315758068814, 0.88]}
{"Kalman":[3.403678503536232, 2.990436556818379, 0.8692116950186727]}
{"UWB":[2.63474096, 3.81361478, 2.96505686]}
{"Distance":[0.9131439524625131]}
{"Time":[1615573175.3132906]}
{"IMU":[4.2902981568749965, 1.3974315758068814, 0.88]}
{"Kalman":[3.0323885993361817, 2.945673410954168, 0.8707003503399314]}
{"UWB":[2.03701968, 3.78192621, 1.39968105]}
{"Distance":[0.5505519034411857]}
{"Time":[1615573175.611114]}
{"IMU":[4.788306579726559, 1.2727334518749966, 0.92]}
{"Kalman":[3.1360063313305173, 2.938330295518586, 0.9113055512390125]}
{"UWB":[1.93929212, 3.84871961, 2.21258913]}
{"Distance":[0.6451154246988241]}
{"Time":[1615573175.8453622]}
{"IMU":[4.788306579726559, 1.2727334518749966, 0.92]}
{"Kalman":[3.0975913610918955, 3.0658924444920563, 0.9120961551010645]}
{"UWB":[2.3225361, 4.70939511, 3.04544463]}
{"Distance":[0.6076054106414944]}
{"Time":[1615573176.1921153]}
{"IMU":[5.2779235841210905, 1.1381217499096645, 0.96]}
{"Kalman":[3.2165287270366423, 3.6263129024233898, 0.9547778422171007]}
{"UWB":[1.84343799, 4.93300045, 4.31942104]}
{"Distance":[0.9527467197347378]}
{"Time":[1615573176.5847044]}
{"IMU":[5.750404663222653, 0.9927682419140591, 1.0]}
{"Kalman":[3.3558766844327224, 3.5166550563476777, 0.991545296865771]}
{"UWB":[1.81782365, 4.84131786, 1.6333234]}
{"Distance":[0.9997643863482335]}
{"Time":[1615573176.8487756]}
{"IMU":[5.750404663222653, 0.9927682419140591, 1.0]}
{"Kalman":[3.411727346865038, 3.952294565920339, 0.993837415941291]}
{"UWB":[1.97013277, 5.51884032, 2.74038935]}
{"Distance":[1.318389044533232]}
{"Time":[1615573177.1611388]}
{"IMU":[6.043209839003903, 0.8379124374706998, 1.03]}
{"Kalman":[3.5575981663905556, 4.13262673282057, 1.023686440419741]}
{"UWB":[2.04296568, 5.8658101, 3.00673893]}
{"Distance":[1.549812325706639]}
{"Time":[1615573177.3878922]}
{"IMU":[6.043209839003903, 0.8379124374706998, 1.03]}
{"Kalman":[4.2898499824921705, 5.7536856852883185, 1.0135032860776108]}
{"UWB":[1.54685225, 5.80004923, 2.72821781]}
{"Distance":[3.284285333512287]}
{"Time":[1615573177.7557573]}
{"IMU":[6.20392944349609, 0.6389565201123013, 1.03]}
{"Kalman":[3.0772879922899907, 4.124064698275828, 1.032020402129024]}
{"UWB":[1.35193663, 6.00343558, 2.80558445]}
{"Distance":[1.264044373471375]}
{"Time":[1615573178.0743241]}
{"IMU":[6.20392944349609, 0.6389565201123013, 1.03]}
{"Kalman":[2.69526740339241, 3.942756001622427, 1.0376764444540618]}
{"UWB":[0.85018915, 5.77561024, 1.48961205]}
{"Distance":[0.9635028551537453]}
{"Time":[1615573178.49024]}
{"IMU":[6.255301818984371, 0.3709394760449185, 1.01]}
{"Kalman":[2.383161674561158, 3.8796113868568667, 1.0185641191759334]}
{"UWB":[0.42992684, 5.83979196, 1.12270276]}
{"Distance":[0.8875314150498512]}
{"Time":[1615573178.9007812]}
{"IMU":[6.255301818984371, 0.3709394760449185, 1.01]}
{"Kalman":[2.5830605442358605, 4.00435956893373, 1.0204642372153903]}
{"UWB":[0.73187338, 6.03279379, 2.66596387]}
{"Distance":[1.007996023167906]}
{"Time":[1615573179.2536445]}
{"IMU":[6.255301818984371, 0.3709394760449185, 1.01]}
{"Kalman":[2.8566883702438117, 3.7703541216871543, 1.0195054594212938]}
{"UWB":[1.14244919, 5.68172824, 1.70621033]}
{"Distance":[0.8491481197145814]}
{"Time":[1615573179.7257113]}
{"IMU":[6.255301818984371, 0.3709394760449185, 1.01]}
{"Kalman":[3.3270656415463735, 3.6111615180591357, 1.0198552764519366]}
{"UWB":[1.87970897, 5.52101625, 2.0450802]}
{"Distance":[1.0285670656723578]}
{"Time":[1615573180.0908184]}
{"IMU":[6.255301818984371, 0.3709394760449185, 1.01]}
{"Kalman":[3.30698838258462, 3.3503786245114107, 1.019070410853177]}
{"UWB":[1.92365321, 4.90535888, 1.89052472]}
{"Distance":[0.8799767671428367]}
{"Time":[1615573180.3767726]}
{"IMU":[6.255301818984371, 0.3709394760449185, 1.01]}
{"Kalman":[3.30698838258462, 3.3503786245114107, 1.019070410853177]}
{"UWB":[2.16639837, 4.32959652, 2.08032701]}
{"Distance":[0.8799767671428367]}
{"Time":[1615573180.6525304]}
{"IMU":[6.255301818984371, 0.3709394760449185, 1.01]}
{"Kalman":[3.30698838258462, 3.3503786245114107, 1.019070410853177]}
{"UWB":[2.43543062, 3.91268563, 3.55592944]}
{"Distance":[0.8799767671428367]}
{"Time":[1615573180.8860686]}
{"IMU":[6.255301818984371, 0.3709394760449185, 1.01]}
{"Kalman":[3.30698838258462, 3.3503786245114107, 1.019070410853177]}
{"UWB":[1.93399183, 4.19471038, 1.30349925]}
{"Distance":[0.8799767671428367]}
{"Time":[1615573181.1043115]}
{"IMU":[6.255301818984371, 0.3709394760449185, 1.01]}
{"Kalman":[3.30698838258462, 3.3503786245114107, 1.019070410853177]}
{"UWB":[2.04218189, 4.02385445, 1.55526799]}
{"Distance":[0.8799767671428367]}
{"Time":[1615573181.3195887]}
{"IMU":[6.255301818984371, 0.3709394760449185, 1.01]}
{"Kalman":[3.30698838258462, 3.3503786245114107, 1.019070410853177]}
{"UWB":[2.08187667, 3.98761371, 1.43923721]}
{"Distance":[0.8799767671428367]}
{"Time":[1615573181.5351195]}
{"IMU":[6.255301818984371, 0.3709394760449185, 1.01]}
{"Kalman":[3.30698838258462, 3.3503786245114107, 1.019070410853177]}
{"UWB":[5.5858175, 5.42629384, -8.2084516]}
{"Distance":[0.8799767671428367]}
{"Time":[1615573181.7705402]}
{"IMU":[6.255301818984371, 0.3709394760449185, 1.01]}
{"Kalman":[3.30698838258462, 3.3503786245114107, 1.019070410853177]}
{"UWB":[1.95914418, 3.77451552, 1.47965292]}
{"Distance":[0.8799767671428367]}
{"Time":[1615573181.989815]}
{"IMU":[6.255301818984371, 0.3709394760449185, 1.01]}
