{"IMU":[0.020091943740844727, 0.011413427591323853, 0.76]}
{"Kalman":[0.08542461909284257, 0.05850990564387172, 0.7625494954770248]}
{"CMD":[-0.6359657663398027, 20.0, 0, 3.908176309260462]}
{"Distance":[0.946707071125035]}
{"Time":[1615324209.755312]}
{"IMU":[0.020091943740844727, 0.011413427591323853, 0.76]}
{"Kalman":[0.04676188704516446, 0.061133434637003034, 0.7619674873134171]}
{"CMD":[-1.6705809434001635, 20.0, 0, 3.5902743893274236]}
{"Distance":[0.9844082861882567]}
{"Time":[1615324209.8115416]}
{"IMU":[0.020091943740844727, 0.011413427591323853, 0.76]}
{"Kalman":[0.04676188704516446, 0.061133434637003034, 0.7619674873134171]}
{"CMD":[-1.6705809434001635, 20.0, 0, 3.5902743893274236]}
{"Distance":[0.9844082861882567]}
{"Time":[1615324209.85757]}
{"IMU":[0.020091943740844727, 0.011413427591323853, 0.76]}
{"Kalman":[0.04676188704516446, 0.061133434637003034, 0.7619674873134171]}
{"CMD":[-1.6705809434001635, 20.0, 0, 3.5902743893274236]}
{"Distance":[0.9844082861882567]}
{"Time":[1615324209.8960671]}
{"IMU":[0.020091943740844727, 0.011413427591323853, 0.76]}
{"Kalman":[0.04676188704516446, 0.061133434637003034, 0.7619674873134171]}
{"CMD":[-1.6705809434001635, 20.0, 0, 3.5902743893274236]}
{"Distance":[0.9844082861882567]}
{"Time":[1615324209.9478974]}
{"IMU":[0.020091943740844727, 0.011413427591323853, 0.76]}
{"Kalman":[0.04676188704516446, 0.061133434637003034, 0.7619674873134171]}
{"CMD":[-1.6705809434001635, 20.0, 0, 3.5902743893274236]}
{"Distance":[0.9844082861882567]}
{"Time":[1615324210.002504]}
{"IMU":[0.020091943740844727, 0.011413427591323853, 0.76]}
{"Kalman":[0.04676188704516446, 0.061133434637003034, 0.7619674873134171]}
{"CMD":[-1.6705809434001635, 20.0, 0, 3.5902743893274236]}
{"Distance":[0.9844082861882567]}
{"Time":[1615324210.0454423]}
{"IMU":[0.020091943740844727, 0.011413427591323853, 0.76]}
{"Kalman":[0.04676188704516446, 0.061133434637003034, 0.7619674873134171]}
{"CMD":[-1.6705809434001635, 20.0, 0, 3.5902743893274236]}
{"Distance":[0.9844082861882567]}
{"Time":[1615324210.0858164]}
{"IMU":[0.020091943740844727, 0.011413427591323853, 0.76]}
{"Kalman":[0.04676188704516446, 0.061133434637003034, 0.7619674873134171]}
{"CMD":[-1.6705809434001635, 20.0, 0, 3.5902743893274236]}
{"Distance":[0.9844082861882567]}
{"Time":[1615324210.1268144]}
{"IMU":[0.01791141986846924, 0.020608348846435545, 0.76]}
{"Kalman":[0.07817298708478045, 0.04369025911443253, 0.7562747279805123]}
{"CMD":[-1.812083045912152, 20.0, 0, 3.590274469410406]}
{"Distance":[0.9545029537422375]}
{"Time":[1615324210.1878812]}
{"IMU":[0.01791141986846924, 0.020608348846435545, 0.76]}
{"Kalman":[0.10623574700773766, 0.020700550562565704, 0.7559436713225426]}
{"CMD":[-0.5656797379871396, 20.0, 0, 3.681132365130646]}
{"Distance":[0.9267181579573852]}
{"Time":[1615324210.23727]}
{"IMU":[0.01791141986846924, 0.020608348846435545, 0.76]}
{"Kalman":[0.10623574700773766, 0.020700550562565704, 0.7559436713225426]}
{"CMD":[-0.5656797379871396, 20.0, 0, 3.681132365130646]}
{"Distance":[0.9267181579573852]}
{"Time":[1615324210.283783]}
{"IMU":[0.01791141986846924, 0.020608348846435545, 0.76]}
{"Kalman":[0.10623574700773766, 0.020700550562565704, 0.7559436713225426]}
{"CMD":[-0.5656797379871396, 20.0, 0, 3.681132365130646]}
{"Distance":[0.9267181579573852]}
{"Time":[1615324210.3370883]}
{"IMU":[0.01791141986846924, 0.020608348846435545, 0.76]}
{"Kalman":[0.10623574700773766, 0.020700550562565704, 0.7559436713225426]}
{"CMD":[-0.5656797379871396, 20.0, 0, 3.681132365130646]}
{"Distance":[0.9267181579573852]}
{"Time":[1615324210.3803244]}
{"IMU":[0.01791141986846924, 0.020608348846435545, 0.76]}
{"Kalman":[0.10623574700773766, 0.020700550562565704, 0.7559436713225426]}
{"CMD":[-0.5656797379871396, 20.0, 0, 3.681132365130646]}
{"Distance":[0.9267181579573852]}
{"Time":[1615324210.439124]}
{"IMU":[0.01791141986846924, 0.020608348846435545, 0.76]}
{"Kalman":[0.10623574700773766, 0.020700550562565704, 0.7559436713225426]}
{"CMD":[-0.5656797379871396, 20.0, 0, 3.681132365130646]}
{"Distance":[0.9267181579573852]}
{"Time":[1615324210.487805]}
{"IMU":[0.01791141986846924, 0.020608348846435545, 0.76]}
{"Kalman":[0.10623574700773766, 0.020700550562565704, 0.7559436713225426]}
{"CMD":[-0.5656797379871396, 20.0, 0, 3.681132365130646]}
{"Distance":[0.9267181579573852]}
{"Time":[1615324210.536042]}
{"IMU":[0.01791141986846924, 0.020608348846435545, 0.76]}
{"Kalman":[0.10623574700773766, 0.020700550562565704, 0.7559436713225426]}
{"CMD":[-0.5656797379871396, 20.0, 0, 3.681132365130646]}
{"Distance":[0.9267181579573852]}
{"Time":[1615324210.6331666]}
{"IMU":[0.07505734443664551, 0.020853774547576906, 0.78]}
{"Kalman":[0.2293435925575465, 0.012298540480125603, 0.7759436578863612]}
{"CMD":[-0.36592824912849214, 20.0, 0, 3.3794817792507055]}
{"Distance":[0.8026604493005708]}
{"Time":[1615324210.7310236]}
{"IMU":[0.07505734443664551, 0.020853774547576906, 0.78]}
{"Kalman":[0.5016694901767279, 0.02172449556697782, 0.7750796136307693]}
{"CMD":[-0.5936608750133469, 13.617776559894887, 0, 3.3925025354933185]}
{"Distance":[0.5471694718575278]}
{"Time":[1615324210.7734072]}
{"IMU":[0.07505734443664551, 0.020853774547576906, 0.78]}
{"Kalman":[0.5284036439845514, 0.022649839002447297, 0.7750796131977934]}
{"CMD":[-0.6189475470051095, 12.887217772310493, 0, 3.3925025420239487]}
{"Distance":[0.5229773595607564]}
{"Time":[1615324210.8144119]}
{"IMU":[0.07505734443664551, 0.020853774547576906, 0.78]}
{"Kalman":[0.5284036439845514, 0.022649839002447297, 0.7750796131977934]}
{"CMD":[-0.6189475470051095, 12.887217772310493, 0, 3.3925025420239487]}
{"Distance":[0.5229773595607564]}
{"Time":[1615324210.855431]}
{"IMU":[0.07505734443664551, 0.020853774547576906, 0.78]}
{"Kalman":[0.5284036439845514, 0.022649839002447297, 0.7750796131977934]}
{"CMD":[-0.6189475470051095, 12.887217772310493, 0, 3.3925025420239487]}
{"Distance":[0.5229773595607564]}
{"Time":[1615324210.8905702]}
{"IMU":[0.07505734443664551, 0.020853774547576906, 0.78]}
{"Kalman":[0.5284036439845514, 0.022649839002447297, 0.7750796131977934]}
{"CMD":[-0.6189475470051095, 12.887217772310493, 0, 3.3925025420239487]}
{"Distance":[0.5229773595607564]}
{"Time":[1615324210.9244022]}
{"IMU":[0.07505734443664551, 0.020853774547576906, 0.78]}
{"Kalman":[0.5284036439845514, 0.022649839002447297, 0.7750796131977934]}
{"CMD":[-0.6189475470051095, 12.887217772310493, 0, 3.3925025420239487]}
{"Distance":[0.5229773595607564]}
{"Time":[1615324210.9607275]}
{"IMU":[0.07505734443664551, 0.020853774547576906, 0.78]}
{"Kalman":[0.5284036439845514, 0.022649839002447297, 0.7750796131977934]}
{"CMD":[-0.6189475470051095, 12.887217772310493, 0, 3.3925025420239487]}
{"Distance":[0.5229773595607564]}
{"Time":[1615324210.9986765]}
{"IMU":[0.07505734443664551, 0.020853774547576906, 0.78]}
{"Kalman":[0.5284036439845514, 0.022649839002447297, 0.7750796131977934]}
{"CMD":[-0.6189475470051095, 12.887217772310493, 0, 3.3925025420239487]}
{"Distance":[0.5229773595607564]}
{"Time":[1615324211.0463617]}
{"IMU":[0.07505734443664551, 0.020853774547576906, 0.78]}
{"Kalman":[0.5284036439845514, 0.022649839002447297, 0.7750796131977934]}
{"CMD":[-0.6189475470051095, 12.887217772310493, 0, 3.3925025420239487]}
{"Distance":[0.5229773595607564]}
{"Time":[1615324211.097624]}
{"IMU":[0.17806838989257812, 0.024703304767608642, 0.8]}
{"Kalman":[0.5998628015142815, 0.024982311844415163, 0.7948219214712222]}
{"CMD":[-0.6826865582994528, 10.93446789804873, 0, 3.094726818110021]}
{"Distance":[0.4503686683438937]}
{"Time":[1615324211.158756]}
{"IMU":[0.17806838989257812, 0.024703304767608642, 0.8]}
{"Kalman":[0.7296232197109971, 0.04596829186083167, 0.7949091579681918]}
{"CMD":[-1.2561661689605161, 7.388531322846746, 0, 3.0934110190313584]}
{"Distance":[0.34246013003175485]}
{"Time":[1615324211.2432196]}
{"IMU":[0.17806838989257812, 0.024703304767608642, 0.8]}
{"Kalman":[0.7700015595926141, 0.054503867421289966, 0.7949086847752775]}
