{"IMU":[0.035174474716186524, -0.012111341953277588, 0.77]}
{"Kalman":[-0.041702086301159, 0.012296616164873465, 0.7719082091172925]}
{"CMD":[-0.07115886592292506, 11.815055708470636, 0, 3.1165090057284734]}
{"Distance":[2.0544401867768487]}
{"Time":[1615223616.7588022]}
{"IMU":[0.0006582985818386078, 0.0006116651371121406, 0.77]}
{"Kalman":[-0.0756340064326604, 0.030433614788082465, 0.7617037478326792]}
{"CMD":[-0.07115886592292506, 11.815055708470636, 0, 3.1165090057284734]}
{"Distance":[2.0894898509841484]}
{"Time":[1615223616.9857283]}
{"IMU":[0.0006582985818386078, 0.0006116651371121406, 0.77]}
{"Kalman":[-0.0756340064326604, 0.030433614788082465, 0.7617037478326792]}
{"CMD":[-0.17611524058475758, 12.011415172145071, 0, 3.25593662549958]}
{"Distance":[2.0894898509841484]}
{"Time":[1615223617.1987996]}
{"IMU":[-0.005724357962608337, 0.015386683940887451, 0.79]}
{"Kalman":[-0.0806655550704201, 0.040904391600031696, 0.7808879742287511]}
{"CMD":[-0.17611524058475758, 12.011415172145071, 0, 3.25593662549958]}
{"Distance":[2.092570763712962]}
{"Time":[1615223617.4168155]}
{"IMU":[-0.005724357962608337, 0.015386683940887451, 0.79]}
{"Kalman":[0.01369909940988067, 0.05855293709731117, 0.7796428385795947]}
{"CMD":[-0.23670821944009418, 12.040532068216185, 0, 2.993814897663979]}
{"Distance":[1.9993441406414003]}
{"Time":[1615223617.6367986]}
{"IMU":[-0.005724357962608337, 0.015386683940887451, 0.79]}
{"Kalman":[0.01369909940988067, 0.05855293709731117, 0.7796428385795947]}
{"CMD":[-0.33883798147682564, 11.494456488886595, 0, 3.0108276820738524]}
{"Distance":[1.9993441406414003]}
{"Time":[1615223617.8526235]}
{"IMU":[0.013580546379089356, 0.02513662338256836, 0.81]}
{"Kalman":[0.10740646375518104, 0.0679924353338943, 0.8004135428971971]}
{"CMD":[-0.3775372931280878, 11.408694118602511, 0, 2.748696521679961]}
{"Distance":[1.9043025018513082]}
{"Time":[1615223618.093465]}
{"IMU":[0.013580546379089356, 0.02513662338256836, 0.81]}
{"Kalman":[0.10740646375518104, 0.0679924353338943, 0.8004135428971971]}
{"CMD":[-0.3934630897497421, 10.952184559273467, 0, 2.7270292743774585]}
{"Distance":[1.9043025018513082]}
{"Time":[1615223618.3057015]}
{"IMU":[0.06235543727874756, 0.030932769775390626, 0.82]}
{"Kalman":[0.2503246784004963, 0.07706136614772242, 0.8125361327518913]}
{"CMD":[-0.3934630897497421, 10.952184559273467, 0, 2.7270292743774585]}
{"Distance":[1.7613758504903196]}
{"Time":[1615223618.522233]}
{"IMU":[0.06235543727874756, 0.030932769775390626, 0.82]}
{"Kalman":[0.2503246784004963, 0.07706136614772242, 0.8125361327518913]}
{"CMD":[-0.445943774126062, 10.125136049542704, 0, 2.561393499811881]}
{"Distance":[1.7613758504903196]}
{"Time":[1615223618.7368884]}
{"IMU":[0.15230298042297363, 0.031618735790252685, 0.84]}
{"Kalman":[0.47589525633319285, 0.07549969089819994, 0.8319357377106241]}
{"CMD":[-0.445943774126062, 10.125136049542704, 0, 2.561393499811881]}
{"Distance":[1.5352006609079674]}
{"Time":[1615223618.9511373]}
{"IMU":[0.15230298042297363, 0.031618735790252685, 0.84]}
{"Kalman":[0.5012435358458428, 0.07495196617095833, 0.8319286030718903]}
{"CMD":[-0.4369065692392927, 8.819789416285843, 0, 2.296328968872424]}
{"Distance":[1.5100121623821876]}
{"Time":[1615223619.1653128]}
{"IMU":[0.29668798446655276, 0.02513974666595459, 0.86]}
{"Kalman":[0.6173805671735864, 0.07039299205403607, 0.8511134853862578]}
{"CMD":[-0.4337369598194432, 8.673102327819171, 0, 2.296426452283731]}
{"Distance":[1.39239321443096]}
{"Time":[1615223619.3827329]}
{"IMU":[0.29668798446655276, 0.02513974666595459, 0.86]}
{"Kalman":[0.777269310147874, 0.0627705371665291, 0.8515963545014975]}
{"CMD":[-0.40735478901875816, 8.001032928390009, 0, 2.0342957623751543]}
{"Distance":[1.2333021212337534]}
{"Time":[1615223619.597272]}
{"IMU":[0.29668798446655276, 0.02513974666595459, 0.86]}
{"Kalman":[0.777269310147874, 0.0627705371665291, 0.8515963545014975]}
{"CMD":[-0.36324466652074205, 7.075778250896427, 0, 2.0276981292888903]}
{"Distance":[1.2333021212337534]}
{"Time":[1615223619.8256063]}
{"IMU":[0.4922793197631836, 0.009066710472106934, 0.88]}
{"Kalman":[1.1562565282043071, 0.04007876029180971, 0.8722766697813721]}
{"CMD":[-0.36324466652074205, 7.075778250896427, 0, 2.0276981292888903]}
{"Distance":[0.8542965540762261]}
{"Time":[1615223620.0381024]}
{"IMU":[0.4922793197631836, 0.009066710472106934, 0.88]}
{"Kalman":[1.1562565282043071, 0.04007876029180971, 0.8722766697813721]}
{"CMD":[-0.23193040196772602, 4.88263012993468, 0, 1.7451347430240347]}
{"Distance":[0.8542965540762261]}
{"Time":[1615223620.2505994]}
{"IMU":[0.7328643798828125, -0.015867385864257812, 0.9]}
{"Kalman":[1.4849068033827963, -0.0007448613423639526, 0.8962938400352801]}
{"CMD":[-0.23193040196772602, 4.88263012993468, 0, 1.7451347430240347]}
{"Distance":[0.5254298465393612]}
{"Time":[1615223620.4754376]}
{"IMU":[0.7328643798828125, -0.015867385864257812, 0.9]}
{"Kalman":[1.4849068033827963, -0.0007448613423639526, 0.8962938400352801]}
{"CMD":[0.004310412529900408, 2.98077513556931, 0, 1.4169785779172042]}
{"Distance":[0.5254298465393612]}
{"Time":[1615223620.6888123]}
{"IMU":[0.9881111907958985, -0.045968365669250486, 0.91]}
{"Kalman":[1.7053538465959275, -0.03193606056732238, 0.9059100591953853]}
{"CMD":[0.004310412529900408, 2.98077513556931, 0, 1.4169785779172042]}
{"Distance":[0.3109488456981177]}
{"Time":[1615223620.921841]}
{"IMU":[0.9881111907958985, -0.045968365669250486, 0.91]}
{"Kalman":[1.7138338549425522, -0.03648113732208028, 0.9058649758712463]}
{"CMD":[0.18480969248338672, 1.7050777094823433, 0, 1.2855883446363516]}
{"Distance":[0.30345236648455015]}
{"Time":[1615223621.139055]}
{"IMU":[0.9881111907958985, -0.045968365669250486, 0.91]}
{"Kalman":[1.7138338549425522, -0.03648113732208028, 0.9058649758712463]}
{"CMD":[0.21111144111608052, 1.656005040312876, 0, 1.2862043360542963]}
{"Distance":[0.30345236648455015]}
{"Time":[1615223621.3589838]}
{"IMU":[1.2242523193359376, -0.07683789730072021, 0.92]}
{"Kalman":[1.9244423349076356, -0.07799650441970829, 0.9176248137538797]}
{"CMD":[0.21111144111608052, 1.656005040312876, 0, 1.2862043360542963]}
{"Distance":[0.13630145547640524]}
{"Time":[1615223621.575887]}
