{"IMU":[]}
{"Kalman":[4.515172039005751, 2.483085522288019, 1.7296792518712727]}
{"UWB":[2.49928405, 4.56270367, 1.17493096]}
{"Distance":[1.4960729869300544]}
{"Time":[0.5]}
{"Title":['ModelBasedAgendUWB_PID']}
{"IMU":[]}
{"Kalman":[4.603927248342683, 2.4596890180504274, 1.7082621690763284]}
{"UWB":[2.47738617, 4.66821524, 1.40264116]}
{"Distance":[1.405176042496435]}
{"Time":[1.2]}
{"Title":['ModelBasedAgendUWB_PID']}
{"IMU":[]}
{"Kalman":[4.9977646007977965, 2.519378604671142, 1.6963256133164188]}
{"UWB":[2.41435063, 4.74143277, 1.15348823]}
{"Distance":[1.0259643110759056]}
{"Time":[1.8]}
{"Title":['ModelBasedAgendUWB_PID']}
{"IMU":[]}
{"Kalman":[4.73588096084589, 2.385738170292874, 1.6873522111588661]}
{"UWB":[2.58099605, 5.3214129, 2.78844281]}
{"Distance":[1.267023274844263]}
{"Time":[2.3]}
{"Title":['ModelBasedAgendUWB_PID']}
{"IMU":[]}
{"Kalman":[5.429451191844709, 2.349404254696618, 1.6680176870364747]}
{"UWB":[2.41514852, 5.61153299, 2.46484851]}
{"Distance":[0.5726837895990693]}
{"Time":[2.9]}
{"Title":['ModelBasedAgendUWB_PID']}
{"IMU":[]}
{"Kalman":[5.634042966811687, 2.2875735894590155, 1.6572996909719313]}
{"UWB":[2.35819751, 5.72089749, 2.13508872]}
{"Distance":[0.36616794755811893]}
{"Time":[3.4]}
{"Title":['ModelBasedAgendUWB_PID']}
{"IMU":[]}
{"Kalman":[5.401772278904322, 2.2041235217177246, 1.6459870793838345]}
{"UWB":[2.26377865, 5.06879025, 0.73170344]}
{"Distance":[0.6058619524075924]}
{"Time":[3.9]}
{"Title":['ModelBasedAgendUWB_PID']}
{"IMU":[]}
{"Kalman":[5.964045470272091, 2.278198218669001, 1.6366642146021777]}
{"UWB":[2.14570966, 6.02391581, 0.63155243]}
{"Distance":[0.04204813761820826]}
{"Time":[4.5]}
{"Title":['ModelBasedAgendUWB_PID']}
