{"IMU":[2.2385897207340237, 1.9901514258787538, 0.69]}
{"Kalman":[2.290226993278276, 2.068633495958497, 0.69]}
{"UWB":[2.3145467956700134, 2.101432207500051, 1.4986720778092768]}
{"Distance":[1.4794981524966722]}
{"Time":[1615474197.960317]}
{"IMU":[2.2385897207340237, 1.9901514258787538, 0.69]}
{"Kalman":[2.290226993278276, 2.068633495958497, 0.69]}
{"UWB":[2.3145123779999133, 2.1009605903846675, 1.4996322296153826]}
{"Distance":[1.4794981524966722]}
{"Time":[1615474197.9999263]}
{"IMU":[2.2385897207340237, 1.9901514258787538, 0.69]}
{"Kalman":[2.290226993278276, 2.068633495958497, 0.69]}
{"UWB":[2.3144783115305283, 2.1004937856888293, 1.5005825839540792]}
{"Distance":[1.4794981524966722]}
{"Time":[1615474198.0379646]}
{"IMU":[2.2385897207340237, 1.9901514258787538, 0.69]}
{"Kalman":[2.290226993278276, 2.068633495958497, 0.69]}
{"UWB":[2.314444590913624, 2.1000317201269585, 1.5015232900253779]}
{"Distance":[1.4794981524966722]}
{"Time":[1615474198.0630574]}
{"IMU":[2.2385897207340237, 1.9901514258787538, 0.69]}
{"Kalman":[2.290226993278276, 2.068633495958497, 0.69]}
{"UWB":[2.3144112109090123, 2.0995743218939955, 1.5024544940151483]}
{"Distance":[1.4794981524966722]}
{"Time":[1615474198.0815165]}
{"IMU":[2.2385897207340237, 1.9901514258787538, 0.69]}
{"Kalman":[2.290226993278276, 2.068633495958497, 0.69]}
{"UWB":[2.3143781663818337, 2.099121520628198, 1.5033763391708506]}
{"Distance":[1.4794981524966722]}
{"Time":[1615474198.0985308]}
{"IMU":[2.2385897207340237, 1.9901514258787538, 0.69]}
{"Kalman":[2.290226993278276, 2.068633495958497, 0.69]}
{"UWB":[2.3143454522999267, 2.098673247375059, 1.5042889658749958]}
{"Distance":[1.4794981524966722]}
{"Time":[1615474198.1157146]}
{"IMU":[2.2385897207340237, 1.9901514258787538, 0.69]}
{"Kalman":[2.290226993278276, 2.068633495958497, 0.69]}
{"UWB":[2.3143130637312725, 2.098229434552299, 1.5051925117164136]}
{"Distance":[1.4794981524966722]}
{"Time":[1615474198.1429954]}
{"IMU":[2.2385897207340237, 1.9901514258787538, 0.69]}
{"Kalman":[2.290226993278276, 2.068633495958497, 0.69]}
{"UWB":[2.314280995841516, 2.097790015915903, 1.506087111559401]}
{"Distance":[1.4794981524966722]}
{"Time":[1615474198.161597]}
{"IMU":[2.2385897207340237, 1.9901514258787538, 0.69]}
{"Kalman":[2.2901139576313323, 2.066431672961385, 0.69]}
{"UWB":[2.314208672426405, 2.0970807121324175, 1.508216672083329]}
{"Distance":[1.481644457712266]}
{"Time":[1615474198.19095]}
{"IMU":[2.2385897207340237, 1.9901514258787538, 0.69]}
{"Kalman":[2.2901139576313323, 2.066431672961385, 0.69]}
{"UWB":[2.3141594105121266, 2.0969650184634814, 1.509813196121949]}
{"Distance":[1.481644457712266]}
{"Time":[1615474198.2280638]}
{"IMU":[2.2385897207340237, 1.9901514258787538, 0.69]}
{"Kalman":[2.2901139576313323, 2.066431672961385, 0.69]}
{"UWB":[2.3141106268688607, 2.0968504480340493, 1.5113942199271844]}
{"Distance":[1.481644457712266]}
{"Time":[1615474198.2615728]}
{"IMU":[2.2385897207340237, 1.9901514258787538, 0.69]}
{"Kalman":[2.2901139576313323, 2.066431672961385, 0.69]}
{"UWB":[2.314062314565143, 2.0967369845652883, 1.5129599681400987]}
{"Distance":[1.481644457712266]}
{"Time":[1615474198.2892733]}
{"IMU":[2.2385897207340237, 1.9901514258787538, 0.69]}
{"Kalman":[2.2901139576313323, 2.066431672961385, 0.69]}
{"UWB":[2.3140144668028078, 2.0966246120914187, 1.514510661081735]}
{"Distance":[1.481644457712266]}
{"Time":[1615474198.307937]}
{"IMU":[2.2385897207340237, 1.9901514258787538, 0.69]}
{"Kalman":[2.2901139576313323, 2.066431672961385, 0.69]}
{"UWB":[2.3139670769137957, 2.0965133149522277, 1.5160465148564655]}
{"Distance":[1.481644457712266]}
{"Time":[1615474198.3302684]}
{"IMU":[2.2487931594332693, 2.022050384859791, 0.72]}
{"Kalman":[2.301455673684984, 2.0912338009091993, 0.72]}
{"UWB":[2.317467355884976, 2.0870304813794065, 1.5401214575402222]}
{"Distance":[1.449980018211501]}
{"Time":[1615474198.4410722]}
{"IMU":[2.2487931594332693, 2.022050384859791, 0.72]}
{"Kalman":[2.3049410035710944, 2.1077085167809777, 0.72]}
{"UWB":[2.321970093697011, 2.1024580881515518, 1.461869424209347]}
{"Distance":[1.433500466108078]}
{"Time":[1615474198.5704958]}
{"IMU":[2.2487931594332693, 2.022050384859791, 0.72]}
{"Kalman":[2.3061148645913185, 2.113521611651229, 0.72]}
{"UWB":[2.3222753574234876, 2.108700987620199, 1.4264842015502113]}
{"Distance":[1.4276952640849683]}
{"Time":[1615474198.648856]}
{"IMU":[2.2487931594332693, 2.022050384859791, 0.72]}
{"Kalman":[2.3061148645913185, 2.113521611651229, 0.72]}
{"UWB":[2.3216656370433872, 2.109176517456636, 1.4222365072391234]}
{"Distance":[1.4276952640849683]}
{"Time":[1615474198.7034547]}
{"IMU":[2.2487931594332693, 2.022050384859791, 0.72]}
{"Kalman":[2.3061148645913185, 2.113521611651229, 0.72]}
{"UWB":[2.321061195627617, 2.109647930151632, 1.4180255895021574]}
{"Distance":[1.4276952640849683]}
{"Time":[1615474198.749031]}
{"IMU":[2.2487931594332693, 2.022050384859791, 0.72]}
{"Kalman":[2.3061148645913185, 2.113521611651229, 0.72]}
{"UWB":[2.3204619649137066, 2.1101152789440847, 1.4138509727801651]}
{"Distance":[1.4276952640849683]}
{"Time":[1615474198.767847]}
{"IMU":[2.2487931594332693, 2.022050384859791, 0.72]}
{"Kalman":[2.3061148645913185, 2.113521611651229, 0.72]}
{"UWB":[2.319867877811075, 2.11057861615892, 1.4097121896781042]}
{"Distance":[1.4276952640849683]}
{"Time":[1615474198.7884226]}
{"IMU":[2.2487931594332693, 2.022050384859791, 0.72]}
{"Kalman":[2.3061148645913185, 2.113521611651229, 0.72]}
{"UWB":[2.319551583589659, 2.1108665754061056, 1.4112106513034108]}
{"Distance":[1.4276952640849683]}
{"Time":[1615474198.810406]}
{"IMU":[2.2487931594332693, 2.022050384859791, 0.72]}
{"Kalman":[2.3061148645913185, 2.113521611651229, 0.72]}
{"UWB":[2.3192379812339574, 2.111152083936294, 1.4126963600638212]}
{"Distance":[1.4276952640849683]}
{"Time":[1615474198.8321662]}
{"IMU":[2.2795591890892024, 2.1638825264379884, 0.75]}
{"Kalman":[2.3163787234146724, 2.162425077539982, 0.75]}
{"UWB":[2.31370295938264, 2.1081716822223457, 1.4272129052263287]}
{"Distance":[1.3730708089566062]}
{"Time":[1615474198.9850037]}
{"IMU":[2.2795591890892024, 2.1638825264379884, 0.75]}
{"Kalman":[2.313331650686453, 2.216282893520181, 0.75]}
{"UWB":[2.308152711513881, 2.1058580770917565, 1.4426332085458091]}
{"Distance":[1.3210884459809507]}
{"Time":[1615474199.1163394]}
{"IMU":[2.2795591890892024, 2.1638825264379884, 0.75]}
{"Kalman":[2.3129379407539674, 2.218746954944231, 0.75]}
{"UWB":[2.307732015646994, 2.1091372763530707, 1.44871905045097]}
{"Distance":[1.3187500064356574]}
{"Time":[1615474199.1898599]}
{"IMU":[2.2795591890892024, 2.1638825264379884, 0.75]}
{"Kalman":[2.3129379407539674, 2.218746954944231, 0.75]}
{"UWB":[2.3096069198046227, 2.1112382832423187, 1.4349463530663975]}
{"Distance":[1.3187500064356574]}
{"Time":[1615474199.238533]}
{"IMU":[2.2795591890892024, 2.1638825264379884, 0.75]}
{"Kalman":[2.3129379407539674, 2.218746954944231, 0.75]}
{"UWB":[2.3114672332684174, 2.1133229398834015, 1.4212808362062186]}
{"Distance":[1.3187500064356574]}
{"Time":[1615474199.2863457]}
{"IMU":[2.2795591890892024, 2.1638825264379884, 0.75]}
{"Kalman":[2.3129379407539674, 2.218746954944231, 0.75]}
{"UWB":[2.313313125697609, 2.115391436395483, 1.407721253585266]}
{"Distance":[1.3187500064356574]}
{"Time":[1615474199.3128743]}
{"IMU":[2.3202748954376218, 2.427160190622559, 0.78]}
{"Kalman":[2.333277532002275, 2.3068010593240165, 0.78]}
{"UWB":[2.321445600342791, 2.1245046410287127, 1.3479816067238113]}
{"Distance":[1.224712249210214]}
{"Time":[1615474199.4039378]}
{"IMU":[2.3202748954376218, 2.427160190622559, 0.78]}
{"Kalman":[2.3385219512901907, 2.3785612684911577, 0.78]}
{"UWB":[2.3203856861140997, 2.140549355727589, 1.325641522670351]}
{"Distance":[1.154166360947714]}
{"Time":[1615474199.5151675]}
{"IMU":[2.3202748954376218, 2.427160190622559, 0.78]}
{"Kalman":[2.3359581080742196, 2.3850734305985952, 0.78]}
{"UWB":[2.316462714530602, 2.150009737094016, 1.3300530249277966]}
{"Distance":[1.148203378092825]}
