{"IMU":[0.019574785232543947, -0.00020531930029392244, 0.79]}
{"Kalman":[0.021635070591691397, -0.000978909848049738, 0.79]}
{"CMD":[0, 10.0, 0, 5]}
{"Distance":[1.0006492359266634]}
{"Time":[0.5]}
{"Title":['ModelBasedAgentLQR']}
{"IMU":[0.09625511169433594, 0.0006166405975818634, 0.82]}
{"Kalman":[0.19331078938368587, 0.0024936595091741335, 0.82]}
{"CMD":[0, 10.0, 0, 5]}
{"Distance":[0.8265311251625795]}
{"Time":[1.1]}
{"Title":['ModelBasedAgentLQR']}
{"IMU":[0.21564664840698242, -0.00014864884316921235, 0.86]}
{"Kalman":[0.3552810751156207, 0.0010405043895112896, 0.86]}
{"CMD":[0, 9.971227010374093, 0, 5]}
{"Distance":[0.6597450831597418]}
{"Time":[1.7]}
{"Title":['ModelBasedAgentLQR']}
{"IMU":[0.3720520782470703, -0.002145608365535736, 0.89]}
{"Kalman":[0.5425571788945194, -0.0012905635602773382, 0.89]}
{"CMD":[0, 7.969164175376736, 0, 5]}
{"Distance":[0.47048443134204115]}
{"Time":[2.3]}
{"Title":['ModelBasedAgentLQR']}
{"IMU":[0.5555530166625977, -0.005426657199859619, 0.93]}
{"Kalman":[0.7423285210729419, -0.0063008400723196245, 0.93]}
{"CMD":[0, 5.654304227056496, 0, 5]}
{"Distance":[0.26708480233452875]}
{"Time":[2.8]}
{"Title":['ModelBasedAgentLQR']}
{"IMU":[0.7440048217773437, -0.012870635986328125, 0.97]}
{"Kalman":[0.9369157504692558, -0.017691851562023644, 0.97]}
{"CMD":[0, 5, 0, 5]}
{"Distance":[0.07205986504670878]}
{"Time":[3.4]}
{"Title":['ModelBasedAgentLQR']}
{"IMU":[0.009822587370872498, -0.001334151029586792, 0.82]}
{"Kalman":[0.038014101164411035, -0.0013296981316405394, 0.82]}
{"CMD":[0, 10.0, 0, 5]}
{"Distance":[0.9786820922320165]}
{"Time":[0.6]}
{"Title":['ModelBasedAgentLQR']}
