{"IMU":[2.6457674695859055, 1.144455504621845, 0.64]}
{"Kalman":[2.730966897302773, 1.2192101509168054, 0.6450430461978685]}
{"UWB":[2.83337105, 1.284969, 0.69922585]}
{"Distance":[2.4417381100469333]}
{"Time":[1615576366.1213324]}
{"IMU":[2.629172764600287, 1.1476971923368986, 0.61]}
{"Kalman":[2.8222132950213354, 1.1745586366254548, 0.6154722849202275]}
{"UWB":[3.00061381, 1.1945406, 0.35403561]}
{"Distance":[2.496323566966857]}
{"Time":[1615576366.5506003]}
{"IMU":[2.6256578786978824, 1.1476971923368986, 0.61]}
{"Kalman":[2.741290775300327, 1.453942462258894, 0.6208994142367844]}
{"UWB":[2.84237058, 1.7008458, 1.43694715]}
{"Distance":[2.209273624364932]}
{"Time":[1615576367.1619422]}
{"IMU":[2.6256578786978824, 1.1453615381377753, 0.52]}
{"Kalman":[2.7553908090057697, 1.646471778458143, 0.5246534168824557]}
{"UWB":[2.8580715, 2.06082443, 1.80397699]}
{"Distance":[2.019740032736713]}
{"Time":[1615576367.6875634]}
{"IMU":[2.698085565150748, 1.1453615381377753, 0.52]}
{"Kalman":[2.7639906574553983, 1.8117779789615092, 0.5249780430232523]}
{"UWB":[2.83292617, 2.37053106, 2.16073058]}
{"Distance":[1.8570813837456255]}
{"Time":[1615576368.2387273]}
{"IMU":[2.698085565150748, 1.1841262730020101, 0.47]}
{"Kalman":[2.913705154146524, 2.1267822673864045, 0.4629702016573982]}
{"UWB":[2.93393561, 2.77646765, 2.06655328]}
{"Distance":[1.5783992573223993]}
{"Time":[1615576368.841735]}
{"IMU":[2.85302158314086, 1.2870096929925496, 0.5]}
{"Kalman":[3.0347536582539165, 2.5901036462842826, 0.4938971107955211]}
{"UWB":[3.02916342, 3.54997712, 3.08535427]}
{"Distance":[1.1871570054697145]}
{"Time":[1615576369.3928835]}
{"IMU":[2.85302158314086, 1.2870096929925496, 0.5]}
{"Kalman":[2.8958010552498483, 2.6303177225885164, 0.48752796332153975]}
{"UWB":[2.71666436, 3.60651003, 1.9869916]}
{"Distance":[1.0938054773148482]}
{"Time":[1615576369.941404]}
{"IMU":[2.968432368815909, 1.3096769388574179, 0.57]}
{"Kalman":[3.027584410268096, 3.0202295632537215, 0.5577150611949161]}
{"UWB":[2.92976625, 4.36145075, 3.17500199]}
{"Distance":[0.8215571270201074]}
{"Time":[1615576370.3983493]}
{"IMU":[2.968432368815909, 1.3096769388574179, 0.57]}
{"Kalman":[3.0242589891309026, 3.0121695599640015, 0.557033613948697]}
{"UWB":[2.92976625, 4.36145075, 3.17500199]}
{"Distance":[0.825636214031986]}
{"Time":[1615576371.6163054]}
{"IMU":[3.1277697559008697, 1.3161768015283162, 0.73]}
{"Kalman":[3.13869292410751, 3.0107856687560997, 0.6968353745478487]}
{"UWB":[2.92976625, 4.36145075, 3.17500199]}
{"Distance":[0.9036169612023603]}
{"Time":[1615576381.7666755]}
