{"IMU":[1.7243347572756988, 3.595902591984029, 0.63]}
{"Kalman":[1.8215266622289914, 3.7679219071211127, 0.6209982392295654]}
{"UWB":[1.87344314, 3.87715098, 2.61909762]}
{"Distance":[1.6586098373203186]}
{"Time":[1615564252.9658036]}
{"IMU":[1.7517088341189606, 3.6060928035185293, 0.69]}
{"Kalman":[1.802028878878135, 3.808042531038393, 0.6848161662263497]}
{"UWB":[1.81477782, 3.89848143, 2.33593445]}
{"Distance":[1.6038862106082774]}
{"Time":[1615564254.0659835]}
{"IMU":[1.7676775955630524, 3.6162945080206352, 0.75]}
{"Kalman":[1.916715222541157, 3.9456935423718553, 0.7452811947300935]}
{"UWB":[1.98313312, 4.0938412, 3.08864041]}
{"Distance":[1.4217537456393965]}
{"Time":[1615564255.1131747]}
{"IMU":[1.7863806223345977, 3.635931263010259, 0.79]}
{"Kalman":[1.9323099143020195, 3.9922206975007968, 0.7924616530640046]}
{"UWB":[1.99552035, 4.15258533, 2.98842763]}
{"Distance":[1.3559135917640481]}
{"Time":[1615564256.1317122]}
{"IMU":[1.819200580067752, 3.6722381401464896, 0.84]}
{"Kalman":[1.999756803709074, 4.020151695139523, 0.8344973989588788]}
{"UWB":[2.08262885, 4.1667455, 2.914829]}
{"Distance":[1.2857836785267613]}
{"Time":[1615564257.185091]}
{"IMU":[1.8565097593737825, 3.718686580698247, 0.88]}
{"Kalman":[2.0651870044091014, 4.156200251915327, 0.8768112243941358]}
{"UWB":[2.11006539, 4.31937963, 2.50763862]}
{"Distance":[1.1355283378426206]}
{"Time":[1615564258.3259947]}
{"IMU":[1.9287770819140655, 3.757518005411382, 0.88]}
{"Kalman":[2.062851696807838, 4.179169735638211, 0.8809393681892753]}
{"UWB":[2.10198519, 4.39348212, 2.63890138]}
{"Distance":[1.1171826295346365]}
{"Time":[1615564259.6161034]}
{"IMU":[1.9466897940112335, 3.7491421127722218, 0.91]}
{"Kalman":[2.1290601938899436, 4.218407840425831, 0.9116421880633391]}
{"UWB":[2.1987394, 4.44260183, 3.02764083]}
{"Distance":[1.0462540602223125]}
{"Time":[1615564260.7660627]}
{"IMU":[1.9687237333728058, 3.7605767631933644, 0.91]}
{"Kalman":[2.1490161119130895, 4.386580533225095, 0.9191850902455835]}
{"UWB":[2.2339903, 4.68815785, 2.91971978]}
{"Distance":[0.9147781650804993]}
{"Time":[1615564261.9986258]}
{"IMU":[1.9892033743334991, 3.7702904892370657, 0.88]}
{"Kalman":[2.159043187034951, 4.119452327708418, 0.9032100934137861]}
{"UWB":[2.24160215, 4.29639909, 1.77583445]}
{"Distance":[1.1170380226691432]}
{"Time":[1615564263.2712393]}
{"IMU":[2.003141190953372, 3.7844977760717824, 0.71]}
{"Kalman":[7.638664704998465, 9.208445147983614, 0.7563533898474212]}
{"UWB":[2.25342051, 4.41073565, 1.10253396]}
{"Distance":[6.683554128962764]}
{"Time":[1615564264.5076609]}
{"IMU":[2.015460698552249, 3.802376670877691, 0.33]}
{"Kalman":[2.2409333904281388, 4.250921877057171, 0.4269407117523867]}
{"UWB":[2.34314891, 4.45844586, 1.12180336]}
{"Distance":[1.3340501409471406]}
{"Time":[1615564265.7473953]}
{"IMU":[2.0192267202807646, 3.8391497040197806, -0.07]}
{"Kalman":[2.2341504826789316, 4.248127018963096, 0.09459706637644782]}
{"UWB":[2.35413878, 4.45786245, 1.33960915]}
{"Distance":[1.6159041900158722]}
{"Time":[1615564267.0033355]}
