{"IMU":[2.08972293342068, 2.2201544635465305, 0.59]}
{"Kalman":[2.0690224903942362, 1.8820774448586772, 0.5907665822016318]}
{"UWB":[2.19390365, 1.83656398, 1.1903406]}
{"Distance":[0.7417950394122962]}
{"Time":[1615556638.481381]}
{"IMU":[2.08972293342068, 2.2201544635465305, 0.59]}
{"Kalman":[2.158887672198203, 1.9670128281856718, 0.5912024156089128]}
{"UWB":[2.19390365, 1.83656398, 1.1903406]}
{"Distance":[0.6742837297900248]}
{"Time":[1615556638.546592]}
{"IMU":[2.08972293342068, 2.2201544635465305, 0.59]}
{"Kalman":[2.1494991368077843, 1.960536850819133, 0.5912052955573621]}
{"UWB":[2.1792326, 1.82630974, 1.29410828]}
{"Distance":[0.6786632185769299]}
{"Time":[1615556638.6232371]}
{"IMU":[2.08972293342068, 2.2201544635465305, 0.59]}
{"Kalman":[2.1494991368077843, 1.960536850819133, 0.5912052955573621]}
{"UWB":[2.1792326, 1.82630974, 1.29410828]}
{"Distance":[0.6786632185769299]}
{"Time":[1615556638.6428804]}
{"IMU":[2.08972293342068, 2.2201544635465305, 0.59]}
{"Kalman":[2.1494991368077843, 1.960536850819133, 0.5912052955573621]}
{"UWB":[2.1792326, 1.82630974, 1.29410828]}
{"Distance":[0.6786632185769299]}
{"Time":[1615556638.6643877]}
{"IMU":[2.08972293342068, 2.2201544635465305, 0.59]}
{"Kalman":[2.1494991368077843, 1.960536850819133, 0.5912052955573621]}
{"UWB":[2.1792326, 1.82630974, 1.29410828]}
{"Distance":[0.6786632185769299]}
{"Time":[1615556638.6810584]}
{"IMU":[2.08972293342068, 2.2201544635465305, 0.59]}
{"Kalman":[2.1494991368077843, 1.960536850819133, 0.5912052955573621]}
{"UWB":[2.1792326, 1.82630974, 1.29410828]}
{"Distance":[0.6786632185769299]}
{"Time":[1615556638.693117]}
{"IMU":[2.08972293342068, 2.2201544635465305, 0.59]}
{"Kalman":[2.1494991368077843, 1.960536850819133, 0.5912052955573621]}
{"UWB":[2.1792326, 1.82630974, 1.29410828]}
{"Distance":[0.6786632185769299]}
{"Time":[1615556638.7084877]}
{"IMU":[2.08972293342068, 2.2201544635465305, 0.59]}
{"Kalman":[2.1494991368077843, 1.960536850819133, 0.5912052955573621]}
{"UWB":[2.1792326, 1.82630974, 1.29410828]}
{"Distance":[0.6786632185769299]}
{"Time":[1615556638.729932]}
{"IMU":[2.08972293342068, 2.2201544635465305, 0.59]}
{"Kalman":[2.1494991368077843, 1.960536850819133, 0.5912052955573621]}
{"UWB":[2.1792326, 1.82630974, 1.29410828]}
{"Distance":[0.6786632185769299]}
{"Time":[1615556638.7438707]}
{"IMU":[2.08972293342068, 2.2201544635465305, 0.59]}
{"Kalman":[2.1494991368077843, 1.960536850819133, 0.5912052955573621]}
{"UWB":[2.1377836, 1.90975308, 1.47141411]}
{"Distance":[0.6786632185769299]}
{"Time":[1615556638.7560396]}
{"IMU":[2.08972293342068, 2.2201544635465305, 0.59]}
{"Kalman":[2.1494991368077843, 1.960536850819133, 0.5912052955573621]}
{"UWB":[2.1377836, 1.90975308, 1.47141411]}
{"Distance":[0.6786632185769299]}
{"Time":[1615556638.7700493]}
{"IMU":[2.08972293342068, 2.2201544635465305, 0.59]}
{"Kalman":[2.1494991368077843, 1.960536850819133, 0.5912052955573621]}
{"UWB":[2.1377836, 1.90975308, 1.47141411]}
{"Distance":[0.6786632185769299]}
{"Time":[1615556638.7835484]}
{"IMU":[2.08972293342068, 2.2201544635465305, 0.59]}
{"Kalman":[2.1494991368077843, 1.960536850819133, 0.5912052955573621]}
{"UWB":[2.1377836, 1.90975308, 1.47141411]}
{"Distance":[0.6786632185769299]}
{"Time":[1615556638.7973573]}
{"IMU":[2.08972293342068, 2.2201544635465305, 0.59]}
{"Kalman":[2.1494991368077843, 1.960536850819133, 0.5912052955573621]}
{"UWB":[2.1377836, 1.90975308, 1.47141411]}
{"Distance":[0.6786632185769299]}
{"Time":[1615556638.8107018]}
{"IMU":[2.0999283545704106, 2.2111059980561896, 0.61]}
{"Kalman":[2.1250756893606306, 1.9560436192853812, 0.6100015136967823]}
{"UWB":[2.13757005, 1.81582508, 1.19077666]}
{"Distance":[0.6697881408593759]}
{"Time":[1615556638.8978739]}
{"IMU":[2.0999283545704106, 2.2111059980561896, 0.61]}
{"Kalman":[2.1361603841317947, 1.9795436464227136, 0.6048742618017027]}
{"UWB":[2.15303263, 1.86019125, 1.16767729]}
{"Distance":[0.6544514789854735]}
{"Time":[1615556639.018517]}
{"IMU":[2.0999283545704106, 2.2111059980561896, 0.61]}
{"Kalman":[2.139405446447244, 1.9888998274022969, 0.6047883870140778]}
{"UWB":[2.15303263, 1.86019125, 1.16767729]}
{"Distance":[0.6472776797310741]}
{"Time":[1615556639.1082363]}
{"IMU":[2.0999283545704106, 2.2111059980561896, 0.61]}
{"Kalman":[2.139405446447244, 1.9888998274022969, 0.6047883870140778]}
{"UWB":[2.15303263, 1.86019125, 1.16767729]}
{"Distance":[0.6472776797310741]}
{"Time":[1615556639.1528034]}
{"IMU":[2.0999283545704106, 2.2111059980561896, 0.61]}
{"Kalman":[2.139405446447244, 1.9888998274022969, 0.6047883870140778]}
{"UWB":[2.19392474, 1.95063973, 1.383369]}
{"Distance":[0.6472776797310741]}
{"Time":[1615556639.1725025]}
{"IMU":[2.0999283545704106, 2.2111059980561896, 0.61]}
{"Kalman":[2.139405446447244, 1.9888998274022969, 0.6047883870140778]}
{"UWB":[2.19392474, 1.95063973, 1.383369]}
{"Distance":[0.6472776797310741]}
{"Time":[1615556639.1877189]}
{"IMU":[2.0999283545704106, 2.2111059980561896, 0.61]}
{"Kalman":[2.139405446447244, 1.9888998274022969, 0.6047883870140778]}
{"UWB":[2.19392474, 1.95063973, 1.383369]}
{"Distance":[0.6472776797310741]}
{"Time":[1615556639.2072556]}
{"IMU":[2.0999283545704106, 2.2111059980561896, 0.61]}
{"Kalman":[2.139405446447244, 1.9888998274022969, 0.6047883870140778]}
{"UWB":[2.19392474, 1.95063973, 1.383369]}
{"Distance":[0.6472776797310741]}
{"Time":[1615556639.2228448]}
{"IMU":[2.0999283545704106, 2.2111059980561896, 0.61]}
{"Kalman":[2.139405446447244, 1.9888998274022969, 0.6047883870140778]}
{"UWB":[2.19392474, 1.95063973, 1.383369]}
{"Distance":[0.6472776797310741]}
{"Time":[1615556639.23676]}
{"IMU":[2.0999283545704106, 2.2111059980561896, 0.61]}
{"Kalman":[2.139405446447244, 1.9888998274022969, 0.6047883870140778]}
{"UWB":[2.19392474, 1.95063973, 1.383369]}
{"Distance":[0.6472776797310741]}
{"Time":[1615556639.2523706]}
{"IMU":[2.0999283545704106, 2.2111059980561896, 0.61]}
{"Kalman":[2.139405446447244, 1.9888998274022969, 0.6047883870140778]}
{"UWB":[2.19392474, 1.95063973, 1.383369]}
{"Distance":[0.6472776797310741]}
{"Time":[1615556639.278989]}
{"IMU":[2.0999283545704106, 2.2111059980561896, 0.61]}
{"Kalman":[2.139405446447244, 1.9888998274022969, 0.6047883870140778]}
{"UWB":[2.19392474, 1.95063973, 1.383369]}
{"Distance":[0.6472776797310741]}
{"Time":[1615556639.293094]}
{"IMU":[2.0999283545704106, 2.2111059980561896, 0.61]}
{"Kalman":[2.139405446447244, 1.9888998274022969, 0.6047883870140778]}
{"UWB":[2.19392474, 1.95063973, 1.383369]}
{"Distance":[0.6472776797310741]}
{"Time":[1615556639.306598]}
{"IMU":[2.1345170548053005, 2.1938935904672308, 0.64]}
{"Kalman":[2.1142527192240466, 2.000148433032661, 0.63325899864663]}
{"UWB":[2.09763483, 1.88563791, 1.3139724]}
{"Distance":[0.620123932031861]}
{"Time":[1615556639.4426026]}
{"IMU":[2.1345170548053005, 2.1938935904672308, 0.64]}
{"Kalman":[2.1356997005516827, 2.0153747542999363, 0.6351490230487568]}
{"UWB":[2.13722295, 1.88846188, 1.43053954]}
{"Distance":[0.6076613635665867]}
{"Time":[1615556639.5906878]}
{"IMU":[2.1345170548053005, 2.1938935904672308, 0.64]}
{"Kalman":[2.159432724461291, 2.0214197138073446, 0.6349139301716842]}
{"UWB":[2.17246376, 1.89750272, 1.16525251]}
{"Distance":[0.6048629410468305]}
{"Time":[1615556639.6898372]}
{"IMU":[2.1345170548053005, 2.1938935904672308, 0.64]}
{"Kalman":[2.1617649479029257, 2.0220176070464695, 0.6348994393259159]}
{"UWB":[2.17246376, 1.89750272, 1.16525251]}
{"Distance":[0.6046325298622006]}
{"Time":[1615556639.7742083]}
{"IMU":[2.1345170548053005, 2.1938935904672308, 0.64]}
{"Kalman":[2.1617720658508284, 2.0220194318171374, 0.6348994290906333]}
{"UWB":[2.22751633, 1.97696752, 1.15961871]}
{"Distance":[0.6046318206629856]}
{"Time":[1615556639.8733776]}
{"IMU":[2.2019164707751493, 2.168339202897803, 0.67]}
{"Kalman":[2.2096470411520417, 2.0949960741428897, 0.6645949506832124]}
{"UWB":[2.20322172, 2.03948442, 1.3119823]}
{"Distance":[0.5371658968142579]}
{"Time":[1615556639.983699]}
{"IMU":[2.2019164707751493, 2.168339202897803, 0.67]}
