{"IMU":[0.005002216696739197, 0.006438831090927124, 0.69]}
{"Kalman":[-0.0007329741912549198, -0.003499149461683509, 0.6813705987253901]}
{"CMD":[0.04434331182840252, 25.0, 0, 6.219197236403611]}
{"Distance":[2.0259490056316216]}
{"Time":[1615213553.445941]}
{"IMU":[0.005002216696739197, 0.005537683963775635, 0.7]}
{"Kalman":[0.013190983852203832, 0.00023071260249689883, 0.6539442216489662]}
{"CMD":[0.055544225258123615, 25.0, 0, 6.048744613640043]}
{"Distance":[2.0167212800991163]}
{"Time":[1615213553.8219662]}
{"IMU":[0.03890834093093872, -0.008032865524291992, 0.74]}
{"Kalman":[0.10700521027165626, -0.011087071278904988, 0.6897637895037568]}
{"CMD":[-0.0029447215603779432, 25.0, 0, 6.754804675910077]}
{"Distance":[1.9182801420520592]}
{"Time":[1615213554.1639712]}
{"IMU":[0.1711827278137207, -0.044091954231262206, 0.79]}
{"Kalman":[0.2227599897954164, -0.0381303413385392, 0.7147600796102979]}
{"CMD":[0.14150083770311953, 24.161272782701086, 0, 6.0556821537086645]}
{"Distance":[1.8003882328504885]}
{"Time":[1615213554.4858522]}
{"IMU":[0.1711827278137207, -0.044091954231262206, 0.79]}
{"Kalman":[0.37649428723809214, -0.04162656808412846, 0.7434662674530685]}
{"CMD":[0.5873583902869384, 21.623286173115982, 0, 5.140727906739024]}
{"Distance":[1.6441755157146314]}
{"Time":[1615213554.8407993]}
{"IMU":[0.45017787933349607, -0.11921448707580566, 0.83]}
{"Kalman":[0.8266572188789995, -0.11191344433750958, 0.7872807324661497]}
{"CMD":[0.5313045373129156, 20.72176475852034, 0, 5.0073871454876135]}
{"Distance":[1.1977092250677488]}
{"Time":[1615213555.1932278]}
{"IMU":[0.8407180023193359, -0.22165481567382814, 0.87]}
{"Kalman":[1.264925525574839, -0.215511443307065, 0.8286400538099374]}
{"CMD":[1.428417558773154, 14.976068701436768, 0, 4.152154631951476]}
{"Distance":[0.7849483398963157]}
{"Time":[1615213555.5584915]}
{"IMU":[0.8407180023193359, -0.22165481567382814, 0.87]}
{"Kalman":[1.2688841858443256, -0.21612962157734295, 0.8294997868402958]}
{"CMD":[2.7581554481479, 9.334448998333148, 0, 3.3289885566059025]}
{"Distance":[0.7812251082237338]}
{"Time":[1615213555.926195]}
{"IMU":[1.2762591552734375, -0.33126461029052734, 0.91]}
{"Kalman":[1.7460757105325362, -0.32138564384381985, 0.8797325303494525]}
{"CMD":[3.807905736118042, 4.467130010690214, 0, 2.937559769403883]}
{"Distance":[0.4268846929870036]}
{"Time":[1615213556.3038595]}
{"IMU":[1.7289208984375, -0.4360442352294922, 0.93]}
{"Kalman":[2.176636401429918, -0.419889811626738, 0.9024678456759365]}
{"CMD":[4.102035278439391, 3.2409860658068794, 0, 2.3475500690276636]}
{"Distance":[0.46585447657518714]}
{"Time":[1615213556.6611047]}
{"IMU":[2.150320739746094, -0.516756362915039, 0.95]}
{"Kalman":[2.569064354910574, -0.49575102322493003, 0.9262746738214533]}
{"CMD":[5.359302300345334, -2.2545149853495516, 0, 1.9037701240505787]}
{"Distance":[0.7583130888877534]}
{"Time":[1615213557.0409522]}
{"IMU":[2.150320739746094, -0.516756362915039, 0.95]}
{"Kalman":[2.5668158504879655, -0.49497831367744727, 0.9306859652926288]}
{"CMD":[6.317972051756186, -7.235394150970381, 0, 1.3553327621403308]}
{"Distance":[0.7557037612601778]}
{"Time":[1615213557.4280384]}
{"IMU":[2.537508697509766, -0.5756320953369141, 0.97]}
{"Kalman":[2.8874276244629584, -0.5398734098608464, 0.9534352804032168]}
{"CMD":[6.693405225462872, -10.940953808164794, 0, 1.3527158209301238]}
{"Distance":[1.039788132479821]}
{"Time":[1615213557.8038535]}
{"IMU":[2.8002117919921874, -0.5896653366088868, 0.99]}
{"Kalman":[2.9717734545690653, -0.5424374264107792, 0.9800963109744203]}
{"CMD":[6.8907240119809305, -11.32676425452823, 0, 0.9089158608001413]}
{"Distance":[1.1130939607297632]}
{"Time":[1615213558.1698506]}
{"IMU":[2.9262728881835938, -0.5580699920654297, 1.0]}
{"Kalman":[3.011946903076109, -0.49858721656535704, 0.9899542509480719]}
{"CMD":[6.923450073470591, -12.403320028913232, 0, 0.3885082697895781]}
{"Distance":[1.1281518799531083]}
{"Time":[1615213558.5474677]}
{"IMU":[2.9262728881835938, -0.5580699920654297, 1.0]}
{"Kalman":[2.9840561060096302, -0.48587423974556804, 0.9929485434897097]}
{"CMD":[6.206263737732841, -12.570540491474876, 0, 0.13935593205384994]}
{"Distance":[1.0974925601853012]}
{"Time":[1615213558.922067]}
{"IMU":[2.9926553344726563, -0.3706346130371094, 1.0]}
{"Kalman":[3.0002792048711138, -0.28303262964789055, 0.9990391790566843]}
{"CMD":[4.923753636297203, -12.51805680483979, 0, 0.018870642300518225]}
{"Distance":[1.0395512879698974]}
{"Time":[1615213559.4871433]}
{"IMU":[2.9926553344726563, -0.3706346130371094, 1.0]}
{"Kalman":[2.972795143248219, -0.2328337569253585, 0.9996263280045935]}
{"CMD":[3.2216747617152452, -12.506004795217182, 0, 0.018754654985796954]}
{"Distance":[1.00027100763846]}
{"Time":[1615213559.8571086]}
{"IMU":[2.9743255615234374, -0.2300592041015625, 1.0]}
{"Kalman":[2.8964194598490476, -0.09496477811635855, 1.0001524279002254]}
{"CMD":[2.97179511037381, -12.41636044651044, 0, 0.007293856943686344]}
{"Distance":[0.9014356218349773]}
{"Time":[1615213560.2398348]}
{"IMU":[2.9052523803710937, -0.08221817016601562, 1.01]}
{"Kalman":[2.770041257678807, 0.04997938691478773, 1.0066751150903674]}
{"CMD":[1.2120711037009104, -11.441166775066371, 0, -0.0029953946782498605]}
{"Distance":[0.771690374959677]}
{"Time":[1615213560.5707068]}
{"IMU":[2.9052523803710937, -0.08221817016601562, 1.01]}
{"Kalman":[2.7661117508304254, 0.05022317437446536, 1.005627739655993]}
{"CMD":[-0.6408566080954018, -9.781102351110492, 0, -0.110977001571345]}
{"Distance":[0.7677768252938761]}
{"Time":[1615213560.9322278]}
{"IMU":[2.782568054199219, 0.05702606678009033, 1.02]}
{"Kalman":[2.5980268072195467, 0.14990761932709062, 1.0209255695910864]}
{"CMD":[-1.5296748137024967, -8.603622208228295, 0, -0.10972942544624903]}
{"Distance":[0.6168842970511019]}
{"Time":[1615213561.3024955]}
{"IMU":[2.782568054199219, 0.05702606678009033, 1.02]}
{"Kalman":[2.598023850758106, 0.14990338783664292, 1.0209269201950661]}
{"CMD":[-1.9133185623982867, -7.632941507033256, 0, -0.40847486177228454]}
{"Distance":[0.6168804485062784]}
{"Time":[1615213561.658877]}
{"IMU":[2.782568054199219, 0.05702606678009033, 1.02]}
{"Kalman":[2.5980238155621365, 0.14990333746175666, 1.020926936273685]}
{"CMD":[-1.9133057031082323, -7.632932522493251, 0, -0.4084811386753933]}
{"Distance":[0.6168804026904019]}
{"Time":[1615213562.007705]}
{"IMU":[2.782568054199219, 0.05702606678009033, 1.02]}
{"Kalman":[2.5980238067631443, 0.1499033248680351, 1.0209269402933396]}
{"CMD":[-1.9133050601437298, -7.632932073266248, 0, -0.40848145252055007]}
{"Distance":[0.6168803912364335]}
{"Time":[1615213562.3614678]}
{"IMU":[2.782568054199219, 0.05702606678009033, 1.02]}
{"Kalman":[2.598023805296646, 0.14990332276908147, 1.0209269409632822]}
{"CMD":[-1.913304899402604, -7.6329319609595006, 0, -0.4084815309818371]}
{"Distance":[0.6168803893274389]}
{"Time":[1615213562.7569132]}
{"IMU":[2.782568054199219, 0.05702606678009033, 1.02]}
{"Kalman":[2.598023805296646, 0.14990332276908147, 1.0209269409632822]}
{"CMD":[-1.9133048726124164, -7.632931942241712, 0, -0.4084815440587204]}
{"Distance":[0.6168803893274389]}
{"Time":[1615213563.112965]}
{"IMU":[2.782568054199219, 0.05702606678009033, 1.02]}
{"Kalman":[2.5980238045633963, 0.1499033217196047, 1.0209269412982533]}
{"CMD":[-1.9133048726124164, -7.632931942241712, 0, -0.4084815440587204]}
{"Distance":[0.6168803883729415]}
{"Time":[1615213563.47645]}
{"IMU":[2.782568054199219, 0.05702606678009033, 1.02]}
{"Kalman":[2.5980238045633963, 0.1499033217196047, 1.0209269412982533]}
{"CMD":[-1.9133048592173227, -7.632931932882816, 0, -0.4084815505971599]}
{"Distance":[0.6168803883729415]}
{"Time":[1615213563.8256252]}
{"IMU":[2.782568054199219, 0.05702606678009033, 1.02]}
{"Kalman":[2.5980238038301917, 0.1499033206701919, 1.020926941633204]}
{"CMD":[-1.9133048592173227, -7.632931932882816, 0, -0.4084815505971599]}
{"Distance":[0.6168803874185024]}
{"Time":[1615213564.2213957]}
{"IMU":[2.782568054199219, 0.05702606678009033, 1.02]}
