{"IMU":[0.0033787190914154053, -0.007483803629875183, 0.65]}
{"Kalman":[4.020012663079446, 2.3951507260611336, 1.3043805069850811]}
{"UWB":[4.12454403, 2.45549993, 2.92021159]}
{"Distance":[1.9827615148099016]}
{"Time":[0.6]}
{"Title":['ModelBasedAgendUWB_LQR']}
{"IMU":[0.01943431854248047, -0.0023105417191982267, 0.65]}
{"Kalman":[4.153241571087656, 2.4113814122100727, 1.3029803214925166]}
{"UWB":[4.34249232, 2.4724857, 3.16049321]}
{"Distance":[1.8488834330104944]}
{"Time":[1.2]}
{"Title":['ModelBasedAgendUWB_LQR']}
{"IMU":[0.05448843002319336, 0.009875577688217164, 0.65]}
{"Kalman":[4.240375773403392, 2.4491261150221098, 1.303300833675227]}
{"UWB":[4.45479615, 2.53211709, 3.36714364]}
{"Distance":[1.7603595004993877]}
{"Time":[1.8]}
{"Title":['ModelBasedAgendUWB_LQR']}
{"IMU":[0.2265036201477051, 0.05001843929290772, 0.66]}
{"Kalman":[5.0773578396821275, 2.672991296239964, 1.3235443812766512]}
{"UWB":[5.76497323, 2.88799017, 1.91234325]}
{"Distance":[0.938719630438617]}
{"Time":[2.4]}
{"Title":['ModelBasedAgendUWB_LQR']}
{"IMU":[0.33277053833007814, 0.07895339965820312, 0.62]}
{"Kalman":[4.820031118090184, 2.5825179683554222, 1.2477138342258218]}
{"UWB":[5.15097845, 2.71095585, 2.47908698]}
{"Distance":[1.1828506995293226]}
{"Time":[3.0]}
{"Title":['ModelBasedAgendUWB_LQR']}
{"IMU":[0.5321987915039063, 0.09375026702880859, 0.6]}
{"Kalman":[4.969409791784866, 2.54137134725016, 1.2041710160822345]}
{"UWB":[5.08589593, 2.55410696, 1.56666697]}
{"Distance":[1.0314202662553256]}
{"Time":[3.5]}
{"Title":['ModelBasedAgendUWB_LQR']}
{"IMU":[0.7606946563720703, 0.09093875885009765, 0.59]}
{"Kalman":[5.324020969299545, 2.6291972355238835, 1.1855945814068334]}
{"UWB":[5.63687312, 2.80073033, 2.62785838]}
{"Distance":[0.6882147743355566]}
{"Time":[4.1]}
{"Title":['ModelBasedAgendUWB_LQR']}
{"IMU":[1.0215896606445312, 0.07504368782043457, 0.58]}
{"Kalman":[5.710975726768486, 2.615322335550941, 1.1669142825340004]}
{"UWB":[6.07354775, 2.78561798, 2.46728334]}
{"Distance":[0.31118205538547505]}
{"Time":[4.7]}
{"Title":['ModelBasedAgendUWB_LQR']}
{"IMU":[1.3012187194824218, 0.04697938919067383, 0.57]}
{"Kalman":[5.9631263337848095, 2.5831250976618745, 1.1468239102558155]}
{"UWB":[6.31924506, 2.77600604, 2.38040837]}
{"Distance":[0.0909365114871109]}
{"Time":[5.3]}
{"Title":['ModelBasedAgendUWB_LQR']}
