{"IMU":[2.550108028612276, 1.6087016258636866, 0.67]}
{"Kalman":[2.4689013512937916, 1.8163696109198026, 0.67]}
{"UWB":[2.49914762, 1.8269276, 1.39537731]}
{"Distance":[0.7597484023183558]}
{"Time":[1615484707.3906956]}
{"IMU":[2.550108028612276, 1.6087016258636866, 0.67]}
{"Kalman":[2.4689013512937916, 1.8163696109198026, 0.67]}
{"UWB":[2.49914762, 1.8269276, 1.39537731]}
{"Distance":[0.7597484023183558]}
{"Time":[1615484707.4103174]}
{"IMU":[2.550108028612276, 1.6087016258636866, 0.67]}
{"Kalman":[2.4689013512937916, 1.8163696109198026, 0.67]}
{"UWB":[2.49914762, 1.8269276, 1.39537731]}
{"Distance":[0.7597484023183558]}
{"Time":[1615484707.4304385]}
{"IMU":[2.550108028612276, 1.6087016258636866, 0.67]}
{"Kalman":[2.4689013512937916, 1.8163696109198026, 0.67]}
{"UWB":[2.49451979, 1.85285842, 1.34431061]}
{"Distance":[0.7597484023183558]}
{"Time":[1615484707.4529881]}
{"IMU":[2.550108028612276, 1.6087016258636866, 0.67]}
{"Kalman":[2.4689013512937916, 1.8163696109198026, 0.67]}
{"UWB":[2.49451979, 1.85285842, 1.34431061]}
{"Distance":[0.7597484023183558]}
{"Time":[1615484707.4666867]}
{"IMU":[2.550108028612276, 1.6087016258636866, 0.67]}
{"Kalman":[2.4689013512937916, 1.8163696109198026, 0.67]}
{"UWB":[2.49451979, 1.85285842, 1.34431061]}
{"Distance":[0.7597484023183558]}
{"Time":[1615484707.4796834]}
{"IMU":[2.550108028612276, 1.6087016258636866, 0.67]}
{"Kalman":[2.4689013512937916, 1.8163696109198026, 0.67]}
{"UWB":[2.49451979, 1.85285842, 1.34431061]}
{"Distance":[0.7597484023183558]}
{"Time":[1615484707.4959652]}
{"IMU":[2.550108028612276, 1.6087016258636866, 0.67]}
{"Kalman":[2.4689013512937916, 1.8163696109198026, 0.67]}
{"UWB":[2.49451979, 1.85285842, 1.34431061]}
{"Distance":[0.7597484023183558]}
{"Time":[1615484707.507781]}
{"IMU":[2.550108028612276, 1.6087016258636866, 0.67]}
{"Kalman":[2.4689013512937916, 1.8163696109198026, 0.67]}
{"UWB":[2.49451979, 1.85285842, 1.34431061]}
{"Distance":[0.7597484023183558]}
{"Time":[1615484707.5202856]}
{"IMU":[2.550108028612276, 1.6087016258636866, 0.67]}
{"Kalman":[2.4689013512937916, 1.8163696109198026, 0.67]}
{"UWB":[2.49451979, 1.85285842, 1.34431061]}
{"Distance":[0.7597484023183558]}
{"Time":[1615484707.5341165]}
{"IMU":[2.550108028612276, 1.6087016258636866, 0.67]}
{"Kalman":[2.4689013512937916, 1.8163696109198026, 0.67]}
{"UWB":[2.49451979, 1.85285842, 1.34431061]}
{"Distance":[0.7597484023183558]}
{"Time":[1615484707.5500543]}
{"IMU":[2.550108028612276, 1.6087016258636866, 0.67]}
{"Kalman":[2.4689013512937916, 1.8163696109198026, 0.67]}
{"UWB":[2.49451979, 1.85285842, 1.34431061]}
{"Distance":[0.7597484023183558]}
{"Time":[1615484707.5625136]}
{"IMU":[2.550108028612276, 1.6087016258636866, 0.67]}
{"Kalman":[2.4689013512937916, 1.8163696109198026, 0.67]}
{"UWB":[2.49451979, 1.85285842, 1.34431061]}
{"Distance":[0.7597484023183558]}
{"Time":[1615484707.5756953]}
{"IMU":[2.550108028612276, 1.6087016258636866, 0.67]}
{"Kalman":[2.4689013512937916, 1.8163696109198026, 0.67]}
{"UWB":[2.49451979, 1.85285842, 1.34431061]}
{"Distance":[0.7597484023183558]}
{"Time":[1615484707.5887694]}
{"IMU":[2.550108028612276, 1.6087016258636866, 0.67]}
{"Kalman":[2.4689013512937916, 1.8163696109198026, 0.67]}
{"UWB":[2.49451979, 1.85285842, 1.34431061]}
{"Distance":[0.7597484023183558]}
{"Time":[1615484707.601965]}
{"IMU":[2.550108028612276, 1.6087016258636866, 0.67]}
{"Kalman":[2.4689013512937916, 1.8163696109198026, 0.67]}
{"UWB":[2.54738842, 1.67891088, 1.04586278]}
{"Distance":[0.7597484023183558]}
{"Time":[1615484707.615676]}
{"IMU":[2.550108028612276, 1.6087016258636866, 0.67]}
{"Kalman":[2.4689013512937916, 1.8163696109198026, 0.67]}
{"UWB":[2.54738842, 1.67891088, 1.04586278]}
{"Distance":[0.7597484023183558]}
{"Time":[1615484707.6331613]}
{"IMU":[2.550108028612276, 1.6087016258636866, 0.67]}
{"Kalman":[2.4689013512937916, 1.8163696109198026, 0.67]}
{"UWB":[2.54738842, 1.67891088, 1.04586278]}
{"Distance":[0.7597484023183558]}
{"Time":[1615484707.655086]}
{"IMU":[2.550108028612276, 1.6087016258636866, 0.67]}
{"Kalman":[2.4689013512937916, 1.8163696109198026, 0.67]}
{"UWB":[2.54738842, 1.67891088, 1.04586278]}
{"Distance":[0.7597484023183558]}
{"Time":[1615484707.6738043]}
{"IMU":[2.550108028612276, 1.6087016258636866, 0.67]}
{"Kalman":[2.4689013512937916, 1.8163696109198026, 0.67]}
{"UWB":[2.54738842, 1.67891088, 1.04586278]}
{"Distance":[0.7597484023183558]}
{"Time":[1615484707.686851]}
{"IMU":[2.550108028612276, 1.6087016258636866, 0.67]}
{"Kalman":[2.4689013512937916, 1.8163696109198026, 0.67]}
{"UWB":[2.54738842, 1.67891088, 1.04586278]}
{"Distance":[0.7597484023183558]}
{"Time":[1615484707.7010314]}
{"IMU":[2.5526431687541207, 1.6059410206476603, 0.7]}
{"Kalman":[2.549237758520623, 1.6571641321961428, 0.7]}
{"UWB":[2.54738842, 1.67891088, 1.04586278]}
{"Distance":[0.8959892058059719]}
{"Time":[1615484707.7488992]}
{"IMU":[2.5526431687541207, 1.6059410206476603, 0.7]}
{"Kalman":[2.4286966790387043, 1.8456518694922497, 0.7]}
{"UWB":[2.37853989, 1.93634013, 1.06443597]}
{"Distance":[0.7233641126563423]}
{"Time":[1615484707.8362336]}
{"IMU":[2.5526431687541207, 1.6059410206476603, 0.7]}
{"Kalman":[2.428626421897654, 1.8457702088993038, 0.7]}
{"UWB":[2.37853989, 1.93634013, 1.06443597]}
{"Distance":[0.7232639955194731]}
{"Time":[1615484707.8694286]}
{"IMU":[2.5526431687541207, 1.6059410206476603, 0.7]}
{"Kalman":[2.428626421897654, 1.8457702088993038, 0.7]}
{"UWB":[2.37853989, 1.93634013, 1.06443597]}
{"Distance":[0.7232639955194731]}
{"Time":[1615484707.8899374]}
{"IMU":[2.5526431687541207, 1.6059410206476603, 0.7]}
{"Kalman":[2.428626421897654, 1.8457702088993038, 0.7]}
{"UWB":[2.37853989, 1.93634013, 1.06443597]}
{"Distance":[0.7232639955194731]}
{"Time":[1615484707.9138162]}
{"IMU":[2.5526431687541207, 1.6059410206476603, 0.7]}
{"Kalman":[2.428626421897654, 1.8457702088993038, 0.7]}
{"UWB":[2.37853989, 1.93634013, 1.06443597]}
{"Distance":[0.7232639955194731]}
{"Time":[1615484707.9405084]}
{"IMU":[2.5526431687541207, 1.6059410206476603, 0.7]}
{"Kalman":[2.428626421897654, 1.8457702088993038, 0.7]}
{"UWB":[2.37853989, 1.93634013, 1.06443597]}
{"Distance":[0.7232639955194731]}
{"Time":[1615484707.9727032]}
{"IMU":[2.5526431687541207, 1.6059410206476603, 0.7]}
{"Kalman":[2.428626421897654, 1.8457702088993038, 0.7]}
{"UWB":[2.4518856, 1.92587262, 0.86618126]}
{"Distance":[0.7232639955194731]}
{"Time":[1615484707.987939]}
{"IMU":[2.5526431687541207, 1.6059410206476603, 0.7]}
{"Kalman":[2.428626421897654, 1.8457702088993038, 0.7]}
{"UWB":[2.4518856, 1.92587262, 0.86618126]}
{"Distance":[0.7232639955194731]}
{"Time":[1615484708.0042276]}
{"IMU":[2.5526431687541207, 1.6059410206476603, 0.7]}
{"Kalman":[2.428626421897654, 1.8457702088993038, 0.7]}
{"UWB":[2.4518856, 1.92587262, 0.86618126]}
{"Distance":[0.7232639955194731]}
{"Time":[1615484708.0190582]}
{"IMU":[2.5526431687541207, 1.6059410206476603, 0.7]}
{"Kalman":[2.428626421897654, 1.8457702088993038, 0.7]}
{"UWB":[2.4518856, 1.92587262, 0.86618126]}
{"Distance":[0.7232639955194731]}
{"Time":[1615484708.044522]}
{"IMU":[2.5526431687541207, 1.6059410206476603, 0.7]}
{"Kalman":[2.428626421897654, 1.8457702088993038, 0.7]}
{"UWB":[2.4518856, 1.92587262, 0.86618126]}
{"Distance":[0.7232639955194731]}
{"Time":[1615484708.0607948]}
{"IMU":[2.5526431687541207, 1.6059410206476603, 0.7]}
{"Kalman":[2.428626421897654, 1.8457702088993038, 0.7]}
{"UWB":[2.4518856, 1.92587262, 0.86618126]}
{"Distance":[0.7232639955194731]}
{"Time":[1615484708.0753286]}
{"IMU":[2.5526431687541207, 1.6059410206476603, 0.7]}
{"Kalman":[2.428626421897654, 1.8457702088993038, 0.7]}
{"UWB":[2.4518856, 1.92587262, 0.86618126]}
{"Distance":[0.7232639955194731]}
{"Time":[1615484708.0916984]}
{"IMU":[2.5526431687541207, 1.6059410206476603, 0.7]}
{"Kalman":[2.428626421897654, 1.8457702088993038, 0.7]}
{"UWB":[2.50460157, 1.79810231, 1.11007329]}
{"Distance":[0.7232639955194731]}
{"Time":[1615484708.1078718]}
{"IMU":[2.5526431687541207, 1.6059410206476603, 0.7]}
