{"IMU":[-0.012512425184249878, -0.009418092966079712, 0.54]}
{"Kalman":[4.455210557096999, 2.519049905576699, 1.0868764892235048]}
{"UWB":[4.35298504, 2.45428486, 3.1645986]}
{"Distance":[1.5449068974559748]}
{"Time":[0.5]}
{"Title":['ModelBasedAgendUWB_PID']}
{"Local":[False]}
{"IMU":[-0.006731901168823242, 0.005034981369972229, 0.5]}
{"Kalman":[4.465087371606373, 2.533601141795401, 1.0019374838511732]}
{"UWB":[4.35109943, 2.47205648, 2.87296059]}
{"Distance":[1.53528036968242]}
{"Time":[1.2]}
{"Title":['ModelBasedAgendUWB_PID']}
{"Local":[False]}
{"IMU":[0.010965211391448975, 0.007506096959114075, 0.51]}
{"Kalman":[4.739374116453925, 2.627147808361233, 1.0149417750121577]}
{"UWB":[4.82787001, 2.65508014, 0.40343158]}
{"Distance":[1.2670217770178167]}
{"Time":[1.7]}
{"Title":['ModelBasedAgendUWB_PID']}
{"Local":[False]}
{"IMU":[0.039596757888793944, -0.0003147759661078453, 0.51]}
{"Kalman":[4.527548149273588, 2.5068717272207497, 1.0113515660715888]}
{"UWB":[4.40808482, 2.45337021, 3.1766937]}
{"Distance":[1.4724678853349003]}
{"Time":[2.3]}
{"Title":['ModelBasedAgendUWB_PID']}
{"Local":[False]}
{"IMU":[0.14467212677001953, -0.04240897655487061, 0.52]}
{"Kalman":[4.72232809894439, 2.4178049743767724, 1.0374763272493335]}
{"UWB":[4.65202002, 2.32865206, 2.88824267]}
{"Distance":[1.2803130511653236]}
{"Time":[2.9]}
{"Title":['ModelBasedAgendUWB_PID']}
{"Local":[False]}
{"IMU":[0.1981721878051758, -0.04777450084686279, 0.57]}
{"Kalman":[4.874160567731288, 2.38735407649225, 1.1316668599968847]}
{"UWB":[4.84485411, 2.2608929, 2.66457928]}
{"Distance":[1.1314607953146456]}
{"Time":[3.5]}
{"Title":['ModelBasedAgendUWB_PID']}
{"Local":[False]}
{"IMU":[0.312143497467041, -0.041503677368164064, 0.62]}
{"Kalman":[5.1002715533203755, 2.328804629246059, 1.2320724630582753]}
{"UWB":[5.13397689, 2.14942948, 2.8972312]}
{"Distance":[0.9158706965134921]}
{"Time":[4.1]}
{"Title":['ModelBasedAgendUWB_PID']}
{"Local":[False]}
{"IMU":[0.42983016967773435, -0.023177819252014162, 0.65]}
{"Kalman":[5.330539571998666, 2.385872165490593, 1.2980303766486314]}
{"UWB":[5.44454618, 2.22573528, 2.6781931]}
{"Distance":[0.6791188609290244]}
{"Time":[4.7]}
{"Title":['ModelBasedAgendUWB_PID']}
{"Local":[False]}
{"IMU":[0.694743881225586, 0.07348658084869385, 0.66]}
{"Kalman":[5.6200224270224926, 2.5212187615746062, 1.3210737963181836]}
{"UWB":[5.74081588, 2.3679392, 2.69762376]}
{"Distance":[0.38056956237807166]}
{"Time":[5.4]}
{"Title":['ModelBasedAgendUWB_PID']}
{"Local":[False]}
{"IMU":[0.7987752532958985, 0.12736921310424804, 0.64]}
{"Kalman":[5.809380565267994, 2.593561183194179, 1.2839117970822795]}
{"UWB":[6.00975961, 2.43799285, 2.42817733]}
{"Distance":[0.21234279808423967]}
{"Time":[6.0]}
{"Title":['ModelBasedAgendUWB_PID']}
{"Local":[False]}
{"IMU":[0.8890769958496094, 0.15413759231567384, 0.63]}
{"Kalman":[5.973412167135759, 2.674843738621383, 1.2658888368345318]}
{"UWB":[6.26437568, 2.60333338, 2.34769199]}
{"Distance":[0.1768537412426416]}
{"Time":[6.6]}
{"Title":['ModelBasedAgendUWB_PID']}
{"Local":[False]}
{"IMU":[1.1012848663330077, 0.16475824356079102, 0.6]}
{"Kalman":[6.268701317342281, 2.6620700486662034, 1.2100482285461558]}
{"UWB":[6.61237313, 2.60183912, 2.16223968]}
{"Distance":[0.3137946758887776]}
{"Time":[7.6]}
{"Title":['ModelBasedAgendUWB_PID']}
{"Local":[False]}
{"IMU":[1.2045671844482422, 0.15298046112060548, 0.57]}
{"Kalman":[6.926838346710578, 2.744987372776247, 1.1484523199291823]}
{"UWB":[8.30106921, 2.84971863, -1.73431644]}
{"Distance":[0.9586699816688768]}
{"Time":[8.2]}
{"Title":['ModelBasedAgendUWB_PID']}
{"Local":[False]}
{"IMU":[1.2838775634765625, 0.12341704368591308, 0.53]}
{"Kalman":[6.364445025422609, 2.536157125714265, 1.0714326718149163]}
{"UWB":[6.61300981, 2.36686795, 1.38844154]}
{"Distance":[0.3662342341933686]}
{"Time":[8.7]}
{"Title":['ModelBasedAgendUWB_PID']}
{"Local":[False]}
{"IMU":[1.307257843017578, 0.09974515914916993, 0.5]}
{"Kalman":[6.77706481872697, 2.7595165211602146, 1.012545114887216]}
{"UWB":[7.46877333, 2.83922174, 1.67611424]}
{"Distance":[0.8192548793008675]}
{"Time":[9.3]}
{"Title":['ModelBasedAgendUWB_PID']}
{"Local":[False]}
{"IMU":[1.3132730102539063, 0.06244790077209473, 0.46]}
{"Kalman":[6.458218187449168, 2.344650621678859, 0.9272358716623379]}
{"UWB":[6.88946129, 2.13325534, 0.13310362]}
{"Distance":[0.4838360638211724]}
{"Time":[9.8]}
{"Title":['ModelBasedAgendUWB_PID']}
{"Local":[False]}
{"IMU":[1.2850595092773438, -0.027835440635681153, 0.43]}
{"Kalman":[6.4019978818898675, 2.3159145483655386, 0.8677982996665405]}
{"UWB":[6.83558793, 2.1581067, 2.12474517]}
{"Distance":[0.4421422288669151]}
{"Time":[10.4]}
{"Title":['ModelBasedAgendUWB_PID']}
{"Local":[False]}
{"IMU":[1.245286102294922, -0.04866600513458252, 0.44]}
{"Kalman":[6.311627330425391, 2.2618977157168016, 0.8783084565797432]}
{"UWB":[6.70854004, 2.06136786, 2.26294025]}
{"Distance":[0.39217890158565727]}
{"Time":[11.0]}
{"Title":['ModelBasedAgendUWB_PID']}
{"Local":[False]}
{"IMU":[1.1845363616943358, -0.04729333400726318, 0.46]}
{"Kalman":[6.242467479365862, 2.249784119826968, 0.9122012792399725]}
{"UWB":[6.67928502, 2.00216804, 2.28090555]}
{"Distance":[0.3484228253728506]}
{"Time":[11.6]}
{"Title":['ModelBasedAgendUWB_PID']}
{"Local":[False]}
{"IMU":[1.1164875030517578, -0.045125579833984374, 0.49]}
{"Kalman":[5.987085791206411, 2.2244363619509726, 0.9745346340553765]}
{"UWB":[6.55138754, 2.00625828, 2.39367955]}
{"Distance":[0.2758660823725523]}
{"Time":[12.2]}
{"Title":['ModelBasedAgendUWB_PID']}
{"Local":[False]}
{"IMU":[1.0276701354980469, -0.031084210872650148, 0.52]}
{"Kalman":[6.108669680023023, 2.3227698362136, 1.0308744127507548]}
{"UWB":[6.59252514, 2.09418703, 1.89606601]}
{"Distance":[0.20789331473633388]}
{"Time":[12.7]}
{"Title":['ModelBasedAgendUWB_PID']}
{"Local":[False]}
{"IMU":[0.8873282623291016, 0.025472404956817626, 0.52]}
{"Kalman":[5.855057917200917, 2.376759163890064, 1.0339145600230253]}
{"UWB":[6.20942033, 2.14497148, 2.51667141]}
{"Distance":[0.1902538069296176]}
{"Time":[13.4]}
{"Title":['ModelBasedAgendUWB_PID']}
{"Local":[False]}
{"IMU":[0.7720684051513672, 0.11345673561096191, 0.47]}
{"Kalman":[5.6724200430875875, 2.601054772705944, 0.9466435191507437]}
{"UWB":[5.97808477, 2.46986065, 2.48877756]}
{"Distance":[0.3428129158263849]}
{"Time":[14.5]}
{"Title":['ModelBasedAgendUWB_PID']}
{"Local":[False]}
{"IMU":[0.7453366088867187, 0.19211912155151367, 0.44]}
{"Kalman":[5.618399091905196, 2.7479835272238313, 0.8698830282684067]}
{"UWB":[5.8509694, 2.63192982, 2.52385196]}
{"Distance":[0.45509898135806903]}
{"Time":[15.2]}
{"Title":['ModelBasedAgendUWB_PID']}
{"Local":[False]}
{"IMU":[0.7362274932861328, 0.25407508850097654, 0.47]}
{"Kalman":[5.959637581210677, 2.8776709407240117, 0.9295866229071944]}
{"UWB":[6.46131023, 2.8508293, 1.64660412]}
{"Distance":[0.3798216217093028]}
{"Time":[15.7]}
{"Title":['ModelBasedAgendUWB_PID']}
{"Local":[False]}
{"IMU":[0.7663375091552734, 0.3267913055419922, 0.53]}
{"Kalman":[5.628507033307925, 2.877409840794341, 1.0489046272452622]}
{"UWB":[5.80821831, 2.81848466, 2.1002249]}
{"Distance":[0.5295707811332577]}
{"Time":[16.7]}
{"Title":['ModelBasedAgendUWB_PID']}
{"Local":[False]}
{"IMU":[0.8053626251220704, 0.34830753326416014, 0.57]}
{"Kalman":[6.008207999662158, 2.961233459891818, 1.1415457526276993]}
{"UWB":[6.48302253, 2.96758728, 1.45291521]}
{"Distance":[0.4613064879039002]}
{"Time":[17.2]}
{"Title":['ModelBasedAgendUWB_PID']}
{"Local":[False]}
{"IMU":[0.8243462371826172, 0.35447399139404295, 0.55]}
{"Kalman":[5.365000736643864, 2.7458934121081136, 1.1108388094920152]}
{"UWB":[4.88800652, 2.44582641, 3.60487785]}
{"Distance":[0.6809461319230806]}
{"Time":[17.8]}
{"Title":['ModelBasedAgendUWB_PID']}
{"Local":[False]}
{"IMU":[0.8870117950439453, 0.3355072021484375, 0.51]}
{"Kalman":[5.824640297689573, 2.859831139210552, 1.0317216177411002]}
{"UWB":[6.06947754, 2.81942571, 2.10591508]}
{"Distance":[0.40028673965042283]}
{"Time":[18.5]}
{"Title":['ModelBasedAgendUWB_PID']}
