{"IMU":[0.03335174083709717, -0.012404468059539795, 0.79]}
{"Kalman":[0.05962070516724113, -0.006571361593829956, 0.7923223845954108]}
{"CMD":[20.0, 20.0, 0, 6.406515167673911]}
{"Distance":[1.3930646489201963]}
{"Time":[1615323673.339014]}
{"IMU":[0.03335174083709717, -0.012404468059539795, 0.79]}
{"Kalman":[-0.00764163845658279, -0.0019177028280819414, 0.7922996104505986]}
{"CMD":[20.0, 20.0, 0, 3.132771153134064]}
{"Distance":[1.4360780642467665]}
{"Time":[1615323673.398043]}
{"IMU":[0.03335174083709717, -0.012404468059539795, 0.79]}
{"Kalman":[-0.00764163845658279, -0.0019177028280819414, 0.7922996104505986]}
{"CMD":[20.0, 20.0, 0, 3.132771153134064]}
{"Distance":[1.4360780642467665]}
{"Time":[1615323673.4319055]}
{"IMU":[0.03335174083709717, -0.012404468059539795, 0.79]}
{"Kalman":[-0.00764163845658279, -0.0019177028280819414, 0.7922996104505986]}
{"CMD":[20.0, 20.0, 0, 3.132771153134064]}
{"Distance":[1.4360780642467665]}
{"Time":[1615323673.4832742]}
{"IMU":[0.03335174083709717, -0.012404468059539795, 0.79]}
{"Kalman":[-0.00764163845658279, -0.0019177028280819414, 0.7922996104505986]}
{"CMD":[20.0, 20.0, 0, 3.132771153134064]}
{"Distance":[1.4360780642467665]}
{"Time":[1615323673.5300303]}
{"IMU":[0.03335174083709717, -0.012404468059539795, 0.79]}
{"Kalman":[-0.00764163845658279, -0.0019177028280819414, 0.7922996104505986]}
{"CMD":[20.0, 20.0, 0, 3.132771153134064]}
{"Distance":[1.4360780642467665]}
{"Time":[1615323673.579001]}
{"IMU":[0.03335174083709717, -0.012404468059539795, 0.79]}
{"Kalman":[-0.00764163845658279, -0.0019177028280819414, 0.7922996104505986]}
{"CMD":[20.0, 20.0, 0, 3.132771153134064]}
{"Distance":[1.4360780642467665]}
{"Time":[1615323673.6193721]}
{"IMU":[0.03335174083709717, -0.012404468059539795, 0.79]}
{"Kalman":[-0.00764163845658279, -0.0019177028280819414, 0.7922996104505986]}
{"CMD":[20.0, 20.0, 0, 3.132771153134064]}
{"Distance":[1.4360780642467665]}
{"Time":[1615323673.6663394]}
{"IMU":[0.03335174083709717, -0.012404468059539795, 0.79]}
{"Kalman":[-0.00764163845658279, -0.0019177028280819414, 0.7922996104505986]}
{"CMD":[20.0, 20.0, 0, 3.132771153134064]}
{"Distance":[1.4360780642467665]}
{"Time":[1615323673.7020812]}
{"IMU":[0.02858813524246216, 0.0051411187648773195, 0.79]}
{"Kalman":[0.08684004234731171, 0.10787874652682992, 0.7872840806917174]}
{"CMD":[20.0, 20.0, 0, 3.1940541257972157]}
{"Distance":[1.2942138546183035]}
{"Time":[1615323673.7681556]}
{"IMU":[0.02858813524246216, 0.0051411187648773195, 0.79]}
{"Kalman":[0.1210882707725383, 0.14962282167831786, 0.7870084272176526]}
{"CMD":[20.0, 20.0, 0, 3.2125787367119334]}
{"Distance":[1.2413672233711712]}
{"Time":[1615323673.819503]}
{"IMU":[0.02858813524246216, 0.0051411187648773195, 0.79]}
{"Kalman":[0.16850455425476238, 0.20741451998652463, 0.7869924075821012]}
{"CMD":[20.0, 20.0, 0, 3.2128203628939933]}
{"Distance":[1.168310170224899]}
{"Time":[1615323673.8787897]}
{"IMU":[0.02858813524246216, 0.0051411187648773195, 0.79]}
{"Kalman":[0.16850455425476238, 0.20741451998652463, 0.7869924075821012]}
{"CMD":[20.0, 20.0, 0, 3.2128203628939933]}
{"Distance":[1.168310170224899]}
{"Time":[1615323673.957967]}
{"IMU":[0.02858813524246216, 0.0051411187648773195, 0.79]}
{"Kalman":[0.16850455425476238, 0.20741451998652463, 0.7869924075821012]}
{"CMD":[20.0, 20.0, 0, 3.2128203628939933]}
{"Distance":[1.168310170224899]}
{"Time":[1615323674.0141377]}
{"IMU":[0.02858813524246216, 0.0051411187648773195, 0.79]}
{"Kalman":[0.16850455425476238, 0.20741451998652463, 0.7869924075821012]}
{"CMD":[20.0, 20.0, 0, 3.2128203628939933]}
{"Distance":[1.168310170224899]}
{"Time":[1615323674.1156158]}
{"IMU":[0.02858813524246216, 0.0051411187648773195, 0.79]}
{"Kalman":[0.16850455425476238, 0.20741451998652463, 0.7869924075821012]}
{"CMD":[20.0, 20.0, 0, 3.2128203628939933]}
{"Distance":[1.168310170224899]}
{"Time":[1615323674.1612728]}
{"IMU":[0.02858813524246216, 0.0051411187648773195, 0.79]}
{"Kalman":[0.16850455425476238, 0.20741451998652463, 0.7869924075821012]}
{"CMD":[20.0, 20.0, 0, 3.2128203628939933]}
{"Distance":[1.168310170224899]}
{"Time":[1615323674.203478]}
{"IMU":[0.09234610557556153, 0.0677355432510376, 0.81]}
{"Kalman":[0.22549949515055784, 0.26301799662527003, 0.8067347045117353]}
{"CMD":[20.0, 20.0, 0, 2.91504481007995]}
{"Distance":[1.0864368273169118]}
{"Time":[1615323674.2566113]}
{"IMU":[0.09234610557556153, 0.0677355432510376, 0.81]}
{"Kalman":[0.4089866939495279, 0.4132311632308538, 0.8058324737512836]}
{"CMD":[16.03451274589913, 16.150500495292466, 0, 2.928653270352679]}
{"Distance":[0.8551581280568359]}
{"Time":[1615323674.3155525]}
{"IMU":[0.09234610557556153, 0.0677355432510376, 0.81]}
{"Kalman":[0.5702860522266278, 0.5936877387606371, 0.8057650622130752]}
{"CMD":[11.286385227814286, 11.906432801786961, 0, 2.929670047079344]}
{"Distance":[0.6224716391945189]}
{"Time":[1615323674.4353948]}
{"IMU":[0.09234610557556153, 0.0677355432510376, 0.81]}
{"Kalman":[0.5702860522266278, 0.5936877387606371, 0.8057650622130752]}
{"CMD":[11.103212582881053, 11.742705714573624, 0, 2.9296700470797044]}
{"Distance":[0.6224716391945189]}
{"Time":[1615323674.471386]}
{"IMU":[0.09234610557556153, 0.0677355432510376, 0.81]}
{"Kalman":[0.5702860522266278, 0.5936877387606371, 0.8057650622130752]}
{"CMD":[11.103212582881053, 11.742705714573624, 0, 2.9296700470797044]}
{"Distance":[0.6224716391945189]}
{"Time":[1615323674.5106573]}
{"IMU":[0.09234610557556153, 0.0677355432510376, 0.81]}
{"Kalman":[0.5702860522266278, 0.5936877387606371, 0.8057650622130752]}
{"CMD":[11.103212582881053, 11.742705714573624, 0, 2.9296700470797044]}
{"Distance":[0.6224716391945189]}
{"Time":[1615323674.5468915]}
{"IMU":[0.09234610557556153, 0.0677355432510376, 0.81]}
{"Kalman":[0.5702860522266278, 0.5936877387606371, 0.8057650622130752]}
{"CMD":[11.103212582881053, 11.742705714573624, 0, 2.9296700470797044]}
{"Distance":[0.6224716391945189]}
{"Time":[1615323674.582774]}
{"IMU":[0.09234610557556153, 0.0677355432510376, 0.81]}
{"Kalman":[0.5702860522266278, 0.5936877387606371, 0.8057650622130752]}
{"CMD":[11.103212582881053, 11.742705714573624, 0, 2.9296700470797044]}
{"Distance":[0.6224716391945189]}
{"Time":[1615323674.610478]}
{"IMU":[0.09234610557556153, 0.0677355432510376, 0.81]}
{"Kalman":[0.5702860522266278, 0.5936877387606371, 0.8057650622130752]}
{"CMD":[11.103212582881053, 11.742705714573624, 0, 2.9296700470797044]}
{"Distance":[0.6224716391945189]}
{"Time":[1615323674.6402173]}
{"IMU":[0.09234610557556153, 0.0677355432510376, 0.81]}
{"Kalman":[0.5702860522266278, 0.5936877387606371, 0.8057650622130752]}
{"CMD":[11.103212582881053, 11.742705714573624, 0, 2.9296700470797044]}
{"Distance":[0.6224716391945189]}
{"Time":[1615323674.6735988]}
{"IMU":[0.09234610557556153, 0.0677355432510376, 0.81]}
{"Kalman":[0.5702860522266278, 0.5936877387606371, 0.8057650622130752]}
{"CMD":[11.103212582881053, 11.742705714573624, 0, 2.9296700470797044]}
{"Distance":[0.6224716391945189]}
{"Time":[1615323674.7010033]}
{"IMU":[0.2044382667541504, 0.19541479110717774, 0.83]}
{"Kalman":[0.6394345749117615, 0.6621843412563202, 0.8255073704868104]}
{"CMD":[11.103212582881053, 11.742705714573624, 0, 2.9296700470797044]}
{"Distance":[0.5239985904713063]}
{"Time":[1615323674.760389]}
{"IMU":[0.2044382667541504, 0.19541479110717774, 0.83]}
{"Kalman":[0.8179462208391252, 0.9772315109606065, 0.8274462005550455]}
{"CMD":[0.622189872449984, 4.974946622024917, 0, 2.6026507048811274]}
{"Distance":[0.2518666240349903]}
{"Time":[1615323674.8451838]}
{"IMU":[0.2044382667541504, 0.19541479110717774, 0.83]}
{"Kalman":[0.8179462208391252, 0.9772315109606065, 0.8274462005550455]}
{"CMD":[0.622189872449984, 4.974946622024917, 0, 2.6026507048811274]}
{"Distance":[0.2518666240349903]}
{"Time":[1615323674.908164]}
{"IMU":[0.2044382667541504, 0.19541479110717774, 0.83]}
{"Kalman":[0.8179462208391252, 0.9772315109606065, 0.8274462005550455]}
{"CMD":[0.622189872449984, 4.974946622024917, 0, 2.6026507048811274]}
{"Distance":[0.2518666240349903]}
