{"IMU":[-0.014639147520065308, 0.012341940402984619, 0.81]}
{"Kalman":[-0.01777979109716315, 0.02051262339577535, 0.81]}
{"CMD":[0, 7.371803898236527, 0, 5]}
{"Distance":[1.0355657733260413]}
{"Time":[1616770316.7179012]}
{"Title":['ModelBasedPID']}
{"IMU":[0.014048310518264771, 0.033209879398345944, 0.84]}
{"Kalman":[0.05198490435996485, 0.04714093443420324, 0.84]}
{"CMD":[-5, 7.329157183677037, 0, 5]}
{"Distance":[0.9625772121033798]}
{"Time":[1616770317.2410233]}
{"Title":['ModelBasedPID']}
{"IMU":[0.060760512351989746, 0.036409232616424564, 0.87]}
{"Kalman":[0.11571280331370495, 0.02777722889514634, 0.87]}
{"CMD":[-5, 6.84077344682123, 0, 5]}
{"Distance":[0.8942233617326264]}
{"Time":[1616770317.7661955]}
{"Title":['ModelBasedPID']}
{"IMU":[0.1260087776184082, 0.013724206686019898, 0.9]}
{"Kalman":[0.2003905039426358, -0.017277049438308423, 0.9]}
{"CMD":[-5, 6.394681341561082, 0, 5]}
{"Distance":[0.8060234752303469]}
{"Time":[1616770318.2846599]}
{"Title":['ModelBasedPID']}
{"IMU":[0.2194690704345703, -0.02652257204055786, 0.92]}
{"Kalman":[0.32083692798181407, -0.05889150530494337, 0.92]}
{"CMD":[5, 5.8019270156509295, 0, 5]}
{"Distance":[0.6863896034980875]}
{"Time":[1616770318.8558872]}
{"Title":['ModelBasedPID']}
{"IMU":[0.35222347259521486, -0.05025791645050049, 0.96]}
{"Kalman":[0.4911593141030203, -0.06629596363928474, 0.96]}
{"CMD":[5, 5, 0, 5]}
{"Distance":[0.5146979681511965]}
{"Time":[1616770319.366464]}
{"Title":['ModelBasedPID']}
{"IMU":[0.4919403839111328, -0.043786778450012206, 0.99]}
{"Kalman":[0.6286217887866217, -0.030459605623767642, 0.99]}
{"CMD":[5, 5, 0, 5]}
{"Distance":[0.3727593906782284]}
{"Time":[1616770319.939309]}
{"Title":['ModelBasedPID']}
{"IMU":[0.6268772888183594, -0.010232952833175659, 1.04]}
{"Kalman":[0.7615106143945338, 0.03009976694691289, 1.04]}
{"CMD":[5, 5, 0, 5]}
{"Distance":[0.24368664923776848]}
{"Time":[1616770320.4569004]}
{"Title":['ModelBasedPID']}
{"IMU":[0.7606066131591797, 0.04528590202331543, 1.06]}
{"Kalman":[0.8942048019268538, 0.09640808289190962, 1.06]}
{"CMD":[-5, 5, 0, -5]}
{"Distance":[0.1552003298393066]}
{"Time":[1616770321.0592606]}
{"Title":['ModelBasedPID']}
{"IMU":[0.9091869354248047, 0.08291239738464355, 1.04]}
{"Kalman":[1.0443086920777649, 0.09725092691320036, 1.04]}
{"CMD":[-5, 5, 0, -5]}
{"Distance":[0.11410960949507638]}
{"Time":[1616770321.6577814]}
{"Title":['ModelBasedPID']}
{"IMU":[1.0316599273681641, 0.08538891792297364, 1.02]}
{"Kalman":[1.1681304960031604, 0.07883194711257505, 1.02]}
{"CMD":[-5, -5, 0, -5]}
{"Distance":[0.18676814388923121]}
{"Time":[1616770322.1730835]}
{"Title":['ModelBasedPID']}
{"IMU":[1.1485372924804687, 0.06527370929718018, 1.0]}
{"Kalman":[1.2445281453615538, 0.037808309830981796, 1.0]}
{"CMD":[-5, -5, 0, 0]}
{"Distance":[0.24743379350088113]}
{"Time":[1616770322.6995363]}
{"Title":['ModelBasedPID']}
{"IMU":[1.2491012573242188, -0.03119065523147583, 0.99]}
{"Kalman":[1.2989824794098526, -0.07573309610039586, 0.99]}
{"CMD":[-5, -5, 0, 0]}
{"Distance":[0.30858714302286594]}
{"Time":[1616770323.2206798]}
{"Title":['ModelBasedPID']}
{"IMU":[1.2444845581054687, -0.08782139778137207, 1.01]}
{"Kalman":[1.2271013005862579, -0.12882681640501054, 1.01]}
{"CMD":[5, -5, 0, 5]}
{"Distance":[0.2612878668308579]}
{"Time":[1616770323.773951]}
{"Title":['ModelBasedPID']}
{"IMU":[1.210140380859375, -0.10568662643432618, 1.01]}
{"Kalman":[1.1645627547422266, -0.1110239564133132, 1.01]}
{"CMD":[5, -5, 0, 0]}
{"Distance":[0.19876423004659438]}
{"Time":[1616770324.3616085]}
{"Title":['ModelBasedPID']}
{"IMU":[1.1504937744140624, -0.08867088317871094, 1.03]}
{"Kalman":[1.0803635702875538, -0.0621863276379708, 1.03]}
{"CMD":[5, -5, 0, 0]}
{"Distance":[0.10595019006334842]}
{"Time":[1616770324.9572644]}
{"Title":['ModelBasedPID']}
{"IMU":[1.0679925537109376, -0.0427898120880127, 1.01]}
{"Kalman":[0.9767065359730327, 0.009066507934210932, 1.01]}
{"CMD":[5, -5, 0, -5]}
{"Distance":[0.026921869037953693]}
{"Time":[1616770325.4669652]}
{"Title":['ModelBasedPID']}
