{"IMU":[0.021291260719299317, -0.003929943442344665, 0.74]}
{"Kalman":[0.10229991909139852, -0.02827095384856139, 0.7435094873417508]}
{"CMD":[0.1334303846792851, 20.0, 0, 6.737796857437786]}
{"Distance":[0.93405142533937]}
{"Time":[1615324109.6654866]}
{"IMU":[0.021291260719299317, -0.003929943442344665, 0.74]}
{"Kalman":[0.004611823217069759, -0.05025231549050634, 0.7411291633043304]}
{"CMD":[1.3732348119920432, 20.0, 0, 3.904581456718843]}
{"Distance":[1.029726676250994]}
{"Time":[1615324109.770102]}
{"IMU":[0.021291260719299317, -0.003929943442344665, 0.74]}
{"Kalman":[0.004611823217069759, -0.05025231549050634, 0.7411291633043304]}
{"CMD":[1.3732348119920432, 20.0, 0, 3.904581456718843]}
{"Distance":[1.029726676250994]}
{"Time":[1615324109.820353]}
{"IMU":[0.021291260719299317, -0.003929943442344665, 0.74]}
{"Kalman":[0.004611823217069759, -0.05025231549050634, 0.7411291633043304]}
{"CMD":[1.3732348119920432, 20.0, 0, 3.904581456718843]}
{"Distance":[1.029726676250994]}
{"Time":[1615324109.8704095]}
{"IMU":[0.021291260719299317, -0.003929943442344665, 0.74]}
{"Kalman":[0.004611823217069759, -0.05025231549050634, 0.7411291633043304]}
{"CMD":[1.3732348119920432, 20.0, 0, 3.904581456718843]}
{"Distance":[1.029726676250994]}
{"Time":[1615324109.9330812]}
{"IMU":[0.021291260719299317, -0.003929943442344665, 0.74]}
{"Kalman":[0.004611823217069759, -0.05025231549050634, 0.7411291633043304]}
{"CMD":[1.3732348119920432, 20.0, 0, 3.904581456718843]}
{"Distance":[1.029726676250994]}
{"Time":[1615324109.990754]}
{"IMU":[0.010915292501449585, -0.009578455090522766, 0.75]}
{"Kalman":[0.03425818212403276, -0.05871840794318851, 0.7436697084425266]}
{"CMD":[1.5253260756696052, 20.0, 0, 3.7556936715013993]}
{"Distance":[1.0009047550070385]}
{"Time":[1615324110.0653434]}
{"IMU":[0.010915292501449585, -0.009578455090522766, 0.75]}
{"Kalman":[0.069458967354271, -0.06089261096851216, 0.7432363230958596]}
{"CMD":[1.6640000039569693, 20.0, 0, 3.872798900006899]}
{"Distance":[0.9672342577086877]}
{"Time":[1615324110.1559165]}
{"IMU":[0.010915292501449585, -0.009578455090522766, 0.75]}
{"Kalman":[0.069458967354271, -0.06089261096851216, 0.7432363230958596]}
{"CMD":[1.6640000039569693, 20.0, 0, 3.872798900006899]}
{"Distance":[0.9672342577086877]}
{"Time":[1615324110.2158818]}
{"IMU":[0.010915292501449585, -0.009578455090522766, 0.75]}
{"Kalman":[0.069458967354271, -0.06089261096851216, 0.7432363230958596]}
{"CMD":[1.6640000039569693, 20.0, 0, 3.872798900006899]}
{"Distance":[0.9672342577086877]}
{"Time":[1615324110.279235]}
{"IMU":[0.010915292501449585, -0.009578455090522766, 0.75]}
{"Kalman":[0.069458967354271, -0.06089261096851216, 0.7432363230958596]}
{"CMD":[1.6640000039569693, 20.0, 0, 3.872798900006899]}
{"Distance":[0.9672342577086877]}
{"Time":[1615324110.3419347]}
{"IMU":[0.010915292501449585, -0.009578455090522766, 0.75]}
{"Kalman":[0.069458967354271, -0.06089261096851216, 0.7432363230958596]}
{"CMD":[1.6640000039569693, 20.0, 0, 3.872798900006899]}
{"Distance":[0.9672342577086877]}
{"Time":[1615324110.4036787]}
{"IMU":[0.010915292501449585, -0.009578455090522766, 0.75]}
{"Kalman":[0.069458967354271, -0.06089261096851216, 0.7432363230958596]}
{"CMD":[1.6640000039569693, 20.0, 0, 3.872798900006899]}
{"Distance":[0.9672342577086877]}
{"Time":[1615324110.4532843]}
{"IMU":[0.010915292501449585, -0.009578455090522766, 0.75]}
{"Kalman":[0.069458967354271, -0.06089261096851216, 0.7432363230958596]}
{"CMD":[1.6640000039569693, 20.0, 0, 3.872798900006899]}
{"Distance":[0.9672342577086877]}
{"Time":[1615324110.4928002]}
{"IMU":[0.041732196807861326, -0.025543966293334962, 0.77]}
{"Kalman":[0.20254481019905807, -0.08171868913541575, 0.7629746722298074]}
{"CMD":[1.9662185079206373, 20.0, 0, 3.571350252190675]}
{"Distance":[0.8359388314338759]}
{"Time":[1615324110.5698059]}
{"IMU":[0.041732196807861326, -0.025543966293334962, 0.77]}
{"Kalman":[0.3349596762648349, -0.10080771741763445, 0.7628947915175902]}
{"CMD":[2.754752005437539, 18.17342176211003, 0, 3.5762877431429088]}
{"Distance":[0.7132038333984287]}
{"Time":[1615324110.6450624]}
{"IMU":[0.041732196807861326, -0.025543966293334962, 0.77]}
{"Kalman":[0.3349596762648349, -0.10080771741763445, 0.7628947915175902]}
{"CMD":[2.754752005437539, 18.17342176211003, 0, 3.5762877431429088]}
{"Distance":[0.7132038333984287]}
{"Time":[1615324110.704816]}
{"IMU":[0.041732196807861326, -0.025543966293334962, 0.77]}
{"Kalman":[0.34293837681266837, -0.10195793180827994, 0.7628947915174692]}
{"CMD":[2.7861836803180133, 17.955389433852147, 0, 3.576287743144734]}
{"Distance":[0.7059350369642643]}
{"Time":[1615324110.7430327]}
{"IMU":[0.041732196807861326, -0.025543966293334962, 0.77]}
{"Kalman":[0.34293837681266837, -0.10195793180827994, 0.7628947915174692]}
{"CMD":[2.7861836803180133, 17.955389433852147, 0, 3.576287743144734]}
{"Distance":[0.7059350369642643]}
{"Time":[1615324110.7862892]}
{"IMU":[0.041732196807861326, -0.025543966293334962, 0.77]}
{"Kalman":[0.34293837681266837, -0.10195793180827994, 0.7628947915174692]}
{"CMD":[2.7861836803180133, 17.955389433852147, 0, 3.576287743144734]}
{"Distance":[0.7059350369642643]}
{"Time":[1615324110.8251708]}
{"IMU":[0.041732196807861326, -0.025543966293334962, 0.77]}
{"Kalman":[0.34293837681266837, -0.10195793180827994, 0.7628947915174692]}
{"CMD":[2.7861836803180133, 17.955389433852147, 0, 3.576287743144734]}
{"Distance":[0.7059350369642643]}
{"Time":[1615324110.857117]}
{"IMU":[0.041732196807861326, -0.025543966293334962, 0.77]}
{"Kalman":[0.34293837681266837, -0.10195793180827994, 0.7628947915174692]}
{"CMD":[2.7861836803180133, 17.955389433852147, 0, 3.576287743144734]}
{"Distance":[0.7059350369642643]}
{"Time":[1615324110.8862703]}
{"IMU":[0.041732196807861326, -0.025543966293334962, 0.77]}
{"Kalman":[0.34293837681266837, -0.10195793180827994, 0.7628947915174692]}
{"CMD":[2.7861836803180133, 17.955389433852147, 0, 3.576287743144734]}
{"Distance":[0.7059350369642643]}
{"Time":[1615324110.9220543]}
{"IMU":[0.041732196807861326, -0.025543966293334962, 0.77]}
{"Kalman":[0.34293837681266837, -0.10195793180827994, 0.7628947915174692]}
{"CMD":[2.7861836803180133, 17.955389433852147, 0, 3.576287743144734]}
{"Distance":[0.7059350369642643]}
{"Time":[1615324110.9650004]}
{"IMU":[0.13869519233703614, -0.0408793830871582, 0.79]}
{"Kalman":[0.40227547163645583, -0.11008291316180194, 0.7826370997912047]}
{"CMD":[3.008213394422441, 16.333896703434746, 0, 3.278512019226181]}
{"Distance":[0.6454761730418783]}
{"Time":[1615324111.0264745]}
{"IMU":[0.13869519233703614, -0.0408793830871582, 0.79]}
{"Kalman":[0.6451456193469536, -0.1009774812110733, 0.7840423159629691]}
{"CMD":[2.7979969490047782, 10.377134611448858, 0, 3.257490325686685]}
{"Distance":[0.42749947891784373]}
{"Time":[1615324111.1002598]}
{"IMU":[0.13869519233703614, -0.0408793830871582, 0.79]}
{"Kalman":[0.720721002879147, -0.09668745506742918, 0.784045833100424]}
{"CMD":[2.6421584336067854, 7.631800392899999, 0, 3.257263917173239]}
{"Distance":[0.36603473114109747]}
{"Time":[1615324111.161342]}
{"IMU":[0.13869519233703614, -0.0408793830871582, 0.79]}
{"Kalman":[0.720721002879147, -0.09668745506742918, 0.784045833100424]}
{"CMD":[2.6421584336067854, 7.631800392899999, 0, 3.257263917173239]}
{"Distance":[0.36603473114109747]}
{"Time":[1615324111.2198238]}
{"IMU":[0.13869519233703614, -0.0408793830871582, 0.79]}
{"Kalman":[0.720721002879147, -0.09668745506742918, 0.784045833100424]}
{"CMD":[2.6421584336067854, 7.631800392899999, 0, 3.257263917173239]}
{"Distance":[0.36603473114109747]}
{"Time":[1615324111.2858088]}
{"IMU":[0.13869519233703614, -0.0408793830871582, 0.79]}
{"Kalman":[0.720721002879147, -0.09668745506742918, 0.784045833100424]}
{"CMD":[2.6421584336067854, 7.631800392899999, 0, 3.257263917173239]}
{"Distance":[0.36603473114109747]}
{"Time":[1615324111.365124]}
{"IMU":[0.13869519233703614, -0.0408793830871582, 0.79]}
{"Kalman":[0.720721002879147, -0.09668745506742918, 0.784045833100424]}
