{"IMU":[0.015835623741149902, -0.013040566444396972, 0.81]}
{"Kalman":[0.057315069220319224, -0.010471337988183473, 0.81]}
{"CMD":[5, 15.0, 0, 5]}
{"Distance":[0.9616987717775012]}
{"Time":[1616761387.4855256]}
{"IMU":[0.10241830825805665, 0.004089373052120209, 0.84]}
{"Kalman":[0.2256235175889081, 0.03559059721574963, 0.84]}
{"CMD":[5, 15.0, 0, 5]}
{"Distance":[0.7915337182467654]}
{"Time":[1616761388.009542]}
{"IMU":[0.28243940353393554, 0.0344350528717041, 0.88]}
{"Kalman":[0.49127635210394727, 0.06150401105051366, 0.88]}
{"CMD":[-5, 14.3577295865592, 0, 5]}
{"Distance":[0.5262912628041329]}
{"Time":[1616761388.5910327]}
{"IMU":[0.5231214141845704, 0.03640430450439453, 0.91]}
{"Kalman":[0.7844161476502264, 0.030068119373059823, 0.91]}
{"CMD":[-5, 9.432255158417837, 0, 5]}
{"Distance":[0.235542966773796]}
{"Time":[1616761389.1168287]}
{"IMU":[0.5231214141845704, 0.03640430450439453, 0.91]}
{"Kalman":[0.7846155987792304, 0.02982751027680229, 0.91]}
{"CMD":[-5, 5, 0, 5]}
{"Distance":[0.2353298125154189]}
{"Time":[1616761389.6927378]}
{"IMU":[0.5231214141845704, 0.03640430450439453, 0.91]}
{"Kalman":[0.7846255713356806, 0.029815479821989413, 0.91]}
{"CMD":[-5, 5, 0, 5]}
{"Distance":[0.2353191606297657]}
{"Time":[1616761390.2499998]}
{"IMU":[0.5231214141845704, 0.03640430450439453, 0.91]}
{"Kalman":[0.7846255713356806, 0.029815479821989413, 0.91]}
{"CMD":[-5, 5, 0, 5]}
{"Distance":[0.2353191606297657]}
{"Time":[1616761390.76068]}
{"IMU":[0.5231214141845704, 0.03640430450439453, 0.91]}
{"Kalman":[0.7846255713356806, 0.029815479821989413, 0.91]}
{"CMD":[-5, 5, 0, 5]}
{"Distance":[0.2353191606297657]}
{"Time":[1616761391.2697244]}
{"IMU":[0.5231214141845704, 0.03640430450439453, 0.91]}
{"Kalman":[0.7846288954197179, 0.029811469792765236, 0.91]}
{"CMD":[-5, 5, 0, 5]}
{"Distance":[0.23531561023301398]}
{"Time":[1616761391.7883294]}
{"IMU":[0.5231214141845704, 0.03640430450439453, 0.91]}
{"Kalman":[0.7846288954197179, 0.029811469792765236, 0.91]}
{"CMD":[-5, 5, 0, 5]}
{"Distance":[0.23531561023301398]}
{"Time":[1616761392.2972734]}
{"IMU":[0.5231214141845704, 0.03640430450439453, 0.91]}
{"Kalman":[0.7846288954197179, 0.029811469792765236, 0.91]}
{"CMD":[-5, 5, 0, 5]}
{"Distance":[0.23531561023301398]}
{"Time":[1616761392.8057966]}
{"IMU":[0.5231214141845704, 0.03640430450439453, 0.91]}
{"Kalman":[0.7846288954197179, 0.029811469792765236, 0.91]}
{"CMD":[-5, 5, 0, 5]}
{"Distance":[0.23531561023301398]}
{"Time":[1616761393.3195763]}
{"IMU":[0.5231214141845704, 0.03640430450439453, 0.91]}
{"Kalman":[0.7846288954197179, 0.029811469792765236, 0.91]}
{"CMD":[-5, 5, 0, 5]}
{"Distance":[0.23531561023301398]}
{"Time":[1616761393.8336308]}
{"IMU":[0.5231214141845704, 0.03640430450439453, 0.91]}
{"Kalman":[0.7846288954197179, 0.029811469792765236, 0.91]}
{"CMD":[-5, 5, 0, 5]}
{"Distance":[0.23531561023301398]}
{"Time":[1616761394.3440423]}
{"IMU":[0.5231214141845704, 0.03640430450439453, 0.91]}
{"Kalman":[0.7846288954197179, 0.029811469792765236, 0.91]}
{"CMD":[-5, 5, 0, 5]}
{"Distance":[0.23531561023301398]}
{"Time":[1616761394.8530107]}
{"IMU":[0.5231214141845704, 0.03640430450439453, 0.91]}
{"Kalman":[0.7846288954197179, 0.029811469792765236, 0.91]}
{"CMD":[-5, 5, 0, 5]}
{"Distance":[0.23531561023301398]}
{"Time":[1616761395.3630285]}
{"IMU":[0.5231214141845704, 0.03640430450439453, 0.91]}
{"Kalman":[0.7846288954197179, 0.029811469792765236, 0.91]}
{"CMD":[-5, 5, 0, 5]}
{"Distance":[0.23531561023301398]}
{"Time":[1616761395.8884704]}
{"IMU":[0.5231214141845704, 0.03640430450439453, 0.91]}
{"Kalman":[0.7846288955211578, 0.029811469670392592, 0.91]}
{"CMD":[-5, 5, 0, 5]}
{"Distance":[0.23531561012466876]}
{"Time":[1616761396.4653723]}
{"IMU":[0.5231214141845704, 0.03640430450439453, 0.91]}
{"Kalman":[0.7846288955211578, 0.029811469670392592, 0.91]}
{"CMD":[-5, 5, 0, 5]}
{"Distance":[0.23531561012466876]}
{"Time":[1616761396.978148]}
{"IMU":[0.5231214141845704, 0.03640430450439453, 0.91]}
{"Kalman":[0.7846288955211578, 0.029811469670392592, 0.91]}
{"CMD":[-5, 5, 0, 5]}
{"Distance":[0.23531561012466876]}
{"Time":[1616761397.49244]}
{"IMU":[0.5231214141845704, 0.03640430450439453, 0.91]}
{"Kalman":[0.7846288955211578, 0.029811469670392592, 0.91]}
{"CMD":[-5, 5, 0, 5]}
{"Distance":[0.23531561012466876]}
{"Time":[1616761398.006362]}
{"IMU":[0.5231214141845704, 0.03640430450439453, 0.91]}
{"Kalman":[0.7846288955211578, 0.029811469670392592, 0.91]}
{"CMD":[-5, 5, 0, 5]}
{"Distance":[0.23531561012466876]}
{"Time":[1616761398.5193996]}
