{"IMU":[0.021812989711761474, -0.00034631550312042237, 0.6]}
{"Kalman":[2.992383571266951, 2.3296125829275107, 1.2085043448823072]}
{"UWB":[2.9155735, 2.33811045, 0.71703922]}
{"Distance":[3.007762205935266]}
{"Time":[0.6]}
{"Title":['ModelBasedAgendUWB_PID']}
{"IMU":[0.12559069633483888, -0.04191380500793457, 0.58]}
{"Kalman":[3.592757400644459, 2.405772892698467, 1.1683026114162631]}
{"UWB":[3.78215692, 2.53958114, 2.76492117]}
{"Distance":[2.4095652796680613]}
{"Time":[1.3]}
{"Title":['ModelBasedAgendUWB_PID']}
{"IMU":[0.337108268737793, -0.09477438926696777, 0.56]}
{"Kalman":[3.77596890393428, 2.2852720579831463, 1.1338953180321116]}
{"UWB":[3.82251436, 2.3820239, 2.23149678]}
{"Distance":[2.2240798610983687]}
{"Time":[1.9]}
{"Title":['ModelBasedAgendUWB_PID']}
{"IMU":[1.1383887481689454, -0.2731154251098633, 0.47]}
{"Kalman":[4.382708809773692, 2.032526595155478, 0.9521950506584214]}
{"UWB":[4.13877927, 2.04877, 0.67348202]}
{"Distance":[1.6392598379399008]}
{"Time":[2.5]}
{"Title":['ModelBasedAgendUWB_PID']}
{"IMU":[1.6190580749511718, -0.34624755859375, 0.53]}
{"Kalman":[4.930532864562171, 2.0615659340262007, 1.054677769607093]}
{"UWB":[4.61450147, 2.1378328, 1.46964439]}
{"Distance":[1.095723850976328]}
{"Time":[3.1]}
{"Title":['ModelBasedAgendUWB_PID']}
{"IMU":[2.159810791015625, -0.3899203109741211, 0.51]}
{"Kalman":[5.518851712449394, 2.0277223721693414, 1.0237973118770791]}
{"UWB":[5.25494198, 2.05357433, 1.31430252]}
{"Distance":[0.5528460737221265]}
{"Time":[3.6]}
{"Title":['ModelBasedAgendUWB_PID']}
{"IMU":[2.6680010986328124, -0.3954532241821289, 0.49]}
{"Kalman":[5.99353247494533, 2.0594654081069907, 0.9809942174854975]}
{"UWB":[5.76507303, 2.08705438, 1.28420242]}
{"Distance":[0.24062152600602718]}
{"Time":[4.2]}
{"Title":['ModelBasedAgendUWB_PID']}
{"IMU":[3.1328219604492187, -0.36536243438720706, 0.54]}
{"Kalman":[8.919148374055425, 2.828194309218387, 1.0562313426740015]}
{"UWB":[10.63895879, 3.43323286, -7.44304917]}
{"Distance":[2.966549587996317]}
{"Time":[4.7]}
{"Title":['ModelBasedAgendUWB_PID']}
{"IMU":[3.61989990234375, -0.3183255195617676, 0.6]}
{"Kalman":[6.891740841963716, 2.207469239000207, 1.195057429090328]}
{"UWB":[6.62074048, 2.27891819, 0.73154805]}
{"Distance":[0.896528678268218]}
{"Time":[5.3]}
{"Title":['ModelBasedAgendUWB_PID']}
{"IMU":[3.9972314453125, -0.28110694885253906, 0.62]}
{"Kalman":[7.263974901355921, 2.2767770613048106, 1.2421255340181576]}
{"UWB":[7.28448383, 2.47713507, 1.90990157]}
{"Distance":[1.264188220218552]}
{"Time":[5.9]}
{"Title":['ModelBasedAgendUWB_PID']}
{"IMU":[4.4018603515625, -0.2083978271484375, 0.6]}
{"Kalman":[7.528739379078645, 2.3199251169958903, 1.205958453979061]}
{"UWB":[7.40167348, 2.42441811, 1.77395348]}
{"Distance":[1.528869222475572]}
{"Time":[6.5]}
{"Title":['ModelBasedAgendUWB_PID']}
{"IMU":[4.474488830566406, -0.13734126091003418, 0.56]}
{"Kalman":[7.523756220272154, 2.45606115881211, 1.1473203705710782]}
{"UWB":[7.51338511, 2.58617177, 1.82855761]}
{"Distance":[1.53172716372984]}
{"Time":[7.2]}
{"Title":['ModelBasedAgendUWB_PID']}
{"IMU":[4.496207580566407, -0.08499409675598145, 0.44]}
{"Kalman":[7.631164485516269, 2.457994609611435, 0.9355509491281622]}
{"UWB":[7.74025241, 2.5786708, 0.44822164]}
{"Distance":[1.6387983022555963]}
{"Time":[7.7]}
{"Title":['ModelBasedAgendUWB_PID']}
{"IMU":[4.435709838867187, -0.04824133396148682, 0.2]}
{"Kalman":[11.665378432010755, 3.767602394130443, 0.48158521794034326]}
{"UWB":[7.44044547, 2.61573545, 0.68136534]}
{"Distance":[5.852381529356237]}
{"Time":[8.3]}
{"Title":['ModelBasedAgendUWB_PID']}
{"IMU":[4.435709838867187, -0.04824133396148682, 0.2]}
{"Kalman":[7.443363843452225, 2.576240010753876, 0.49525809399912935]}
{"UWB":[7.53361471, 2.77309591, 0.1829652]}
{"Distance":[1.4695603860088502]}
{"Time":[8.8]}
{"Title":['ModelBasedAgendUWB_PID']}
{"IMU":[4.435709838867187, -0.04824133396148682, 0.2]}
{"Kalman":[9.437308585669186, 3.152434123135024, 0.48770554103641867]}
{"UWB":[7.57823221, 2.73505801, -0.01114523]}
{"Distance":[3.541431101602864]}
{"Time":[9.4]}
{"Title":['ModelBasedAgendUWB_PID']}
{"IMU":[4.435709838867187, -0.04824133396148682, 0.2]}
{"Kalman":[7.760156229004807, 2.6148164466780437, 0.49455646463315966]}
{"UWB":[7.66568699, 2.67771228, -0.14169571]}
{"Distance":[1.788088181719071]}
{"Time":[10.0]}
{"Title":['ModelBasedAgendUWB_PID']}
{"IMU":[4.435709838867187, -0.04824133396148682, 0.2]}
{"Kalman":[7.529179065976921, 2.5534716685414187, 0.49532418829794694]}
{"UWB":[7.44589155, 2.66575893, 0.48841795]}
{"Distance":[1.5500440324633422]}
{"Time":[10.6]}
{"Title":['ModelBasedAgendUWB_PID']}
{"IMU":[4.435709838867187, -0.04824133396148682, 0.2]}
{"Kalman":[7.458079990963561, 2.5353759214640648, 0.4953247297960967]}
{"UWB":[7.55374262, 2.69581299, 0.25381792]}
{"Distance":[1.476956019810121]}
{"Time":[11.2]}
{"Title":['ModelBasedAgendUWB_PID']}
{"IMU":[4.435709838867187, -0.04824133396148682, 0.2]}
{"Kalman":[7.458079990963561, 2.5353759214640648, 0.4953247297960967]}
{"UWB":[7.55374262, 2.69581299, 0.25381792]}
{"Distance":[1.476956019810121]}
{"Time":[11.7]}
{"Title":['ModelBasedAgendUWB_PID']}
{"IMU":[4.435709838867187, -0.04824133396148682, 0.2]}
{"Kalman":[7.458079990963561, 2.5353759214640648, 0.4953247297960967]}
{"UWB":[7.55374262, 2.69581299, 0.25381792]}
{"Distance":[1.476956019810121]}
{"Time":[12.2]}
{"Title":['ModelBasedAgendUWB_PID']}
{"IMU":[4.435709838867187, -0.04824133396148682, 0.2]}
{"Kalman":[7.458079990963561, 2.5353759214640648, 0.4953247297960967]}
{"UWB":[7.55374262, 2.69581299, 0.25381792]}
{"Distance":[1.476956019810121]}
{"Time":[12.8]}
{"Title":['ModelBasedAgendUWB_PID']}
{"IMU":[4.435709838867187, -0.04824133396148682, 0.2]}
{"Kalman":[7.458079990963561, 2.5353759214640648, 0.4953247297960967]}
{"UWB":[7.55374262, 2.69581299, 0.25381792]}
{"Distance":[1.476956019810121]}
{"Time":[13.3]}
{"Title":['ModelBasedAgendUWB_PID']}
