{"IMU":[0.01101582169532776, 0.001983705461025238, 0.76]}
{"Kalman":[0.051449677418414434, 0.004747148735611166, 0.7625603041334519]}
{"CMD":[-0.00972917890056265, 20.0, 0, 6.521621795357078]}
{"Distance":[0.9778281337044598]}
{"Time":[1615321307.7764678]}
{"IMU":[0.01101582169532776, 0.001983705461025238, 0.76]}
{"Kalman":[0.03999613775601872, 0.008258464321117874, 0.7622546648684546]}
{"CMD":[-0.22567737603047971, 20.0, 0, 3.585942854070312]}
{"Distance":[0.9890391610715498]}
{"Time":[1615321307.833469]}
{"IMU":[0.01101582169532776, 0.001983705461025238, 0.76]}
{"Kalman":[0.03999613775601872, 0.008258464321117874, 0.7622546648684546]}
{"CMD":[-0.22567737603047971, 20.0, 0, 3.585942854070312]}
{"Distance":[0.9890391610715498]}
{"Time":[1615321307.8803487]}
{"IMU":[0.01101582169532776, 0.001983705461025238, 0.76]}
{"Kalman":[0.03999613775601872, 0.008258464321117874, 0.7622546648684546]}
{"CMD":[-0.22567737603047971, 20.0, 0, 3.585942854070312]}
{"Distance":[0.9890391610715498]}
{"Time":[1615321307.9113226]}
{"IMU":[0.01101582169532776, 0.001983705461025238, 0.76]}
{"Kalman":[0.03999613775601872, 0.008258464321117874, 0.7622546648684546]}
{"CMD":[-0.22567737603047971, 20.0, 0, 3.585942854070312]}
{"Distance":[0.9890391610715498]}
{"Time":[1615321307.9451542]}
{"IMU":[0.01101582169532776, 0.001983705461025238, 0.76]}
{"Kalman":[0.03999613775601872, 0.008258464321117874, 0.7622546648684546]}
{"CMD":[-0.22567737603047971, 20.0, 0, 3.585942854070312]}
{"Distance":[0.9890391610715498]}
{"Time":[1615321307.9858465]}
{"IMU":[0.01101582169532776, 0.001983705461025238, 0.76]}
{"Kalman":[0.03999613775601872, 0.008258464321117874, 0.7622546648684546]}
{"CMD":[-0.22567737603047971, 20.0, 0, 3.585942854070312]}
{"Distance":[0.9890391610715498]}
{"Time":[1615321308.023301]}
{"IMU":[0.01101582169532776, 0.001983705461025238, 0.76]}
{"Kalman":[0.03999613775601872, 0.008258464321117874, 0.7622546648684546]}
{"CMD":[-0.22567737603047971, 20.0, 0, 3.585942854070312]}
{"Distance":[0.9890391610715498]}
{"Time":[1615321308.0624146]}
{"IMU":[0.01101582169532776, 0.001983705461025238, 0.76]}
{"Kalman":[0.03999613775601872, 0.008258464321117874, 0.7622546648684546]}
{"CMD":[-0.22567737603047971, 20.0, 0, 3.585942854070312]}
{"Distance":[0.9890391610715498]}
{"Time":[1615321308.1008482]}
{"IMU":[0.01101582169532776, 0.001983705461025238, 0.76]}
{"Kalman":[0.03999613775601872, 0.008258464321117874, 0.7622546648684546]}
{"CMD":[-0.22567737603047971, 20.0, 0, 3.585942854070312]}
{"Distance":[0.9890391610715498]}
{"Time":[1615321308.1494684]}
{"IMU":[0.0327601957321167, 0.003193272054195404, 0.76]}
{"Kalman":[0.04436492519605215, 0.008376413920673776, 0.7622546627335287]}
{"CMD":[-0.22567737603047971, 20.0, 0, 3.585942854070312]}
{"Distance":[0.9848001857725585]}
{"Time":[1615321308.1918924]}
{"IMU":[0.0327601957321167, 0.003193272054195404, 0.77]}
{"Kalman":[0.18407793036201403, -0.00033373946150665515, 0.7656061145930083]}
{"CMD":[0.009120030434478184, 20.0, 0, 3.535392515474227]}
{"Distance":[0.8489225103745032]}
{"Time":[1615321308.2687829]}
{"IMU":[0.0327601957321167, 0.003193272054195404, 0.77]}
{"Kalman":[0.21081195700421204, -0.003169873263978085, 0.7655860068140823]}
{"CMD":[0.0866224824310815, 20.0, 0, 3.5356958036380566]}
{"Distance":[0.8232725766751853]}
{"Time":[1615321308.3163214]}
{"IMU":[0.0327601957321167, 0.003193272054195404, 0.77]}
{"Kalman":[0.21081195700421204, -0.003169873263978085, 0.7655860068140823]}
{"CMD":[0.0866224824310815, 20.0, 0, 3.5356958036380566]}
{"Distance":[0.8232725766751853]}
{"Time":[1615321308.3642032]}
{"IMU":[0.0327601957321167, 0.003193272054195404, 0.77]}
{"Kalman":[0.21081195700421204, -0.003169873263978085, 0.7655860068140823]}
{"CMD":[0.0866224824310815, 20.0, 0, 3.5356958036380566]}
{"Distance":[0.8232725766751853]}
{"Time":[1615321308.4104373]}
{"IMU":[0.0327601957321167, 0.003193272054195404, 0.77]}
{"Kalman":[0.21081195700421204, -0.003169873263978085, 0.7655860068140823]}
{"CMD":[0.0866224824310815, 20.0, 0, 3.5356958036380566]}
{"Distance":[0.8232725766751853]}
{"Time":[1615321308.4606528]}
{"IMU":[0.0327601957321167, 0.003193272054195404, 0.77]}
{"Kalman":[0.21081195700421204, -0.003169873263978085, 0.7655860068140823]}
{"CMD":[0.0866224824310815, 20.0, 0, 3.5356958036380566]}
{"Distance":[0.8232725766751853]}
{"Time":[1615321308.6181989]}
{"IMU":[0.0327601957321167, 0.003193272054195404, 0.77]}
{"Kalman":[0.21081195700421204, -0.003169873263978085, 0.7655860068140823]}
{"CMD":[0.0866224824310815, 20.0, 0, 3.5356958036380566]}
{"Distance":[0.8232725766751853]}
{"Time":[1615321308.664032]}
{"IMU":[0.10692458152770996, -0.002633434236049652, 0.79]}
{"Kalman":[0.2713432386403277, -0.0076626980177627035, 0.7853283008487496]}
{"CMD":[0.19022091046309228, 20.0, 0, 3.250612879348954]}
{"Distance":[0.7596600102891837]}
{"Time":[1615321308.6973977]}
{"IMU":[0.10692458152770996, -0.002633434236049652, 0.79]}
{"Kalman":[0.381861468055363, -0.027429128556393616, 0.7855585001015464]}
{"CMD":[0.7495502212900169, 16.89174603029776, 0, 3.23444817014602]}
{"Distance":[0.6548532344325199]}
{"Time":[1615321308.7274103]}
{"IMU":[0.10692458152770996, -0.002633434236049652, 0.79]}
{"Kalman":[0.40722217846231046, -0.034210727324875234, 0.785557767499797]}
{"CMD":[0.93486959252577, 16.19871905138674, 0, 3.2344592200705398]}
{"Distance":[0.6313013469419632]}
{"Time":[1615321308.7669113]}
{"IMU":[0.10692458152770996, -0.002633434236049652, 0.79]}
{"Kalman":[0.4226241288181208, -0.038329296809932877, 0.7855577272359805]}
{"CMD":[1.047416903774697, 15.777833084347714, 0, 3.2344598273747582]}
{"Distance":[0.6171041402917146]}
{"Time":[1615321308.808956]}
{"IMU":[0.10692458152770996, -0.002633434236049652, 0.79]}
{"Kalman":[0.44491072601525783, -0.044288860201314534, 0.785557724894386]}
{"CMD":[1.210272681333141, 15.168811772330066, 0, 3.234459862693323]}
{"Distance":[0.5967169300290646]}
{"Time":[1615321308.8484395]}
{"IMU":[0.10692458152770996, -0.002633434236049652, 0.79]}
{"Kalman":[0.4461008386182331, -0.044607103110029425, 0.7855577248943857]}
{"CMD":[1.2146734457331345, 15.152354515838093, 0, 3.234459862693328]}
{"Distance":[0.5956337498662794]}
{"Time":[1615321308.8883505]}
{"IMU":[0.10692458152770996, -0.002633434236049652, 0.79]}
{"Kalman":[0.4461008386182331, -0.044607103110029425, 0.7855577248943857]}
{"CMD":[1.2189692406190402, 15.136289807110279, 0, 3.234459862693328]}
{"Distance":[0.5956337498662794]}
{"Time":[1615321308.9272983]}
{"IMU":[0.10692458152770996, -0.002633434236049652, 0.79]}
{"Kalman":[0.4461008386182331, -0.044607103110029425, 0.7855577248943857]}
{"CMD":[1.2189692406190402, 15.136289807110279, 0, 3.234459862693328]}
{"Distance":[0.5956337498662794]}
{"Time":[1615321308.9666312]}
{"IMU":[0.10692458152770996, -0.002633434236049652, 0.79]}
{"Kalman":[0.4461008386182331, -0.044607103110029425, 0.7855577248943857]}
{"CMD":[1.2189692406190402, 15.136289807110279, 0, 3.234459862693328]}
{"Distance":[0.5956337498662794]}
{"Time":[1615321309.0067174]}
{"IMU":[0.10692458152770996, -0.002633434236049652, 0.79]}
{"Kalman":[0.4461008386182331, -0.044607103110029425, 0.7855577248943857]}
{"CMD":[1.2189692406190402, 15.136289807110279, 0, 3.234459862693328]}
{"Distance":[0.5956337498662794]}
{"Time":[1615321309.0623262]}
{"IMU":[0.10692458152770996, -0.002633434236049652, 0.79]}
{"Kalman":[0.4461008386182331, -0.044607103110029425, 0.7855577248943857]}
{"CMD":[1.2189692406190402, 15.136289807110279, 0, 3.234459862693328]}
{"Distance":[0.5956337498662794]}
{"Time":[1615321309.11588]}
{"IMU":[0.10692458152770996, -0.002633434236049652, 0.79]}
{"Kalman":[0.4461008386182331, -0.044607103110029425, 0.7855577248943857]}
{"CMD":[1.2189692406190402, 15.136289807110279, 0, 3.234459862693328]}
{"Distance":[0.5956337498662794]}
{"Time":[1615321309.1856885]}
{"IMU":[0.2331845283508301, -0.015009264945983886, 0.81]}
{"Kalman":[0.682885085829976, -0.06186478907623256, 0.8047404482494004]}
