{"IMU":[-0.005695124864578247, 0.0015777285397052766, 0.81]}
{"Kalman":[-0.003466702455801988, -0.0021905655354731023, 0.828484575145232]}
{"CMD":[0.034181188472691436, 15.657912957762365, 0, 2.1268788865424817]}
{"Distance":[1.0180214941139494]}
{"Time":[1615306868.992822]}
{"IMU":[-0.005695124864578247, 0.0015777285397052766, 0.81]}
{"Kalman":[-0.003466702455801988, -0.0021905655354731023, 0.828484575145232]}
{"CMD":[0.034181188472691436, 15.657912957762365, 0, 2.1268788865424817]}
{"Distance":[1.0180214941139494]}
{"Time":[1615306869.104329]}
{"IMU":[0.003971451818943024, -0.0020120806992053987, 0.81]}
{"Kalman":[0.005899764069223449, -0.0055552356051279846, 0.8284885742910854]}
{"CMD":[0.034181188472691436, 15.657912957762365, 0, 2.1268788865424817]}
{"Distance":[1.0088024131954476]}
{"Time":[1615306869.2184978]}
{"IMU":[0.003971451818943024, -0.0020120806992053987, 0.81]}
{"Kalman":[0.03988699812074304, -0.0072164724551664235, 0.8140363553123291]}
{"CMD":[0.08668289177117719, 15.511760307941778, 0, 2.1268292950909435]}
{"Distance":[0.9779834001647556]}
{"Time":[1615306869.3375285]}
{"IMU":[0.003971451818943024, -0.0020120806992053987, 0.81]}
{"Kalman":[0.03988699812074304, -0.0072164724551664235, 0.8140363553123291]}
{"CMD":[0.11260453116037744, 14.981429654068158, 0, 2.306044193317345]}
{"Distance":[0.9779834001647556]}
{"Time":[1615306869.4545512]}
{"IMU":[0.003971451818943024, -0.0020120806992053987, 0.81]}
{"Kalman":[0.03988699812074304, -0.0072164724551664235, 0.8140363553123291]}
{"CMD":[0.11260453116037744, 14.981429654068158, 0, 2.306044193317345]}
{"Distance":[0.9779834001647556]}
{"Time":[1615306869.566575]}
{"IMU":[0.003971451818943024, -0.0020120806992053987, 0.81]}
{"Kalman":[0.03988699812074304, -0.0072164724551664235, 0.8140363553123291]}
{"CMD":[0.11260453116037744, 14.981429654068158, 0, 2.306044193317345]}
{"Distance":[0.9779834001647556]}
{"Time":[1615306869.678565]}
{"IMU":[0.0781859827041626, -0.00834035038948059, 0.82]}
{"Kalman":[0.17942553137293796, -0.0214691069863967, 0.824738044391097]}
{"CMD":[0.11260453116037744, 14.981429654068158, 0, 2.306044193317345]}
{"Distance":[0.8393569766203386]}
{"Time":[1615306869.791137]}
{"IMU":[0.0781859827041626, -0.00834035038948059, 0.82]}
{"Kalman":[0.18377943051612064, -0.022600914978935998, 0.8249817450845269]}
{"CMD":[0.34824707542917643, 12.75313630363937, 0, 2.1710709952754077]}
{"Distance":[0.8350797620348196]}
{"Time":[1615306869.9091425]}
{"IMU":[0.0781859827041626, -0.00834035038948059, 0.82]}
{"Kalman":[0.18377943051612064, -0.022600914978935998, 0.8249817450845269]}
{"CMD":[0.35266059017195384, 12.736158160541182, 0, 2.1703157687096004]}
{"Distance":[0.8350797620348196]}
{"Time":[1615306870.027336]}
{"IMU":[0.0781859827041626, -0.00834035038948059, 0.82]}
{"Kalman":[0.18377943051612064, -0.022600914978935998, 0.8249817450845269]}
{"CMD":[0.35266059017195384, 12.736158160541182, 0, 2.1703157687096004]}
{"Distance":[0.8350797620348196]}
{"Time":[1615306870.1423807]}
{"IMU":[0.2136252975463867, -0.02225205898284912, 0.83]}
{"Kalman":[0.3868474603200484, -0.04845328297238373, 0.8326246567245352]}
{"CMD":[0.35266059017195384, 12.736158160541182, 0, 2.1703157687096004]}
{"Distance":[0.637430986918079]}
{"Time":[1615306870.2633646]}
{"IMU":[0.2136252975463867, -0.02225205898284912, 0.83]}
{"Kalman":[0.38795246083446006, -0.048840009980996704, 0.8324926084864646]}
{"CMD":[0.7560562651881617, 9.567521346392143, 0, 2.075539760005964]}
{"Distance":[0.6364324496639104]}
{"Time":[1615306870.378361]}
{"IMU":[0.2136252975463867, -0.02225205898284912, 0.83]}
{"Kalman":[0.3879702834234022, -0.048846247513393684, 0.8324904786761731]}
{"CMD":[0.7620906834946768, 9.550279118194041, 0, 2.077177225614643]}
{"Distance":[0.6364163492581786]}
{"Time":[1615306870.4944806]}
{"IMU":[0.2136252975463867, -0.02225205898284912, 0.83]}
{"Kalman":[0.3879702834234022, -0.048846247513393684, 0.8324904786761731]}
{"CMD":[0.7621880128222013, 9.55000101773923, 0, 2.077203636350267]}
{"Distance":[0.6364163492581786]}
{"Time":[1615306870.611463]}
{"IMU":[0.42040855407714844, -0.049147300720214844, 0.86]}
{"Kalman":[0.5883088288206153, -0.07406657925168363, 0.8587384154224531]}
{"CMD":[0.7621880128222013, 9.55000101773923, 0, 2.077203636350267]}
{"Distance":[0.4415091322571469]}
{"Time":[1615306870.7254684]}
{"IMU":[0.42040855407714844, -0.049147300720214844, 0.86]}
{"Kalman":[0.6408914418697773, -0.07440868347336761, 0.8589555320562998]}
{"CMD":[1.15572150841064, 6.423954584671412, 0, 1.7517158119855676]}
{"Distance":[0.3929238483932081]}
{"Time":[1615306870.8414903]}
{"IMU":[0.42040855407714844, -0.049147300720214844, 0.86]}
{"Kalman":[0.6408914418697773, -0.07440868347336761, 0.8589555320562998]}
{"CMD":[1.1610596408195197, 5.603464999715062, 0, 1.7490234548122303]}
{"Distance":[0.3929238483932081]}
{"Time":[1615306870.9565773]}
{"IMU":[0.42040855407714844, -0.049147300720214844, 0.86]}
{"Kalman":[0.6408914418697773, -0.07440868347336761, 0.8589555320562998]}
{"CMD":[1.1610596408195197, 5.603464999715062, 0, 1.7490234548122303]}
{"Distance":[0.3929238483932081]}
{"Time":[1615306871.0716045]}
{"IMU":[0.42040855407714844, -0.049147300720214844, 0.86]}
{"Kalman":[0.6408914418697773, -0.07440868347336761, 0.8589555320562998]}
{"CMD":[1.1610596408195197, 5.603464999715062, 0, 1.7490234548122303]}
{"Distance":[0.3929238483932081]}
{"Time":[1615306871.190581]}
{"IMU":[0.6504576110839844, -0.07289531707763672, 0.88]}
{"Kalman":[0.8828237457967131, -0.08994327328444075, 0.8839402978489033]}
{"CMD":[1.1610596408195197, 5.603464999715062, 0, 1.7490234548122303]}
{"Distance":[0.18785611893583395]}
{"Time":[1615306871.3046336]}
