{"IMU":[0.03741200685501098, -0.024429664611816407, 0.79]}
{"Kalman":[0.09854866879924845, -0.07001580427033333, 0.7956981800457891]}
{"CMD":[0.5945278477850751, 20.0, 0, 6.055355414968663]}
{"Distance":[0.9269605973329349]}
{"Time":[1615324545.0575678]}
{"IMU":[0.03741200685501098, -0.024429664611816407, 0.79]}
{"Kalman":[0.000928481347192975, -0.008271573042921199, 0.7955832922034207]}
{"CMD":[0.22603559540694695, 20.0, 0, 3.083242967396757]}
{"Distance":[1.019803171563132]}
{"Time":[1615324545.132078]}
{"IMU":[0.03741200685501098, -0.024429664611816407, 0.79]}
{"Kalman":[0.000928481347192975, -0.008271573042921199, 0.7955832922034207]}
{"CMD":[0.22603559540694695, 20.0, 0, 3.083242967396757]}
{"Distance":[1.019803171563132]}
{"Time":[1615324545.183271]}
{"IMU":[0.03741200685501098, -0.024429664611816407, 0.79]}
{"Kalman":[0.000928481347192975, -0.008271573042921199, 0.7955832922034207]}
{"CMD":[0.22603559540694695, 20.0, 0, 3.083242967396757]}
{"Distance":[1.019803171563132]}
{"Time":[1615324545.2203603]}
{"IMU":[0.03741200685501098, -0.024429664611816407, 0.79]}
{"Kalman":[0.000928481347192975, -0.008271573042921199, 0.7955832922034207]}
{"CMD":[0.22603559540694695, 20.0, 0, 3.083242967396757]}
{"Distance":[1.019803171563132]}
{"Time":[1615324545.2734265]}
{"IMU":[0.03741200685501098, -0.024429664611816407, 0.79]}
{"Kalman":[0.000928481347192975, -0.008271573042921199, 0.7955832922034207]}
{"CMD":[0.22603559540694695, 20.0, 0, 3.083242967396757]}
{"Distance":[1.019803171563132]}
{"Time":[1615324545.3315136]}
{"IMU":[0.03741200685501098, -0.024429664611816407, 0.79]}
{"Kalman":[0.000928481347192975, -0.008271573042921199, 0.7955832922034207]}
{"CMD":[0.22603559540694695, 20.0, 0, 3.083242967396757]}
{"Distance":[1.019803171563132]}
{"Time":[1615324545.4097908]}
{"IMU":[0.026752688884735108, -0.008175300359725952, 0.79]}
{"Kalman":[0.015079880836654274, 0.06317735641884215, 0.7883013834347992]}
{"CMD":[-1.7264347785202692, 20.0, 0, 3.193076915130715]}
{"Distance":[1.0093935425553469]}
{"Time":[1615324545.4820933]}
{"IMU":[0.026752688884735108, -0.008175300359725952, 0.79]}
{"Kalman":[0.02721459349051256, 0.08332789877418284, 0.7882793366475251]}
{"CMD":[-2.277084554013732, 20.0, 0, 3.19340944960184]}
{"Distance":[0.9990398516187236]}
{"Time":[1615324545.5403647]}
{"IMU":[0.026752688884735108, -0.008175300359725952, 0.79]}
{"Kalman":[0.02721459349051256, 0.08332789877418284, 0.7882793366475251]}
{"CMD":[-2.277084554013732, 20.0, 0, 3.19340944960184]}
{"Distance":[0.9990398516187236]}
{"Time":[1615324545.5794246]}
{"IMU":[0.026752688884735108, -0.008175300359725952, 0.79]}
{"Kalman":[0.02721459349051256, 0.08332789877418284, 0.7882793366475251]}
{"CMD":[-2.277084554013732, 20.0, 0, 3.19340944960184]}
{"Distance":[0.9990398516187236]}
{"Time":[1615324545.5988367]}
{"IMU":[0.026752688884735108, -0.008175300359725952, 0.79]}
{"Kalman":[0.02721459349051256, 0.08332789877418284, 0.7882793366475251]}
{"CMD":[-2.277084554013732, 20.0, 0, 3.19340944960184]}
{"Distance":[0.9990398516187236]}
{"Time":[1615324545.6304343]}
{"IMU":[0.026752688884735108, -0.008175300359725952, 0.79]}
{"Kalman":[0.02721459349051256, 0.08332789877418284, 0.7882793366475251]}
{"CMD":[-2.277084554013732, 20.0, 0, 3.19340944960184]}
{"Distance":[0.9990398516187236]}
{"Time":[1615324545.679547]}
{"IMU":[0.026752688884735108, -0.008175300359725952, 0.79]}
{"Kalman":[0.02721459349051256, 0.08332789877418284, 0.7882793366475251]}
{"CMD":[-2.277084554013732, 20.0, 0, 3.19340944960184]}
{"Distance":[0.9990398516187236]}
{"Time":[1615324545.7322323]}
{"IMU":[0.026752688884735108, -0.008175300359725952, 0.79]}
{"Kalman":[0.02721459349051256, 0.08332789877418284, 0.7882793366475251]}
{"CMD":[-2.277084554013732, 20.0, 0, 3.19340944960184]}
{"Distance":[0.9990398516187236]}
{"Time":[1615324545.7848396]}
{"IMU":[0.026752688884735108, -0.008175300359725952, 0.79]}
{"Kalman":[0.02721459349051256, 0.08332789877418284, 0.7882793366475251]}
{"CMD":[-2.277084554013732, 20.0, 0, 3.19340944960184]}
{"Distance":[0.9990398516187236]}
{"Time":[1615324545.8410013]}
{"IMU":[0.026752688884735108, -0.008175300359725952, 0.79]}
{"Kalman":[0.02721459349051256, 0.08332789877418284, 0.7882793366475251]}
{"CMD":[-2.277084554013732, 20.0, 0, 3.19340944960184]}
{"Distance":[0.9990398516187236]}
{"Time":[1615324545.8995655]}
{"IMU":[0.036349866390228275, 0.009596495032310486, 0.8]}
{"Kalman":[0.04411646987144587, 0.10668534480340985, 0.7982776608988075]}
{"CMD":[-2.7507695231787106, 20.0, 0, 3.0445218231226248]}
{"Distance":[0.9827446199594814]}
{"Time":[1615324545.9590323]}
{"IMU":[0.036349866390228275, 0.009596495032310486, 0.8]}
{"Kalman":[0.061951948300088246, -0.0074788383263879946, 0.7965024141829933]}
{"CMD":[-0.01681314702050606, 20.0, 0, 3.06937950369073]}
{"Distance":[0.9598965297124803]}
{"Time":[1615324546.0116723]}
{"IMU":[0.036349866390228275, 0.009596495032310486, 0.8]}
{"Kalman":[0.06450980064595857, -0.023851572607585067, 0.7965024132921432]}
{"CMD":[0.5994767846778923, 20.0, 0, 3.0693797481738234]}
{"Distance":[0.9576649092450035]}
{"Time":[1615324546.0610893]}
{"IMU":[0.036349866390228275, 0.009596495032310486, 0.8]}
{"Kalman":[0.06450980064595857, -0.023851572607585067, 0.7965024132921432]}
{"CMD":[0.6517870769891089, 20.0, 0, 3.069379748173944]}
{"Distance":[0.9576649092450035]}
{"Time":[1615324546.1062717]}
{"IMU":[0.036349866390228275, 0.009596495032310486, 0.8]}
{"Kalman":[0.06450980064595857, -0.023851572607585067, 0.7965024132921432]}
{"CMD":[0.6517870769891089, 20.0, 0, 3.069379748173944]}
{"Distance":[0.9576649092450035]}
{"Time":[1615324546.1461143]}
{"IMU":[0.036349866390228275, 0.009596495032310486, 0.8]}
{"Kalman":[0.06450980064595857, -0.023851572607585067, 0.7965024132921432]}
{"CMD":[0.6517870769891089, 20.0, 0, 3.069379748173944]}
{"Distance":[0.9576649092450035]}
{"Time":[1615324546.193275]}
{"IMU":[0.036349866390228275, 0.009596495032310486, 0.8]}
{"Kalman":[0.06450980064595857, -0.023851572607585067, 0.7965024132921432]}
{"CMD":[0.6517870769891089, 20.0, 0, 3.069379748173944]}
{"Distance":[0.9576649092450035]}
{"Time":[1615324546.251058]}
{"IMU":[0.036349866390228275, 0.009596495032310486, 0.8]}
{"Kalman":[0.06450980064595857, -0.023851572607585067, 0.7965024132921432]}
{"CMD":[0.6517870769891089, 20.0, 0, 3.069379748173944]}
{"Distance":[0.9576649092450035]}
{"Time":[1615324546.3106914]}
{"IMU":[0.036349866390228275, 0.009596495032310486, 0.8]}
{"Kalman":[0.06450980064595857, -0.023851572607585067, 0.7965024132921432]}
{"CMD":[0.6517870769891089, 20.0, 0, 3.069379748173944]}
{"Distance":[0.9576649092450035]}
{"Time":[1615324546.3737388]}
{"IMU":[0.06335024356842041, 0.01162880539894104, 0.8]}
{"Kalman":[0.06894887366999378, -0.024295211493043256, 0.7965024132921431]}
{"CMD":[0.6517870769891089, 20.0, 0, 3.069379748173944]}
{"Distance":[0.9533402986015993]}
{"Time":[1615324546.4127424]}
{"IMU":[0.06335024356842041, 0.01162880539894104, 0.82]}
{"Kalman":[0.25099327727360066, 0.016428523437691772, 0.8158392331930839]}
{"CMD":[0.22847353034449042, 20.0, 0, 2.76793084595015]}
{"Distance":[0.7714895690173623]}
{"Time":[1615324546.4737623]}
{"IMU":[0.06335024356842041, 0.01162880539894104, 0.82]}
{"Kalman":[0.36878409321252137, 0.057956564895817436, 0.8158014902105016]}
{"CMD":[-1.583767269658415, 17.24910879474693, 0, 2.7782893386512963]}
{"Distance":[0.6600920961538124]}
{"Time":[1615324546.5513399]}
{"IMU":[0.06335024356842041, 0.01162880539894104, 0.82]}
{"Kalman":[0.36878409321252137, 0.057956564895817436, 0.8158014902105016]}
{"CMD":[-1.583767269658415, 17.24910879474693, 0, 2.7782893386512963]}
{"Distance":[0.6600920961538124]}
{"Time":[1615324546.6557403]}
{"IMU":[0.06335024356842041, 0.01162880539894104, 0.82]}
{"Kalman":[0.36878409321252137, 0.057956564895817436, 0.8158014902105016]}
{"CMD":[-1.583767269658415, 17.24910879474693, 0, 2.7782893386512963]}
{"Distance":[0.6600920961538124]}
{"Time":[1615324546.7270224]}
{"IMU":[0.06335024356842041, 0.01162880539894104, 0.82]}
