{"IMU":[0.008906895518302918, -0.002266632318496704, 0.8]}
{"Kalman":[0.04555421590951908, -0.011390143645081391, 0.8]}
{"CMD":[0, 10.0, 0, 5]}
{"Distance":[0.9752417598423218]}
{"Time":[0.6]}
{"Title":['ModelBasedLQR']}
{"IMU":[0.074014892578125, 0.0024641504883766174, 0.79]}
{"Kalman":[0.16260061509544582, 0.0038614178876074413, 0.79]}
{"CMD":[5, 10.0, 0, 5]}
{"Distance":[0.8633380800049472]}
{"Time":[1.2]}
{"Title":['ModelBasedLQR']}
{"IMU":[0.18148395538330078, 0.034636085033416746, 0.82]}
{"Kalman":[0.31195653472808066, 0.04930414505115707, 0.82]}
{"CMD":[0, 10.0, 0, 5]}
{"Distance":[0.7129058204437781]}
{"Time":[1.7]}
{"Title":['ModelBasedLQR']}
{"IMU":[0.3304867935180664, 0.07351048946380616, 0.88]}
{"Kalman":[0.498181678318156, 0.07665428525826062, 0.88]}
{"CMD":[-5, 8.504684945506082, 0, 5]}
{"Distance":[0.5216296650153607]}
{"Time":[2.3]}
{"Title":['ModelBasedLQR']}
{"IMU":[0.5098394775390624, 0.08749463081359864, 0.92]}
{"Kalman":[0.7027839587610665, 0.05839000064776997, 0.92]}
{"CMD":[-5, 6.202815579536157, 0, 5]}
{"Distance":[0.31328384469262055]}
{"Time":[2.8]}
{"Title":['ModelBasedLQR']}
{"IMU":[0.709503173828125, 0.07974527835845947, 0.97]}
{"Kalman":[0.9124595466160064, 0.028924653744395797, 0.97]}
{"CMD":[-5, 5, 0, 5]}
{"Distance":[0.0969534247611107]}
{"Time":[3.3]}
{"Title":['ModelBasedLQR']}
