{"IMU":[0.012460484504699706, 0.004569462835788727, 0.79]}
{"Kalman":[0.06657775013609415, -0.007643215252596286, 0.79]}
{"CMD":[-5, 15.0, 0, 5]}
{"Distance":[0.9567839438872255]}
{"Time":[1616079319.6912966]}
{"IMU":[0.10819775581359864, -0.057532062530517576, 0.82]}
{"Kalman":[0.24036387622499925, -0.0931693557070076, 0.82]}
{"CMD":[5, 15.0, 0, 5]}
{"Distance":[0.7862108937090398]}
{"Time":[1616079320.2943504]}
{"IMU":[0.24956275939941405, -0.12878866195678712, 0.87]}
{"Kalman":[0.45731453576474734, -0.13567065399492595, 0.87]}
{"CMD":[5, 14.084428307255179, 0, 5]}
{"Distance":[0.5742943839596923]}
{"Time":[1616079320.8896525]}
{"IMU":[0.4855608749389648, -0.16983192443847656, 0.9]}
{"Kalman":[0.7565354511913881, -0.11106003248758842, 0.9]}
{"CMD":[5, 10.061941862937049, 0, 5]}
{"Distance":[0.28567344528801614]}
{"Time":[1616079321.4221714]}
{"IMU":[0.7752831268310547, -0.1780604362487793, 0.93]}
{"Kalman":[1.0559537333269016, -0.09304514814389535, 0.93]}
{"CMD":[5, 5, 0, 5]}
{"Distance":[0.12918289308703934]}
{"Time":[1616079321.9954252]}
