{"IMU":[0.026554560661315917, -0.00523745059967041, 0.75]}
{"Kalman":[0.050616465103592787, 0.013715212170925297, 0.7492940918232714]}
{"CMD":[0.6728163316881457, 20.0, 0, 3.9121061286719616]}
{"Distance":[0.9820237551974034]}
{"Time":[1615322194.3833618]}
{"IMU":[0.026554560661315917, -0.00523745059967041, 0.75]}
{"Kalman":[0.025673395269766242, 0.10956302260975966, 0.748973050182945]}
{"CMD":[-2.9940064509707485, 20.0, 0, 3.7862711223228365]}
{"Distance":[1.0120923466477683]}
{"Time":[1615322194.4355757]}
{"IMU":[0.026554560661315917, -0.00523745059967041, 0.75]}
{"Kalman":[0.025673395269766242, 0.10956302260975966, 0.748973050182945]}
{"CMD":[-2.9940064509707485, 20.0, 0, 3.7862711223228365]}
{"Distance":[1.0120923466477683]}
{"Time":[1615322194.47452]}
{"IMU":[0.026554560661315917, -0.00523745059967041, 0.75]}
{"Kalman":[0.025673395269766242, 0.10956302260975966, 0.748973050182945]}
{"CMD":[-2.9940064509707485, 20.0, 0, 3.7862711223228365]}
{"Distance":[1.0120923466477683]}
{"Time":[1615322194.5107007]}
{"IMU":[0.026554560661315917, -0.00523745059967041, 0.75]}
{"Kalman":[0.025673395269766242, 0.10956302260975966, 0.748973050182945]}
{"CMD":[-2.9940064509707485, 20.0, 0, 3.7862711223228365]}
{"Distance":[1.0120923466477683]}
{"Time":[1615322194.5477076]}
{"IMU":[0.026554560661315917, -0.00523745059967041, 0.75]}
{"Kalman":[0.025673395269766242, 0.10956302260975966, 0.748973050182945]}
{"CMD":[-2.9940064509707485, 20.0, 0, 3.7862711223228365]}
{"Distance":[1.0120923466477683]}
{"Time":[1615322194.5903206]}
{"IMU":[0.026554560661315917, -0.00523745059967041, 0.75]}
{"Kalman":[0.025673395269766242, 0.10956302260975966, 0.748973050182945]}
{"CMD":[-2.9940064509707485, 20.0, 0, 3.7862711223228365]}
{"Distance":[1.0120923466477683]}
{"Time":[1615322194.6382885]}
{"IMU":[0.026554560661315917, -0.00523745059967041, 0.75]}
{"Kalman":[0.025673395269766242, 0.10956302260975966, 0.748973050182945]}
{"CMD":[-2.9940064509707485, 20.0, 0, 3.7862711223228365]}
{"Distance":[1.0120923466477683]}
{"Time":[1615322194.6946673]}
{"IMU":[0.03148651838302612, -0.004693113267421722, 0.76]}
{"Kalman":[0.024283088134093075, 0.12181191394379566, 0.7566286916622046]}
{"CMD":[-3.2360585579034202, 20.0, 0, 3.7862711640765214]}
{"Distance":[1.0129616124028802]}
{"Time":[1615322194.7687283]}
{"IMU":[0.03148651838302612, -0.004693113267421722, 0.76]}
{"Kalman":[0.14069646865063726, -0.032190566472011614, 0.7540043689946296]}
{"CMD":[0.1156242191881893, 20.0, 0, 3.710169443677688]}
{"Distance":[0.8944007166997378]}
{"Time":[1615322194.8588812]}
{"IMU":[0.03148651838302612, -0.004693113267421722, 0.76]}
{"Kalman":[0.1561823837113081, -0.05933900773817268, 0.7540035557850754]}
{"CMD":[1.6215450042400206, 20.0, 0, 3.7103953723051166]}
{"Distance":[0.8809446849631749]}
{"Time":[1615322194.9369147]}
{"IMU":[0.03148651838302612, -0.004693113267421722, 0.76]}
{"Kalman":[0.1561823837113081, -0.05933900773817268, 0.7540035557850754]}
{"CMD":[1.6215450042400206, 20.0, 0, 3.7103953723051166]}
{"Distance":[0.8809446849631749]}
{"Time":[1615322195.0228868]}
{"IMU":[0.03148651838302612, -0.004693113267421722, 0.76]}
{"Kalman":[0.1561823837113081, -0.05933900773817268, 0.7540035557850754]}
{"CMD":[1.6215450042400206, 20.0, 0, 3.7103953723051166]}
{"Distance":[0.8809446849631749]}
{"Time":[1615322195.0677679]}
{"IMU":[0.03148651838302612, -0.004693113267421722, 0.76]}
{"Kalman":[0.1561823837113081, -0.05933900773817268, 0.7540035557850754]}
{"CMD":[1.6215450042400206, 20.0, 0, 3.7103953723051166]}
{"Distance":[0.8809446849631749]}
{"Time":[1615322195.1440203]}
{"IMU":[0.03148651838302612, -0.004693113267421722, 0.76]}
{"Kalman":[0.1561823837113081, -0.05933900773817268, 0.7540035557850754]}
{"CMD":[1.6215450042400206, 20.0, 0, 3.7103953723051166]}
{"Distance":[0.8809446849631749]}
{"Time":[1615322195.1922746]}
{"IMU":[0.03148651838302612, -0.004693113267421722, 0.76]}
{"Kalman":[0.1561823837113081, -0.05933900773817268, 0.7540035557850754]}
{"CMD":[1.6215450042400206, 20.0, 0, 3.7103953723051166]}
{"Distance":[0.8809446849631749]}
{"Time":[1615322195.239889]}
{"IMU":[0.10055684089660645, -0.026655499935150147, 0.78]}
{"Kalman":[0.22091018835259926, -0.10126527748301672, 0.773989382425033]}
{"CMD":[2.0347127518109502, 20.0, 0, 3.710395523607774]}
{"Distance":[0.8175062019906104]}
{"Time":[1615322195.3110535]}
{"IMU":[0.10055684089660645, -0.026655499935150147, 0.78]}
{"Kalman":[0.41250807097009623, -0.09179437521550549, 0.7735206536364705]}
{"CMD":[2.508446234976099, 16.05427254114562, 0, 3.4160165255711643]}
{"Distance":[0.6362907105449003]}
{"Time":[1615322195.3482244]}
{"IMU":[0.10055684089660645, -0.026655499935150147, 0.78]}
{"Kalman":[0.5652168641471312, -0.06232287021882715, 0.7734925704565209]}
{"CMD":[1.7660947324132845, 12.20772300799001, 0, 3.4164401075041417]}
{"Distance":[0.4941924028278471]}
{"Time":[1615322195.3951032]}
{"IMU":[0.10055684089660645, -0.026655499935150147, 0.78]}
{"Kalman":[0.5652168641471312, -0.06232287021882715, 0.7734925704565209]}
{"CMD":[1.7030844078005545, 11.88123038694648, 0, 3.4164401077138136]}
{"Distance":[0.4941924028278471]}
{"Time":[1615322195.4376101]}
{"IMU":[0.10055684089660645, -0.026655499935150147, 0.78]}
{"Kalman":[0.5652168641471312, -0.06232287021882715, 0.7734925704565209]}
{"CMD":[1.7030844078005545, 11.88123038694648, 0, 3.4164401077138136]}
{"Distance":[0.4941924028278471]}
{"Time":[1615322195.4745293]}
{"IMU":[0.10055684089660645, -0.026655499935150147, 0.78]}
{"Kalman":[0.5652168641471312, -0.06232287021882715, 0.7734925704565209]}
{"CMD":[1.7030844078005545, 11.88123038694648, 0, 3.4164401077138136]}
{"Distance":[0.4941924028278471]}
{"Time":[1615322195.5116115]}
{"IMU":[0.10055684089660645, -0.026655499935150147, 0.78]}
{"Kalman":[0.5652168641471312, -0.06232287021882715, 0.7734925704565209]}
{"CMD":[1.7030844078005545, 11.88123038694648, 0, 3.4164401077138136]}
{"Distance":[0.4941924028278471]}
{"Time":[1615322195.5431306]}
{"IMU":[0.10055684089660645, -0.026655499935150147, 0.78]}
{"Kalman":[0.5652168641471312, -0.06232287021882715, 0.7734925704565209]}
{"CMD":[1.7030844078005545, 11.88123038694648, 0, 3.4164401077138136]}
{"Distance":[0.4941924028278471]}
{"Time":[1615322195.5820763]}
{"IMU":[0.10055684089660645, -0.026655499935150147, 0.78]}
{"Kalman":[0.5652168641471312, -0.06232287021882715, 0.7734925704565209]}
{"CMD":[1.7030844078005545, 11.88123038694648, 0, 3.4164401077138136]}
{"Distance":[0.4941924028278471]}
{"Time":[1615322195.6295779]}
{"IMU":[0.10055684089660645, -0.026655499935150147, 0.78]}
{"Kalman":[0.5652168641471312, -0.06232287021882715, 0.7734925704565209]}
{"CMD":[1.7030844078005545, 11.88123038694648, 0, 3.4164401077138136]}
{"Distance":[0.4941924028278471]}
{"Time":[1615322195.6948047]}
{"IMU":[0.1926080322265625, -0.04266837120056152, 0.8]}
{"Kalman":[0.6292230800289057, -0.0684969685177107, 0.793234878730075]}
{"CMD":[1.7961584461296178, 10.654667126370942, 0, 3.185498009867218]}
{"Distance":[0.4300222952977372]}
{"Time":[1615322195.7676582]}
{"IMU":[0.1926080322265625, -0.04266837120056152, 0.8]}
{"Kalman":[0.6778457880059048, -0.10129826945746147, 0.7930653376097895]}
{"CMD":[2.768157221328764, 8.80344267566602, 0, 3.1212215938834116]}
{"Distance":[0.3960639218600494]}
{"Time":[1615322195.8207076]}
{"IMU":[0.1926080322265625, -0.04266837120056152, 0.8]}
{"Kalman":[0.6929760122709671, -0.11442889427551428, 0.7930640869940182]}
{"CMD":[3.1269751370278587, 8.389982112282517, 0, 3.121240457078711]}
{"Distance":[0.3875308671290243]}
{"Time":[1615322195.8648648]}
{"IMU":[0.1926080322265625, -0.04266837120056152, 0.8]}
{"Kalman":[0.6929760122709671, -0.11442889427551428, 0.7930640869940182]}
{"CMD":[3.1269751370278587, 8.389982112282517, 0, 3.121240457078711]}
{"Distance":[0.3875308671290243]}
{"Time":[1615322195.9623117]}
{"IMU":[0.1926080322265625, -0.04266837120056152, 0.8]}
{"Kalman":[0.6929760122709671, -0.11442889427551428, 0.7930640869940182]}
