{"IMU":[0.0069349175691604615, -0.0025592607259750364, 0.77]}
{"Kalman":[-0.08031357521746416, -0.023453598163587046, 0.7890951877837095]}
{"CMD":[0.29935216123134695, 25.0, 0, 4.116737534390834]}
{"Distance":[2.091108673005034]}
{"Time":[1615212319.146603]}
{"IMU":[-0.002374233603477478, -0.003011012077331543, 0.76]}
{"Kalman":[0.06161622514557835, 0.013785240281996297, 0.7341328132607746]}
{"CMD":[0.45237352669301784, 25.0, 0, 4.2594383208452875]}
{"Distance":[1.9565804487557215]}
{"Time":[1615212319.493147]}
{"IMU":[0.04785833835601807, 0.00624148428440094, 0.79]}
{"Kalman":[0.691368427422575, 0.10107476639017607, 0.7531945766646385]}
{"CMD":[-0.17594918454413716, 24.740739917652853, 0, 5.189570666077601]}
{"Distance":[1.3355319607313936]}
{"Time":[1615212319.8309531]}
{"IMU":[0.3544707107543945, 0.03192627429962158, 0.83]}
{"Kalman":[0.4624853556191344, 0.0961664672980653, 0.832861637961951]}
{"CMD":[-1.8935538185857965, 9.736003735073513, 0, 3.3160271672183605]}
{"Distance":[1.5495594545492506]}
{"Time":[1615212321.0242703]}
{"IMU":[0.25580501556396484, 0.034541168212890626, 0.83]}
{"Kalman":[-0.2104190774856627, 0.058376112697391416, 0.8084165356134762]}
{"CMD":[-1.2274295663662318, 19.624209833817027, 0, 3.2624422421097012]}
{"Distance":[2.219473922458331]}
{"Time":[1615212321.350821]}
{"IMU":[0.22193246841430664, 0.04113600254058838, 0.86]}
{"Kalman":[-0.2783229273074112, 0.057806777960952106, 0.8313557969713381]}
{"CMD":[-0.745088893327237, 25.0, 0, 3.73959622125546]}
{"Distance":[2.2852872580680113]}
{"Time":[1615212321.6758182]}
{"IMU":[0.22193246841430664, 0.04113600254058838, 0.86]}
{"Kalman":[0.1490954503748697, 0.10708406956766245, 0.8319115252159448]}
{"CMD":[-0.7389074542235534, 25.0, 0, 3.2087718239134886]}
{"Distance":[1.8616037132358239]}
{"Time":[1615212322.0227993]}
{"IMU":[0.2635469818115234, 0.05098573207855225, 0.88]}
{"Kalman":[0.724056893658966, 0.13437445490534883, 0.8589248806621776]}
{"CMD":[-1.3667773889081147, 23.624190765894596, 0, 3.280987882497345]}
{"Distance":[1.2907321542622612]}
{"Time":[1615212322.389655]}
{"IMU":[0.42470603942871094, 0.05961940288543701, 0.91]}
{"Kalman":[1.7303687438773494, 0.14254487593822746, 0.896322984824921]}
{"CMD":[-1.7151007367667885, 16.285617406221032, 0, 2.7537031177414746]}
{"Distance":[0.3221319285791718]}
{"Time":[1615212322.721553]}
{"IMU":[0.42470603942871094, 0.05961940288543701, 0.91]}
{"Kalman":[2.121224360201695, 0.14350278523511575, 0.8978173289221927]}
{"CMD":[-1.8301702750615272, -0.9593904745764896, 0, 1.9955560298054582]}
{"Distance":[0.2138450213241856]}
{"Time":[1615212323.0650806]}
{"IMU":[0.7236113739013672, 0.06421966075897217, 0.92]}
{"Kalman":[2.726121178767679, 0.10837458169669364, 0.9166693784075984]}
{"CMD":[-1.83161102203687, -1.547258291335651, 0, 1.9945454680233696]}
{"Distance":[0.7388782096583123]}
{"Time":[1615212323.4037564]}
{"IMU":[1.0210420989990234, 0.07207836151123047, 0.93]}
{"Kalman":[3.0542331101541795, 0.12360203922427558, 0.9354518188660768]}
{"CMD":[-1.383248959377866, -9.267914571736375, 0, 1.6265645817590368]}
{"Distance":[1.0634149624363256]}
{"Time":[1615212323.741867]}
{"IMU":[1.0210420989990234, 0.07207836151123047, 0.93]}
{"Kalman":[3.1084877464969005, 0.13189550220650223, 0.936285385747136]}
{"CMD":[-1.670986582300333, -14.066683607237977, 0, 1.2442353948611962]}
{"Distance":[1.1181239017682583]}
{"Time":[1615212324.1359825]}
{"IMU":[1.24957275390625, 0.07878039836883545, 0.95]}
{"Kalman":[2.5660541442687324, 0.12469676899767201, 0.9544736826830303]}
{"CMD":[-1.7610053945062927, -15.816560723446122, 0, 0.9409189758755092]}
{"Distance":[0.5814114068460569]}
{"Time":[1615212324.5323524]}
{"IMU":[1.24957275390625, 0.07878039836883545, 0.95]}
{"Kalman":[2.474711600286357, 0.1224583366048867, 0.9544735145760863]}
{"CMD":[-1.5878739893070069, -7.073707990457471, 0, 0.8886481418282052]}
{"Distance":[0.4923614612513085]}
{"Time":[1615212324.8763483]}
{"IMU":[1.24957275390625, 0.07878039836883545, 0.95]}
{"Kalman":[2.473229646149041, 0.12242201996642925, 0.9544735145728509]}
{"CMD":[-1.562544732098061, -6.04011019313016, 0, 0.8886501422008114]}
{"Distance":[0.4909237311867859]}
{"Time":[1615212325.2352643]}
{"IMU":[1.24957275390625, 0.07878039836883545, 0.95]}
{"Kalman":[2.472084718255915, 0.1223939624636311, 0.9544735145716484]}
{"CMD":[-1.562544732098061, -6.04011019313016, 0, 0.8886501422008114]}
{"Distance":[0.48981315226703864]}
{"Time":[1615212325.5960956]}
{"IMU":[1.24957275390625, 0.07878039836883545, 0.95]}
{"Kalman":[2.472084718255915, 0.1223939624636311, 0.9544735145716484]}
{"CMD":[-1.562186617575812, -6.025496800469864, 0, 0.8886501422242833]}
{"Distance":[0.48981315226703864]}
{"Time":[1615212325.9545858]}
{"IMU":[1.24957275390625, 0.07878039836883545, 0.95]}
{"Kalman":[2.472084718255915, 0.1223939624636311, 0.9544735145716484]}
{"CMD":[-1.562186617575812, -6.025496800469864, 0, 0.8886501422242833]}
{"Distance":[0.48981315226703864]}
{"Time":[1615212326.3396854]}
{"IMU":[1.24957275390625, 0.07878039836883545, 0.95]}
{"Kalman":[2.472084718255915, 0.1223939624636311, 0.9544735145716484]}
{"CMD":[-1.562186617575812, -6.025496800469864, 0, 0.8886501422242833]}
{"Distance":[0.48981315226703864]}
{"Time":[1615212326.7173884]}
{"IMU":[1.24957275390625, 0.07878039836883545, 0.95]}
{"Kalman":[2.472084718255915, 0.1223939624636311, 0.9544735145716484]}
{"CMD":[-1.562186617575812, -6.025496800469864, 0, 0.8886501422242833]}
{"Distance":[0.48981315226703864]}
{"Time":[1615212327.1040747]}
{"IMU":[1.24957275390625, 0.07878039836883545, 0.95]}
{"Kalman":[2.472084718255915, 0.1223939624636311, 0.9544735145716484]}
{"CMD":[-1.562186617575812, -6.025496800469864, 0, 0.8886501422242833]}
{"Distance":[0.48981315226703864]}
{"Time":[1615212327.448426]}
{"IMU":[1.24957275390625, 0.07878039836883545, 0.95]}
{"Kalman":[2.472084718255915, 0.1223939624636311, 0.9544735145716484]}
{"CMD":[-1.562186617575812, -6.025496800469864, 0, 0.8886501422242833]}
{"Distance":[0.48981315226703864]}
{"Time":[1615212327.803012]}
{"IMU":[1.24957275390625, 0.07878039836883545, 0.95]}
{"Kalman":[2.472084718255915, 0.1223939624636311, 0.9544735145716484]}
{"CMD":[-1.562186617575812, -6.025496800469864, 0, 0.8886501422242833]}
{"Distance":[0.48981315226703864]}
{"Time":[1615212328.1579914]}
{"IMU":[1.24957275390625, 0.07878039836883545, 0.95]}
{"Kalman":[2.472084718255915, 0.1223939624636311, 0.9544735145716484]}
{"CMD":[-1.562186617575812, -6.025496800469864, 0, 0.8886501422242833]}
{"Distance":[0.48981315226703864]}
{"Time":[1615212328.5169327]}
{"IMU":[1.24957275390625, 0.07878039836883545, 0.95]}
{"Kalman":[2.472084718255915, 0.1223939624636311, 0.9544735145716484]}
{"CMD":[-1.562186617575812, -6.025496800469864, 0, 0.8886501422242833]}
{"Distance":[0.48981315226703864]}
{"Time":[1615212328.8872936]}
{"IMU":[1.24957275390625, 0.07878039836883545, 0.95]}
{"Kalman":[2.472084718255915, 0.1223939624636311, 0.9544735145716484]}
{"CMD":[-1.562186617575812, -6.025496800469864, 0, 0.8886501422242833]}
{"Distance":[0.48981315226703864]}
{"Time":[1615212329.2717245]}
{"IMU":[1.24957275390625, 0.07878039836883545, 0.95]}
{"Kalman":[2.4712001700452455, 0.12237228580255492, 0.9544735145712017]}
{"CMD":[-1.562186617575812, -6.025496800469864, 0, 0.8886501422242833]}
{"Distance":[0.48895525097774445]}
{"Time":[1615212329.6625078]}
{"IMU":[1.24957275390625, 0.07878039836883545, 0.95]}
{"Kalman":[2.4688342223076494, 0.12231430609425498, 0.954473514570938]}
{"CMD":[-1.5611699161655521, -5.984008795925737, 0, 0.8886501422381504]}
{"Distance":[0.4866610507916779]}
{"Time":[1615212330.0841038]}
{"IMU":[1.24957275390625, 0.07878039836883545, 0.95]}
{"Kalman":[2.4688342223076494, 0.12231430609425498, 0.954473514570938]}
{"CMD":[-1.5611699161655521, -5.984008795925737, 0, 0.8886501422381504]}
{"Distance":[0.4866610507916779]}
{"Time":[1615212330.4462903]}
{"IMU":[1.24957275390625, 0.07878039836883545, 0.95]}
{"Kalman":[2.4688342223076494, 0.12231430609425498, 0.954473514570938]}
