{"IMU":[2.281952199938036, 2.130523204068277, 0.62]}
{"Kalman":[2.087450401661756, 2.231843596861171, 0.6270641482694511]}
{"UWB":[2.11864491, 2.42792848, 1.19924942]}
{"Distance":[0.9945906961994827]}
{"Time":[1615560551.3981168]}
{"IMU":[2.281952199938036, 2.130523204068277, 0.62]}
{"Kalman":[2.1778394016911817, 2.357172930415493, 0.6229232541153138]}
{"UWB":[2.12561122, 2.48251246, 1.28675799]}
{"Distance":[0.9403578243610196]}
{"Time":[1615560551.49461]}
{"IMU":[2.281952199938036, 2.130523204068277, 0.62]}
{"Kalman":[2.177940305774924, 2.3574117467455595, 0.6228655112114171]}
{"UWB":[2.12561122, 2.48251246, 1.28675799]}
{"Distance":[0.9403581077790797]}
{"Time":[1615560551.572691]}
{"IMU":[2.281952199938036, 2.130523204068277, 0.62]}
{"Kalman":[2.175814114701037, 2.329288385811555, 0.622701412327862]}
{"UWB":[2.12207184, 2.43571401, 1.11313706]}
{"Distance":[0.9349918511160906]}
{"Time":[1615560551.6361609]}
{"IMU":[2.281952199938036, 2.130523204068277, 0.62]}
{"Kalman":[2.175814114701037, 2.329288385811555, 0.622701412327862]}
{"UWB":[2.12207184, 2.43571401, 1.11313706]}
{"Distance":[0.9349918511160906]}
{"Time":[1615560551.6574345]}
{"IMU":[2.281952199938036, 2.130523204068277, 0.62]}
{"Kalman":[2.175814114701037, 2.329288385811555, 0.622701412327862]}
{"UWB":[2.12207184, 2.43571401, 1.11313706]}
{"Distance":[0.9349918511160906]}
{"Time":[1615560551.6780713]}
{"IMU":[2.281952199938036, 2.130523204068277, 0.62]}
{"Kalman":[2.175814114701037, 2.329288385811555, 0.622701412327862]}
{"UWB":[2.12207184, 2.43571401, 1.11313706]}
{"Distance":[0.9349918511160906]}
{"Time":[1615560551.7004895]}
{"IMU":[2.2790456606468923, 2.1209734405675866, 0.63]}
{"Kalman":[2.128877281822643, 2.3613853399363003, 0.6304090032400437]}
{"UWB":[2.04591026, 2.49885079, 1.18467514]}
{"Distance":[0.9817202202992154]}
{"Time":[1615560551.8173883]}
{"IMU":[2.2790456606468923, 2.1209734405675866, 0.63]}
{"Kalman":[2.1436068501877834, 2.33099287574201, 0.6262611425069294]}
{"UWB":[2.08801666, 2.40767143, 1.02851409]}
{"Distance":[0.9625215162733138]}
{"Time":[1615560551.9213338]}
{"IMU":[2.2790456606468923, 2.1209734405675866, 0.63]}
{"Kalman":[2.1524148952764834, 2.3127606784652706, 0.6242769038306288]}
{"UWB":[2.08801666, 2.40767143, 1.02851409]}
{"Distance":[0.9512283958362866]}
{"Time":[1615560552.0361717]}
{"IMU":[2.2790456606468923, 2.1209734405675866, 0.63]}
{"Kalman":[2.15241670898873, 2.312756924174829, 0.6242768449524125]}
{"UWB":[2.06324211, 2.43980504, 1.22883323]}
{"Distance":[0.951225963283563]}
{"Time":[1615560552.0522277]}
{"IMU":[2.2790456606468923, 2.1209734405675866, 0.63]}
{"Kalman":[2.15241670898873, 2.312756924174829, 0.6242768449524125]}
{"UWB":[2.06324211, 2.43980504, 1.22883323]}
{"Distance":[0.951225963283563]}
{"Time":[1615560552.0712874]}
{"IMU":[2.2790456606468923, 2.1209734405675866, 0.63]}
{"Kalman":[2.15241670898873, 2.312756924174829, 0.6242768449524125]}
{"UWB":[2.06324211, 2.43980504, 1.22883323]}
{"Distance":[0.951225963283563]}
{"Time":[1615560552.0881839]}
{"IMU":[2.2790456606468923, 2.1209734405675866, 0.63]}
{"Kalman":[2.15241670898873, 2.312756924174829, 0.6242768449524125]}
{"UWB":[2.06324211, 2.43980504, 1.22883323]}
{"Distance":[0.951225963283563]}
{"Time":[1615560552.105269]}
{"IMU":[2.2790456606468923, 2.1209734405675866, 0.63]}
{"Kalman":[2.15241670898873, 2.312756924174829, 0.6242768449524125]}
{"UWB":[2.06324211, 2.43980504, 1.22883323]}
{"Distance":[0.951225963283563]}
{"Time":[1615560552.1248121]}
{"IMU":[2.2790456606468923, 2.1209734405675866, 0.63]}
{"Kalman":[2.15241670898873, 2.312756924174829, 0.6242768449524125]}
{"UWB":[2.06324211, 2.43980504, 1.22883323]}
{"Distance":[0.951225963283563]}
{"Time":[1615560552.1448107]}
{"IMU":[2.2790456606468923, 2.1209734405675866, 0.63]}
{"Kalman":[2.15241670898873, 2.312756924174829, 0.6242768449524125]}
{"UWB":[2.06324211, 2.43980504, 1.22883323]}
{"Distance":[0.951225963283563]}
{"Time":[1615560552.171722]}
{"IMU":[2.2790456606468923, 2.1209734405675866, 0.63]}
{"Kalman":[2.15241670898873, 2.312756924174829, 0.6242768449524125]}
{"UWB":[2.06324211, 2.43980504, 1.22883323]}
{"Distance":[0.951225963283563]}
{"Time":[1615560552.2002604]}
{"IMU":[2.276063584985472, 2.123985541323755, 0.63]}
{"Kalman":[2.100461020686193, 2.3212663306437094, 0.624333698897286]}
{"UWB":[1.98416732, 2.41468609, 1.05592777]}
{"Distance":[0.9996270975547092]}
{"Time":[1615560552.2847657]}
{"IMU":[2.276063584985472, 2.123985541323755, 0.66]}
{"Kalman":[2.082367911729256, 2.3184631484070946, 0.6541840286305397]}
{"UWB":[1.98416732, 2.41468609, 1.05592777]}
{"Distance":[1.004670833004656]}
{"Time":[1615560552.3851547]}
{"IMU":[2.276063584985472, 2.123985541323755, 0.66]}
{"Kalman":[2.124921368013245, 2.2956014858797116, 0.6525771279614673]}
{"UWB":[2.05424583, 2.37567537, 0.91353433]}
{"Distance":[0.9616263335899576]}
{"Time":[1615560552.4703803]}
{"IMU":[2.276063584985472, 2.123985541323755, 0.66]}
{"Kalman":[2.100938986182602, 2.2684163559964046, 0.6525657782476464]}
{"UWB":[2.01728829, 2.33473862, 0.99313243]}
{"Distance":[0.9784606859645096]}
{"Time":[1615560552.5675526]}
{"IMU":[2.276063584985472, 2.123985541323755, 0.66]}
{"Kalman":[2.113444301967002, 2.2824953561114487, 0.6527323796489339]}
{"UWB":[2.03701278, 2.35694151, 1.16189508]}
{"Distance":[0.9694742703451769]}
{"Time":[1615560552.7247837]}
{"IMU":[2.2719899681231746, 2.1433792813220958, 0.69]}
{"Kalman":[2.1124958600591413, 2.2893534260579758, 0.6823191424070595]}
{"UWB":[2.09070142, 2.36496395, 1.35633198]}
{"Distance":[0.9614777405915557]}
{"Time":[1615560552.869301]}
{"IMU":[2.2719899681231746, 2.1433792813220958, 0.69]}
{"Kalman":[2.114451127867933, 2.2982146060285342, 0.6827986435809952]}
{"UWB":[2.0345857, 2.3707298, 1.2506642]}
{"Distance":[0.9613025202772951]}
{"Time":[1615560553.033685]}
{"IMU":[2.2719899681231746, 2.1433792813220958, 0.69]}
{"Kalman":[2.1093744061972126, 2.308763649674339, 0.6813291599713293]}
{"UWB":[2.10289086, 2.25919215, 1.06781251]}
{"Distance":[0.9686832888238015]}
{"Time":[1615560553.2029686]}
{"IMU":[2.2719899681231746, 2.1433792813220958, 0.69]}
{"Kalman":[2.1715913798145117, 2.3324429829433204, 0.6814175823864108]}
{"UWB":[2.1308801, 2.42188947, 1.35948264]}
{"Distance":[0.9174886043596033]}
{"Time":[1615560553.320267]}
{"IMU":[2.266786233486868, 2.1841547031799298, 0.73]}
{"Kalman":[2.171831234701792, 2.3559713320413627, 0.7191999531208646]}
{"UWB":[2.19998912, 2.38759258, 1.28350305]}
{"Distance":[0.911171494818573]}
{"Time":[1615560553.4561996]}
{"IMU":[2.266786233486868, 2.1841547031799298, 0.73]}
{"Kalman":[2.214412406767241, 2.3409881573682902, 0.7239153460913439]}
{"UWB":[2.19998912, 2.38759258, 1.28350305]}
{"Distance":[0.8668597895604946]}
{"Time":[1615560553.5463543]}
{"IMU":[2.266786233486868, 2.1841547031799298, 0.73]}
{"Kalman":[2.191649543240716, 2.2955693371725334, 0.7244772244385925]}
{"UWB":[2.16521457, 2.31840889, 1.04191072]}
{"Distance":[0.8761224951101924]}
{"Time":[1615560553.7105336]}
{"IMU":[2.26289331943009, 2.245322162667845, 0.74]}
{"Kalman":[2.21290377242181, 2.3321966238522482, 0.7323618433608956]}
{"UWB":[2.20278861, 2.34900171, 1.29102907]}
{"Distance":[0.863172014424343]}
{"Time":[1615560553.826883]}
{"IMU":[2.26289331943009, 2.245322162667845, 0.74]}
{"Kalman":[2.253502321102554, 2.319631501618656, 0.735220597744674]}
{"UWB":[2.26724211, 2.30558918, 1.25092041]}
{"Distance":[0.821951892120961]}
{"Time":[1615560553.9679954]}
{"IMU":[2.26289331943009, 2.245322162667845, 0.74]}
{"Kalman":[2.2964270974146177, 2.280719267427013, 0.73530286044536]}
{"UWB":[2.3518791, 2.22444115, 1.14169191]}
{"Distance":[0.7731357310072952]}
{"Time":[1615560554.1063323]}
{"IMU":[2.26289331943009, 2.245322162667845, 0.74]}
{"Kalman":[2.313601434460338, 2.2642595424011986, 0.735277739260308]}
{"UWB":[2.3518791, 2.22444115, 1.14169191]}
{"Distance":[0.7537917904672948]}
{"Time":[1615560554.158182]}
{"IMU":[2.26289331943009, 2.245322162667845, 0.74]}
