{"IMU":[0.03808171987533569, -0.005264049172401428, 0.53]}
{"Kalman":[0.11147988574798803, -0.0032825493232604007, 0.53]}
{"CMD":[0, 15.0, 0, 5.972939508993777]}
{"Distance":[1.0051759888499465]}
{"Time":[1616079356.1196196]}
{"IMU":[0.1587992763519287, -0.024066290855407714, 0.74]}
{"Kalman":[0.3148244949241459, -0.014986418640833521, 0.74]}
{"CMD":[0, 15.0, 0, 5.504473665151128]}
{"Distance":[0.7330007268070272]}
{"Time":[1616079356.707386]}
{"IMU":[0.352977294921875, -0.056028285026550294, 0.88]}
{"Kalman":[0.5739027610483385, -0.036914428305183974, 0.88]}
{"CMD":[5, 12.703852511872618, 0, 5]}
{"Distance":[0.4442088833638156]}
{"Time":[1616079357.2317407]}
{"IMU":[0.5999151992797852, -0.07627966403961181, 0.97]}
{"Kalman":[0.8559217746096086, -0.03471658265069041, 0.97]}
{"CMD":[5, 7.9002772855383725, 0, 5]}
{"Distance":[0.15120772514189426]}
{"Time":[1616079357.8354957]}
