{"IMU":[0.029874963760375975, -0.01762141823768616, 0.78]}
{"Kalman":[0.042218352504806794, -0.03816565337565122, 0.7820488299087426]}
{"CMD":[0.20558823784629282, 20.0, 0, 6.538631294284938]}
{"Distance":[0.983008145398778]}
{"Time":[1615324583.6138892]}
{"IMU":[0.029874963760375975, -0.01762141823768616, 0.78]}
{"Kalman":[-0.012429436337137724, -0.03664758870600432, 0.7820321560317993]}
{"CMD":[1.0014612082135617, 20.0, 0, 3.2876364621935004]}
{"Distance":[1.0362752483409245]}
{"Time":[1615324583.7011259]}
{"IMU":[0.029874963760375975, -0.01762141823768616, 0.78]}
{"Kalman":[-0.012429436337137724, -0.03664758870600432, 0.7820321560317993]}
{"CMD":[1.0014612082135617, 20.0, 0, 3.2876364621935004]}
{"Distance":[1.0362752483409245]}
{"Time":[1615324583.74848]}
{"IMU":[0.029874963760375975, -0.01762141823768616, 0.78]}
{"Kalman":[-0.012429436337137724, -0.03664758870600432, 0.7820321560317993]}
{"CMD":[1.0014612082135617, 20.0, 0, 3.2876364621935004]}
{"Distance":[1.0362752483409245]}
{"Time":[1615324583.7831333]}
{"IMU":[0.029874963760375975, -0.01762141823768616, 0.78]}
{"Kalman":[-0.012429436337137724, -0.03664758870600432, 0.7820321560317993]}
{"CMD":[1.0014612082135617, 20.0, 0, 3.2876364621935004]}
{"Distance":[1.0362752483409245]}
{"Time":[1615324583.816128]}
{"IMU":[0.029874963760375975, -0.01762141823768616, 0.78]}
{"Kalman":[-0.012429436337137724, -0.03664758870600432, 0.7820321560317993]}
{"CMD":[1.0014612082135617, 20.0, 0, 3.2876364621935004]}
{"Distance":[1.0362752483409245]}
{"Time":[1615324583.8480482]}
{"IMU":[0.029874963760375975, -0.01762141823768616, 0.78]}
{"Kalman":[-0.012429436337137724, -0.03664758870600432, 0.7820321560317993]}
{"CMD":[1.0014612082135617, 20.0, 0, 3.2876364621935004]}
{"Distance":[1.0362752483409245]}
{"Time":[1615324583.89194]}
{"IMU":[0.029874963760375975, -0.01762141823768616, 0.78]}
{"Kalman":[-0.012429436337137724, -0.03664758870600432, 0.7820321560317993]}
{"CMD":[1.0014612082135617, 20.0, 0, 3.2876364621935004]}
{"Distance":[1.0362752483409245]}
{"Time":[1615324583.931231]}
{"IMU":[0.02851865530014038, -0.008776966333389282, 0.78]}
{"Kalman":[0.08877335370732564, 0.015741713231515488, 0.7757602486460039]}
{"CMD":[0.8631425279609466, 20.0, 0, 3.2876364719749147]}
{"Distance":[0.9385442283326663]}
{"Time":[1615324584.0041196]}
{"IMU":[0.02851865530014038, -0.008776966333389282, 0.78]}
{"Kalman":[0.1220971833973579, 0.03557239637733033, 0.7754155444437437]}
{"CMD":[-0.724983593591138, 20.0, 0, 3.3864482489675423]}
{"Distance":[0.9068720573820643]}
{"Time":[1615324584.0504587]}
{"IMU":[0.02851865530014038, -0.008776966333389282, 0.78]}
{"Kalman":[0.16823336571380265, 0.06302847762163216, 0.7753955119166298]}
{"CMD":[-1.7223663978874426, 20.0, 0, 3.3877378018333806]}
{"Distance":[0.8638608099516276]}
{"Time":[1615324584.0863607]}
{"IMU":[0.02851865530014038, -0.008776966333389282, 0.78]}
{"Kalman":[0.16823336571380265, 0.06302847762163216, 0.7753955119166298]}
{"CMD":[-1.7223663978874426, 20.0, 0, 3.3877378018333806]}
{"Distance":[0.8638608099516276]}
{"Time":[1615324584.1296887]}
{"IMU":[0.02851865530014038, -0.008776966333389282, 0.78]}
{"Kalman":[0.16823336571380265, 0.06302847762163216, 0.7753955119166298]}
{"CMD":[-1.7223663978874426, 20.0, 0, 3.3877378018333806]}
{"Distance":[0.8638608099516276]}
{"Time":[1615324584.1803303]}
{"IMU":[0.02851865530014038, -0.008776966333389282, 0.78]}
{"Kalman":[0.16823336571380265, 0.06302847762163216, 0.7753955119166298]}
{"CMD":[-1.7223663978874426, 20.0, 0, 3.3877378018333806]}
{"Distance":[0.8638608099516276]}
{"Time":[1615324584.236953]}
{"IMU":[0.02851865530014038, -0.008776966333389282, 0.78]}
{"Kalman":[0.16823336571380265, 0.06302847762163216, 0.7753955119166298]}
{"CMD":[-1.7223663978874426, 20.0, 0, 3.3877378018333806]}
{"Distance":[0.8638608099516276]}
{"Time":[1615324584.2931845]}
{"IMU":[0.02851865530014038, -0.008776966333389282, 0.78]}
{"Kalman":[0.16823336571380265, 0.06302847762163216, 0.7753955119166298]}
{"CMD":[-1.7223663978874426, 20.0, 0, 3.3877378018333806]}
{"Distance":[0.8638608099516276]}
{"Time":[1615324584.3690217]}
{"IMU":[0.02851865530014038, -0.008776966333389282, 0.78]}
{"Kalman":[0.16823336571380265, 0.06302847762163216, 0.7753955119166298]}
{"CMD":[-1.7223663978874426, 20.0, 0, 3.3877378018333806]}
{"Distance":[0.8638608099516276]}
{"Time":[1615324584.4577694]}
{"IMU":[0.09553400039672852, 0.01419948935508728, 0.8]}
{"Kalman":[0.5032942696658426, 0.1327502482745845, 0.7959954682269088]}
{"CMD":[-2.7080560562892355, 18.160762551837124, 0, 3.086289113718773]}
{"Distance":[0.5531338535541923]}
{"Time":[1615324584.556589]}
{"IMU":[0.09553400039672852, 0.01419948935508728, 0.8]}
{"Kalman":[0.5771396733135639, 0.14755320789897486, 0.7959955701976221]}
{"CMD":[-3.996795829848889, 11.731817091633266, 0, 3.07702452646194]}
{"Distance":[0.4921388141831844]}
{"Time":[1615324584.629627]}
{"IMU":[0.09553400039672852, 0.01419948935508728, 0.8]}
{"Kalman":[0.5879536147171743, 0.1497209564332516, 0.7959955701976732]}
{"CMD":[-4.091394146757823, 11.259907825197821, 0, 3.0770245264479072]}
{"Distance":[0.4835456501705944]}
{"Time":[1615324584.69737]}
{"IMU":[0.09553400039672852, 0.01419948935508728, 0.8]}
{"Kalman":[0.5879536147171743, 0.1497209564332516, 0.7959955701976732]}
{"CMD":[-4.091394146757823, 11.259907825197821, 0, 3.0770245264479072]}
{"Distance":[0.4835456501705944]}
{"Time":[1615324584.7553833]}
{"IMU":[0.09553400039672852, 0.01419948935508728, 0.8]}
{"Kalman":[0.5879536147171743, 0.1497209564332516, 0.7959955701976732]}
{"CMD":[-4.091394146757823, 11.259907825197821, 0, 3.0770245264479072]}
{"Distance":[0.4835456501705944]}
{"Time":[1615324584.8136404]}
{"IMU":[0.09553400039672852, 0.01419948935508728, 0.8]}
{"Kalman":[0.5879536147171743, 0.1497209564332516, 0.7959955701976732]}
{"CMD":[-4.091394146757823, 11.259907825197821, 0, 3.0770245264479072]}
{"Distance":[0.4835456501705944]}
{"Time":[1615324584.9024107]}
{"IMU":[0.19702865600585937, 0.02720933437347412, 0.82]}
{"Kalman":[0.6700030901230083, 0.11886470132703765, 0.8164083197741786]}
{"CMD":[-4.24986720706266, 9.793868108517925, 0, 2.7919413878861477]}
{"Distance":[0.3958947875358673]}
{"Time":[1615324585.0181532]}
{"IMU":[0.19702865600585937, 0.02720933437347412, 0.82]}
{"Kalman":[0.6837872318573055, 0.0791800314625437, 0.816433146451409]}
{"CMD":[-2.1637366270123817, 8.641082047093972, 0, 2.76876198795877]}
{"Distance":[0.3741079815248597]}
{"Time":[1615324585.1038373]}
{"IMU":[0.19702865600585937, 0.02720933437347412, 0.82]}
{"Kalman":[0.6837872318573055, 0.0791800314625437, 0.816433146451409]}
{"CMD":[-2.1637366270123817, 8.641082047093972, 0, 2.76876198795877]}
{"Distance":[0.3741079815248597]}
{"Time":[1615324585.158976]}
{"IMU":[0.19702865600585937, 0.02720933437347412, 0.82]}
{"Kalman":[0.6837872318573055, 0.0791800314625437, 0.816433146451409]}
{"CMD":[-2.1637366270123817, 8.641082047093972, 0, 2.76876198795877]}
{"Distance":[0.3741079815248597]}
{"Time":[1615324585.220938]}
{"IMU":[0.19702865600585937, 0.02720933437347412, 0.82]}
{"Kalman":[0.6837872318573055, 0.0791800314625437, 0.816433146451409]}
{"CMD":[-2.1637366270123817, 8.641082047093972, 0, 2.76876198795877]}
{"Distance":[0.3741079815248597]}
{"Time":[1615324585.2668989]}
{"IMU":[0.19702865600585937, 0.02720933437347412, 0.82]}
{"Kalman":[0.6837872318573055, 0.0791800314625437, 0.816433146451409]}
{"CMD":[-2.1637366270123817, 8.641082047093972, 0, 2.76876198795877]}
{"Distance":[0.3741079815248597]}
{"Time":[1615324585.345861]}
{"IMU":[0.31051345825195314, 0.02944720983505249, 0.84]}
{"Kalman":[0.7536398728598873, 0.07078177421007967, 0.8361754556907334]}
{"CMD":[-1.9342391579589004, 6.732233123456809, 0, 2.4709862494761174]}
{"Distance":[0.30420692484386025]}
{"Time":[1615324585.4981616]}
{"IMU":[0.31051345825195314, 0.02944720983505249, 0.84]}
{"Kalman":[0.9454009047043586, 0.04804289680171529, 0.8367219985165569]}
{"CMD":[-1.3128584765317028, 1.492018380275642, 0, 2.462742675150585]}
