{"IMU":[0.010243858098983765, 0.0002472589164972305, 0.8]}
{"Kalman":[0.03872109171647964, 0.0006581847832708175, 0.8]}
{"CMD":[0, 7.178021178985523, 0, 5]}
{"Distance":[0.9818643351899312]}
{"Time":[0.6]}
{"Title":['ModelBasedAgentPID']}
{"IMU":[0.056703500747680664, -0.004020847380161285, 0.83]}
{"Kalman":[0.12278132948116202, -0.0037522646815869518, 0.83]}
{"CMD":[0, 6.928258244652863, 0, 5]}
{"Distance":[0.893547242957572]}
{"Time":[1.1]}
{"Title":['ModelBasedAgentPID']}
{"IMU":[0.14249660491943358, -0.013346571922302247, 0.86]}
{"Kalman":[0.23715922990586524, -0.014161695434969875, 0.86]}
{"CMD":[0, 6.339810392786432, 0, 5]}
{"Distance":[0.7757103803194885]}
{"Time":[1.7]}
{"Title":['ModelBasedAgentPID']}
{"IMU":[0.25095272064208984, -0.024027793407440184, 0.9]}
{"Kalman":[0.36265359881526377, -0.027738001479051082, 0.9]}
{"CMD":[0, 5.539157601484975, 0, 5]}
{"Distance":[0.6457397554968927]}
{"Time":[2.2]}
{"Title":['ModelBasedAgentPID']}
{"IMU":[0.3617760848999023, -0.03643504619598389, 0.93]}
{"Kalman":[0.4804591497869406, -0.04512598823215942, 0.93]}
{"CMD":[5, 5, 0, 5]}
{"Distance":[0.5261739729918591]}
{"Time":[2.8]}
{"Title":['ModelBasedAgentPID']}
{"IMU":[0.4846146011352539, -0.03843806028366089, 0.96]}
{"Kalman":[0.6061422179686082, -0.026743716497502103, 0.96]}
{"CMD":[5, 5, 0, 5]}
{"Distance":[0.3967860618000411]}
{"Time":[3.3]}
{"Title":['ModelBasedAgentPID']}
{"IMU":[0.7428688812255859, 0.032421960830688476, 1.02]}
{"Kalman":[0.8636495002618088, 0.06817058696412615, 1.02]}
{"CMD":[5, 5, 0, 5]}
{"Distance":[0.15374878115252807]}
{"Time":[3.9]}
{"Title":['ModelBasedAgentPID']}
{"IMU":[0.8693571472167969, 0.0827067756652832, 1.03]}
{"Kalman":[1.0023150700765626, 0.12690434728286104, 1.03]}
{"CMD":[-5, 5, 0, 0]}
{"Distance":[0.13042267022549567]}
{"Time":[4.4]}
{"Title":['ModelBasedAgentPID']}
