{"IMU":[0.026123392581939697, -0.02865832805633545, 0.78]}
{"Kalman":[0.05108078455166387, -0.02757153118291391, 0.78]}
{"CMD":[5, 14.193348582317055, 0, 5]}
{"Distance":[1.9614908354808922]}
{"Time":[0.5]}
{"Title":['ModelBasedAgentPID']}
{"IMU":[0.06781908988952637, -0.021737072467803955, 0.8]}
{"Kalman":[0.12076339209102095, -0.009971460854434228, 0.8]}
{"CMD":[5, 14.036546992126251, 0, 5]}
{"Distance":[1.8898755669452996]}
{"Time":[1.1]}
{"Title":['ModelBasedAgentPID']}
{"IMU":[0.012046053409576415, -0.0041312360763549804, 0.79]}
{"Kalman":[0.0383941184404906, -0.0027339276160368085, 0.79]}
{"CMD":[0, 14.37593913562161, 0, 5]}
{"Distance":[1.972816542136919]}
{"Time":[0.6]}
{"Title":['ModelBasedAgentPID']}
{"IMU":[0.13015477180480958, -0.013891724348068237, 0.83]}
{"Kalman":[0.21074429523246407, 0.00680623966253591, 0.83]}
{"CMD":[0, 13.548748845811224, 0, 5]}
{"Distance":[1.797326431659401]}
{"Time":[1.6]}
{"Title":['ModelBasedAgentPID']}
{"IMU":[0.05218883991241455, -0.002586438059806824, 0.83]}
{"Kalman":[0.10933893981980318, 0.0025900058635270565, 0.83]}
{"CMD":[0, 14.1304188659124, 0, 5]}
{"Distance":[1.8982902709048683]}
{"Time":[1.1]}
{"Title":['ModelBasedAgentPID']}
{"IMU":[0.23575428009033203, -0.004311480522155762, 0.86]}
{"Kalman":[0.3439787986387828, 0.008317367157632965, 0.86]}
{"CMD":[0, 12.918869424606138, 0, 5]}
{"Distance":[1.6619492765888748]}
{"Time":[2.1]}
{"Title":['ModelBasedAgentPID']}
{"IMU":[0.12392450332641601, -0.0010800983011722564, 0.87]}
{"Kalman":[0.20067447911663538, 0.0027944400693742395, 0.87]}
{"CMD":[0, 13.63378791172914, 0, 5]}
{"Distance":[1.8040177767964185]}
{"Time":[1.7]}
{"Title":['ModelBasedAgentPID']}
{"IMU":[0.3616885757446289, -0.003573164939880371, 0.89]}
{"Kalman":[0.5060816804254641, 0.007757619373701735, 0.89]}
{"CMD":[0, 11.986206060943347, 0, 5]}
{"Distance":[1.4979826855537257]}
{"Time":[2.7]}
{"Title":['ModelBasedAgentPID']}
{"IMU":[0.21685638427734374, 0.003584299087524414, 0.9]}
{"Kalman":[0.31466646666892656, 0.011985529953757847, 0.9]}
{"CMD":[0, 12.994432647865608, 0, 5]}
{"Distance":[1.6883402416274016]}
{"Time":[2.2]}
{"Title":['ModelBasedAgentPID']}
{"IMU":[0.5206434249877929, -0.009907363057136536, 0.92]}
{"Kalman":[0.6940721314884886, -0.0026191828475271616, 0.92]}
{"CMD":[0, 10.851479848950135, 0, 5]}
{"Distance":[1.308378560613788]}
{"Time":[3.3]}
{"Title":['ModelBasedAgentPID']}
{"IMU":[0.32285366058349607, 0.005811420083045959, 0.9]}
{"Kalman":[0.4369711382610562, 0.00701833998870671, 0.9]}
{"CMD":[0, 12.19647449999742, 0, 5]}
{"Distance":[1.5662402369129504]}
{"Time":[2.8]}
{"Title":['ModelBasedAgentPID']}
{"IMU":[0.7169818115234375, -0.01733358025550842, 0.93]}
{"Kalman":[0.9228481183514887, -0.005741893899627199, 0.93]}
{"CMD":[0, 9.535539715193345, 0, 5]}
{"Distance":[1.0794392736437206]}
{"Time":[3.8]}
{"Title":['ModelBasedAgentPID']}
{"IMU":[0.45613731384277345, 0.006110002994537353, 0.93]}
{"Kalman":[0.6063066986607588, 0.012508487032368384, 0.93]}
{"CMD":[0, 11.340341797551226, 0, 5]}
{"Distance":[1.3955061735605871]}
{"Time":[3.3]}
{"Title":['ModelBasedAgentPID']}
{"IMU":[1.1616946411132814, -0.027555193901062012, 1.07]}
{"Kalman":[1.3825307913803293, -0.012040298134319812, 1.07]}
{"CMD":[0, 7.934076439131731, 0, 5]}
{"Distance":[0.6215409820539316]}
{"Time":[4.4]}
{"Title":['ModelBasedAgentPID']}
{"IMU":[0.6191806030273438, 0.013202037811279297, 0.99]}
{"Kalman":[0.8004497910868003, 0.022504473490774425, 0.99]}
{"CMD":[0, 10.15496457514948, 0, 5]}
{"Distance":[1.1998029650866837]}
{"Time":[3.9]}
{"Title":['ModelBasedAgentPID']}
{"IMU":[1.3678956604003907, -0.038203067779541015, 1.06]}
{"Kalman":[1.5846737273006746, -0.025815171600771007, 1.06]}
{"CMD":[0, 5, 0, -5]}
{"Distance":[0.42043113095855744]}
{"Time":[4.9]}
{"Title":['ModelBasedAgentPID']}
{"IMU":[0.8340395355224609, 0.0216048789024353, 1.03]}
{"Kalman":[1.0550801395010456, 0.028366470100762202, 1.03]}
{"CMD":[-5, 8.795961952524392, 0, 5]}
{"Distance":[0.945821441600549]}
{"Time":[4.4]}
{"Title":['ModelBasedAgentPID']}
{"IMU":[1.5505532836914062, -0.04673250198364258, 1.04]}
{"Kalman":[1.7276279840965612, -0.03684667809917772, 1.04]}
{"CMD":[5, 5, 0, -5]}
{"Distance":[0.2777484342606589]}
{"Time":[5.4]}
{"Title":['ModelBasedAgentPID']}
{"IMU":[1.313753662109375, -0.0063917076587677, 1.07]}
{"Kalman":[1.551156249058832, -0.02061135596440599, 1.07]}
{"CMD":[-5, 7.0135112650710925, 0, -5]}
{"Distance":[0.454736781834974]}
{"Time":[5.0]}
{"Title":['ModelBasedAgentPID']}
{"IMU":[1.5505532836914062, -0.04673250198364258, 1.04]}
{"Kalman":[1.7271855985646334, -0.03669554929029009, 1.04]}
{"CMD":[5, 5, 0, -5]}
{"Distance":[0.2781622924989178]}
{"Time":[6.0]}
{"Title":['ModelBasedAgentPID']}
{"IMU":[1.537412109375, -0.03493927478790283, 1.05]}
{"Kalman":[1.7758254670980629, -0.07203234151381974, 1.05]}
{"CMD":[5, 5, 0, -5]}
{"Distance":[0.24071327222603503]}
{"Time":[5.5]}
{"Title":['ModelBasedAgentPID']}
{"IMU":[1.853573760986328, -0.04087270259857178, 0.97]}
{"Kalman":[1.9968672048342153, -0.02995423481124289, 0.97]}
{"CMD":[5, 5, 0, -5]}
{"Distance":[0.04250965288823047]}
{"Time":[6.5]}
{"Title":['ModelBasedAgentPID']}
{"IMU":[1.7051766967773438, -0.03280578136444092, 1.06]}
{"Kalman":[1.8528512979065659, -0.025914986994068794, 1.06]}
{"CMD":[5, 5, 0, -5]}
{"Distance":[0.16101033221096397]}
{"Time":[6.1]}
{"Title":['ModelBasedAgentPID']}
{"IMU":[1.8291275024414062, -0.010258725881576537, 1.01]}
{"Kalman":[1.9523048091960207, 0.017197823182279633, 1.01]}
{"CMD":[5, 5, 0, -5]}
{"Distance":[0.05167781291847546]}
{"Time":[6.6]}
{"Title":['ModelBasedAgentPID']}
