{"IMU":[-0.00821241557598114, 0.002159278839826584, 0.76]}
{"Kalman":[-0.010508302974971058, 0.0001930879880530801, 0.7730121195562334]}
{"CMD":[-0.0016451055477661176, 17.12948794176017, 0, 4.430669539755979]}
{"Distance":[2.023281288274723]}
{"Time":[1615222123.0216243]}
{"IMU":[-0.013444149494171142, -0.005737679600715637, 0.74]}
{"Kalman":[-0.007168954412902977, -0.01032415507465502, 0.7341871401437706]}
{"CMD":[-0.0016451055477661176, 17.12948794176017, 0, 4.430669539755979]}
{"Distance":[2.0247198018990034]}
{"Time":[1615222123.2515223]}
{"IMU":[-0.013444149494171142, -0.005737679600715637, 0.74]}
{"Kalman":[-0.007168954412902977, -0.01032415507465502, 0.7341871401437706]}
{"CMD":[0.08796158145603382, 17.101036763099213, 0, 5.188510237365682]}
{"Distance":[2.0247198018990034]}
{"Time":[1615222123.4613502]}
{"IMU":[0.01442130446434021, -0.023306512832641603, 0.76]}
{"Kalman":[0.042678284408190006, -0.03190141139537171, 0.7493520489267638]}
{"CMD":[0.08796158145603382, 17.101036763099213, 0, 5.188510237365682]}
{"Distance":[1.9735628679506245]}
{"Time":[1615222123.680868]}
{"IMU":[0.01442130446434021, -0.023306512832641603, 0.76]}
{"Kalman":[0.04299118480934595, -0.03207213577158237, 0.7487042344020879]}
{"CMD":[0.27179934597313277, 16.67633934948869, 0, 4.892500162789778]}
{"Distance":[1.9733377020759317]}
{"Time":[1615222123.8929856]}
{"IMU":[0.01442130446434021, -0.023306512832641603, 0.76]}
{"Kalman":[0.04299118480934595, -0.03207213577158237, 0.7487042344020879]}
{"CMD":[0.2732539140240768, 16.673673444731847, 0, 4.905145120204604]}
{"Distance":[1.9733377020759317]}
{"Time":[1615222124.1112008]}
{"IMU":[0.09694334030151368, -0.05745916366577149, 0.78]}
{"Kalman":[0.1590146711648201, -0.06377184352375685, 0.7689009413973337]}
{"CMD":[0.2732539140240768, 16.673673444731847, 0, 4.905145120204604]}
{"Distance":[1.8565291820760137]}
{"Time":[1615222124.350069]}
{"IMU":[0.09694334030151368, -0.05745916366577149, 0.78]}
{"Kalman":[0.1590146711648201, -0.06377184352375685, 0.7689009413973337]}
{"CMD":[0.5433347492510249, 15.685155810884597, 0, 4.510917312480831]}
{"Distance":[1.8565291820760137]}
{"Time":[1615222124.561669]}
{"IMU":[0.25417121887207034, -0.10902264595031738, 0.81]}
{"Kalman":[0.3708806895799538, -0.11484076224366777, 0.7980480573931995]}
{"CMD":[0.5433347492510249, 15.685155810884597, 0, 4.510917312480831]}
{"Distance":[1.6456010194998223]}
{"Time":[1615222124.7760246]}
{"IMU":[0.25417121887207034, -0.10902264595031738, 0.81]}
{"Kalman":[0.3708806895799538, -0.11484076224366777, 0.7980480573931995]}
{"CMD":[0.9784408495924243, 13.880061844179428, 0, 3.9419828003732107]}
{"Distance":[1.6456010194998223]}
{"Time":[1615222124.9877255]}
{"IMU":[0.507052230834961, -0.1803787612915039, 0.82]}
{"Kalman":[0.665990723337534, -0.18562360353701837, 0.8097329960821319]}
{"CMD":[0.9784408495924243, 13.880061844179428, 0, 3.9419828003732107]}
{"Distance":[1.3602346875416265]}
{"Time":[1615222125.1994731]}
{"IMU":[0.507052230834961, -0.1803787612915039, 0.82]}
{"Kalman":[0.6666084014351825, -0.18561388507593346, 0.8099656992512609]}
{"CMD":[1.5815091505906658, 11.365730638850485, 0, 3.713899689408197]}
{"Distance":[1.3595950518140625]}
{"Time":[1615222125.4111667]}
{"IMU":[0.830538101196289, -0.2640146064758301, 0.85]}
{"Kalman":[0.9885333632003762, -0.2680767506509097, 0.8387432068138025]}
{"CMD":[1.581426349509108, 11.360468034607614, 0, 3.70935746080441]}
{"Distance":[1.0587415430344593]}
{"Time":[1615222125.6560192]}
{"IMU":[0.830538101196289, -0.2640146064758301, 0.85]}
{"Kalman":[1.0052128613171973, -0.2659914934000528, 0.8369833373076622]}
{"CMD":[2.284008208743106, 8.617674213488469, 0, 3.1476374873054818]}
{"Distance":[1.0425580838328652]}
{"Time":[1615222125.8683915]}
{"IMU":[0.830538101196289, -0.2640146064758301, 0.85]}
{"Kalman":[1.0052128613171973, -0.2659914934000528, 0.8369833373076622]}
{"CMD":[2.2662418613566433, 8.475565244605361, 0, 3.1819891020241062]}
{"Distance":[1.0425580838328652]}
{"Time":[1615222126.0804145]}
{"IMU":[1.1388861846923828, -0.33547252655029297, 0.86]}
{"Kalman":[1.303843433276216, -0.3338311690400728, 0.8536577116101914]}
{"CMD":[2.2662418613566433, 8.475565244605361, 0, 3.1819891020241062]}
{"Distance":[0.7858074065484963]}
{"Time":[1615222126.3092747]}
{"IMU":[1.1388861846923828, -0.33547252655029297, 0.86]}
{"Kalman":[1.303843433276216, -0.3338311690400728, 0.8536577116101914]}
{"CMD":[2.8442344536424513, 5.931239128745179, 0, 2.856515150849833]}
{"Distance":[0.7858074065484963]}
{"Time":[1615222126.5219297]}
{"IMU":[1.4383416748046876, -0.3976587295532227, 0.92]}
{"Kalman":[1.5978750250410243, -0.39232285874808437, 0.9171123917136625]}
{"CMD":[2.8442344536424513, 5.931239128745179, 0, 2.856515150849833]}
{"Distance":[0.5678838583631828]}
{"Time":[1615222126.7534378]}
{"IMU":[1.4383416748046876, -0.3976587295532227, 0.92]}
{"Kalman":[1.5978750250410243, -0.39232285874808437, 0.9171123917136625]}
{"CMD":[3.342582404786941, 3.426096226236842, 0, 1.617917223331585]}
{"Distance":[0.5678838583631828]}
{"Time":[1615222126.9662733]}
{"IMU":[1.7270559692382812, -0.4486377716064453, 0.94]}
{"Kalman":[1.8688490061608012, -0.44007465162566434, 0.9372691224135935]}
{"CMD":[3.342582404786941, 3.426096226236842, 0, 1.617917223331585]}
{"Distance":[0.4634667681627455]}
{"Time":[1615222127.1822722]}
{"IMU":[1.7270559692382812, -0.4486377716064453, 0.94]}
{"Kalman":[1.8686166171862146, -0.439948068967146, 0.9373030903816]}
{"CMD":[3.7494266635664673, 1.1174036755750647, 0, 1.2244697293127438]}
{"Distance":[0.46340781083535065]}
{"Time":[1615222127.4002688]}
{"IMU":[1.7270559692382812, -0.4486377716064453, 0.94]}
{"Kalman":[1.8686166171862146, -0.439948068967146, 0.9373030903816]}
{"CMD":[3.7483481820105755, 1.1193836246914588, 0, 1.2238066946129198]}
{"Distance":[0.46340781083535065]}
{"Time":[1615222127.6163602]}
{"IMU":[1.9532164001464845, -0.4762744903564453, 0.95]}
{"Kalman":[2.046731656740816, -0.4636803276518438, 0.9476293940120813]}
{"CMD":[3.902781307692406, -0.5793040151845383, 0, 1.223806360332342]}
{"Distance":[0.46896265775070456]}
{"Time":[1615222127.8731015]}
{"IMU":[1.9532164001464845, -0.4762744903564453, 0.95]}
{"Kalman":[2.046731656740816, -0.4636803276518438, 0.9476293940120813]}
{"CMD":[3.950546520793225, -0.39815272061089574, 0, 1.0222433386117171]}
{"Distance":[0.46896265775070456]}
{"Time":[1615222128.0870774]}
{"IMU":[2.1083433532714846, -0.4812819671630859, 0.96]}
{"Kalman":[2.1782594202289727, -0.46477942424898977, 0.9594182831839827]}
{"CMD":[3.950546520793225, -0.39815272061089574, 0, 1.0222433386117171]}
{"Distance":[0.4994428994843428]}
{"Time":[1615222128.3213544]}
{"IMU":[2.1083433532714846, -0.4812819671630859, 0.96]}
{"Kalman":[2.1782594202289727, -0.46477942424898977, 0.9594182831839827]}
{"CMD":[3.959910800403403, -1.5187664655744322, 0, 0.7921311755332904]}
{"Distance":[0.4994428994843428]}
{"Time":[1615222128.5351865]}
{"IMU":[2.2401747131347656, -0.46914890289306643, 0.97]}
{"Kalman":[2.290676853197864, -0.44893814956710293, 0.9717997190101557]}
{"CMD":[3.959910800403403, -1.5187664655744322, 0, 0.7921311755332904]}
{"Distance":[0.5355686239592954]}
{"Time":[1615222128.7509484]}
{"IMU":[2.2401747131347656, -0.46914890289306643, 0.97]}
{"Kalman":[2.290401778686865, -0.44878031312720434, 0.9721203804155532]}
{"CMD":[3.8235989787391724, -2.4742174333304434, 0, 0.5441949609007554]}
{"Distance":[0.5352702454865392]}
{"Time":[1615222128.966134]}
{"IMU":[2.3144657897949217, -0.4480527114868164, 0.97]}
{"Kalman":[2.336891568514627, -0.42988102107358744, 0.9730926147751057]}
{"CMD":[3.8235987142339605, -2.4742169723555154, 0, 0.5441937297766642]}
{"Distance":[0.5468250438624374]}
{"Time":[1615222129.1800709]}
{"IMU":[2.3144657897949217, -0.4480527114868164, 0.97]}
{"Kalman":[2.336501438832133, -0.4299699810519317, 0.973223145274099]}
{"CMD":[3.6625771482642, -2.8703089920160423, 0, 0.5252162885408064]}
{"Distance":[0.5466483356701146]}
{"Time":[1615222129.4055882]}
