{"IMU":[-0.014415048360824585, -0.0018203875422477722, 0.69]}
{"Kalman":[4.32439915726065, 2.7117236409223486, 1.389160758446419]}
{"UWB":[4.35871073, 2.69664081, 2.36401224]}
{"Distance":[1.7254432881677606]}
{"Time":[0.7]}
{"Title":['ModelBasedAgendUWB_LQR']}
{"IMU":[0.009742974042892457, -0.006161608099937439, 0.67]}
{"Kalman":[4.248213482764782, 2.7457039371443783, 1.3483176315213752]}
{"UWB":[4.17170496, 2.76989241, 3.09469338]}
{"Distance":[1.8075973007152606]}
{"Time":[1.2]}
{"Title":['ModelBasedAgendUWB_LQR']}
{"IMU":[0.07449145793914795, -0.021831796169281006, 0.65]}
{"Kalman":[4.082780810462303, 2.581971564152572, 1.3051068116355677]}
{"UWB":[3.77376041, 2.50196556, 1.2396386]}
{"Distance":[1.9378434879324573]}
{"Time":[1.8]}
{"Title":['ModelBasedAgendUWB_LQR']}
{"IMU":[0.19213315963745117, -0.05094545841217041, 0.64]}
{"Kalman":[4.262876591416798, 2.5280246879663637, 1.2857745352197683]}
{"UWB":[3.94158125, 2.44442894, 1.31510186]}
{"Distance":[1.752025397923752]}
{"Time":[2.3]}
{"Title":['ModelBasedAgendUWB_LQR']}
{"IMU":[0.35411819458007815, -0.08687627792358399, 0.62]}
{"Kalman":[4.74859169448244, 2.594338634765797, 1.2487065642978221]}
{"UWB":[4.63414643, 2.59850216, 3.16771496]}
{"Distance":[1.285557458472442]}
{"Time":[2.9]}
{"Title":['ModelBasedAgendUWB_LQR']}
{"IMU":[0.5795841979980468, -0.1276404094696045, 0.61]}
{"Kalman":[4.986142060208402, 2.5400395628726518, 1.2289497620953498]}
{"UWB":[4.83599076, 2.53402592, 3.09341608]}
{"Distance":[1.0418862288285404]}
{"Time":[3.4]}
{"Title":['ModelBasedAgendUWB_LQR']}
{"IMU":[1.1436344146728517, -0.22508752822875977, 0.58]}
{"Kalman":[5.648386397814977, 2.5640951713039435, 1.1674073963610514]}
{"UWB":[5.54696108, 2.65625727, 1.49821591]}
{"Distance":[0.4397480923751541]}
{"Time":[4.0]}
{"Title":['ModelBasedAgendUWB_LQR']}
{"IMU":[1.5005718994140624, -0.29006620407104494, 0.56]}
{"Kalman":[5.6206344089782, 2.266848835215342, 1.1254595523766966]}
{"UWB":[5.15074633, 2.17015967, 1.50205127]}
{"Distance":[0.3808113067884138]}
{"Time":[4.5]}
{"Title":['ModelBasedAgendUWB_LQR']}
{"IMU":[1.864214630126953, -0.36582820892333984, 0.51]}
{"Kalman":[5.916390793420683, 2.1728740332952423, 1.0292382543706162]}
{"UWB":[5.36573013, 2.06580795, 1.67858332]}
{"Distance":[0.15215620537934713]}
{"Time":[5.0]}
{"Title":['ModelBasedAgendUWB_LQR']}
