{"IMU":[-0.02561774730682373, 0.014072632789611817, 0.78]}
{"Kalman":[-0.0603344338016884, 0.031470892852701236, 0.78]}
{"CMD":[-5, 7.401720750015667, 0, 5]}
{"Distance":[1.0833741406377084]}
{"Time":[0.6]}
{"Title":['ModelBasedAgentPID']}
{"IMU":[-0.026132831573486327, 0.008726206421852113, 0.81]}
{"Kalman":[-0.012291928854803869, -0.0019369151899840554, 0.81]}
{"CMD":[-5, 7.6278869413863175, 0, 5]}
{"Distance":[1.0299702427085127]}
{"Time":[1.1]}
{"Title":['ModelBasedAgentPID']}
{"IMU":[0.010108655691146851, -0.014541785717010498, 0.84]}
{"Kalman":[0.06986099972445206, -0.03653851102307183, 0.84]}
{"CMD":[0, 7.291554157615285, 0, 5]}
{"Distance":[0.9445070791801292]}
{"Time":[1.7]}
{"Title":['ModelBasedAgentPID']}
{"IMU":[0.08551040649414063, -0.036372673511505124, 0.86]}
{"Kalman":[0.16829158675593242, -0.05286176072512199, 0.86]}
{"CMD":[5, 6.716467236718809, 0, 5]}
{"Distance":[0.8450640510682752]}
{"Time":[2.2]}
{"Title":['ModelBasedAgentPID']}
{"IMU":[0.1823732566833496, -0.03848112344741821, 0.89]}
{"Kalman":[0.269804234793641, -0.030955743082778726, 0.89]}
{"CMD":[5, 6.027444187774789, 0, 5]}
{"Distance":[0.7390832927046228]}
{"Time":[2.8]}
{"Title":['ModelBasedAgentPID']}
{"IMU":[0.27041847229003907, -0.01840398073196411, 0.91]}
{"Kalman":[0.3618024756572963, 0.016644585851971025, 0.91]}
{"CMD":[5, 5.316860258833532, 0, 5]}
{"Distance":[0.6447271688980848]}
{"Time":[3.4]}
{"Title":['ModelBasedAgentPID']}
{"IMU":[0.37185325622558596, 0.028702306747436523, 0.97]}
{"Kalman":[0.48108221351092656, 0.08910246250185522, 0.97]}
{"CMD":[-5, 5, 0, 5]}
{"Distance":[0.5273660189646411]}
{"Time":[3.9]}
{"Title":['ModelBasedAgentPID']}
{"IMU":[0.5030946731567383, 0.08508047103881836, 0.98]}
{"Kalman":[0.6457974339672168, 0.13650381753797708, 0.98]}
{"CMD":[-5, 5, 0, 5]}
{"Distance":[0.38012201986552885]}
{"Time":[4.4]}
{"Title":['ModelBasedAgentPID']}
{"IMU":[0.8266139984130859, 0.12864533424377442, 1.08]}
{"Kalman":[0.9633580932665133, 0.15565055377681042, 1.08]}
{"CMD":[-5, 5, 0, 5]}
{"Distance":[0.17880079479715213]}
{"Time":[5.0]}
{"Title":['ModelBasedAgentPID']}
{"IMU":[0.8266139984130859, 0.12864533424377442, 1.08]}
{"Kalman":[1.042632481655581, 0.12581742431440746, 1.08]}
{"CMD":[-5, 5, 0, -5]}
{"Distance":[0.1550727337516983]}
{"Time":[5.5]}
{"Title":['ModelBasedAgentPID']}
{"IMU":[1.0794158935546876, 0.09930150985717773, 1.15]}
{"Kalman":[1.3112208863050474, 0.04819397794089197, 1.15]}
{"CMD":[-5, 0, 0, -5]}
{"Distance":[0.3488281806022363]}
{"Time":[6.0]}
{"Title":['ModelBasedAgentPID']}
{"IMU":[1.0794158935546876, 0.09930150985717773, 1.15]}
{"Kalman":[1.311221126712895, 0.04819250763397156, 1.15]}
{"CMD":[-5, -5, 0, -5]}
{"Distance":[0.3488281919577233]}
{"Time":[6.6]}
{"Title":['ModelBasedAgentPID']}
{"IMU":[1.0794158935546876, 0.09930150985717773, 1.15]}
{"Kalman":[1.311221126712895, 0.04819250763397156, 1.15]}
{"CMD":[-5, -5, 0, -5]}
{"Distance":[0.3488281919577233]}
{"Time":[7.1]}
{"Title":['ModelBasedAgentPID']}
{"IMU":[1.0794158935546876, 0.09930150985717773, 1.15]}
{"Kalman":[1.311221126712895, 0.04819250763397156, 1.15]}
{"CMD":[-5, -5, 0, -5]}
{"Distance":[0.3488281919577233]}
{"Time":[7.6]}
{"Title":['ModelBasedAgentPID']}
{"IMU":[1.0794158935546876, 0.09930150985717773, 1.15]}
{"Kalman":[1.311221246916819, 0.048191772480511354, 1.15]}
{"CMD":[-5, -5, 0, -5]}
{"Distance":[0.3488281976378529]}
{"Time":[8.2]}
{"Title":['ModelBasedAgentPID']}
{"IMU":[1.0794158935546876, 0.09930150985717773, 1.15]}
{"Kalman":[1.311221246916819, 0.048191772480511354, 1.15]}
{"CMD":[-5, -5, 0, -5]}
{"Distance":[0.3488281976378529]}
{"Time":[8.7]}
{"Title":['ModelBasedAgentPID']}
{"IMU":[1.0794158935546876, 0.09930150985717773, 1.15]}
{"Kalman":[1.311221246916819, 0.048191772480511354, 1.15]}
{"CMD":[-5, -5, 0, -5]}
{"Distance":[0.3488281976378529]}
{"Time":[9.2]}
{"Title":['ModelBasedAgentPID']}
{"IMU":[1.0794158935546876, 0.09930150985717773, 1.15]}
{"Kalman":[1.311221246916819, 0.048191772480511354, 1.15]}
{"CMD":[-5, -5, 0, -5]}
{"Distance":[0.3488281976378529]}
{"Time":[9.7]}
{"Title":['ModelBasedAgentPID']}
{"IMU":[1.0794158935546876, 0.09930150985717773, 1.15]}
{"Kalman":[1.311221246916819, 0.048191772480511354, 1.15]}
{"CMD":[-5, -5, 0, -5]}
{"Distance":[0.3488281976378529]}
{"Time":[10.2]}
{"Title":['ModelBasedAgentPID']}
{"IMU":[1.0794158935546876, 0.09930150985717773, 1.15]}
{"Kalman":[1.311221367113406, 0.04819103737192137, 1.15]}
{"CMD":[-5, -5, 0, -5]}
{"Distance":[0.34882820331922615]}
{"Time":[10.7]}
{"Title":['ModelBasedAgentPID']}
{"IMU":[1.0794158935546876, 0.09930150985717773, 1.15]}
{"Kalman":[1.311221367113406, 0.04819103737192137, 1.15]}
{"CMD":[-5, -5, 0, -5]}
{"Distance":[0.34882820331922615]}
{"Time":[11.3]}
{"Title":['ModelBasedAgentPID']}
{"IMU":[1.0794158935546876, 0.09930150985717773, 1.15]}
{"Kalman":[1.311221367113406, 0.04819103737192137, 1.15]}
{"CMD":[-5, -5, 0, -5]}
{"Distance":[0.34882820331922615]}
{"Time":[11.8]}
{"Title":['ModelBasedAgentPID']}
{"IMU":[1.0794158935546876, 0.09930150985717773, 1.15]}
{"Kalman":[1.311221367113406, 0.04819103737192137, 1.15]}
{"CMD":[-5, -5, 0, -5]}
{"Distance":[0.34882820331922615]}
{"Time":[12.3]}
{"Title":['ModelBasedAgentPID']}
