{"IMU":[0.03255977153778076, -0.00751928448677063, 0.78]}
{"Kalman":[0.09956839680645893, -0.05511835492004965, 0.7842141555570741]}
{"CMD":[20.0, 20.0, 0, 6.296906676035057]}
{"Distance":[1.4037860754334432]}
{"Time":[1615323433.7046704]}
{"IMU":[0.03255977153778076, -0.00751928448677063, 0.78]}
{"Kalman":[-0.0021569094909918984, -0.024977462755051118, 0.7827457129340343]}
{"CMD":[20.0, 20.0, 0, 3.276873793503803]}
{"Distance":[1.4498609228628998]}
{"Time":[1615323433.772185]}
{"IMU":[0.03255977153778076, -0.00751928448677063, 0.78]}
{"Kalman":[-0.0021569094909918984, -0.024977462755051118, 0.7827457129340343]}
{"CMD":[20.0, 20.0, 0, 3.276873793503803]}
{"Distance":[1.4498609228628998]}
{"Time":[1615323433.8424933]}
{"IMU":[0.03255977153778076, -0.00751928448677063, 0.78]}
{"Kalman":[-0.0021569094909918984, -0.024977462755051118, 0.7827457129340343]}
{"CMD":[20.0, 20.0, 0, 3.276873793503803]}
{"Distance":[1.4498609228628998]}
{"Time":[1615323433.9308443]}
{"IMU":[0.03255977153778076, -0.00751928448677063, 0.78]}
{"Kalman":[-0.0021569094909918984, -0.024977462755051118, 0.7827457129340343]}
{"CMD":[20.0, 20.0, 0, 3.276873793503803]}
{"Distance":[1.4498609228628998]}
{"Time":[1615323433.9701197]}
{"IMU":[0.03255977153778076, -0.00751928448677063, 0.78]}
{"Kalman":[-0.0021569094909918984, -0.024977462755051118, 0.7827457129340343]}
{"CMD":[20.0, 20.0, 0, 3.276873793503803]}
{"Distance":[1.4498609228628998]}
{"Time":[1615323434.0021677]}
{"IMU":[0.03255977153778076, -0.00751928448677063, 0.78]}
{"Kalman":[-0.0021569094909918984, -0.024977462755051118, 0.7827457129340343]}
{"CMD":[20.0, 20.0, 0, 3.276873793503803]}
{"Distance":[1.4498609228628998]}
{"Time":[1615323434.0503397]}
{"IMU":[0.01784797787666321, -0.004663093090057373, 0.79]}
{"Kalman":[-0.026308578380145158, -0.01846480102661906, 0.7926168639321161]}
{"CMD":[20.0, 20.0, 0, 3.1343322714560706]}
{"Distance":[1.4606805311608064]}
{"Time":[1615323434.1059165]}
{"IMU":[0.01784797787666321, -0.004663093090057373, 0.79]}
{"Kalman":[0.002636026517788168, 0.04472947807767154, 0.7864568548659944]}
{"CMD":[20.0, 20.0, 0, 3.198905455260915]}
{"Distance":[1.3974538777676015]}
{"Time":[1615323434.1454697]}
{"IMU":[0.01784797787666321, -0.004663093090057373, 0.79]}
{"Kalman":[0.011648668059842675, 0.07053152684133751, 0.7864378360963846]}
{"CMD":[20.0, 20.0, 0, 3.2211850345085855]}
{"Distance":[1.3734477768721216]}
{"Time":[1615323434.2074528]}
{"IMU":[0.01784797787666321, -0.004663093090057373, 0.79]}
{"Kalman":[0.011648668059842675, 0.07053152684133751, 0.7864378360963846]}
{"CMD":[20.0, 20.0, 0, 3.2211850345085855]}
{"Distance":[1.3734477768721216]}
{"Time":[1615323434.2657864]}
{"IMU":[0.01784797787666321, -0.004663093090057373, 0.79]}
{"Kalman":[0.011648668059842675, 0.07053152684133751, 0.7864378360963846]}
{"CMD":[20.0, 20.0, 0, 3.2211850345085855]}
{"Distance":[1.3734477768721216]}
{"Time":[1615323434.3096054]}
{"IMU":[0.01784797787666321, -0.004663093090057373, 0.79]}
{"Kalman":[0.011648668059842675, 0.07053152684133751, 0.7864378360963846]}
{"CMD":[20.0, 20.0, 0, 3.2211850345085855]}
{"Distance":[1.3734477768721216]}
{"Time":[1615323434.3634207]}
{"IMU":[0.01784797787666321, -0.004663093090057373, 0.79]}
{"Kalman":[0.011648668059842675, 0.07053152684133751, 0.7864378360963846]}
{"CMD":[20.0, 20.0, 0, 3.2211850345085855]}
{"Distance":[1.3734477768721216]}
{"Time":[1615323434.4200447]}
{"IMU":[0.01784797787666321, -0.004663093090057373, 0.79]}
{"Kalman":[0.011648668059842675, 0.07053152684133751, 0.7864378360963846]}
{"CMD":[20.0, 20.0, 0, 3.2211850345085855]}
{"Distance":[1.3734477768721216]}
{"Time":[1615323434.4741557]}
{"IMU":[0.01784797787666321, -0.004663093090057373, 0.79]}
{"Kalman":[0.011648668059842675, 0.07053152684133751, 0.7864378360963846]}
{"CMD":[20.0, 20.0, 0, 3.2211850345085855]}
{"Distance":[1.3734477768721216]}
{"Time":[1615323434.5300162]}
{"IMU":[0.01784797787666321, -0.004663093090057373, 0.79]}
{"Kalman":[0.011648668059842675, 0.07053152684133751, 0.7864378360963846]}
{"CMD":[20.0, 20.0, 0, 3.2211850345085855]}
{"Distance":[1.3734477768721216]}
{"Time":[1615323434.5785775]}
{"IMU":[0.03034693479537964, 0.03643712759017945, 0.81]}
{"Kalman":[0.025026320475989995, 0.1102928177892633, 0.8064236598736436]}
{"CMD":[20.0, 20.0, 0, 2.919736335558862]}
{"Distance":[1.3340256164327098]}
{"Time":[1615323434.6437788]}
{"IMU":[0.03034693479537964, 0.03643712759017945, 0.81]}
{"Kalman":[0.15984970171751586, 0.36603726004521525, 0.8060024034020823]}
{"CMD":[17.324170946436073, 20.0, 0, 2.9260902000125655]}
{"Distance":[1.0702319126436537]}
{"Time":[1615323434.704177]}
{"IMU":[0.03034693479537964, 0.03643712759017945, 0.81]}
{"Kalman":[0.17065054791246745, 0.3908331827247344, 0.8060024031842822]}
{"CMD":[16.646577806963492, 20.0, 0, 2.9260902032976723]}
{"Distance":[1.0471579596782146]}
{"Time":[1615323434.7566025]}
{"IMU":[0.03034693479537964, 0.03643712759017945, 0.81]}
{"Kalman":[0.1756284078686337, 0.40226104921888267, 0.8060024031841279]}
{"CMD":[16.334290821908514, 20.0, 0, 2.9260902033]}
{"Distance":[1.0365883670794538]}
{"Time":[1615323434.8096914]}
{"IMU":[0.03034693479537964, 0.03643712759017945, 0.81]}
{"Kalman":[0.1756284078686337, 0.40226104921888267, 0.8060024031841279]}
{"CMD":[16.334290821908514, 20.0, 0, 2.9260902033]}
{"Distance":[1.0365883670794538]}
{"Time":[1615323434.8709319]}
{"IMU":[0.03034693479537964, 0.03643712759017945, 0.81]}
{"Kalman":[0.1756284078686337, 0.40226104921888267, 0.8060024031841279]}
{"CMD":[16.334290821908514, 20.0, 0, 2.9260902033]}
{"Distance":[1.0365883670794538]}
{"Time":[1615323434.9173381]}
{"IMU":[0.03034693479537964, 0.03643712759017945, 0.81]}
{"Kalman":[0.17605595078484954, 0.40324257609582237, 0.8060024031841279]}
{"CMD":[16.30746883643057, 20.0, 0, 2.9260902033]}
{"Distance":[1.035682522200767]}
{"Time":[1615323434.9828928]}
{"IMU":[0.03034693479537964, 0.03643712759017945, 0.81]}
{"Kalman":[0.17605595078484954, 0.40324257609582237, 0.8060024031841279]}
{"CMD":[16.30746883643057, 20.0, 0, 2.9260902033]}
{"Distance":[1.035682522200767]}
{"Time":[1615323435.0486224]}
{"IMU":[0.08004544258117675, 0.12861383438110352, 0.82]}
{"Kalman":[0.20649500331716034, 0.4529086757539896, 0.8158735573209954]}
{"CMD":[14.950253425344764, 20.0, 0, 2.7772023413407254]}
{"Distance":[0.9812551369136935]}
{"Time":[1615323435.095385]}
{"IMU":[0.08004544258117675, 0.12861383438110352, 0.82]}
{"Kalman":[0.34945526509239805, 0.5937247458289548, 0.8178529723091149]}
{"CMD":[11.597705528922742, 18.17763054563262, 0, 2.7476237935924885]}
{"Distance":[0.7883181933485827]}
{"Time":[1615323435.162604]}
{"IMU":[0.08004544258117675, 0.12861383438110352, 0.82]}
{"Kalman":[0.39394108072571965, 0.6487870354898742, 0.8178585965530534]}
{"CMD":[9.597525299691842, 16.5616489099482, 0, 2.7472617444187764]}
{"Distance":[0.7237633942950714]}
{"Time":[1615323435.2372248]}
{"IMU":[0.08004544258117675, 0.12861383438110352, 0.82]}
{"Kalman":[0.39394108072571965, 0.6487870354898742, 0.8178585965530534]}
{"CMD":[9.597525299691842, 16.5616489099482, 0, 2.7472617444187764]}
{"Distance":[0.7237633942950714]}
{"Time":[1615323435.311739]}
{"IMU":[0.08004544258117675, 0.12861383438110352, 0.82]}
{"Kalman":[0.39394108072571965, 0.6487870354898742, 0.8178585965530534]}
{"CMD":[9.597525299691842, 16.5616489099482, 0, 2.7472617444187764]}
{"Distance":[0.7237633942950714]}
{"Time":[1615323435.3981638]}
{"IMU":[0.08004544258117675, 0.12861383438110352, 0.82]}
{"Kalman":[0.39394108072571965, 0.6487870354898742, 0.8178585965530534]}
{"CMD":[9.597525299691842, 16.5616489099482, 0, 2.7472617444187764]}
{"Distance":[0.7237633942950714]}
{"Time":[1615323435.4590359]}
{"IMU":[0.08004544258117675, 0.12861383438110352, 0.82]}
{"Kalman":[0.39394108072571965, 0.6487870354898742, 0.8178585965530534]}
{"CMD":[9.597525299691842, 16.5616489099482, 0, 2.7472617444187764]}
{"Distance":[0.7237633942950714]}
{"Time":[1615323435.5300002]}
{"IMU":[0.08004544258117675, 0.12861383438110352, 0.82]}
