{"IMU":[2.1945858092303516, 1.7729157779808042, 0.7]}
{"Kalman":[2.1454951078548525, 1.7656607147054726, 0.6696818044751897]}
{"UWB":[2.12074837, 1.7408302, 0.52453422]}
{"Distance":[1.2785825692362993]}
{"Time":[1615562653.4623816]}
{"IMU":[2.212272662639165, 1.8274106524581908, 0.68]}
{"Kalman":[2.1558692676274607, 1.9836675817996727, 0.6838535439043899]}
{"UWB":[2.1219979, 2.01626217, 0.63598001]}
{"Distance":[1.065833730490815]}
{"Time":[1615562654.0337603]}
{"IMU":[2.2320483345980886, 1.9275838063354491, 0.67]}
{"Kalman":[2.1676576381277037, 2.0307760057641993, 0.6706009327634307]}
{"UWB":[2.12926581, 2.00981491, 0.76538892]}
{"Distance":[1.025902750018607]}
{"Time":[1615562654.5523813]}
{"IMU":[2.2640326828952078, 2.1013931248779296, 0.68]}
{"Kalman":[2.230583572806335, 2.247220019646763, 0.6766290250576456]}
{"UWB":[2.20715764, 2.19701942, 0.78921653]}
{"Distance":[0.8296376050678128]}
{"Time":[1615562655.0758858]}
{"IMU":[2.301935319423223, 2.336103474914551, 0.69]}
{"Kalman":[2.19321161277456, 2.6524500799506305, 0.6871831592211814]}
{"UWB":[2.13311931, 2.61506153, 1.22116764]}
{"Distance":[0.47679526796854677]}
{"Time":[1615562655.6270466]}
{"IMU":[2.339982347011113, 2.611772076904297, 0.71]}
{"Kalman":[2.145099652977316, 2.9916345495263905, 0.7050203244125757]}
{"UWB":[2.04872018, 2.98587899, 1.42877758]}
{"Distance":[0.29852465303549525]}
{"Time":[1615562656.1693285]}
