{"IMU":[2.044148235374612, 1.942803013810885, 0.73]}
{"Kalman":[2.1258083647810078, 1.9021436473089326, 0.744758999680171]}
{"UWB":[2.18295298, 1.86939545, 1.00615371]}
{"Distance":[1.127431865383035]}
{"Time":[1615561023.0980465]}
{"IMU":[2.044148235374612, 1.942803013810885, 0.73]}
{"Kalman":[2.127922037077176, 1.905412700178542, 0.7457630051806498]}
{"UWB":[2.16119314, 1.88752014, 1.22749595]}
{"Distance":[1.1240718155970926]}
{"Time":[1615561023.2074428]}
{"IMU":[2.044148235374612, 1.942803013810885, 0.73]}
{"Kalman":[2.1274903217919725, 1.9057518057727303, 0.7457684604312214]}
{"UWB":[2.16119314, 1.88752014, 1.22749595]}
{"Distance":[1.1237297291045467]}
{"Time":[1615561023.284499]}
{"IMU":[2.044148235374612, 1.942803013810885, 0.73]}
{"Kalman":[2.1274903217919725, 1.9057518057727303, 0.7457684604312214]}
{"UWB":[2.16119314, 1.88752014, 1.22749595]}
{"Distance":[1.1237297291045467]}
{"Time":[1615561023.3326917]}
{"IMU":[2.0349573612748806, 1.9267755452189566, 0.69]}
{"Kalman":[2.118875820804318, 1.9325263403260067, 0.7062392405115786]}
{"UWB":[2.14904062, 1.95761688, 1.11886629]}
{"Distance":[1.1073173413814303]}
{"Time":[1615561023.4402914]}
{"IMU":[2.0349573612748806, 1.9267755452189566, 0.69]}
{"Kalman":[2.1409801656040592, 1.9512902849396, 0.6981815624121547]}
{"UWB":[2.18166432, 1.97437666, 1.11733859]}
{"Distance":[1.0920466151694117]}
{"Time":[1615561023.5539644]}
{"IMU":[2.0349573612748806, 1.9267755452189566, 0.69]}
{"Kalman":[2.128966367409314, 1.9699574587599658, 0.6982016606590111]}
{"UWB":[2.15493931, 2.01496493, 1.17341293]}
{"Distance":[1.073735966070848]}
{"Time":[1615561023.6619155]}
{"IMU":[2.0349573612748806, 1.9267755452189566, 0.69]}
{"Kalman":[2.128966367409314, 1.9699574587599658, 0.6982016606590111]}
{"UWB":[2.15493931, 2.01496493, 1.17341293]}
{"Distance":[1.073735966070848]}
{"Time":[1615561023.6817775]}
{"IMU":[2.0349573612748806, 1.9267755452189566, 0.69]}
{"Kalman":[2.128966367409314, 1.9699574587599658, 0.6982016606590111]}
{"UWB":[2.15493931, 2.01496493, 1.17341293]}
{"Distance":[1.073735966070848]}
{"Time":[1615561023.6985445]}
{"IMU":[2.0349573612748806, 1.9267755452189566, 0.69]}
{"Kalman":[2.128966367409314, 1.9699574587599658, 0.6982016606590111]}
{"UWB":[2.15493931, 2.01496493, 1.17341293]}
{"Distance":[1.073735966070848]}
{"Time":[1615561023.7220197]}
{"IMU":[2.0349573612748806, 1.9267755452189566, 0.69]}
{"Kalman":[2.128966367409314, 1.9699574587599658, 0.6982016606590111]}
{"UWB":[2.15493931, 2.01496493, 1.17341293]}
{"Distance":[1.073735966070848]}
{"Time":[1615561023.7495384]}
{"IMU":[2.0349573612748806, 1.9267755452189566, 0.69]}
{"Kalman":[2.128966367409314, 1.9699574587599658, 0.6982016606590111]}
{"UWB":[2.15493931, 2.01496493, 1.17341293]}
{"Distance":[1.073735966070848]}
{"Time":[1615561023.7719562]}
{"IMU":[2.0349573612748806, 1.9267755452189566, 0.69]}
{"Kalman":[2.128966367409314, 1.9699574587599658, 0.6982016606590111]}
{"UWB":[2.15493931, 2.01496493, 1.17341293]}
{"Distance":[1.073735966070848]}
{"Time":[1615561023.78437]}
{"IMU":[2.0349573612748806, 1.9267755452189566, 0.69]}
{"Kalman":[2.128966367409314, 1.9699574587599658, 0.6982016606590111]}
{"UWB":[2.15493931, 2.01496493, 1.17341293]}
{"Distance":[1.073735966070848]}
{"Time":[1615561023.7978177]}
{"IMU":[2.0349573612748806, 1.9267755452189566, 0.69]}
{"Kalman":[2.128966367409314, 1.9699574587599658, 0.6982016606590111]}
{"UWB":[2.15493931, 2.01496493, 1.17341293]}
{"Distance":[1.073735966070848]}
{"Time":[1615561023.811384]}
{"IMU":[2.0349573612748806, 1.9267755452189566, 0.69]}
{"Kalman":[2.128966367409314, 1.9699574587599658, 0.6982016606590111]}
{"UWB":[2.11440678, 1.95856577, 0.95442154]}
{"Distance":[1.073735966070848]}
{"Time":[1615561023.8253868]}
{"IMU":[2.0349573612748806, 1.9267755452189566, 0.69]}
{"Kalman":[2.128966367409314, 1.9699574587599658, 0.6982016606590111]}
{"UWB":[2.11440678, 1.95856577, 0.95442154]}
{"Distance":[1.073735966070848]}
{"Time":[1615561023.839305]}
{"IMU":[2.0349573612748806, 1.9267755452189566, 0.69]}
{"Kalman":[2.128966367409314, 1.9699574587599658, 0.6982016606590111]}
{"UWB":[2.11440678, 1.95856577, 0.95442154]}
{"Distance":[1.073735966070848]}
{"Time":[1615561023.8556943]}
{"IMU":[2.0456748605310144, 1.9023684744928002, 0.68]}
{"Kalman":[2.12514925689859, 1.9113413885644173, 0.6880217221921202]}
{"UWB":[2.16935524, 1.91147299, 0.80684558]}
{"Distance":[1.1327579190627506]}
{"Time":[1615561023.9887302]}
{"IMU":[2.0456748605310144, 1.9023684744928002, 0.68]}
{"Kalman":[2.1247034199441264, 1.9098370267280902, 0.6847939481675339]}
{"UWB":[2.14088419, 1.89422412, 0.91188354]}
{"Distance":[1.1350860858815062]}
{"Time":[1615561024.1400204]}
{"IMU":[2.0456748605310144, 1.9023684744928002, 0.68]}
{"Kalman":[2.118837211134293, 1.907992482635505, 0.6838567568957783]}
{"UWB":[2.10179833, 2.10933589, 1.22215412]}
{"Distance":[1.1370056326440696]}
{"Time":[1615561024.2829375]}
{"IMU":[2.0456748605310144, 1.9023684744928002, 0.68]}
{"Kalman":[2.0757664192500527, 2.0373454516805127, 0.6839086329810911]}
{"UWB":[2.064589, 2.07892194, 0.88569676]}
{"Distance":[1.0135111238363608]}
{"Time":[1615561024.43282]}
{"IMU":[2.0456748605310144, 1.9023684744928002, 0.68]}
{"Kalman":[2.068197314654783, 2.031311242790181, 0.6838309463199814]}
{"UWB":[2.064589, 2.07892194, 0.88569676]}
{"Distance":[1.019476429175677]}
{"Time":[1615561024.494555]}
{"IMU":[2.082231538349313, 1.8835526566598535, 0.68]}
{"Kalman":[2.0418112176004066, 2.01862075998041, 0.6836861277738381]}
{"UWB":[2.00087166, 2.06846016, 0.73338513]}
{"Distance":[1.0327369524236478]}
{"Time":[1615561024.612798]}
{"IMU":[2.082231538349313, 1.8835526566598535, 0.68]}
{"Kalman":[1.998045928860833, 2.0163682187760523, 0.6804408373369875]}
{"UWB":[1.93296033, 2.03978122, 0.74182684]}
{"Distance":[1.0392517366343597]}
{"Time":[1615561024.7689898]}
{"IMU":[2.082231538349313, 1.8835526566598535, 0.68]}
{"Kalman":[1.9936265516273395, 2.014549979995994, 0.6804315201702603]}
{"UWB":[1.93296033, 2.03978122, 0.74182684]}
{"Distance":[1.0414178151660733]}
{"Time":[1615561024.8880775]}
{"IMU":[2.082231538349313, 1.8835526566598535, 0.68]}
{"Kalman":[2.134564686290846, 2.113739522220228, 0.6812328377546387]}
{"UWB":[2.14770417, 2.20465535, 1.55530579]}
{"Distance":[0.9424780399238883]}
{"Time":[1615561025.0951734]}
{"IMU":[2.160824091488046, 1.8615399079415917, 0.69]}
{"Kalman":[2.1621121962119876, 2.1177295604427666, 0.6888935720622186]}
{"UWB":[2.04809276, 2.16827082, 1.1874493]}
{"Distance":[0.9375746705937592]}
{"Time":[1615561025.2114635]}
{"IMU":[2.160824091488046, 1.8615399079415917, 0.69]}
{"Kalman":[2.1005256669022923, 2.1067538735051072, 0.6908607340677992]}
{"UWB":[2.04809276, 2.16827082, 1.1874493]}
{"Distance":[0.9452280172344248]}
{"Time":[1615561025.3548498]}
{"IMU":[2.160824091488046, 1.8615399079415917, 0.69]}
{"Kalman":[2.1106316037646655, 2.126164545290626, 0.6882411678399128]}
{"UWB":[2.0637028, 2.18846642, 1.1619449]}
{"Distance":[0.9278442769859435]}
{"Time":[1615561025.4846072]}
{"IMU":[2.160824091488046, 1.8615399079415917, 0.69]}
{"Kalman":[2.1050159353163487, 2.1497977534674466, 0.688271544345382]}
{"UWB":[2.06209044, 2.24503827, 1.24407421]}
{"Distance":[0.9055626149973903]}
{"Time":[1615561025.6701264]}
{"IMU":[2.2938281083642664, 1.838393264302981, 0.69]}
{"Kalman":[2.149541012880609, 2.158601391877022, 0.6883213293546301]}
{"UWB":[2.02055598, 2.45627219, 1.41960478]}
{"Distance":[0.8986375929393263]}
{"Time":[1615561025.8097765]}
{"IMU":[2.2938281083642664, 1.838393264302981, 0.7]}
{"Kalman":[2.126925878512545, 2.318956429580308, 0.6984795535100047]}
{"UWB":[1.99331495, 2.46488352, 1.17373824]}
{"Distance":[0.7452918404190406]}
{"Time":[1615561025.954842]}
{"IMU":[2.2938281083642664, 1.838393264302981, 0.7]}
{"Kalman":[2.1088175214618117, 2.335284619979529, 0.697758816480286]}
{"UWB":[1.99331495, 2.46488352, 1.17373824]}
{"Distance":[0.7302561318714728]}
{"Time":[1615561026.0834882]}
{"IMU":[2.4950576997338954, 1.838393264302981, 0.7]}
