{"IMU":[0.023699398040771483, -0.01781517505645752, 0.81]}
{"Kalman":[0.05949346236517534, -0.03828035419353598, 0.8166345879517476]}
{"CMD":[20.0, 20.0, 0, 2.8063143337128453]}
{"Distance":[1.4128699570638927]}
{"Time":[1615323569.587735]}
{"IMU":[0.023699398040771483, -0.01781517505645752, 0.81]}
{"Kalman":[0.04735659173911441, -0.0400529600828165, 0.8165512404472506]}
{"CMD":[20.0, 20.0, 0, 2.76698076133549]}
{"Distance":[1.422284454833627]}
{"Time":[1615323569.7136989]}
{"IMU":[0.023699398040771483, -0.01781517505645752, 0.81]}
{"Kalman":[0.04735659173911441, -0.0400529600828165, 0.8165512404472506]}
{"CMD":[20.0, 20.0, 0, 2.76698076133549]}
{"Distance":[1.422284454833627]}
{"Time":[1615323569.750064]}
{"IMU":[0.023699398040771483, -0.01781517505645752, 0.81]}
{"Kalman":[0.04735659173911441, -0.0400529600828165, 0.8165512404472506]}
{"CMD":[20.0, 20.0, 0, 2.76698076133549]}
{"Distance":[1.422284454833627]}
{"Time":[1615323569.8136556]}
{"IMU":[0.023699398040771483, -0.01781517505645752, 0.81]}
{"Kalman":[0.04735659173911441, -0.0400529600828165, 0.8165512404472506]}
{"CMD":[20.0, 20.0, 0, 2.76698076133549]}
{"Distance":[1.422284454833627]}
{"Time":[1615323569.8885403]}
{"IMU":[0.023699398040771483, -0.01781517505645752, 0.81]}
{"Kalman":[0.04735659173911441, -0.0400529600828165, 0.8165512404472506]}
{"CMD":[20.0, 20.0, 0, 2.76698076133549]}
{"Distance":[1.422284454833627]}
{"Time":[1615323569.9245837]}
{"IMU":[0.023699398040771483, -0.01781517505645752, 0.81]}
{"Kalman":[0.04735659173911441, -0.0400529600828165, 0.8165512404472506]}
{"CMD":[20.0, 20.0, 0, 2.76698076133549]}
{"Distance":[1.422284454833627]}
{"Time":[1615323569.9551365]}
{"IMU":[0.03764626502990723, -0.005068692564964295, 0.79]}
{"Kalman":[0.16603768740251226, 0.0939894497821416, 0.7905838029192923]}
{"CMD":[20.0, 20.0, 0, 3.158650894380905]}
{"Distance":[1.2490810220072845]}
{"Time":[1615323570.0121374]}
{"IMU":[0.03764626502990723, -0.005068692564964295, 0.79]}
{"Kalman":[0.19901160375185373, 0.1479965958845179, 0.7902550541481514]}
{"CMD":[20.0, 20.0, 0, 3.1636094535299404]}
{"Distance":[1.188059406704455]}
{"Time":[1615323570.056183]}
{"IMU":[0.03764626502990723, -0.005068692564964295, 0.79]}
{"Kalman":[0.2446579209805092, 0.22276830954159121, 0.7902359488728795]}
{"CMD":[20.0, 20.0, 0, 3.1638976208048044]}
{"Distance":[1.1039165340439392]}
{"Time":[1615323570.1012225]}
{"IMU":[0.03764626502990723, -0.005068692564964295, 0.79]}
{"Kalman":[0.2446579209805092, 0.22276830954159121, 0.7902359488728795]}
{"CMD":[20.0, 20.0, 0, 3.1638976208048044]}
{"Distance":[1.1039165340439392]}
{"Time":[1615323570.1418762]}
{"IMU":[0.03764626502990723, -0.005068692564964295, 0.79]}
{"Kalman":[0.2446579209805092, 0.22276830954159121, 0.7902359488728795]}
{"CMD":[20.0, 20.0, 0, 3.1638976208048044]}
{"Distance":[1.1039165340439392]}
{"Time":[1615323570.1786053]}
{"IMU":[0.03764626502990723, -0.005068692564964295, 0.79]}
{"Kalman":[0.2446579209805092, 0.22276830954159121, 0.7902359488728795]}
{"CMD":[20.0, 20.0, 0, 3.1638976208048044]}
{"Distance":[1.1039165340439392]}
{"Time":[1615323570.2206311]}
{"IMU":[0.03764626502990723, -0.005068692564964295, 0.79]}
{"Kalman":[0.2446579209805092, 0.22276830954159121, 0.7902359488728795]}
{"CMD":[20.0, 20.0, 0, 3.1638976208048044]}
{"Distance":[1.1039165340439392]}
{"Time":[1615323570.264109]}
{"IMU":[0.03764626502990723, -0.005068692564964295, 0.79]}
{"Kalman":[0.2446579209805092, 0.22276830954159121, 0.7902359488728795]}
{"CMD":[20.0, 20.0, 0, 3.1638976208048044]}
{"Distance":[1.1039165340439392]}
{"Time":[1615323570.3235836]}
{"IMU":[0.03764626502990723, -0.005068692564964295, 0.79]}
{"Kalman":[0.2446579209805092, 0.22276830954159121, 0.7902359488728795]}
{"CMD":[20.0, 20.0, 0, 3.1638976208048044]}
{"Distance":[1.1039165340439392]}
{"Time":[1615323570.3686082]}
{"IMU":[0.03764626502990723, -0.005068692564964295, 0.79]}
{"Kalman":[0.2446579209805092, 0.22276830954159121, 0.7902359488728795]}
{"CMD":[20.0, 20.0, 0, 3.1638976208048044]}
{"Distance":[1.1039165340439392]}
{"Time":[1615323570.4116473]}
{"IMU":[0.03764626502990723, -0.005068692564964295, 0.79]}
{"Kalman":[0.2446579209805092, 0.22276830954159121, 0.7902359488728795]}
{"CMD":[20.0, 20.0, 0, 3.1638976208048044]}
{"Distance":[1.1039165340439392]}
{"Time":[1615323570.4522314]}
{"IMU":[0.1289224910736084, 0.07709574699401855, 0.8]}
{"Kalman":[0.3119188817007955, 0.29100762432418525, 0.7996863350047406]}
{"CMD":[20.0, 20.0, 0, 3.1638978137882017]}
{"Distance":[1.0080929414047857]}
{"Time":[1615323570.5161593]}
{"IMU":[0.1289224910736084, 0.07709574699401855, 0.8]}
{"Kalman":[0.512570489076289, 0.48538817066359774, 0.797249829639254]}
{"CMD":[14.062692869170618, 13.319887178515193, 0, 3.058106373209703]}
{"Distance":[0.7372384245233004]}
{"Time":[1615323570.5742762]}
{"IMU":[0.1289224910736084, 0.07709574699401855, 0.8]}
{"Kalman":[0.5591765917125195, 0.5467132760562063, 0.7970857132358425]}
{"CMD":[12.386874177987707, 12.046291684125745, 0, 3.0605817616068007]}
{"Distance":[0.6640544700330647]}
{"Time":[1615323570.624488]}
{"IMU":[0.1289224910736084, 0.07709574699401855, 0.8]}
{"Kalman":[0.65345133457935, 0.6707615948847206, 0.7970761688332454]}
{"CMD":[8.997030981277979, 9.470064946458544, 0, 3.060725721034105]}
{"Distance":[0.5192995148881616]}
{"Time":[1615323570.6607516]}
{"IMU":[0.1289224910736084, 0.07709574699401855, 0.8]}
{"Kalman":[0.65345133457935, 0.6707615948847206, 0.7970761688332454]}
{"CMD":[8.997030981277979, 9.470064946458544, 0, 3.060725721034105]}
{"Distance":[0.5192995148881616]}
{"Time":[1615323570.6934264]}
{"IMU":[0.1289224910736084, 0.07709574699401855, 0.8]}
{"Kalman":[0.65345133457935, 0.6707615948847206, 0.7970761688332454]}
{"CMD":[8.997030981277979, 9.470064946458544, 0, 3.060725721034105]}
{"Distance":[0.5192995148881616]}
{"Time":[1615323570.7294464]}
{"IMU":[0.1289224910736084, 0.07709574699401855, 0.8]}
{"Kalman":[0.65345133457935, 0.6707615948847206, 0.7970761688332454]}
{"CMD":[8.997030981277979, 9.470064946458544, 0, 3.060725721034105]}
{"Distance":[0.5192995148881616]}
{"Time":[1615323570.7731078]}
{"IMU":[0.1289224910736084, 0.07709574699401855, 0.8]}
{"Kalman":[0.65345133457935, 0.6707615948847206, 0.7970761688332454]}
{"CMD":[8.997030981277979, 9.470064946458544, 0, 3.060725721034105]}
{"Distance":[0.5192995148881616]}
{"Time":[1615323570.815659]}
{"IMU":[0.1289224910736084, 0.07709574699401855, 0.8]}
{"Kalman":[0.65345133457935, 0.6707615948847206, 0.7970761688332454]}
{"CMD":[8.997030981277979, 9.470064946458544, 0, 3.060725721034105]}
{"Distance":[0.5192995148881616]}
{"Time":[1615323570.8612287]}
{"IMU":[0.1289224910736084, 0.07709574699401855, 0.8]}
{"Kalman":[0.65345133457935, 0.6707615948847206, 0.7970761688332454]}
{"CMD":[8.997030981277979, 9.470064946458544, 0, 3.060725721034105]}
{"Distance":[0.5192995148881616]}
{"Time":[1615323570.9060068]}
{"IMU":[0.1289224910736084, 0.07709574699401855, 0.8]}
{"Kalman":[0.65345133457935, 0.6707615948847206, 0.7970761688332454]}
{"CMD":[8.997030981277979, 9.470064946458544, 0, 3.060725721034105]}
{"Distance":[0.5192995148881616]}
{"Time":[1615323570.948851]}
{"IMU":[0.2529500198364258, 0.19477535247802735, 0.81]}
{"Kalman":[0.8792431155840807, 0.8924427491755238, 0.8054911234354605]}
{"CMD":[2.9391951330528103, 3.2998988374768103, 0, 2.9338019001883957]}
{"Distance":[0.25295155741991043]}
{"Time":[1615323571.0458467]}
{"IMU":[0.2529500198364258, 0.19477535247802735, 0.81]}
{"Kalman":[0.9239943564756813, 0.9499861246164363, 0.8054863459734968]}
{"CMD":[1.3667190076508366, 2.07699077299573, 0, 2.933873959249323]}
{"Distance":[0.2147412563555747]}
{"Time":[1615323571.113587]}
{"IMU":[0.2529500198364258, 0.19477535247802735, 0.81]}
{"Kalman":[0.9239943564756813, 0.9499861246164363, 0.8054863459734968]}
{"CMD":[1.3667190076508366, 2.07699077299573, 0, 2.933873959249323]}
{"Distance":[0.2147412563555747]}
{"Time":[1615323571.1720822]}
{"IMU":[0.2529500198364258, 0.19477535247802735, 0.81]}
