{"IMU":[2.6826602406799794e-05, -0.004816662669181824, 0.78]}
{"Kalman":[0.014605655171368793, 0.0031319020698602935, 0.8022605317665353]}
{"CMD":[-0.04886963352355801, 15.375915157561062, 0, 2.4520704209432638]}
{"Distance":[1.00504364130523]}
{"Time":[1615307604.8886807]}
{"IMU":[2.6826602406799794e-05, -0.004816662669181824, 0.78]}
{"Kalman":[0.014605655171368793, 0.0031319020698602935, 0.8022605317665353]}
{"CMD":[-0.04886963352355801, 15.375915157561062, 0, 2.4520704209432638]}
{"Distance":[1.00504364130523]}
{"Time":[1615307605.0033114]}
{"IMU":[0.012934041023254395, -0.0003089672513306141, 0.75]}
{"Kalman":[0.0271083958979028, 0.0073603598949176, 0.776009665652854]}
{"CMD":[-0.04886963352355801, 15.375915157561062, 0, 2.4520704209432638]}
{"Distance":[0.9983706316349058]}
{"Time":[1615307605.117759]}
{"IMU":[0.012934041023254395, -0.0003089672513306141, 0.75]}
{"Kalman":[0.050134292525425346, 0.001947688618628885, 0.751193682344292]}
{"CMD":[-0.04114938721090485, 14.843823919598861, 0, 3.017512368682409]}
{"Distance":[0.9819130508515113]}
{"Time":[1615307605.2458076]}
{"IMU":[0.012934041023254395, -0.0003089672513306141, 0.75]}
{"Kalman":[0.050134292525425346, 0.001947688618628885, 0.751193682344292]}
{"CMD":[-0.030391380984222286, 14.821532725302704, 0, 3.0853254411863844]}
{"Distance":[0.9819130508515113]}
{"Time":[1615307605.3666754]}
{"IMU":[0.012934041023254395, -0.0003089672513306141, 0.75]}
{"Kalman":[0.050134292525425346, 0.001947688618628885, 0.751193682344292]}
{"CMD":[-0.030391380984222286, 14.821532725302704, 0, 3.0853254411863844]}
{"Distance":[0.9819130508515113]}
{"Time":[1615307605.4807312]}
{"IMU":[0.012934041023254395, -0.0003089672513306141, 0.75]}
{"Kalman":[0.050134292525425346, 0.001947688618628885, 0.751193682344292]}
{"CMD":[-0.030391380984222286, 14.821532725302704, 0, 3.0853254411863844]}
{"Distance":[0.9819130508515113]}
{"Time":[1615307605.593785]}
{"IMU":[0.0894121265411377, 0.0066051185131073, 0.76]}
{"Kalman":[0.20059743611754355, 0.014988055128483276, 0.7481004216938428]}
{"CMD":[-0.13650775698378653, 13.637331407819904, 0, 2.965725281973538]}
{"Distance":[0.8382854516745469]}
{"Time":[1615307605.719763]}
{"IMU":[0.0894121265411377, 0.0066051185131073, 0.76]}
{"Kalman":[0.20059799616671187, 0.014988148041475073, 0.7481000319886475]}
{"CMD":[-0.2338709017783992, 12.473733042512078, 0, 3.123683453438541]}
{"Distance":[0.8382850363680064]}
{"Time":[1615307605.8377693]}
{"IMU":[0.0894121265411377, 0.0066051185131073, 0.76]}
{"Kalman":[0.20059799616671187, 0.014988148041475073, 0.7481000319886475]}
{"CMD":[-0.2338723515759208, 12.473724303606135, 0, 3.123688285982043]}
{"Distance":[0.8382850363680064]}
{"Time":[1615307605.9517646]}
{"IMU":[0.0894121265411377, 0.0066051185131073, 0.76]}
{"Kalman":[0.20059799616671187, 0.014988148041475073, 0.7481000319886475]}
{"CMD":[-0.2338723515759208, 12.473724303606135, 0, 3.123688285982043]}
{"Distance":[0.8382850363680064]}
{"Time":[1615307606.064762]}
{"IMU":[0.23171163558959962, 0.02107128858566284, 0.77]}
{"Kalman":[0.39977132720904357, 0.03859606436847409, 0.7560119753128319]}
{"CMD":[-0.2338723515759208, 12.473724303606135, 0, 3.123688285982043]}
{"Distance":[0.649071854277995]}
{"Time":[1615307606.1792786]}
{"IMU":[0.23171163558959962, 0.02107128858566284, 0.77]}
{"Kalman":[0.40071425422503204, 0.038895871012769256, 0.7558973043405638]}
{"CMD":[-0.6022460086764851, 9.36585966461401, 0, 3.025576146960275]}
{"Distance":[0.6482610738731001]}
{"Time":[1615307606.3092966]}
{"IMU":[0.23171163558959962, 0.02107128858566284, 0.77]}
{"Kalman":[0.40071425422503204, 0.038895871012769256, 0.7558973043405638]}
{"CMD":[-0.6069241373369021, 9.351146401975862, 0, 3.026998125595858]}
{"Distance":[0.6482610738731001]}
{"Time":[1615307606.4246473]}
{"IMU":[0.23171163558959962, 0.02107128858566284, 0.77]}
{"Kalman":[0.40071425422503204, 0.038895871012769256, 0.7558973043405638]}
{"CMD":[-0.6069241373369021, 9.351146401975862, 0, 3.026998125595858]}
{"Distance":[0.6482610738731001]}
{"Time":[1615307606.5436444]}
{"IMU":[0.4210090637207031, 0.04727355480194092, 0.78]}
{"Kalman":[0.6235355398922522, 0.07777653431707555, 0.7638159588811684]}
{"CMD":[-0.6069241373369021, 9.351146401975862, 0, 3.026998125595858]}
{"Distance":[0.451173558948012]}
{"Time":[1615307606.6606464]}
{"IMU":[0.4210090637207031, 0.04727355480194092, 0.78]}
{"Kalman":[0.6241415458478945, 0.07819802487449533, 0.7637019579767184]}
{"CMD":[-1.2136109763411167, 5.874283355523449, 0, 2.928802764062067]}
{"Distance":[0.450800702435033]}
{"Time":[1615307606.7834892]}
{"IMU":[0.4210090637207031, 0.04727355480194092, 0.78]}
{"Kalman":[0.6241415458478945, 0.07819802487449533, 0.7637019579767184]}
{"CMD":[-1.220187838776558, 5.864827348181988, 0, 2.9302164335144028]}
{"Distance":[0.450800702435033]}
{"Time":[1615307606.9014413]}
{"IMU":[0.4210090637207031, 0.04727355480194092, 0.78]}
{"Kalman":[0.6241415458478945, 0.07819802487449533, 0.7637019579767184]}
{"CMD":[-1.220187838776558, 5.864827348181988, 0, 2.9302164335144028]}
{"Distance":[0.450800702435033]}
{"Time":[1615307607.0160537]}
{"IMU":[0.6229571533203125, 0.08059250831604003, 0.8]}
{"Kalman":[0.8197976953336299, 0.10944771537388262, 0.7811983954484544]}
{"CMD":[-1.220187838776558, 5.864827348181988, 0, 2.9302164335144028]}
{"Distance":[0.3038516334693046]}
{"Time":[1615307607.1327853]}
{"IMU":[0.6229571533203125, 0.08059250831604003, 0.8]}
{"Kalman":[0.8270326806334463, 0.11329076652914327, 0.7843580968048786]}
{"CMD":[-1.7623415256238224, 2.7059549058056316, 0, 2.678029381777782]}
{"Distance":[0.29875394853160747]}
{"Time":[1615307607.2521436]}
{"IMU":[0.6229571533203125, 0.08059250831604003, 0.8]}
{"Kalman":[0.8270326806334463, 0.11329076652914327, 0.7843580968048786]}
{"CMD":[-1.7677686333689138, 2.6989507719099146, 0, 2.674069759894202]}
{"Distance":[0.29875394853160747]}
{"Time":[1615307607.365651]}
{"IMU":[0.6229571533203125, 0.08059250831604003, 0.8]}
{"Kalman":[0.8270326806334463, 0.11329076652914327, 0.7843580968048786]}
{"CMD":[-1.7677686333689138, 2.6989507719099146, 0, 2.674069759894202]}
{"Distance":[0.29875394853160747]}
{"Time":[1615307607.4794474]}
{"IMU":[0.8193802642822265, 0.11346559524536133, 0.82]}
{"Kalman":[1.0173209933602183, 0.14411193857596258, 0.8018605324955552]}
{"CMD":[-1.7677686333689138, 2.6989507719099146, 0, 2.674069759894202]}
{"Distance":[0.24561660414974323]}
{"Time":[1615307607.5944571]}
{"IMU":[0.8193802642822265, 0.11346559524536133, 0.82]}
{"Kalman":[1.0084596906455974, 0.12991222507943653, 0.8034237984910375]}
{"CMD":[-2.2486966282732306, -0.27027364805682097, 0, 2.4570306162423186]}
{"Distance":[0.23577734325121574]}
{"Time":[1615307607.7144732]}
{"IMU":[0.8193802642822265, 0.11346559524536133, 0.82]}
{"Kalman":[1.0084596906455974, 0.12991222507943653, 0.8034237984910375]}
{"CMD":[-2.0271268667558457, -0.13200348297973993, 0, 2.437645319306743]}
{"Distance":[0.23577734325121574]}
{"Time":[1615307607.829479]}
{"IMU":[0.8193802642822265, 0.11346559524536133, 0.82]}
{"Kalman":[1.0084596906455974, 0.12991222507943653, 0.8034237984910375]}
{"CMD":[-2.0271268667558457, -0.13200348297973993, 0, 2.437645319306743]}
{"Distance":[0.23577734325121574]}
{"Time":[1615307607.9436626]}
{"IMU":[0.8193802642822265, 0.11346559524536133, 0.82]}
{"Kalman":[1.0084596906455974, 0.12991222507943653, 0.8034237984910375]}
{"CMD":[-2.0271268667558457, -0.13200348297973993, 0, 2.437645319306743]}
{"Distance":[0.23577734325121574]}
{"Time":[1615307608.0591924]}
{"IMU":[0.9959980010986328, 0.13467201232910156, 0.84]}
{"Kalman":[1.1610267743092046, 0.13550809043957845, 0.8253311269822536]}
{"CMD":[-2.0271268667558457, -0.13200348297973993, 0, 2.437645319306743]}
{"Distance":[0.27349822635676835]}
{"Time":[1615307608.1741512]}
{"IMU":[0.9959980010986328, 0.13467201232910156, 0.84]}
{"Kalman":[1.160741882537247, 0.1350414279686185, 0.8254947122957645]}
{"CMD":[-2.1071620210713444, -2.508187266478764, 0, 2.163954713241886]}
{"Distance":[0.2729949367775155]}
