{"IMU":[-0.0031754785776138307, 0.001071287989616394, 0.76]}
{"Kalman":[-0.0025920588468151223, -0.0027762767315694654, 0.758704511999438]}
{"CMD":[-0.05360108289737146, 15.670922048984735, 0, 2.9807877074663534]}
{"Distance":[1.0312235726090706]}
{"Time":[1615306478.6346414]}
{"IMU":[-0.0031754785776138307, 0.001071287989616394, 0.76]}
{"Kalman":[-0.002590679298939346, -0.0027817916656456064, 0.7587043312012659]}
{"CMD":[0.043385068461254575, 15.644249030425962, 0, 2.992189293050018]}
{"Distance":[1.0312222885309492]}
{"Time":[1615306478.7481308]}
{"IMU":[-0.0031754785776138307, 0.001071287989616394, 0.76]}
{"Kalman":[-0.002590679298939346, -0.0027817916656456064, 0.7587043312012659]}
{"CMD":[0.04340657409031087, 15.644243650843094, 0, 2.992189558558577]}
{"Distance":[1.0312222885309492]}
{"Time":[1615306478.8626034]}
{"IMU":[-0.0031754785776138307, 0.001071287989616394, 0.76]}
{"Kalman":[-0.002590679298939346, -0.0027817916656456064, 0.7587043312012659]}
{"CMD":[0.04340657409031087, 15.644243650843094, 0, 2.992189558558577]}
{"Distance":[1.0312222885309492]}
{"Time":[1615306478.9747345]}
{"IMU":[0.02230133056640625, 0.0009444416314363479, 0.78]}
{"Kalman":[0.07890565935052865, -0.005604656225909017, 0.7751416420048755]}
{"CMD":[0.04340657409031087, 15.644243650843094, 0, 2.992189558558577]}
{"Distance":[0.9481600485720534]}
{"Time":[1615306479.086722]}
{"IMU":[0.02230133056640625, 0.0009444416314363479, 0.78]}
{"Kalman":[0.08266377982592502, -0.005987354494856121, 0.7746762811135391]}
{"CMD":[0.08745404220059769, 14.37258952039037, 0, 2.7883585076234403]}
{"Distance":[0.9446228705414298]}
{"Time":[1615306479.2007227]}
{"IMU":[0.02230133056640625, 0.0009444416314363479, 0.78]}
{"Kalman":[0.08266377982592502, -0.005987354494856121, 0.7746762811135391]}
{"CMD":[0.09342559678192573, 14.313948488112437, 0, 2.794129220404777]}
{"Distance":[0.9446228705414298]}
{"Time":[1615306479.3177855]}
{"IMU":[0.02230133056640625, 0.0009444416314363479, 0.78]}
{"Kalman":[0.08266377982592502, -0.005987354494856121, 0.7746762811135391]}
{"CMD":[0.09342559678192573, 14.313948488112437, 0, 2.794129220404777]}
{"Distance":[0.9446228705414298]}
{"Time":[1615306479.4302757]}
{"IMU":[0.11980331420898438, 0.005010399222373963, 0.8]}
{"Kalman":[0.1771474932451099, -0.0021784384576674035, 0.7938609330092079]}
{"CMD":[0.09342559678192573, 14.313948488112437, 0, 2.794129220404777]}
{"Distance":[0.8482831534380219]}
{"Time":[1615306479.5431685]}
{"IMU":[0.11980331420898438, 0.005010399222373963, 0.8]}
{"Kalman":[0.24843159826612193, -0.008412728987915676, 0.7930925139742564]}
{"CMD":[0.03399195974367738, 12.839641710395593, 0, 2.556229736453898]}
{"Distance":[0.7795745918559258]}
{"Time":[1615306479.658154]}
{"IMU":[0.11980331420898438, 0.005010399222373963, 0.8]}
{"Kalman":[0.24843159826612193, -0.008412728987915676, 0.7930925139742564]}
{"CMD":[0.13127070176584144, 11.727337426696494, 0, 2.5657585250327655]}
{"Distance":[0.7795745918559258]}
{"Time":[1615306479.7708998]}
{"IMU":[0.11980331420898438, 0.005010399222373963, 0.8]}
{"Kalman":[0.24843159826612193, -0.008412728987915676, 0.7930925139742564]}
{"CMD":[0.13127070176584144, 11.727337426696494, 0, 2.5657585250327655]}
{"Distance":[0.7795745918559258]}
{"Time":[1615306479.883462]}
{"IMU":[0.11980331420898438, 0.005010399222373963, 0.8]}
{"Kalman":[0.24843159826612193, -0.008412728987915676, 0.7930925139742564]}
{"CMD":[0.13127070176584144, 11.727337426696494, 0, 2.5657585250327655]}
{"Distance":[0.7795745918559258]}
{"Time":[1615306479.997787]}
{"IMU":[0.2732710838317871, 0.01555489182472229, 0.82]}
{"Kalman":[0.4455882314893922, 0.005161173068496144, 0.8149159084383789]}
{"CMD":[0.13127070176584144, 11.727337426696494, 0, 2.5657585250327655]}
{"Distance":[0.5845127609553904]}
{"Time":[1615306480.119796]}
{"IMU":[0.2732710838317871, 0.01555489182472229, 0.82]}
{"Kalman":[0.44633326168499055, 0.0052663307550988026, 0.8149430875403455]}
{"CMD":[-0.08212194172006639, 8.639690669539718, 0, 2.2948033657078675]}
{"Distance":[0.583798468827303]}
{"Time":[1615306480.2426746]}
{"IMU":[0.2732710838317871, 0.01555489182472229, 0.82]}
{"Kalman":[0.44633326168499055, 0.0052663307550988026, 0.8149430875403455]}
{"CMD":[-0.08217487273700144, 8.639315659331958, 0, 2.294800250487429]}
{"Distance":[0.583798468827303]}
{"Time":[1615306480.356306]}
{"IMU":[0.2732710838317871, 0.01555489182472229, 0.82]}
{"Kalman":[0.44633326168499055, 0.0052663307550988026, 0.8149430875403455]}
{"CMD":[-0.08217487273700144, 8.639315659331958, 0, 2.294800250487429]}
{"Distance":[0.583798468827303]}
{"Time":[1615306480.470311]}
{"IMU":[0.46018802642822265, 0.03181234359741211, 0.83]}
{"Kalman":[0.6549295235785275, 0.02455530237041015, 0.8262507691706336]}
{"CMD":[-0.08217487273700144, 8.639315659331958, 0, 2.294800250487429]}
{"Distance":[0.3871245171595836]}
{"Time":[1615306480.5853245]}
{"IMU":[0.46018802642822265, 0.03181234359741211, 0.83]}
{"Kalman":[0.6567483482285654, 0.025056530836708234, 0.8264327983426036]}
{"CMD":[-0.38315649759624476, 5.384417311384569, 0, 2.1545792217632282]}
{"Distance":[0.38545440673647563]}
{"Time":[1615306480.7024767]}
{"IMU":[0.46018802642822265, 0.03181234359741211, 0.83]}
{"Kalman":[0.6567483482285654, 0.025056530836708234, 0.8264327983426036]}
{"CMD":[-0.3909775759419847, 5.356036700462424, 0, 2.1523219670415275]}
{"Distance":[0.38545440673647563]}
{"Time":[1615306480.817283]}
{"IMU":[0.46018802642822265, 0.03181234359741211, 0.83]}
{"Kalman":[0.6567483482285654, 0.025056530836708234, 0.8264327983426036]}
{"CMD":[-0.3909775759419847, 5.356036700462424, 0, 2.1523219670415275]}
{"Distance":[0.38545440673647563]}
{"Time":[1615306480.9317875]}
{"IMU":[0.6572859954833984, 0.04575497150421143, 0.85]}
{"Kalman":[0.8477008796592687, 0.03813156784639343, 0.8456178186904519]}
{"CMD":[-0.3909775759419847, 5.356036700462424, 0, 2.1523219670415275]}
{"Distance":[0.220188320373445]}
{"Time":[1615306481.0467875]}
{"IMU":[0.6572859954833984, 0.04575497150421143, 0.85]}
{"Kalman":[0.8525070237418237, 0.0352695183394332, 0.8461958342258958]}
{"CMD":[-0.5949980889456931, 2.376447931957146, 0, 1.914417914095399]}
{"Distance":[0.2159949961893994]}
{"Time":[1615306481.171836]}
{"IMU":[0.6572859954833984, 0.04575497150421143, 0.85]}
{"Kalman":[0.8525070237418237, 0.0352695183394332, 0.8461958342258958]}
{"CMD":[-0.5503391860133721, 2.3014537288381574, 0, 1.9072502261777078]}
{"Distance":[0.2159949961893994]}
{"Time":[1615306481.2861588]}
{"IMU":[0.6572859954833984, 0.04575497150421143, 0.85]}
{"Kalman":[0.8525070237418237, 0.0352695183394332, 0.8461958342258958]}
{"CMD":[-0.5503391860133721, 2.3014537288381574, 0, 1.9072502261777078]}
{"Distance":[0.2159949961893994]}
{"Time":[1615306481.4003973]}
{"IMU":[0.6572859954833984, 0.04575497150421143, 0.85]}
{"Kalman":[0.8525070237418237, 0.0352695183394332, 0.8461958342258958]}
{"CMD":[-0.5503391860133721, 2.3014537288381574, 0, 1.9072502261777078]}
{"Distance":[0.2159949961893994]}
{"Time":[1615306481.5139742]}
{"IMU":[0.84551025390625, 0.054733076095581056, 0.87]}
{"Kalman":[1.0255283108344546, 0.04333988511947309, 0.8681306700124776]}
{"CMD":[-0.5503391860133721, 2.3014537288381574, 0, 1.9072502261777078]}
{"Distance":[0.14113667307821784]}
{"Time":[1615306481.6300356]}
