{"IMU":[0.005396361947059631, -0.010363001823425293, 0.8]}
{"Kalman":[0.008883667015971842, -0.029295065206562398, 0.8]}
{"CMD":[5, 10.0, 0, 5]}
{"Distance":[1.011518554626243]}
{"Time":[0.5]}
{"Title":['ModelBasedAgentLQR']}
{"IMU":[0.005162046551704407, 0.03410115480422973, 0.82]}
{"Kalman":[0.06645226669126095, 0.05121586823809945, 0.82]}
{"CMD":[5, 10.0, 0, 5]}
{"Distance":[0.9521210193695269]}
{"Time":[1.1]}
{"Title":['ModelBasedAgentLQR']}
{"IMU":[-0.0006525645405054092, 0.12152338981628417, 0.85]}
{"Kalman":[0.10672433527689647, 0.13518262675341197, 0.85]}
{"CMD":[-5, 10.0, 0, 5]}
{"Distance":[0.9158142583310519]}
{"Time":[1.6]}
{"Title":['ModelBasedAgentLQR']}
{"IMU":[0.024348015785217284, 0.24852268218994142, 0.87]}
{"Kalman":[0.16606705495743046, 0.23917015778217926, 0.87]}
{"CMD":[-5, 10.0, 0, 5]}
{"Distance":[0.8772380071570803]}
{"Time":[2.2]}
{"Title":['ModelBasedAgentLQR']}
{"IMU":[0.07604792594909668, 0.4031929397583008, 0.9]}
{"Kalman":[0.2972255622888339, 0.36677479542257685, 0.9]}
{"CMD":[-5, 10.0, 0, 5]}
{"Distance":[0.7990091744514068]}
{"Time":[2.8]}
{"Title":['ModelBasedAgentLQR']}
{"IMU":[0.17257753372192383, 0.6538845062255859, 0.94]}
{"Kalman":[0.4253551219437785, 0.5892970012289775, 0.94]}
{"CMD":[-5, 8.686769778601931, 0, 5]}
{"Distance":[0.8252803714700327]}
{"Time":[3.3]}
{"Title":['ModelBasedAgentLQR']}
{"IMU":[0.29040754318237305, 0.8693121337890625, 0.98]}
{"Kalman":[0.5267904439402695, 0.7765702705891768, 0.98]}
{"CMD":[-7.284111524557934, 7.10300132199567, 0, 5]}
{"Distance":[0.9096090748828282]}
{"Time":[3.9]}
{"Title":['ModelBasedAgentLQR']}
{"IMU":[0.4400461578369141, 1.0799138641357422, 1.01]}
{"Kalman":[0.6693636887537691, 0.9626011988536749, 1.01]}
{"CMD":[-9.598936437536283, 5.849191788923244, 0, 5]}
{"Distance":[1.0178513832328602]}
{"Time":[4.4]}
{"Title":['ModelBasedAgentLQR']}
{"IMU":[0.6080667877197266, 1.272086639404297, 1.04]}
{"Kalman":[0.8259842805481491, 1.1282402673497596, 1.04]}
{"CMD":[-10.0, 5, 0, 0]}
{"Distance":[1.1422817391019617]}
{"Time":[4.9]}
{"Title":['ModelBasedAgentLQR']}
{"IMU":[0.8287234497070313, 1.4697012329101562, 1.05]}
{"Kalman":[1.031757560405348, 1.2914437148961877, 1.05]}
{"CMD":[-10.0, 5, 0, -5]}
{"Distance":[1.2928013812600003]}
{"Time":[5.5]}
{"Title":['ModelBasedAgentLQR']}
{"IMU":[1.0251431274414062, 1.6133285522460938, 1.03]}
{"Kalman":[1.2236597259971957, 1.4132944279055408, 1.03]}
{"CMD":[-10.0, -5, 0, -5]}
{"Distance":[1.431196986086119]}
{"Time":[6.0]}
{"Title":['ModelBasedAgentLQR']}
{"IMU":[1.2947035217285157, 1.7831396484375, 1.01]}
{"Kalman":[1.5194631277203507, 1.5403883157866736, 1.01]}
{"CMD":[-10.0, -5, 0, -5]}
{"Distance":[1.625650055969339]}
{"Time":[6.5]}
{"Title":['ModelBasedAgentLQR']}
{"IMU":[1.567264862060547, 1.9104212951660156, 0.99]}
{"Kalman":[1.700040226087618, 1.6516530790378199, 0.99]}
{"CMD":[-10.0, -6.42091737667009, 0, 0]}
{"Distance":[1.7939103131527825]}
{"Time":[7.0]}
{"Title":['ModelBasedAgentLQR']}
{"IMU":[1.567264862060547, 1.9104212951660156, 0.99]}
{"Kalman":[1.6999669255447447, 1.6516408883339357, 0.99]}
{"CMD":[-10.0, -8.652973064286176, 0, 0]}
{"Distance":[1.793870486092314]}
{"Time":[7.6]}
{"Title":['ModelBasedAgentLQR']}
{"IMU":[1.567264862060547, 1.9104212951660156, 0.99]}
{"Kalman":[1.6999590719151514, 1.651639582187091, 0.99]}
{"CMD":[-10.0, -8.652067019748385, 0, 0]}
{"Distance":[1.793866219037381]}
{"Time":[8.2]}
{"Title":['ModelBasedAgentLQR']}
{"IMU":[1.567264862060547, 1.9104212951660156, 0.99]}
{"Kalman":[1.6999577629768856, 1.6516393644959502, 0.99]}
{"CMD":[-10.0, -8.651969943547911, 0, 0]}
{"Distance":[1.7938655078640073]}
{"Time":[8.7]}
{"Title":['ModelBasedAgentLQR']}
{"IMU":[1.567264862060547, 1.9104212951660156, 0.99]}
{"Kalman":[1.6999577629768856, 1.6516393644959502, 0.99]}
{"CMD":[-10.0, -8.651953764181163, 0, 0]}
{"Distance":[1.7938655078640073]}
{"Time":[9.3]}
{"Title":['ModelBasedAgentLQR']}
{"IMU":[1.567264862060547, 1.9104212951660156, 0.99]}
{"Kalman":[1.6999577629768856, 1.6516393644959502, 0.99]}
{"CMD":[-10.0, -8.651953764181163, 0, 0]}
{"Distance":[1.7938655078640073]}
{"Time":[9.8]}
{"Title":['ModelBasedAgentLQR']}
{"IMU":[1.567264862060547, 1.9104212951660156, 0.99]}
{"Kalman":[1.6999564541185115, 1.6516391468180962, 0.99]}
{"CMD":[-10.0, -8.651953764181163, 0, 0]}
{"Distance":[1.7938647967347396]}
{"Time":[10.3]}
{"Title":['ModelBasedAgentLQR']}
{"IMU":[1.567264862060547, 1.9104212951660156, 0.99]}
{"Kalman":[1.6999564541185115, 1.6516391468180962, 0.99]}
{"CMD":[-10.0, -8.651937585801928, 0, 0]}
{"Distance":[1.7938647967347396]}
{"Time":[10.8]}
{"Title":['ModelBasedAgentLQR']}
{"IMU":[1.567264862060547, 1.9104212951660156, 0.99]}
{"Kalman":[1.6999564541185115, 1.6516391468180962, 0.99]}
{"CMD":[-10.0, -8.651937585801928, 0, 0]}
{"Distance":[1.7938647967347396]}
{"Time":[11.3]}
{"Title":['ModelBasedAgentLQR']}
{"IMU":[1.567264862060547, 1.9104212951660156, 0.99]}
{"Kalman":[1.6999564541185115, 1.6516391468180962, 0.99]}
{"CMD":[-10.0, -8.651937585801928, 0, 0]}
{"Distance":[1.7938647967347396]}
{"Time":[11.9]}
{"Title":['ModelBasedAgentLQR']}
{"IMU":[1.567264862060547, 1.9104212951660156, 0.99]}
{"Kalman":[1.6999564541185115, 1.6516391468180962, 0.99]}
{"CMD":[-10.0, -8.651937585801928, 0, 0]}
{"Distance":[1.7938647967347396]}
{"Time":[12.4]}
{"Title":['ModelBasedAgentLQR']}
{"IMU":[1.567264862060547, 1.9104212951660156, 0.99]}
{"Kalman":[1.6999564541185115, 1.6516391468180962, 0.99]}
{"CMD":[-10.0, -8.651937585801928, 0, 0]}
{"Distance":[1.7938647967347396]}
{"Time":[12.9]}
{"Title":['ModelBasedAgentLQR']}
{"IMU":[1.567264862060547, 1.9104212951660156, 0.99]}
{"Kalman":[1.6999564541185115, 1.6516391468180962, 0.99]}
{"CMD":[-10.0, -8.651937585801928, 0, 0]}
{"Distance":[1.7938647967347396]}
{"Time":[13.4]}
{"Title":['ModelBasedAgentLQR']}
{"IMU":[1.567264862060547, 1.9104212951660156, 0.99]}
{"Kalman":[1.6999564541185115, 1.6516391468180962, 0.99]}
{"CMD":[-10.0, -8.651937585801928, 0, 0]}
{"Distance":[1.7938647967347396]}
{"Time":[13.9]}
{"Title":['ModelBasedAgentLQR']}
{"IMU":[1.567264862060547, 1.9104212951660156, 0.99]}
{"Kalman":[1.6999564541185115, 1.6516391468180962, 0.99]}
{"CMD":[-10.0, -8.651937585801928, 0, 0]}
{"Distance":[1.7938647967347396]}
{"Time":[14.5]}
{"Title":['ModelBasedAgentLQR']}
{"IMU":[1.567264862060547, 1.9104212951660156, 0.99]}
{"Kalman":[1.6999564540386247, 1.6516391468048104, 0.99]}
{"CMD":[-10.0, -8.651937585801928, 0, 0]}
{"Distance":[1.7938647966913357]}
{"Time":[15.0]}
{"Title":['ModelBasedAgentLQR']}
{"IMU":[1.567264862060547, 1.9104212951660156, 0.99]}
{"Kalman":[1.6999564540386247, 1.6516391468048104, 0.99]}
{"CMD":[-10.0, -8.651937584814474, 0, 0]}
{"Distance":[1.7938647966913357]}
{"Time":[15.6]}
{"Title":['ModelBasedAgentLQR']}
