{"IMU":[-0.0032610240578651428, 0.0003110846132040024, 0.72]}
{"Kalman":[0.026099715824438808, 0.0010355335465825695, 0.7119660842009214]}
{"CMD":[-0.02872498019003999, 20.0, 0, 3.571767697511463]}
{"Distance":[1.0156014831111244]}
{"Time":[1615298796.9950228]}
{"IMU":[-0.0032610240578651428, 0.0003110846132040024, 0.72]}
{"Kalman":[0.026099715824438808, 0.0010355335465825695, 0.7119660842009214]}
{"CMD":[-0.02872498019003999, 20.0, 0, 3.571767697511463]}
{"Distance":[1.0156014831111244]}
{"Time":[1615298797.0427804]}
{"IMU":[-0.0032610240578651428, 0.0003110846132040024, 0.72]}
{"Kalman":[0.026099715824438808, 0.0010355335465825695, 0.7119660842009214]}
{"CMD":[-0.02872498019003999, 20.0, 0, 3.571767697511463]}
{"Distance":[1.0156014831111244]}
{"Time":[1615298797.0795245]}
{"IMU":[-0.0032610240578651428, 0.0003110846132040024, 0.72]}
{"Kalman":[0.026099715824438808, 0.0010355335465825695, 0.7119660842009214]}
{"CMD":[-0.02872498019003999, 20.0, 0, 3.571767697511463]}
{"Distance":[1.0156014831111244]}
{"Time":[1615298797.1345367]}
{"IMU":[-0.0032610240578651428, 0.0003110846132040024, 0.72]}
{"Kalman":[0.026099715824438808, 0.0010355335465825695, 0.7119660842009214]}
{"CMD":[-0.02872498019003999, 20.0, 0, 3.571767697511463]}
{"Distance":[1.0156014831111244]}
{"Time":[1615298797.188192]}
{"IMU":[-0.0032610240578651428, 0.0003110846132040024, 0.72]}
{"Kalman":[0.026099715824438808, 0.0010355335465825695, 0.7119660842009214]}
{"CMD":[-0.02872498019003999, 20.0, 0, 3.571767697511463]}
{"Distance":[1.0156014831111244]}
{"Time":[1615298797.222336]}
{"IMU":[-0.0032610240578651428, 0.0003110846132040024, 0.72]}
{"Kalman":[0.026099715824438808, 0.0010355335465825695, 0.7119660842009214]}
{"CMD":[-0.02872498019003999, 20.0, 0, 3.571767697511463]}
{"Distance":[1.0156014831111244]}
{"Time":[1615298797.27819]}
{"IMU":[0.012835959196090698, -0.003676220178604126, 0.74]}
{"Kalman":[0.11545912560041713, -0.00938513235919206, 0.7244393052433946]}
{"CMD":[0.07280007805651514, 20.0, 0, 3.327236504204273]}
{"Distance":[0.9265173153739337]}
{"Time":[1615298797.3662348]}
{"IMU":[0.012835959196090698, -0.003676220178604126, 0.74]}
{"Kalman":[0.12939587382260292, -0.01131197762593629, 0.7241241531584475]}
{"CMD":[0.3137863899122715, 20.0, 0, 3.42100143151069]}
{"Distance":[0.9133383755353011]}
{"Time":[1615298797.417762]}
{"IMU":[0.012835959196090698, -0.003676220178604126, 0.74]}
{"Kalman":[0.12939587382260292, -0.01131197762593629, 0.7241241531584475]}
{"CMD":[0.3137863899122715, 20.0, 0, 3.42100143151069]}
{"Distance":[0.9133383755353011]}
{"Time":[1615298797.4750607]}
{"IMU":[0.012835959196090698, -0.003676220178604126, 0.74]}
{"Kalman":[0.12939587382260292, -0.01131197762593629, 0.7241241531584475]}
{"CMD":[0.3137863899122715, 20.0, 0, 3.42100143151069]}
{"Distance":[0.9133383755353011]}
{"Time":[1615298797.5330658]}
{"IMU":[0.012835959196090698, -0.003676220178604126, 0.74]}
{"Kalman":[0.12939587382260292, -0.01131197762593629, 0.7241241531584475]}
{"CMD":[0.3137863899122715, 20.0, 0, 3.42100143151069]}
{"Distance":[0.9133383755353011]}
{"Time":[1615298797.6020296]}
{"IMU":[0.012835959196090698, -0.003676220178604126, 0.74]}
{"Kalman":[0.12939587382260292, -0.01131197762593629, 0.7241241531584475]}
{"CMD":[0.3137863899122715, 20.0, 0, 3.42100143151069]}
{"Distance":[0.9133383755353011]}
{"Time":[1615298797.6713195]}
{"IMU":[0.012835959196090698, -0.003676220178604126, 0.74]}
{"Kalman":[0.12939587382260292, -0.01131197762593629, 0.7241241531584475]}
{"CMD":[0.3137863899122715, 20.0, 0, 3.42100143151069]}
{"Distance":[0.9133383755353011]}
{"Time":[1615298797.7627125]}
{"IMU":[0.11145635604858399, -0.02082810640335083, 0.78]}
{"Kalman":[0.21261761412765395, -0.02448348691719315, 0.7624934648789111]}
{"CMD":[0.3137863899122715, 20.0, 0, 3.42100143151069]}
{"Distance":[0.8227878322744433]}
{"Time":[1615298797.7957015]}
{"IMU":[0.11145635604858399, -0.02082810640335083, 0.78]}
{"Kalman":[0.21261761412765395, -0.02448348691719315, 0.7624934648789111]}
{"CMD":[0.6791548945955841, 20.0, 0, 2.9452023652837167]}
{"Distance":[0.8227878322744433]}
{"Time":[1615298797.8349514]}
{"IMU":[0.11145635604858399, -0.02082810640335083, 0.78]}
{"Kalman":[0.40641099577787887, -0.026365800537871756, 0.7645121950818101]}
{"CMD":[0.7313689649594786, 16.465746033604162, 0, 2.9201690795031103]}
{"Distance":[0.639138144407451]}
{"Time":[1615298797.8684688]}
{"IMU":[0.11145635604858399, -0.02082810640335083, 0.78]}
{"Kalman":[0.46282353083649663, -0.02592121799538098, 0.7645674535337229]}
{"CMD":[0.7198396557819362, 15.002806093281766, 0, 2.919484849991372]}
{"Distance":[0.5870766155289513]}
{"Time":[1615298797.90799]}
{"IMU":[0.11145635604858399, -0.02082810640335083, 0.78]}
{"Kalman":[0.4658024696445554, -0.02589774122398899, 0.7645674643524194]}
{"CMD":[0.7183853252083408, 14.81826786555475, 0, 2.9194837123133492]}
{"Distance":[0.5843510702307391]}
{"Time":[1615298797.9484203]}
{"IMU":[0.11145635604858399, -0.02082810640335083, 0.78]}
{"Kalman":[0.4663473260152539, -0.025893447255807514, 0.7645674644048005]}
{"CMD":[0.7182662135181821, 14.803153928873138, 0, 2.919483711663797]}
{"Distance":[0.5838528289549035]}
{"Time":[1615298797.9931302]}
{"IMU":[0.11145635604858399, -0.02082810640335083, 0.78]}
{"Kalman":[0.4663473260152539, -0.025893447255807514, 0.7645674644048005]}
{"CMD":[0.7182662135181821, 14.803153928873138, 0, 2.919483711663797]}
{"Distance":[0.5838528289549035]}
{"Time":[1615298798.047328]}
{"IMU":[0.11145635604858399, -0.02082810640335083, 0.78]}
{"Kalman":[0.4663473260152539, -0.025893447255807514, 0.7645674644048005]}
{"CMD":[0.7182662135181821, 14.803153928873138, 0, 2.919483711663797]}
{"Distance":[0.5838528289549035]}
{"Time":[1615298798.1416478]}
{"IMU":[0.11145635604858399, -0.02082810640335083, 0.78]}
{"Kalman":[0.4663473260152539, -0.025893447255807514, 0.7645674644048005]}
{"CMD":[0.7182662135181821, 14.803153928873138, 0, 2.919483711663797]}
{"Distance":[0.5838528289549035]}
{"Time":[1615298798.1748254]}
{"IMU":[0.11145635604858399, -0.02082810640335083, 0.78]}
{"Kalman":[0.4663473260152539, -0.025893447255807514, 0.7645674644048005]}
{"CMD":[0.7182662135181821, 14.803153928873138, 0, 2.919483711663797]}
{"Distance":[0.5838528289549035]}
{"Time":[1615298798.2405994]}
{"IMU":[0.29369327545166013, -0.049773821830749514, 0.78]}
{"Kalman":[0.5204092610898964, -0.025893271668679694, 0.7645674644048577]}
{"CMD":[0.7182662135181821, 14.803153928873138, 0, 2.919483711663797]}
{"Distance":[0.5348889765014841]}
{"Time":[1615298798.2877269]}
{"IMU":[0.29369327545166013, -0.049773821830749514, 0.81]}
{"Kalman":[0.7759425399832798, -0.05574224675345959, 0.7978610216855335]}
{"CMD":[1.5462511465955433, 6.215198070261434, 0, 2.5066265934294227]}
{"Distance":[0.3068698584355983]}
{"Time":[1615298798.36329]}
{"IMU":[0.29369327545166013, -0.049773821830749514, 0.81]}
{"Kalman":[0.7940557757561766, -0.05675694128333896, 0.7979096936277152]}
{"CMD":[1.5743980669593665, 5.712749510800403, 0, 2.506023036482396]}
{"Distance":[0.2940660908926334]}
{"Time":[1615298798.420466]}
{"IMU":[0.29369327545166013, -0.049773821830749514, 0.81]}
{"Kalman":[0.7951736578238705, -0.0568195644851435, 0.7979098484440464]}
{"CMD":[1.5761351910121881, 5.681740239922332, 0, 2.5060211166808015]}
{"Distance":[0.2932963053184314]}
{"Time":[1615298798.4825232]}
{"IMU":[0.29369327545166013, -0.049773821830749514, 0.81]}
{"Kalman":[0.7951736578238705, -0.0568195644851435, 0.7979098484440464]}
{"CMD":[1.5761351910121881, 5.681740239922332, 0, 2.5060211166808015]}
{"Distance":[0.2932963053184314]}
{"Time":[1615298798.5407639]}
{"IMU":[0.29369327545166013, -0.049773821830749514, 0.81]}
{"Kalman":[0.7951736578238705, -0.0568195644851435, 0.7979098484440464]}
{"CMD":[1.5761351910121881, 5.681740239922332, 0, 2.5060211166808015]}
{"Distance":[0.2932963053184314]}
{"Time":[1615298798.5846415]}
{"IMU":[0.29369327545166013, -0.049773821830749514, 0.81]}
{"Kalman":[0.7951736578238705, -0.0568195644851435, 0.7979098484440464]}
