{"IMU":[-0.004360930621623993, -0.012969781160354615, 0.62]}
{"Kalman":[-0.22749654219938703, -0.09082823421296142, 0.6108229835499165]}
{"UWB":[-0.1468005600000004, -0.38682638999999286, -1.551833030000002]}
{"Distance":[2.229347575780966]}
{"Time":[0.6]}
{"Title":['ModelBasedAgendUWB_PID']}
{"IMU":[-0.005510830283164978, -0.010901166200637817, 0.66]}
{"Kalman":[-0.167696673403748, -0.07749914264357272, 0.6502922825317957]}
{"UWB":[-0.14237676000000077, -0.320075509999993, -1.355454300000002]}
{"Distance":[2.1690815994323875]}
{"Time":[1.2]}
{"Title":['ModelBasedAgendUWB_PID']}
{"IMU":[0.04219857215881348, 0.0031962046027183533, 0.69]}
{"Kalman":[0.15444831747093032, 0.023220116703881154, 0.6806241795958903]}
{"UWB":[0.012683959999999495, 0.16769255000000705, 0.5855619299999981]}
{"Distance":[1.845697750636767]}
{"Time":[1.7]}
{"Title":['ModelBasedAgendUWB_PID']}
{"IMU":[0.1504483699798584, 0.024202401638031005, 0.73]}
{"Kalman":[0.36311122474050844, 0.09909280061242313, 0.7199701402777727]}
{"UWB":[0.1262637399999993, 0.4236826700000069, 0.40989701999999806]}
{"Distance":[1.6398854367618891]}
{"Time":[2.2]}
{"Title":['ModelBasedAgendUWB_PID']}
{"IMU":[0.3300615692138672, 0.04109639167785645, 0.77]}
{"Kalman":[0.28879590494831964, -0.02805200622559445, 0.7570387612723608]}
{"UWB":[-0.11884787000000063, 0.047240920000007236, -1.609522590000002]}
{"Distance":[1.7114340098218572]}
{"Time":[2.7]}
{"Title":['ModelBasedAgendUWB_PID']}
{"IMU":[0.8640779113769531, -0.006176170706748962, 0.86]}
{"Kalman":[1.024252644687599, 0.04689516460916193, 0.8480868761016932]}
{"UWB":[0.06821521999999947, 0.8847570100000075, 0.6160407999999982]}
{"Distance":[0.9768736140683016]}
{"Time":[3.4]}
{"Title":['ModelBasedAgendUWB_PID']}
{"IMU":[1.1980856323242188, -0.027666070461273194, 0.9]}
{"Kalman":[1.189755469033389, -0.008436988366874905, 0.8879828639725749]}
{"UWB":[-0.02593072000000074, 0.8621060100000069, -0.6132983300000019]}
{"Distance":[0.8102884564980587]}
{"Time":[3.9]}
{"Title":['ModelBasedAgendUWB_PID']}
{"IMU":[1.500908203125, -0.0679757022857666, 0.95]}
{"Kalman":[1.5080763128309593, -0.01067514168046439, 0.9389929110449771]}
{"UWB":[0.020522539999999534, 1.1970868600000069, -0.5770268700000019]}
{"Distance":[0.49203950313758565]}
{"Time":[4.5]}
{"Title":['ModelBasedAgendUWB_PID']}
{"IMU":[1.8002323913574219, -0.10605825424194336, 0.98]}
{"Kalman":[1.9605649441865756, 0.03764808819200361, 0.969377004113629]}
{"UWB":[0.14077453999999934, 1.786841300000007, -0.44044369000000216]}
{"Distance":[0.05452065820879992]}
{"Time":[5.0]}
{"Title":['ModelBasedAgendUWB_PID']}
