{"IMU":[-0.0014529316127300262, -0.00950776994228363, 0.79]}
{"Kalman":[0.01442393633450257, -0.044617220836373046, 0.79]}
{"CMD":[-5, 10.0, 0, 5]}
{"Distance":[1.0086876987777427]}
{"Time":[1616768294.0989442]}
{"IMU":[0.022826836109161378, -0.0559241247177124, 0.82]}
{"Kalman":[0.05972752290244728, -0.1027782543371771, 0.82]}
{"CMD":[5, 10.0, 0, 5]}
{"Distance":[0.9628477038201655]}
{"Time":[1616768294.6942694]}
{"IMU":[0.07642618656158447, -0.09665534973144531, 0.86]}
{"Kalman":[0.14612808367009034, -0.13066197440122693, 0.86]}
{"CMD":[5, 10.0, 0, 5]}
{"Distance":[0.8750827395460038]}
{"Time":[1616768295.289985]}
{"IMU":[0.17833141326904298, -0.12682459831237794, 0.89]}
{"Kalman":[0.3124536029311595, -0.16243429333088172, 0.89]}
{"CMD":[5, 10.0, 0, 5]}
{"Distance":[0.7149859773256022]}
{"Time":[1616768295.8094926]}
{"IMU":[0.3174411392211914, -0.14279535293579101, 0.92]}
{"Kalman":[0.4794069886552582, -0.151877430364259, 0.92]}
{"CMD":[5, 8.498540844621491, 0, 5]}
{"Distance":[0.5481640605831769]}
{"Time":[1616768296.4014006]}
{"IMU":[0.6642452239990234, -0.06606712818145752, 0.99]}
{"Kalman":[0.8354186942665931, -0.04065959548717295, 0.99]}
{"CMD":[5, 6.434883506334201, 0, 5]}
{"Distance":[0.16982405277843798]}
{"Time":[1616768296.9477284]}
{"IMU":[0.8373355102539063, 0.010320823192596435, 1.0]}
{"Kalman":[1.0131524889355508, 0.07867473997096779, 1.0]}
{"CMD":[5, 5, 0, 0]}
{"Distance":[0.07976655110194486]}
{"Time":[1616768297.5012143]}
