{"IMU":[0.004626074433326721, -0.00036158084869384764, 0.69]}
{"Kalman":[-0.005091434833326937, -0.007405496086428683, 0.6646087566153223]}
{"CMD":[0.04287409400775724, 25.0, 0, 6.557259627012373]}
{"Distance":[2.0329618268805185]}
{"Time":[1615213327.4351606]}
{"IMU":[0.006633976101875305, -0.0039408975839614864, 0.71]}
{"Kalman":[0.10911001464681801, -0.03548554399220043, 0.6413462965674017]}
{"CMD":[0.1609459705983712, 25.0, 0, 6.389378037999256]}
{"Distance":[1.9249302947190834]}
{"Time":[1615213327.7789257]}
{"IMU":[0.06624555587768555, -0.02540973424911499, 0.75]}
{"Kalman":[0.45461022238806215, -0.0659195811761354, 0.6735972620606536]}
{"CMD":[0.4529230104670038, 24.13454855916288, 0, 7.000708742743475]}
{"Distance":[1.580858533602616]}
{"Time":[1615213328.139861]}
{"IMU":[0.23494001388549804, -0.07698385238647461, 0.8]}
{"Kalman":[1.1133435006147763, -0.12397607258490759, 0.7143830849125061]}
{"CMD":[1.0513236121151475, 17.031594959748688, 0, 6.412462324105787]}
{"Distance":[0.9397376424618386]}
{"Time":[1615213328.5087214]}
{"IMU":[0.23494001388549804, -0.07698385238647461, 0.8]}
{"Kalman":[1.903817986554302, -0.17217454411699576, 0.7223370768019287]}
{"CMD":[1.7754180883050283, 8.151019387588065, 0, 5.481914292217214]}
{"Distance":[0.34057561902059547]}
{"Time":[1615213328.8397563]}
{"IMU":[0.5173590850830078, -0.16113672256469727, 0.85]}
{"Kalman":[2.7107542209948754, -0.3178318324946254, 0.7877660032925775]}
{"CMD":[2.197565658409908, 1.227627991054002, 0, 5.419816484158382]}
{"Distance":[0.8069894087082742]}
{"Time":[1615213329.194746]}
{"IMU":[0.8550965118408204, -0.2632428169250488, 0.9]}
{"Kalman":[3.107866158340574, -0.40918188983540793, 0.8415381294214422]}
{"CMD":[4.056675879827305, -9.071776990255104, 0, 4.142682431651696]}
{"Distance":[1.191598677488706]}
{"Time":[1615213329.5460863]}
{"IMU":[0.8550965118408204, -0.2632428169250488, 0.9]}
{"Kalman":[3.245368207836482, -0.438386463465347, 0.8459830635884188]}
{"CMD":[5.475314779822837, -15.330048033407865, 0, 3.0158869360702663]}
{"Distance":[1.3292275505499853]}
{"Time":[1615213329.9125056]}
{"IMU":[1.0883717346191406, -0.3226406478881836, 0.93]}
{"Kalman":[2.3933510298049905, -0.3514587626066714, 0.8841558963661387]}
{"CMD":[5.6261367231995045, -16.400526051727862, 0, 3.0052257783406398]}
{"Distance":[0.5400630989138139]}
{"Time":[1615213330.2650015]}
{"IMU":[1.1583187866210938, -0.33235458374023436, 0.95]}
{"Kalman":[1.7421829128992108, -0.2879421098634446, 0.8900901536537533]}
{"CMD":[4.485876300777847, -5.020572113216884, 0, 2.261208573459673]}
{"Distance":[0.4018214570647062]}
{"Time":[1615213330.599382]}
{"IMU":[1.1583187866210938, -0.33235458374023436, 0.95]}
{"Kalman":[1.5961251716486353, -0.27332502500879224, 0.8890995405448523]}
{"CMD":[3.4886091415186122, 5.154893585651398, 0, 2.1647115550497196]}
{"Distance":[0.5001203436966587]}
{"Time":[1615213330.9479842]}
{"IMU":[1.1817140197753906, -0.3225907516479492, 0.99]}
{"Kalman":[1.382374145600007, -0.23407748732022304, 0.9698984791625358]}
{"CMD":[3.3372566952638074, 6.147234698862792, 0, 1.6767628337786413]}
{"Distance":[0.6611808131292066]}
{"Time":[1615213331.32616]}
{"IMU":[1.2127391052246095, -0.30688968658447263, 1.0]}
{"Kalman":[1.4887795266140376, -0.12554573798094468, 0.9926767616551688]}
{"CMD":[2.9876695778689446, 7.883124502151784, 0, 0.5875639316695731]}
{"Distance":[0.5264615223869668]}
{"Time":[1615213331.6869977]}
{"IMU":[1.2801832580566406, -0.28536975860595704, 1.0]}
{"Kalman":[1.6756361713070795, -0.07320207007060937, 0.9976608910416085]}
{"CMD":[1.6024145948031476, 6.525009617133929, 0, 0.14294529295300756]}
{"Distance":[0.33252955937430867]}
{"Time":[1615213332.069352]}
{"IMU":[1.2801832580566406, -0.28536975860595704, 1.0]}
{"Kalman":[1.7577557871616083, -0.05533655864691187, 0.9990043095947151]}
{"CMD":[0.7331639528165644, 3.215418639569018, 0, 0.020343786625897246]}
{"Distance":[0.2484861862880074]}
{"Time":[1615213332.4673572]}
{"IMU":[1.2801832580566406, -0.28536975860595704, 1.0]}
{"Kalman":[1.7577557871616083, -0.05533655864691187, 0.9990043095947151]}
{"CMD":[0.7062932651321907, 3.091906331521634, 0, 0.019435289413242705]}
{"Distance":[0.2484861862880074]}
{"Time":[1615213332.841654]}
{"IMU":[1.492640838623047, -0.25121551513671875, 1.01]}
{"Kalman":[2.1774194342829363, 0.0135566015742744, 1.007244419302954]}
{"CMD":[0.7062932651321907, 3.091906331521634, 0, 0.019435289413242705]}
{"Distance":[0.17808402151388478]}
{"Time":[1615213333.226088]}
