{"IMU":[0.0025461548566818237, 0.002792445421218872, 0.76]}
{"Kalman":[-0.018931240161400617, 0.008824039386383624, 0.7578368404819644]}
{"CMD":[-0.04691855713115077, 10.7349181692852, 0, 3.308771721125697]}
{"Distance":[2.033421798840197]}
{"Time":[1615223375.5033717]}
{"IMU":[-0.03493631362915039, 0.010208238363265992, 0.78]}
{"Kalman":[-0.04737006022494693, 0.012448725449244656, 0.7699334352243102]}
{"CMD":[-0.04691855713115077, 10.7349181692852, 0, 3.308771721125697]}
{"Distance":[2.0602936097795626]}
{"Time":[1615223375.7340555]}
{"IMU":[-0.03493631362915039, 0.010208238363265992, 0.78]}
{"Kalman":[-0.047370035336195104, 0.012448695093224063, 0.7699332513930103]}
{"CMD":[-0.06619148109217238, 10.886131048723723, 0, 3.143491128136033]}
{"Distance":[2.060293605391389]}
{"Time":[1615223375.9460793]}
{"IMU":[-0.051694726943969725, 0.016258620023727417, 0.8]}
{"Kalman":[-0.05562975511703416, 0.01827733715158368, 0.7896461610033332]}
{"CMD":[-0.0661913196852901, 10.886130916387014, 0, 3.1434936398963185]}
{"Distance":[2.0664453752171887]}
{"Time":[1615223376.1623201]}
{"IMU":[-0.051694726943969725, 0.016258620023727417, 0.8]}
{"Kalman":[-0.05561581828972703, 0.018276407892081032, 0.7896434634644525]}
{"CMD":[-0.09718296233753934, 10.930048913287912, 0, 2.8741483026883046]}
{"Distance":[2.0664317777152994]}
{"Time":[1615223376.3739846]}
{"IMU":[-0.051694726943969725, 0.016258620023727417, 0.8]}
{"Kalman":[-0.05561581828972703, 0.018276407892081032, 0.7896434634644525]}
{"CMD":[-0.09717802134474053, 10.929974809377036, 0, 2.8741851602366744]}
{"Distance":[2.0664317777152994]}
{"Time":[1615223376.5867455]}
{"IMU":[-0.05701888084411621, 0.019524656534194947, 0.82]}
{"Kalman":[-0.05516599472500481, 0.02241293214958178, 0.8125404735342431]}
{"CMD":[-0.11248735339204978, 10.95712996028437, 0, 2.69495738523138]}
{"Distance":[2.0638194396468714]}
{"Time":[1615223376.8003514]}
{"IMU":[-0.05701888084411621, 0.019524656534194947, 0.82]}
{"Kalman":[-0.05516599472500481, 0.02241293214958178, 0.8125404735342431]}
{"CMD":[-0.11917245509573038, 10.927583039384155, 0, 2.5613341899733335]}
{"Distance":[2.0638194396468714]}
{"Time":[1615223377.0122626]}
{"IMU":[-0.04430311679840088, 0.021046223640441893, 0.84]}
{"Kalman":[-0.03205909767283394, 0.021419779034794497, 0.8327431587482376]}
{"CMD":[-0.11917245509573038, 10.927583039384155, 0, 2.5613341899733335]}
{"Distance":[2.039043362538999]}
{"Time":[1615223377.230223]}
{"IMU":[-0.04430311679840088, 0.021046223640441893, 0.84]}
{"Kalman":[-0.03205909767283394, 0.021419779034794497, 0.8327431587482376]}
{"CMD":[-0.1138917317086576, 10.804720683268787, 0, 2.285296853576214]}
{"Distance":[2.039043362538999]}
{"Time":[1615223377.4522064]}
{"IMU":[-0.010883376598358155, 0.021663780212402343, 0.85]}
{"Kalman":[0.01327401767031422, 0.02318090918469048, 0.8418738194687597]}
{"CMD":[-0.1138917317086576, 10.804720683268787, 0, 2.285296853576214]}
{"Distance":[1.993143590508191]}
{"Time":[1615223377.6678424]}
{"IMU":[-0.010883376598358155, 0.021663780212402343, 0.85]}
{"Kalman":[0.013294008786102172, 0.023186443152205544, 0.8418621963493402]}
{"CMD":[-0.12325588818338874, 10.563678653759869, 0, 2.160540998691496]}
{"Distance":[1.9931246502952848]}
{"Time":[1615223377.8931875]}
{"IMU":[0.05045239448547363, 0.022091572284698487, 0.87]}
{"Kalman":[0.09053315998392092, 0.02365389331052419, 0.8637821032905814]}
{"CMD":[-0.12328531300343408, 10.56357235841517, 0, 2.160699810002527]}
{"Distance":[1.9144655742983925]}
{"Time":[1615223378.1506217]}
{"IMU":[0.05045239448547363, 0.022091572284698487, 0.87]}
{"Kalman":[0.09076345166051591, 0.02365566377758422, 0.8640528338124621]}
{"CMD":[-0.1257791095780003, 10.151801719173273, 0, 1.8579364955269564]}
{"Distance":[1.914216659612607]}
{"Time":[1615223378.3636682]}
{"IMU":[0.05045239448547363, 0.022091572284698487, 0.87]}
{"Kalman":[0.09076345166051591, 0.02365566377758422, 0.8640528338124621]}
{"CMD":[-0.1257802196731522, 10.151657324691453, 0, 1.8575002900678617]}
{"Distance":[1.914216659612607]}
{"Time":[1615223378.5773757]}
{"IMU":[0.1513224697113037, 0.020384809970855712, 0.89]}
{"Kalman":[0.21880143665393342, 0.022631169653903542, 0.887317494455178]}
{"CMD":[-0.11683242527513299, 9.617905977024515, 0, 1.5953670243832276]}
{"Distance":[1.78490275336273]}
{"Time":[1615223378.8135962]}
{"IMU":[0.1513224697113037, 0.020384809970855712, 0.89]}
{"Kalman":[0.21880143665393342, 0.022631169653903542, 0.887317494455178]}
{"CMD":[-0.1203328520937856, 9.470862821083387, 0, 1.5396259635625065]}
{"Distance":[1.78490275336273]}
{"Time":[1615223379.0265424]}
{"IMU":[0.3131450080871582, 0.012826122045516967, 0.9]}
{"Kalman":[0.4107251699147067, 0.011132544709038818, 0.8978121447847575]}
{"CMD":[-0.1203328520937856, 9.470862821083387, 0, 1.5396259635625065]}
{"Distance":[1.5925956099549654]}
{"Time":[1615223379.243008]}
{"IMU":[0.3131450080871582, 0.012826122045516967, 0.9]}
{"Kalman":[0.4107251699147067, 0.011132544709038818, 0.8978121447847575]}
{"CMD":[-0.05919317809847094, 8.450379542448589, 0, 1.39623337526491]}
{"Distance":[1.5925956099549654]}
{"Time":[1615223379.4699821]}
{"IMU":[0.545250244140625, -0.0015396180748939515, 0.91]}
{"Kalman":[0.6833104446819331, -0.00674836922956145, 0.9077619280675854]}
{"CMD":[-0.05919317809847094, 8.450379542448589, 0, 1.39623337526491]}
{"Distance":[1.3199336299544597]}
{"Time":[1615223379.6969583]}
{"IMU":[0.545250244140625, -0.0015396180748939515, 0.91]}
{"Kalman":[0.6833104446819331, -0.00674836922956145, 0.9077619280675854]}
{"CMD":[0.035881950813576494, 7.001008429371768, 0, 1.2602855224904739]}
{"Distance":[1.3199336299544597]}
{"Time":[1615223379.935929]}
{"IMU":[0.8329349517822265, -0.022451810836791992, 0.92]}
{"Kalman":[0.9928842099149017, -0.028034303010677705, 0.9181416828555417]}
{"CMD":[0.035881950813576494, 7.001008429371768, 0, 1.2602855224904739]}
{"Distance":[1.010825860803803]}
{"Time":[1615223380.1637018]}
{"IMU":[0.8329349517822265, -0.022451810836791992, 0.92]}
{"Kalman":[0.9928842099149017, -0.028034303010677705, 0.9181416828555417]}
{"CMD":[0.14906201002096145, 5.354964735051722, 0, 1.1184627977500041]}
{"Distance":[1.010825860803803]}
{"Time":[1615223380.4095452]}
{"IMU":[1.1765066528320312, -0.047475395202636717, 0.93]}
{"Kalman":[1.3348364346715822, -0.05270923881950637, 0.9277402294641822]}
{"CMD":[0.14906201002096145, 5.354964735051722, 0, 1.1184627977500041]}
{"Distance":[0.6711499884044051]}
{"Time":[1615223380.6748044]}
{"IMU":[1.1765066528320312, -0.047475395202636717, 0.93]}
{"Kalman":[1.3585486995574767, -0.052360207008369075, 0.9291134232606555]}
{"CMD":[0.2802618307335108, 3.5367605894392513, 0, 0.9873140315801793]}
{"Distance":[0.6474768481414501]}
{"Time":[1615223380.8880465]}
{"IMU":[1.1765066528320312, -0.047475395202636717, 0.93]}
{"Kalman":[1.3585486995574767, -0.052360207008369075, 0.9291134232606555]}
{"CMD":[0.27840598351271256, 3.4106794143626082, 0, 0.9685515376878844]}
{"Distance":[0.6474768481414501]}
{"Time":[1615223381.1016061]}
{"IMU":[1.1765066528320312, -0.047475395202636717, 0.93]}
{"Kalman":[1.3585486995574767, -0.052360207008369075, 0.9291134232606555]}
{"CMD":[0.27840598351271256, 3.4106794143626082, 0, 0.9685515376878844]}
{"Distance":[0.6474768481414501]}
{"Time":[1615223381.3163435]}
{"IMU":[1.1765066528320312, -0.047475395202636717, 0.93]}
{"Kalman":[1.3585486995574767, -0.052360207008369075, 0.9291134232606555]}
{"CMD":[0.27840598351271256, 3.4106794143626082, 0, 0.9685515376878844]}
{"Distance":[0.6474768481414501]}
{"Time":[1615223381.5706303]}
{"IMU":[1.8181150817871095, -0.10163881301879883, 0.94]}
{"Kalman":[1.9760720196370753, -0.10744405487070373, 0.941788581997239]}
{"CMD":[0.27840598351271256, 3.4106794143626082, 0, 0.9685515376878844]}
{"Distance":[0.12452044955427789]}
{"Time":[1615223381.788185]}
