{"IMU":[]}
{"Kalman":[0.06237683744269529, 0.023516403585353382, 0.6470217618023635]}
{"UWB":[2.17848742, 5.15897844, 1.32098828]}
{"Distance":[0.9379180221115015]}
{"Time":[0.6]}
{"Title":['ModelBasedAgendUWB_PID']}
{"IMU":[]}
{"Kalman":[0.19591274204392864, 0.13233414396819626, 0.6640784436106506]}
{"UWB":[2.37395581, 5.44535596, 2.95932149]}
{"Distance":[0.8149040704691006]}
{"Time":[1.1]}
{"Title":['ModelBasedAgendUWB_PID']}
{"IMU":[]}
{"Kalman":[-0.0424780361265915, -0.056724372792370414, 0.6906775395423601]}
{"UWB":[2.04419809, 4.98396302, 1.56461352]}
{"Distance":[1.0440201675614522]}
{"Time":[1.7]}
{"Title":['ModelBasedAgendUWB_PID']}
{"IMU":[]}
{"Kalman":[-0.05612408186717151, -0.1280943135888441, 0.7188082204454573]}
{"UWB":[1.89622726, 5.01998963, 1.74985502]}
{"Distance":[1.0638638209252034]}
{"Time":[2.3]}
{"Title":['ModelBasedAgendUWB_PID']}
{"IMU":[]}
{"Kalman":[0.01098831495044791, -0.2272484960916653, 0.7889901292288201]}
{"UWB":[1.87277843, 5.07006904, 1.44923981]}
{"Distance":[1.0147837169271479]}
{"Time":[2.9]}
{"Title":['ModelBasedAgendUWB_PID']}
{"IMU":[]}
{"Kalman":[0.06680366256980275, -0.2587367049971016, 0.8393531402276883]}
{"UWB":[1.70146697, 5.22810079, 1.1080193]}
{"Distance":[0.9684007882617051]}
{"Time":[3.5]}
{"Title":['ModelBasedAgendUWB_PID']}
{"IMU":[]}
{"Kalman":[0.28684554515895583, -0.18981634353677831, 0.8790207642646394]}
{"UWB":[1.89909347, 5.5091959, 2.48578476]}
{"Distance":[0.7379834149446038]}
{"Time":[4.1]}
{"Title":['ModelBasedAgendUWB_PID']}
{"IMU":[]}
{"Kalman":[0.2424873630084628, -0.25177278685313825, 0.9283866647455035]}
{"UWB":[2.00922318, 5.63474289, 2.00733913]}
{"Distance":[0.7982574342915124]}
{"Time":[4.6]}
{"Title":['ModelBasedAgendUWB_PID']}
{"IMU":[]}
{"Kalman":[0.40960847789272264, -0.14476144252581352, 0.970609645434656]}
{"UWB":[2.13574372, 5.95070081, 2.55797047]}
{"Distance":[0.6078799426024041]}
{"Time":[5.2]}
{"Title":['ModelBasedAgendUWB_PID']}
{"IMU":[]}
{"Kalman":[0.7869224244197512, 0.07708113322041993, 1.0422740646435102]}
{"UWB":[2.24344387, 6.15109219, 2.55846111]}
{"Distance":[0.2265911611552859]}
{"Time":[5.9]}
{"Title":['ModelBasedAgendUWB_PID']}
{"IMU":[]}
{"Kalman":[1.7711814582414587, 0.2635078741441793, 1.0734194413185807]}
{"UWB":[2.4411387, 6.41944515, 2.59231726]}
{"Distance":[0.8149584291676524]}
{"Time":[6.5]}
{"Title":['ModelBasedAgendUWB_PID']}
{"IMU":[]}
{"Kalman":[1.1149923943429123, 0.21475510797932118, 1.0670335730679141]}
{"UWB":[2.44181046, 6.58865721, 2.32323407]}
{"Distance":[0.2436042018519503]}
{"Time":[7.1]}
{"Title":['ModelBasedAgendUWB_PID']}
{"IMU":[]}
{"Kalman":[1.247315710362351, 0.2598163978813258, 1.0585080153845943]}
{"UWB":[2.51528488, 6.77702028, 2.16228428]}
{"Distance":[0.35870547974635353]}
{"Time":[7.6]}
{"Title":['ModelBasedAgendUWB_PID']}
{"IMU":[]}
{"Kalman":[1.3727575116728588, 0.2128543498918672, 1.0399040164713522]}
{"UWB":[2.31273103, 6.69862127, 1.63590753]}
{"Distance":[0.42924950410737905]}
{"Time":[8.1]}
{"Title":['ModelBasedAgendUWB_PID']}
{"IMU":[]}
{"Kalman":[1.314479642536324, 0.05896754890648797, 1.018349857746854]}
{"UWB":[2.24734978, 6.81505064, 1.51532476]}
{"Distance":[0.319960337219808]}
{"Time":[8.6]}
{"Title":['ModelBasedAgendUWB_PID']}
{"IMU":[]}
{"Kalman":[1.4250817761834071, 0.05208286608039932, 1.0045429107026527]}
{"UWB":[2.2299961, 6.86428112, 1.2218084]}
{"Distance":[0.4282605998482572]}
{"Time":[9.2]}
{"Title":['ModelBasedAgendUWB_PID']}
{"IMU":[]}
{"Kalman":[1.3602744976782948, 0.014207274046305781, 1.0027271332439478]}
{"UWB":[2.18197487, 6.92225414, 1.48137724]}
{"Distance":[0.3605545178099624]}
{"Time":[9.7]}
{"Title":['ModelBasedAgendUWB_PID']}
{"IMU":[]}
{"Kalman":[1.3716461926494514, -0.09455540564404097, 1.0022291975871593]}
{"UWB":[1.96032214, 7.00585863, 0.71292809]}
{"Distance":[0.3834861369689161]}
{"Time":[10.2]}
{"Title":['ModelBasedAgendUWB_PID']}
{"IMU":[]}
{"Kalman":[1.4667766240475468, -0.3247420777426477, 1.0117923313532964]}
{"UWB":[1.77089548, 7.11271949, 1.1093271]}
{"Distance":[0.5686280276365532]}
{"Time":[10.9]}
{"Title":['ModelBasedAgendUWB_PID']}
{"IMU":[]}
{"Kalman":[1.3773727119001282, -0.39980895538052924, 1.0058350505781852]}
{"UWB":[1.64443983, 6.97154409, 1.99210231]}
{"Distance":[0.5497793780138786]}
{"Time":[11.5]}
{"Title":['ModelBasedAgendUWB_PID']}
{"IMU":[]}
{"Kalman":[1.3654943062923854, -0.4400225516892273, 1.0240220558150743]}
{"UWB":[1.40108957, 7.1538973, 0.4667319]}
{"Distance":[0.5720191726920094]}
{"Time":[12.1]}
{"Title":['ModelBasedAgendUWB_PID']}
{"IMU":[]}
{"Kalman":[1.415926430778335, -0.5643209886752749, 1.0286539734553846]}
{"UWB":[1.36523596, 7.08559465, 0.67357821]}
{"Distance":[0.7010370704031599]}
{"Time":[12.6]}
{"Title":['ModelBasedAgendUWB_PID']}
{"IMU":[]}
{"Kalman":[1.3047741805684923, -0.5308430473594422, 1.0022152451682025]}
{"UWB":[1.4923962, 6.81496685, 0.95765022]}
{"Distance":[0.6121124423429529]}
{"Time":[13.1]}
{"Title":['ModelBasedAgendUWB_PID']}
{"IMU":[]}
{"Kalman":[1.103697983865198, -0.43954669871020463, 0.9696742683620488]}
{"UWB":[1.20433196, 7.14125538, 0.23672209]}
{"Distance":[0.4516132994108414]}
{"Time":[13.7]}
{"Title":['ModelBasedAgendUWB_PID']}
{"IMU":[]}
{"Kalman":[1.339400254790974, -0.3932025128569298, 0.9637151293771912]}
{"UWB":[1.63794321, 6.52385054, 1.90664255]}
{"Distance":[0.5194234775875867]}
{"Time":[14.3]}
{"Title":['ModelBasedAgendUWB_PID']}
{"IMU":[]}
{"Kalman":[1.0951038808257028, -0.3743424619927907, 0.977068002184472]}
{"UWB":[1.73933802, 6.41627112, 1.33147909]}
{"Distance":[0.3862344197491122]}
{"Time":[14.8]}
{"Title":['ModelBasedAgendUWB_PID']}
{"IMU":[]}
{"Kalman":[0.9133173493149765, -0.252398749011198, 1.0275444576112744]}
{"UWB":[1.79184871, 6.35830856, 1.63238263]}
{"Distance":[0.2668689012084389]}
{"Time":[15.4]}
{"Title":['ModelBasedAgendUWB_PID']}
{"IMU":[]}
{"Kalman":[0.9023061439877187, -0.19697360142311532, 1.0254870179829554]}
{"UWB":[1.86441073, 6.35949314, 0.66231703]}
{"Distance":[0.21986970951029303]}
{"Time":[15.9]}
{"Title":['ModelBasedAgendUWB_PID']}
{"IMU":[]}
{"Kalman":[0.9217933689047342, 0.02792363170554904, 0.832631099789352]}
{"UWB":[2.01573324, 6.01751074, -0.41636809]}
{"Distance":[0.08304219623118203]}
{"Time":[16.9]}
{"Title":['ModelBasedAgendUWB_PID']}
