{"IMU":[ 3.52281961  1.05610564 -0.11      ]}
{"Kalman":[1.7312957801124622, 0.19332237763537496, -0.10999999999999996]}
{"UWB":[1.08150502, 3.47213211, -1.99756186]}
{"Distance":[6.088041723881376]}
{"Time":[1615397624.9906485]}
