{"IMU":[2.0222273035170417, 1.7774635017008917, 0.63]}
{"Kalman":[1.9943754524929889, 1.7856803355541675, 0.6344885363864871]}
{"UWB":[1.97527497, 1.79674637, 0.6846804]}
{"Distance":[1.2725279653228814]}
{"Time":[1615561907.896058]}
{"IMU":[2.0333719494761806, 1.774127654442324, 0.63]}
{"Kalman":[2.002767060247085, 1.8050767454776364, 0.6347418329817526]}
{"UWB":[1.97891036, 1.83154964, 0.95416699]}
{"Distance":[1.2532794410445107]}
{"Time":[1615561908.1586885]}
{"IMU":[2.0333719494761806, 1.774127654442324, 0.63]}
{"Kalman":[1.9848260256369334, 1.8546982302861839, 0.6264593874579382]}
{"UWB":[1.93564507, 1.88398849, 0.902101]}
{"Distance":[1.2101709702758872]}
{"Time":[1615561908.4841404]}
{"IMU":[2.0480181766869405, 1.7961628854365486, 0.66]}
{"Kalman":[1.954349102996657, 1.844727664107293, 0.6563206521933486]}
{"UWB":[1.89404932, 1.86499663, 0.82890094]}
{"Distance":[1.214077364909533]}
{"Time":[1615561908.7136242]}
{"IMU":[2.0480181766869405, 1.7961628854365486, 0.66]}
{"Kalman":[1.946831914177144, 1.921278225031468, 0.6554085349642019]}
{"UWB":[1.89550149, 1.97683337, 0.61663904]}
{"Distance":[1.142735493489817]}
{"Time":[1615561909.045099]}
{"IMU":[2.04999707831162, 1.8469286215396064, 0.68]}
{"Kalman":[2.0139445487932672, 2.0046142333073593, 0.6760236238775046]}
{"UWB":[2.05113505, 2.023818, 1.37412951]}
{"Distance":[1.0503137900180854]}
{"Time":[1615561909.3429294]}
{"IMU":[2.044207993877111, 1.9394599163622992, 0.7]}
{"Kalman":[2.0369066459655487, 2.0752129402399593, 0.695769076170356]}
{"UWB":[2.0465732, 2.08430243, 1.08181418]}
{"Distance":[0.9755861480346963]}
{"Time":[1615561909.6627533]}
{"IMU":[2.044207993877111, 1.9394599163622992, 0.7]}
{"Kalman":[2.051407372460128, 2.1414715648279437, 0.6959999501174362]}
{"UWB":[2.11085302, 2.24768927, 1.31540114]}
{"Distance":[0.9120572064178923]}
{"Time":[1615561909.976679]}
{"IMU":[2.0289945997120715, 2.0930832684130807, 0.72]}
{"Kalman":[2.055391902766979, 2.22190334829052, 0.7156130185739829]}
{"UWB":[2.06869362, 2.19646626, 1.03231208]}
{"Distance":[0.8296386182819939]}
{"Time":[1615561910.24123]}
{"IMU":[2.0062877453686574, 2.0930832684130807, 0.72]}
{"Kalman":[2.046376623038593, 2.250913269118127, 0.7175751041730967]}
{"UWB":[2.06869362, 2.19646626, 1.03231208]}
{"Distance":[0.8023529265372402]}
{"Time":[1615561910.5702794]}
{"IMU":[2.0062877453686574, 2.306378136882319, 0.74]}
{"Kalman":[2.0420673593216425, 2.346065494992126, 0.7373771156887025]}
{"UWB":[2.06869362, 2.19646626, 1.03231208]}
{"Distance":[0.7070765920746113]}
{"Time":[1615561910.8921485]}
{"IMU":[1.9801009501339772, 2.565172501811518, 0.76]}
{"Kalman":[2.033608247163568, 2.4238348173984554, 0.7526760050956375]}
{"UWB":[2.06869362, 2.19646626, 1.03231208]}
{"Distance":[0.6305103813121702]}
{"Time":[1615561911.1339724]}
{"IMU":[1.9801009501339772, 2.565172501811518, 0.76]}
{"Kalman":[2.032089847195, 2.443215985309384, 0.754981381359092]}
{"UWB":[2.06869362, 2.19646626, 1.03231208]}
{"Distance":[0.612090149691773]}
{"Time":[1615561911.4553833]}
{"IMU":[1.9505090130688527, 2.8471576702685493, 0.78]}
{"Kalman":[2.022044123538095, 2.5369250978532047, 0.7749011776224939]}
{"UWB":[2.06869362, 2.19646626, 1.03231208]}
{"Distance":[0.5207542256275486]}
{"Time":[1615561911.6703308]}
{"IMU":[1.9505090130688527, 2.8471576702685493, 0.78]}
{"Kalman":[2.021947252938972, 2.5470073902210046, 0.7774206661703525]}
{"UWB":[2.06869362, 2.19646626, 1.03231208]}
{"Distance":[0.5107211525736992]}
{"Time":[1615561912.0056808]}
{"IMU":[1.9156669224621632, 3.1481478893847603, 0.8]}
{"Kalman":[2.009777142243454, 2.647031989725795, 0.7973404891345727]}
{"UWB":[2.06869362, 2.19646626, 1.03231208]}
{"Distance":[0.416890222580122]}
{"Time":[1615561912.2415159]}
{"IMU":[1.9156669224621632, 3.1481478893847603, 0.8]}
{"Kalman":[2.0095066042973633, 2.647386677433071, 0.7981439781579048]}
{"UWB":[2.06869362, 2.19646626, 1.03231208]}
{"Distance":[0.41625840949030635]}
{"Time":[1615561912.6091642]}
{"IMU":[1.8807978524090627, 3.4277981579394474, 0.81]}
{"Kalman":[1.996648230484886, 2.738318171464986, 0.807775309322395]}
{"UWB":[2.06869362, 2.19646626, 1.03231208]}
{"Distance":[0.3407481465150394]}
{"Time":[1615561913.0144703]}
