{"IMU":[0.029281530380249023, -0.008328824043273926, 0.75]}
{"Kalman":[0.15441443316364253, -0.03163963461088112, 0.7484307605054371]}
{"CMD":[0.2552331898690099, 20.0, 0, 6.8850866230387755]}
{"Distance":[0.8827814562960341]}
{"Time":[1615321721.8275263]}
{"IMU":[0.029281530380249023, -0.008328824043273926, 0.75]}
{"Kalman":[0.00914588545576695, -0.017248702162781814, 0.7482243801959383]}
{"CMD":[0.4713517783292848, 20.0, 0, 3.797563406095631]}
{"Distance":[1.022487338192144]}
{"Time":[1615321721.8783844]}
{"IMU":[0.029281530380249023, -0.008328824043273926, 0.75]}
{"Kalman":[0.00914588545576695, -0.017248702162781814, 0.7482243801959383]}
{"CMD":[0.4713517783292848, 20.0, 0, 3.797563406095631]}
{"Distance":[1.022487338192144]}
{"Time":[1615321721.9095685]}
{"IMU":[0.029281530380249023, -0.008328824043273926, 0.75]}
{"Kalman":[0.00914588545576695, -0.017248702162781814, 0.7482243801959383]}
{"CMD":[0.4713517783292848, 20.0, 0, 3.797563406095631]}
{"Distance":[1.022487338192144]}
{"Time":[1615321721.9445586]}
{"IMU":[0.029281530380249023, -0.008328824043273926, 0.75]}
{"Kalman":[0.00914588545576695, -0.017248702162781814, 0.7482243801959383]}
{"CMD":[0.4713517783292848, 20.0, 0, 3.797563406095631]}
{"Distance":[1.022487338192144]}
{"Time":[1615321721.9787068]}
{"IMU":[0.029281530380249023, -0.008328824043273926, 0.75]}
{"Kalman":[0.00914588545576695, -0.017248702162781814, 0.7482243801959383]}
{"CMD":[0.4713517783292848, 20.0, 0, 3.797563406095631]}
{"Distance":[1.022487338192144]}
{"Time":[1615321722.0165114]}
{"IMU":[0.029281530380249023, -0.008328824043273926, 0.75]}
{"Kalman":[0.00914588545576695, -0.017248702162781814, 0.7482243801959383]}
{"CMD":[0.4713517783292848, 20.0, 0, 3.797563406095631]}
{"Distance":[1.022487338192144]}
{"Time":[1615321722.0473275]}
{"IMU":[0.029281530380249023, -0.008328824043273926, 0.75]}
{"Kalman":[0.00914588545576695, -0.017248702162781814, 0.7482243801959383]}
{"CMD":[0.4713517783292848, 20.0, 0, 3.797563406095631]}
{"Distance":[1.022487338192144]}
{"Time":[1615321722.078634]}
{"IMU":[0.029281530380249023, -0.008328824043273926, 0.75]}
{"Kalman":[0.00914588545576695, -0.017248702162781814, 0.7482243801959383]}
{"CMD":[0.4713517783292848, 20.0, 0, 3.797563406095631]}
{"Distance":[1.022487338192144]}
{"Time":[1615321722.1049027]}
{"IMU":[0.029281530380249023, -0.008328824043273926, 0.75]}
{"Kalman":[0.00914588545576695, -0.017248702162781814, 0.7482243801959383]}
{"CMD":[0.4713517783292848, 20.0, 0, 3.797563406095631]}
{"Distance":[1.022487338192144]}
{"Time":[1615321722.1399987]}
{"IMU":[0.029281530380249023, -0.008328824043273926, 0.75]}
{"Kalman":[0.00914588545576695, -0.017248702162781814, 0.7482243801959383]}
{"CMD":[0.4713517783292848, 20.0, 0, 3.797563406095631]}
{"Distance":[1.022487338192144]}
{"Time":[1615321722.1806538]}
{"IMU":[0.029478018283843995, -0.00675140917301178, 0.76]}
{"Kalman":[-0.004332668459426127, -0.013952924574777675, 0.758095529072838]}
{"CMD":[0.38128873402468, 20.0, 0, 3.648675623473116]}
{"Distance":[1.0331488596003824]}
{"Time":[1615321722.217554]}
{"IMU":[0.029478018283843995, -0.00675140917301178, 0.76]}
{"Kalman":[-0.004332668459426127, -0.013952924574777675, 0.758095529072838]}
{"CMD":[0.38128873402468, 20.0, 0, 3.648675623473116]}
{"Distance":[1.0331488596003824]}
{"Time":[1615321722.2475212]}
{"IMU":[0.029478018283843995, -0.00675140917301178, 0.76]}
{"Kalman":[0.0947438287369219, -0.014065697918343334, 0.7529954681519491]}
{"CMD":[0.3843704682639382, 20.0, 0, 3.725600485130089]}
{"Distance":[0.9384550166210911]}
{"Time":[1615321722.2875376]}
{"IMU":[0.029478018283843995, -0.00675140917301178, 0.76]}
{"Kalman":[0.12116448155068313, -0.014243801655950246, 0.7529796584934965]}
{"CMD":[0.3892374729032352, 20.0, 0, 3.725838944201103]}
{"Distance":[0.9130026306050182]}
{"Time":[1615321722.3395898]}
{"IMU":[0.029478018283843995, -0.00675140917301178, 0.76]}
{"Kalman":[0.12116448155068313, -0.014243801655950246, 0.7529796584934965]}
{"CMD":[0.3892374729032352, 20.0, 0, 3.725838944201103]}
{"Distance":[0.9130026306050182]}
{"Time":[1615321722.37568]}
{"IMU":[0.029478018283843995, -0.00675140917301178, 0.76]}
{"Kalman":[0.12116448155068313, -0.014243801655950246, 0.7529796584934965]}
{"CMD":[0.3892374729032352, 20.0, 0, 3.725838944201103]}
{"Distance":[0.9130026306050182]}
{"Time":[1615321722.4129999]}
{"IMU":[0.029478018283843995, -0.00675140917301178, 0.76]}
{"Kalman":[0.12116448155068313, -0.014243801655950246, 0.7529796584934965]}
{"CMD":[0.3892374729032352, 20.0, 0, 3.725838944201103]}
{"Distance":[0.9130026306050182]}
{"Time":[1615321722.44798]}
{"IMU":[0.029478018283843995, -0.00675140917301178, 0.76]}
{"Kalman":[0.12116448155068313, -0.014243801655950246, 0.7529796584934965]}
{"CMD":[0.3892374729032352, 20.0, 0, 3.725838944201103]}
{"Distance":[0.9130026306050182]}
{"Time":[1615321722.4892898]}
{"IMU":[0.029478018283843995, -0.00675140917301178, 0.76]}
{"Kalman":[0.12116448155068313, -0.014243801655950246, 0.7529796584934965]}
{"CMD":[0.3892374729032352, 20.0, 0, 3.725838944201103]}
{"Distance":[0.9130026306050182]}
{"Time":[1615321722.5183241]}
{"IMU":[0.029478018283843995, -0.00675140917301178, 0.76]}
{"Kalman":[0.12116448155068313, -0.014243801655950246, 0.7529796584934965]}
{"CMD":[0.3892374729032352, 20.0, 0, 3.725838944201103]}
{"Distance":[0.9130026306050182]}
{"Time":[1615321722.576628]}
{"IMU":[0.029478018283843995, -0.00675140917301178, 0.76]}
{"Kalman":[0.12116448155068313, -0.014243801655950246, 0.7529796584934965]}
{"CMD":[0.3892374729032352, 20.0, 0, 3.725838944201103]}
{"Distance":[0.9130026306050182]}
{"Time":[1615321722.6345093]}
{"IMU":[0.029478018283843995, -0.00675140917301178, 0.76]}
{"Kalman":[0.12116448155068313, -0.014243801655950246, 0.7529796584934965]}
{"CMD":[0.3892374729032352, 20.0, 0, 3.725838944201103]}
{"Distance":[0.9130026306050182]}
{"Time":[1615321722.6671667]}
{"IMU":[0.029478018283843995, -0.00675140917301178, 0.76]}
{"Kalman":[0.12116448155068313, -0.014243801655950246, 0.7529796584934965]}
{"CMD":[0.3892374729032352, 20.0, 0, 3.725838944201103]}
{"Distance":[0.9130026306050182]}
{"Time":[1615321722.729369]}
{"IMU":[0.0745078706741333, -0.013789145946502686, 0.79]}
{"Kalman":[0.2960398893712256, -0.03099460093124828, 0.7823446393614064]}
{"CMD":[0.6622901004964725, 20.0, 0, 3.273362942844256]}
{"Distance":[0.7374919380292099]}
{"Time":[1615321722.7958322]}
{"IMU":[0.0745078706741333, -0.013789145946502686, 0.79]}
{"Kalman":[0.39658738615981226, -0.04414840056801948, 0.782307777548202]}
{"CMD":[1.199991325889746, 16.53858441024598, 0, 3.28347922812354]}
{"Distance":[0.6429974864104563]}
{"Time":[1615321722.86742]}
{"IMU":[0.0745078706741333, -0.013789145946502686, 0.79]}
{"Kalman":[0.39658738615981226, -0.04414840056801948, 0.782307777548202]}
{"CMD":[1.2064343694814843, 16.48933385919305, 0, 3.283479228123585]}
{"Distance":[0.6429974864104563]}
{"Time":[1615321722.9160302]}
{"IMU":[0.0745078706741333, -0.013789145946502686, 0.79]}
{"Kalman":[0.39658738615981226, -0.04414840056801948, 0.782307777548202]}
{"CMD":[1.2064343694814843, 16.48933385919305, 0, 3.283479228123585]}
{"Distance":[0.6429974864104563]}
{"Time":[1615321722.9532435]}
{"IMU":[0.0745078706741333, -0.013789145946502686, 0.79]}
{"Kalman":[0.39658738615981226, -0.04414840056801948, 0.782307777548202]}
{"CMD":[1.2064343694814843, 16.48933385919305, 0, 3.283479228123585]}
{"Distance":[0.6429974864104563]}
{"Time":[1615321723.024469]}
{"IMU":[0.0745078706741333, -0.013789145946502686, 0.79]}
{"Kalman":[0.39658738615981226, -0.04414840056801948, 0.782307777548202]}
{"CMD":[1.2064343694814843, 16.48933385919305, 0, 3.283479228123585]}
{"Distance":[0.6429974864104563]}
{"Time":[1615321723.1085434]}
{"IMU":[0.0745078706741333, -0.013789145946502686, 0.79]}
{"Kalman":[0.39658738615981226, -0.04414840056801948, 0.782307777548202]}
{"CMD":[1.2064343694814843, 16.48933385919305, 0, 3.283479228123585]}
{"Distance":[0.6429974864104563]}
{"Time":[1615321723.1587002]}
