{"IMU":[]}
{"Kalman":[2.4389721228840235, 5.270289095475444, 0.811871115223205]}
{"UWB":[2.29006411, 5.28048645, 0.90417164]}
{"Distance":[5.031358139649118]}
{"Time":[0.5]}
{"Title":['ModelBasedAgendUWB_PID']}
{"IMU":[]}
{"Kalman":[2.318407487612938, 5.300134050272888, 0.8372036039667515]}
{"UWB":[2.20490121, 5.48331809, 0.24471448]}
{"Distance":[5.146505635793897]}
{"Time":[1.1]}
{"Title":['ModelBasedAgendUWB_PID']}
{"IMU":[]}
{"Kalman":[2.30487259008254, 5.504792606935192, 0.8669916680575044]}
{"UWB":[2.0061384, 5.84648897, 0.67277838]}
{"Distance":[5.279184561928787]}
{"Time":[1.6]}
{"Title":['ModelBasedAgendUWB_PID']}
{"IMU":[]}
{"Kalman":[2.088250726618017, 5.735626520575227, 0.8959139743385454]}
{"UWB":[1.61820503, 6.1977139, -0.3527513]}
{"Distance":[5.591695739224936]}
{"Time":[2.2]}
{"Title":['ModelBasedAgendUWB_PID']}
{"IMU":[]}
{"Kalman":[1.9851358113726267, 5.841001349776761, 0.8946831739759797]}
{"UWB":[0.50851917, 6.47392749, 2.98286692]}
{"Distance":[5.73782965945058]}
{"Time":[2.8]}
{"Title":['ModelBasedAgendUWB_PID']}
{"IMU":[]}
{"Kalman":[1.7018921237629412, 5.873096518361254, 0.8961633589469236]}
{"UWB":[0.97740909, 6.24728921, 0.95420354]}
{"Distance":[5.982378951682467]}
{"Time":[3.3]}
{"Title":['ModelBasedAgendUWB_PID']}
{"IMU":[]}
{"Kalman":[1.6262250670959881, 6.108491104386611, 0.8960938246171233]}
{"UWB":[0.78429938, 6.21477772, 0.92500682]}
{"Distance":[6.185328333144123]}
{"Time":[3.8]}
{"Title":['ModelBasedAgendUWB_PID']}
{"IMU":[]}
{"Kalman":[1.6198956882052462, 5.918035844063029, 0.8961776946222425]}
{"UWB":[0.94129526, 6.10267522, 1.11087342]}
{"Distance":[6.074998062791676]}
{"Time":[4.4]}
{"Title":['ModelBasedAgendUWB_PID']}
{"IMU":[]}
{"Kalman":[1.6198956882052462, 5.918035844063029, 0.8961776946222425]}
{"UWB":[1.02166808, 6.05839651, 1.42596745]}
{"Distance":[6.074998062791676]}
{"Time":[4.9]}
{"Title":['ModelBasedAgendUWB_PID']}
{"IMU":[]}
{"Kalman":[1.6198956882052462, 5.918035844063029, 0.8961776946222425]}
{"UWB":[1.05093357, 6.11498686, 1.53582453]}
{"Distance":[6.074998062791676]}
{"Time":[5.4]}
{"Title":['ModelBasedAgendUWB_PID']}
{"IMU":[]}
{"Kalman":[1.5909972675257908, 5.832619808348226, 0.8961321532228699]}
{"UWB":[0.90204288, 6.16960407, 1.1036181]}
{"Distance":[6.047950937116926]}
{"Time":[6.1]}
{"Title":['ModelBasedAgendUWB_PID']}
{"IMU":[]}
{"Kalman":[1.5909972675257908, 5.832619808348226, 0.8961321532228699]}
{"UWB":[0.98370806, 6.09932416, 1.17681525]}
{"Distance":[6.047950937116926]}
{"Time":[6.6]}
{"Title":['ModelBasedAgendUWB_PID']}
{"IMU":[]}
{"Kalman":[1.5909972675257908, 5.832619808348226, 0.8961321532228699]}
{"UWB":[0.8994191, 6.103946, 1.09286868]}
{"Distance":[6.047950937116926]}
{"Time":[7.1]}
{"Title":['ModelBasedAgendUWB_PID']}
{"IMU":[]}
{"Kalman":[1.5909972675257908, 5.832619808348226, 0.8961321532228699]}
{"UWB":[1.27519574, 8.19826896, 1.27044471]}
{"Distance":[6.047950937116926]}
{"Time":[7.6]}
{"Title":['ModelBasedAgendUWB_PID']}
{"IMU":[]}
{"Kalman":[1.5909972675257908, 5.832619808348226, 0.8961321532228699]}
{"UWB":[1.19236107, 8.37948679, 0.65041831]}
{"Distance":[6.047950937116926]}
{"Time":[8.1]}
{"Title":['ModelBasedAgendUWB_PID']}
{"IMU":[]}
{"Kalman":[1.5909972675257908, 5.832619808348226, 0.8961321532228699]}
{"UWB":[1.26855682, 8.27895892, 0.90018119]}
{"Distance":[6.047950937116926]}
{"Time":[8.6]}
{"Title":['ModelBasedAgendUWB_PID']}
{"IMU":[]}
{"Kalman":[1.5909972675257908, 5.832619808348226, 0.8961321532228699]}
{"UWB":[0.92093652, 6.16090032, 1.11665637]}
{"Distance":[6.047950937116926]}
{"Time":[9.1]}
{"Title":['ModelBasedAgendUWB_PID']}
