{"IMU":[0.009645655751228333, 0.005160586833953857, 0.76]}
{"Kalman":[-0.018626970562063104, -0.006427322046152841, 0.7563989345108291]}
{"CMD":[-0.07897779143589345, 17.682805789788368, 0, 9.807571283748022]}
{"Distance":[1.047369893940336]}
{"Time":[1615320297.5890453]}
{"IMU":[0.009645655751228333, 0.005160586833953857, 0.76]}
{"Kalman":[-0.017646827512519305, -0.007527365598715089, 0.7615700390873946]}
{"CMD":[0.1319132783751114, 17.83374641297119, 0, 3.596269151012988]}
{"Distance":[1.0452323057770163]}
{"Time":[1615320297.6445613]}
{"IMU":[0.009645655751228333, 0.005160586833953857, 0.76]}
{"Kalman":[-0.017646827512519305, -0.007527365598715089, 0.7615700390873946]}
{"CMD":[0.1319132783751114, 17.83374641297119, 0, 3.596269151012988]}
{"Distance":[1.0452323057770163]}
{"Time":[1615320297.6913111]}
{"IMU":[0.009645655751228333, 0.005160586833953857, 0.76]}
{"Kalman":[-0.017646827512519305, -0.007527365598715089, 0.7615700390873946]}
{"CMD":[0.1319132783751114, 17.83374641297119, 0, 3.596269151012988]}
{"Distance":[1.0452323057770163]}
{"Time":[1615320297.737664]}
{"IMU":[0.009645655751228333, 0.005160586833953857, 0.76]}
{"Kalman":[-0.017646827512519305, -0.007527365598715089, 0.7615700390873946]}
{"CMD":[0.1319132783751114, 17.83374641297119, 0, 3.596269151012988]}
{"Distance":[1.0452323057770163]}
{"Time":[1615320297.7896483]}
{"IMU":[0.009645655751228333, 0.005160586833953857, 0.76]}
{"Kalman":[-0.017646827512519305, -0.007527365598715089, 0.7615700390873946]}
{"CMD":[0.1319132783751114, 17.83374641297119, 0, 3.596269151012988]}
{"Distance":[1.0452323057770163]}
{"Time":[1615320297.8569543]}
{"IMU":[0.009645655751228333, 0.005160586833953857, 0.76]}
{"Kalman":[-0.017646827512519305, -0.007527365598715089, 0.7615700390873946]}
{"CMD":[0.1319132783751114, 17.83374641297119, 0, 3.596269151012988]}
{"Distance":[1.0452323057770163]}
{"Time":[1615320297.8826497]}
{"IMU":[0.009645655751228333, 0.005160586833953857, 0.76]}
{"Kalman":[-0.017646827512519305, -0.007527365598715089, 0.7615700390873946]}
{"CMD":[0.1319132783751114, 17.83374641297119, 0, 3.596269151012988]}
{"Distance":[1.0452323057770163]}
{"Time":[1615320297.9127061]}
{"IMU":[0.00510867714881897, -0.0019162586331367493, 0.78]}
{"Kalman":[-0.02113757651157229, -0.013018106366989388, 0.7802213722086357]}
{"CMD":[0.22813573574779145, 17.894920025227822, 0, 3.3149487428207802]}
{"Distance":[1.0446023484997362]}
{"Time":[1615320297.9410043]}
{"IMU":[0.00510867714881897, -0.0019162586331367493, 0.78]}
{"Kalman":[0.03404127636671102, -0.016439063940806815, 0.7712939618122845]}
{"CMD":[0.2880862885443043, 16.927938511616368, 0, 3.4496019989969144]}
{"Distance":[0.9928005592716109]}
{"Time":[1615320297.9760919]}
{"IMU":[0.00510867714881897, -0.0019162586331367493, 0.78]}
{"Kalman":[0.03788488221676933, -0.016743757687090157, 0.7710425277540309]}
{"CMD":[0.2934258924795099, 16.86058126135215, 0, 3.4533944105870953]}
{"Distance":[0.9891245509973896]}
{"Time":[1615320298.00978]}
{"IMU":[0.00510867714881897, -0.0019162586331367493, 0.78]}
{"Kalman":[0.04157169397581105, -0.017036020014918916, 0.770990763959273]}
{"CMD":[0.29854764208816637, 16.795971748301508, 0, 3.4541751704274892]}
{"Distance":[0.9855558198084482]}
{"Time":[1615320298.044794]}
{"IMU":[0.00510867714881897, -0.0019162586331367493, 0.78]}
{"Kalman":[0.04157169397581105, -0.017036020014918916, 0.770990763959273]}
{"CMD":[0.29854764208816637, 16.795971748301508, 0, 3.4541751704274892]}
{"Distance":[0.9855558198084482]}
{"Time":[1615320298.0803936]}
{"IMU":[0.00510867714881897, -0.0019162586331367493, 0.78]}
{"Kalman":[0.04157169397581105, -0.017036020014918916, 0.770990763959273]}
{"CMD":[0.29854764208816637, 16.795971748301508, 0, 3.4541751704274892]}
{"Distance":[0.9855558198084482]}
{"Time":[1615320298.1117427]}
{"IMU":[0.00510867714881897, -0.0019162586331367493, 0.78]}
{"Kalman":[0.04157169397581105, -0.017036020014918916, 0.770990763959273]}
{"CMD":[0.29854764208816637, 16.795971748301508, 0, 3.4541751704274892]}
{"Distance":[0.9855558198084482]}
{"Time":[1615320298.1425781]}
{"IMU":[0.00510867714881897, -0.0019162586331367493, 0.78]}
{"Kalman":[0.04164077780092933, -0.017041496436140943, 0.770990760871439]}
{"CMD":[0.2986028059971491, 16.795275867982962, 0, 3.4541752092430356]}
{"Distance":[0.9854887330563618]}
{"Time":[1615320298.1816158]}
{"IMU":[0.00510867714881897, -0.0019162586331367493, 0.78]}
{"Kalman":[0.04164077780092933, -0.017041496436140943, 0.770990760871439]}
{"CMD":[0.298643613602727, 16.79476108917588, 0, 3.454175217001678]}
{"Distance":[0.9854887330563618]}
{"Time":[1615320298.241436]}
{"IMU":[0.00510867714881897, -0.0019162586331367493, 0.78]}
{"Kalman":[0.04164077780092933, -0.017041496436140943, 0.770990760871439]}
{"CMD":[0.298643613602727, 16.79476108917588, 0, 3.454175217001678]}
{"Distance":[0.9854887330563618]}
{"Time":[1615320298.3389637]}
{"IMU":[0.00510867714881897, -0.0019162586331367493, 0.78]}
{"Kalman":[0.04164077780092933, -0.017041496436140943, 0.770990760871439]}
{"CMD":[0.298643613602727, 16.79476108917588, 0, 3.454175217001678]}
{"Distance":[0.9854887330563618]}
{"Time":[1615320298.4042401]}
{"IMU":[0.0330849289894104, -0.013765467405319214, 0.79]}
{"Kalman":[0.12499691662537257, -0.04101056230257505, 0.7804630635079516]}
{"CMD":[0.4705343439840734, 15.974578049885944, 0, 3.3077407346058]}
{"Distance":[0.9030552190313681]}
{"Time":[1615320298.4718926]}
{"IMU":[0.0330849289894104, -0.013765467405319214, 0.79]}
{"Kalman":[0.14285341111839753, -0.047927889988053356, 0.7803793890110331]}
{"CMD":[0.8399120530302141, 15.021060835243173, 0, 3.3125653554745416]}
{"Distance":[0.8861323660950664]}
{"Time":[1615320298.5302837]}
{"IMU":[0.0330849289894104, -0.013765467405319214, 0.79]}
{"Kalman":[0.14285341111839753, -0.047927889988053356, 0.7803793890110331]}
{"CMD":[0.8399120530302141, 15.021060835243173, 0, 3.3125653554745416]}
{"Distance":[0.8861323660950664]}
{"Time":[1615320298.5873415]}
{"IMU":[0.0330849289894104, -0.013765467405319214, 0.79]}
{"Kalman":[0.14285341111839753, -0.047927889988053356, 0.7803793890110331]}
{"CMD":[0.8399120530302141, 15.021060835243173, 0, 3.3125653554745416]}
{"Distance":[0.8861323660950664]}
{"Time":[1615320298.6475546]}
{"IMU":[0.0330849289894104, -0.013765467405319214, 0.79]}
{"Kalman":[0.14285341111839753, -0.047927889988053356, 0.7803793890110331]}
{"CMD":[0.8399120530302141, 15.021060835243173, 0, 3.3125653554745416]}
{"Distance":[0.8861323660950664]}
{"Time":[1615320298.7014663]}
{"IMU":[0.0330849289894104, -0.013765467405319214, 0.79]}
{"Kalman":[0.14285341111839753, -0.047927889988053356, 0.7803793890110331]}
{"CMD":[0.8399120530302141, 15.021060835243173, 0, 3.3125653554745416]}
{"Distance":[0.8861323660950664]}
{"Time":[1615320298.759558]}
{"IMU":[0.0330849289894104, -0.013765467405319214, 0.79]}
{"Kalman":[0.14285341111839753, -0.047927889988053356, 0.7803793890110331]}
{"CMD":[0.8399120530302141, 15.021060835243173, 0, 3.3125653554745416]}
{"Distance":[0.8861323660950664]}
{"Time":[1615320298.8039558]}
{"IMU":[0.0330849289894104, -0.013765467405319214, 0.79]}
{"Kalman":[0.14285341111839753, -0.047927889988053356, 0.7803793890110331]}
{"CMD":[0.8399120530302141, 15.021060835243173, 0, 3.3125653554745416]}
{"Distance":[0.8861323660950664]}
{"Time":[1615320298.843135]}
{"IMU":[0.0330849289894104, -0.013765467405319214, 0.79]}
{"Kalman":[0.14285341111839753, -0.047927889988053356, 0.7803793890110331]}
{"CMD":[0.8399120530302141, 15.021060835243173, 0, 3.3125653554745416]}
{"Distance":[0.8861323660950664]}
{"Time":[1615320298.881929]}
{"IMU":[0.0960746955871582, -0.031404576301574706, 0.82]}
{"Kalman":[0.19636933285801583, -0.061780978745336404, 0.8082627900770625]}
{"CMD":[1.0499501299953993, 14.165499793666898, 0, 2.9373304501350024]}
{"Distance":[0.8284939928417314]}
{"Time":[1615320298.9457612]}
{"IMU":[0.0960746955871582, -0.031404576301574706, 0.82]}
{"Kalman":[0.2569809783470154, -0.09673507370308138, 0.8116742414691023]}
