{"IMU":[-0.01765180945396423, -0.006701054573059082, 0.78]}
{"Kalman":[-0.01994248616510083, -0.003175591207428452, 0.7786012921694718]}
{"CMD":[0.03969489009285567, 25.0, 0, 4.3215721870625226]}
{"Distance":[2.0320421057702993]}
{"Time":[1615221419.0974772]}
{"IMU":[-0.008622684478759766, -0.000980372577905655, 0.8]}
{"Kalman":[0.0076009165505303775, -0.0003865327812896458, 0.7880757326958497]}
{"CMD":[0.03969489009285567, 25.0, 0, 4.3215721870625226]}
{"Distance":[2.0036382288752326]}
{"Time":[1615221419.3322897]}
{"IMU":[-0.008622684478759766, -0.000980372577905655, 0.8]}
{"Kalman":[0.007631790563180144, -0.00040061663081520597, 0.7879273865786915]}
{"CMD":[0.004831659766120574, 24.90498854311838, 0, 4.13663669639058]}
{"Distance":[2.0036232270143777]}
{"Time":[1615221419.5432763]}
{"IMU":[0.05617074012756348, -8.824756368994713e-05, 0.83]}
{"Kalman":[0.12305561993900535, -0.0010436704326989496, 0.8184070689600843]}
{"CMD":[0.005007707885190077, 24.904602617960258, 0, 4.13953232509705]}
{"Distance":[1.8857086964041374]}
{"Time":[1615221419.7603397]}
{"IMU":[0.05617074012756348, -8.824756368994713e-05, 0.83]}
{"Kalman":[0.12378010608079398, -0.0011086977458019279, 0.8184909411049993]}
{"CMD":[0.013045880408736875, 23.461804750762443, 0, 3.544586903144755]}
{"Distance":[1.8849795378225827]}
{"Time":[1615221419.9733427]}
{"IMU":[0.05617074012756348, -8.824756368994713e-05, 0.83]}
{"Kalman":[0.12378010608079398, -0.0011086977458019279, 0.8184909411049993]}
{"CMD":[0.013858721822524104, 23.452748673990087, 0, 3.5429497683471505]}
{"Distance":[1.8849795378225827]}
{"Time":[1615221420.1847465]}
{"IMU":[0.24047283172607423, 0.0024988502264022827, 0.85]}
{"Kalman":[0.3791028722118603, 7.656528416802224e-05, 0.8418912429265606]}
{"CMD":[-0.01802629804272818, 21.16008961522956, 0, 3.1684711889172004]}
{"Distance":[1.628590152186053]}
{"Time":[1615221420.4225628]}
{"IMU":[0.24047283172607423, 0.0024988502264022827, 0.85]}
{"Kalman":[0.37910325028334707, 7.654405787131929e-05, 0.8418913981776573]}
{"CMD":[-0.0009570660521002785, 20.261214097351754, 0, 3.0861896792217176]}
{"Distance":[1.6285897608272069]}
{"Time":[1615221420.640167]}
{"IMU":[0.5855656814575195, 0.005029335618019104, 0.88]}
{"Kalman":[0.788164072954751, -0.00017763276033043451, 0.8717896301360621]}
{"CMD":[-0.0009568007233914916, 20.26120937145817, 0, 3.0861866488118825]}
{"Distance":[1.2185992961476972]}
{"Time":[1615221420.877062]}
{"IMU":[0.5855656814575195, 0.005029335618019104, 0.88]}
{"Kalman":[0.788164072954751, -0.00017763276033043451, 0.8717896301360621]}
{"CMD":[0.0022204095041304323, 15.147949088065618, 0, 2.5025907961536586]}
{"Distance":[1.2185992961476972]}
{"Time":[1615221421.0898938]}
{"IMU":[1.0014344787597655, 0.005659642815589905, 0.9]}
{"Kalman":[1.2305739820760495, 0.0006178269214852372, 0.8954585089544309]}
{"CMD":[0.0022204095041304323, 15.147949088065618, 0, 2.5025907961536586]}
{"Distance":[0.7764957837093792]}
{"Time":[1615221421.3017132]}
{"IMU":[1.0014344787597655, 0.005659642815589905, 0.9]}
{"Kalman":[1.2309798204367555, 0.0006249714301120469, 0.8959640454535317]}
{"CMD":[-0.0077228365185654695, 9.617825224049385, 0, 2.04058824246797]}
{"Distance":[0.7760257128492382]}
{"Time":[1615221421.5127885]}
{"IMU":[1.456776123046875, 0.004437645077705383, 0.92]}
{"Kalman":[1.6841240525082128, -0.0005798839828775829, 0.9151492508358189]}
{"CMD":[-0.00781214287640059, 9.61275224454056, 0, 2.0307204681911153]}
{"Distance":[0.3270743036421398]}
{"Time":[1615221421.733093]}
{"IMU":[1.456776123046875, 0.004437645077705383, 0.92]}
{"Kalman":[1.6866777494787244, -0.0005378383851385327, 0.9161277745958842]}
{"CMD":[0.007248549785969789, 3.9484493436473413, 0, 1.6562365753282946]}
{"Distance":[0.32435423865903823]}
{"Time":[1615221421.9450903]}
{"IMU":[1.456776123046875, 0.004437645077705383, 0.92]}
{"Kalman":[1.6866777494787244, -0.0005378383851385327, 0.9161277745958842]}
{"CMD":[0.006722979814231662, 3.916528131515947, 0, 1.6371363687041656]}
{"Distance":[0.32435423865903823]}
{"Time":[1615221422.1577957]}
{"IMU":[1.8751626586914063, 0.001967437267303467, 0.93]}
{"Kalman":[2.0923937859763244, -0.0024303273471863555, 0.9290773454983]}
{"CMD":[0.006722979814231662, 3.916528131515947, 0, 1.6371363687041656]}
{"Distance":[0.11650124934789682]}
{"Time":[1615221422.3717592]}
{"IMU":[1.8751626586914063, 0.001967437267303467, 0.93]}
{"Kalman":[2.0923937859763244, -0.0024303273471863555, 0.9290773454983]}
{"CMD":[0.030379091839829456, -1.1549223247040556, 0, 1.384368382862481]}
{"Distance":[0.11650124934789682]}
{"Time":[1615221422.5899012]}
{"IMU":[2.2819783020019533, -0.002066342830657959, 0.95]}
{"Kalman":[2.4804203481052953, -0.0065439975427881904, 0.9507173260964049]}
{"CMD":[0.030379091839829456, -1.1549223247040556, 0, 1.384368382862481]}
{"Distance":[0.4829858349108608]}
{"Time":[1615221422.806846]}
{"IMU":[2.2819783020019533, -0.002066342830657959, 0.95]}
{"Kalman":[2.4804202596436, -0.00654399906085964, 0.9507174031905891]}
{"CMD":[0.08179996928485242, -6.005254351316195, 0, 0.9619687257112408]}
{"Distance":[0.4829857390731237]}
{"Time":[1615221423.020478]}
{"IMU":[2.6143536376953125, -0.006858059763908386, 0.95]}
{"Kalman":[2.757124895472112, -0.011076828366649258, 0.9549402492060494]}
{"CMD":[0.08179998826074554, -6.005253245545003, 0, 0.9619672208782395]}
{"Distance":[0.758545440044256]}
{"Time":[1615221423.2439303]}
{"IMU":[2.6143536376953125, -0.006858059763908386, 0.95]}
{"Kalman":[2.756356278734791, -0.011066817600940653, 0.955507195761042]}
{"CMD":[0.13846035458311579, -9.464061193401406, 0, 0.879539757459482]}
{"Distance":[0.7577446169141682]}
{"Time":[1615221423.4591146]}
{"IMU":[2.6143536376953125, -0.006858059763908386, 0.95]}
{"Kalman":[2.75635599043583, -0.01106681384602196, 0.9555074084159256]}
{"CMD":[0.13833522001175821, -9.454453484184892, 0, 0.8684732951137184]}
{"Distance":[0.757744316602068]}
{"Time":[1615221423.6912086]}
{"IMU":[2.8072906494140626, -0.014536529779434204, 0.95]}
{"Kalman":[2.8739106271602957, -0.02014627969730602, 0.9555774156859985]}
{"CMD":[0.1383351569229683, -11.036215830007906, 0, 0.8684677157625387]}
{"Distance":[0.8752708282848675]}
{"Time":[1615221423.905571]}
{"IMU":[2.8072906494140626, -0.014536529779434204, 0.95]}
{"Kalman":[2.8739106271602957, -0.02014627969730602, 0.9555774156859985]}
{"CMD":[0.2518284962163254, -10.9238828395037, 0, 0.8671026435970807]}
{"Distance":[0.8752708282848675]}
{"Time":[1615221424.1434536]}
{"IMU":[2.887171630859375, -0.025508880615234375, 0.96]}
{"Kalman":[2.9083527143906034, -0.03139096436893161, 0.9657667659029564]}
{"CMD":[0.2518284962163254, -10.9238828395037, 0, 0.8671026435970807]}
{"Distance":[0.9095394222910471]}
{"Time":[1615221424.367159]}
{"IMU":[2.887171630859375, -0.025508880615234375, 0.96]}
{"Kalman":[2.908352589171366, -0.03139096660199488, 0.9657667704467371]}
{"CMD":[0.39238708252493615, -11.354407364642082, 0, 0.6682124487553511]}
{"Distance":[0.9095392971412388]}
{"Time":[1615221424.5827398]}
{"IMU":[2.9051193237304687, -0.03791966199874878, 0.96]}
{"Kalman":[2.9032220522808934, -0.04408863778558962, 0.9687939978067515]}
{"CMD":[0.39238708252493615, -11.354407364642082, 0, 0.6682124487553511]}
{"Distance":[0.9048357299980936]}
{"Time":[1615221424.801746]}
{"IMU":[2.9051193237304687, -0.03791966199874878, 0.96]}
{"Kalman":[2.903221931401095, -0.04408864308383427, 0.9687941322092556]}
{"CMD":[0.5511080385479287, -11.290274142513695, 0, 0.6091201328097179]}
{"Distance":[0.9048356049567633]}
{"Time":[1615221425.0155253]}
{"IMU":[2.8801165771484376, -0.04416290760040283, 0.96]}
{"Kalman":[2.878339794023605, -0.05024433132469083, 0.968794202389231]}
{"CMD":[0.5511080385479287, -11.290274142513695, 0, 0.6091201328097179]}
{"Distance":[0.8803289660122622]}
{"Time":[1615221425.2491398]}
{"IMU":[2.8801165771484376, -0.04416290760040283, 0.96]}
{"Kalman":[2.85624197078327, -0.047007527171830245, 0.9700842057587069]}
{"CMD":[0.589271943903425, -10.706897846528978, 0, 0.5869201257063225]}
