{"IMU":[0.03398148775100708, 0.0030868810415267942, 0.74]}
{"Kalman":[-0.0005076596881000229, -0.02221320742050617, 0.7416430154033972]}
{"CMD":[20.0, 20.0, 0, 6.8519340358380845]}
{"Distance":[1.4535073959252245]}
{"Time":[1615323126.6978483]}
{"IMU":[0.03398148775100708, 0.0030868810415267942, 0.74]}
{"Kalman":[-0.0005076596881000229, -0.02221320742050617, 0.7416430154033972]}
{"CMD":[20.0, 20.0, 0, 3.8968309607451665]}
{"Distance":[1.4535073959252245]}
{"Time":[1615323126.7314003]}
{"IMU":[0.03398148775100708, 0.0030868810415267942, 0.74]}
{"Kalman":[-0.0005076596881000229, -0.02221320742050617, 0.7416430154033972]}
{"CMD":[20.0, 20.0, 0, 3.8968309607451665]}
{"Distance":[1.4535073959252245]}
{"Time":[1615323126.7586443]}
{"IMU":[0.03398148775100708, 0.0030868810415267942, 0.74]}
{"Kalman":[-0.0005076596881000229, -0.02221320742050617, 0.7416430154033972]}
{"CMD":[20.0, 20.0, 0, 3.8968309607451665]}
{"Distance":[1.4535073959252245]}
{"Time":[1615323126.7863846]}
{"IMU":[0.03398148775100708, 0.0030868810415267942, 0.74]}
{"Kalman":[-0.0005076596881000229, -0.02221320742050617, 0.7416430154033972]}
{"CMD":[20.0, 20.0, 0, 3.8968309607451665]}
{"Distance":[1.4535073959252245]}
{"Time":[1615323126.8172228]}
{"IMU":[0.03398148775100708, 0.0030868810415267942, 0.74]}
{"Kalman":[-0.0005076596881000229, -0.02221320742050617, 0.7416430154033972]}
{"CMD":[20.0, 20.0, 0, 3.8968309607451665]}
{"Distance":[1.4535073959252245]}
{"Time":[1615323126.845462]}
{"IMU":[0.03398148775100708, 0.0030868810415267942, 0.74]}
{"Kalman":[-0.0005076596881000229, -0.02221320742050617, 0.7416430154033972]}
{"CMD":[20.0, 20.0, 0, 3.8968309607451665]}
{"Distance":[1.4535073959252245]}
{"Time":[1615323126.8830538]}
{"IMU":[0.03398148775100708, 0.0030868810415267942, 0.74]}
{"Kalman":[-0.0005076596881000229, -0.02221320742050617, 0.7416430154033972]}
{"CMD":[20.0, 20.0, 0, 3.8968309607451665]}
{"Distance":[1.4535073959252245]}
{"Time":[1615323126.911797]}
{"IMU":[0.03398148775100708, 0.0030868810415267942, 0.74]}
{"Kalman":[-0.0005076596881000229, -0.02221320742050617, 0.7416430154033972]}
{"CMD":[20.0, 20.0, 0, 3.8968309607451665]}
{"Distance":[1.4535073959252245]}
{"Time":[1615323126.944]}
{"IMU":[0.03398148775100708, 0.0030868810415267942, 0.74]}
{"Kalman":[-0.0005076596881000229, -0.02221320742050617, 0.7416430154033972]}
{"CMD":[20.0, 20.0, 0, 3.8968309607451665]}
{"Distance":[1.4535073959252245]}
{"Time":[1615323126.9717267]}
{"IMU":[0.03398148775100708, 0.0030868810415267942, 0.74]}
{"Kalman":[-0.0005076596881000229, -0.02221320742050617, 0.7416430154033972]}
{"CMD":[20.0, 20.0, 0, 3.8968309607451665]}
{"Distance":[1.4535073959252245]}
{"Time":[1615323127.0007875]}
{"IMU":[0.01059794545173645, 0.0073700624704360965, 0.74]}
{"Kalman":[-0.03781877301457621, -0.02914044320589298, 0.7416430124070645]}
{"CMD":[20.0, 20.0, 0, 3.8968309607451665]}
{"Distance":[1.4842325257524842]}
{"Time":[1615323127.0536222]}
{"IMU":[0.01059794545173645, 0.0073700624704360965, 0.74]}
{"Kalman":[-0.028812100933170423, 0.09413487217393689, 0.7363472362686825]}
{"CMD":[20.0, 20.0, 0, 3.972546536808472]}
{"Distance":[1.395907858227403]}
{"Time":[1615323127.1059928]}
{"IMU":[0.01059794545173645, 0.0073700624704360965, 0.74]}
{"Kalman":[-0.02417137652393247, 0.1458480788379521, 0.7363312027161769]}
{"CMD":[20.0, 20.0, 0, 3.976946754190298]}
{"Distance":[1.3594203719147515]}
{"Time":[1615323127.1496603]}
{"IMU":[0.01059794545173645, 0.0073700624704360965, 0.74]}
{"Kalman":[-0.02417137652393247, 0.1458480788379521, 0.7363312027161769]}
{"CMD":[20.0, 20.0, 0, 3.9769497009818915]}
{"Distance":[1.3594203719147515]}
{"Time":[1615323127.1937628]}
{"IMU":[0.01059794545173645, 0.0073700624704360965, 0.74]}
{"Kalman":[-0.02417137652393247, 0.1458480788379521, 0.7363312027161769]}
{"CMD":[20.0, 20.0, 0, 3.9769497009818915]}
{"Distance":[1.3594203719147515]}
{"Time":[1615323127.2564504]}
{"IMU":[0.01059794545173645, 0.0073700624704360965, 0.74]}
{"Kalman":[-0.02417137652393247, 0.1458480788379521, 0.7363312027161769]}
{"CMD":[20.0, 20.0, 0, 3.9769497009818915]}
{"Distance":[1.3594203719147515]}
{"Time":[1615323127.301448]}
{"IMU":[0.01059794545173645, 0.0073700624704360965, 0.74]}
{"Kalman":[-0.02417137652393247, 0.1458480788379521, 0.7363312027161769]}
{"CMD":[20.0, 20.0, 0, 3.9769497009818915]}
{"Distance":[1.3594203719147515]}
{"Time":[1615323127.3506413]}
{"IMU":[0.01059794545173645, 0.0073700624704360965, 0.74]}
{"Kalman":[-0.02417137652393247, 0.1458480788379521, 0.7363312027161769]}
{"CMD":[20.0, 20.0, 0, 3.9769497009818915]}
{"Distance":[1.3594203719147515]}
{"Time":[1615323127.4186797]}
{"IMU":[0.01059794545173645, 0.0073700624704360965, 0.74]}
{"Kalman":[-0.02417137652393247, 0.1458480788379521, 0.7363312027161769]}
{"CMD":[20.0, 20.0, 0, 3.9769497009818915]}
{"Distance":[1.3594203719147515]}
{"Time":[1615323127.4936323]}
{"IMU":[0.03620262384414673, 0.07254714488983155, 0.76]}
{"Kalman":[0.16264671330824973, 0.4155748738029701, 0.7544451939970546]}
{"CMD":[19.07884169741139, 20.0, 0, 3.6970715278455]}
{"Distance":[1.050243027882135]}
{"Time":[1615323127.6139243]}
{"IMU":[0.03620262384414673, 0.07254714488983155, 0.76]}
{"Kalman":[0.21241237447273612, 0.49014052131475716, 0.754444880975053]}
{"CMD":[14.092105940830075, 20.0, 0, 3.7037388088416217]}
{"Distance":[0.9698186801501697]}
{"Time":[1615323127.676156]}
{"IMU":[0.03620262384414673, 0.07254714488983155, 0.76]}
{"Kalman":[0.21241237447273612, 0.49014052131475716, 0.754444880975053]}
{"CMD":[13.932826348807035, 20.0, 0, 3.7037388088421745]}
{"Distance":[0.9698186801501697]}
{"Time":[1615323127.7330441]}
{"IMU":[0.03620262384414673, 0.07254714488983155, 0.76]}
{"Kalman":[0.21241237447273612, 0.49014052131475716, 0.754444880975053]}
{"CMD":[13.932826348807035, 20.0, 0, 3.7037388088421745]}
{"Distance":[0.9698186801501697]}
{"Time":[1615323127.798461]}
{"IMU":[0.03620262384414673, 0.07254714488983155, 0.76]}
{"Kalman":[0.21241237447273612, 0.49014052131475716, 0.754444880975053]}
{"CMD":[13.932826348807035, 20.0, 0, 3.7037388088421745]}
{"Distance":[0.9698186801501697]}
{"Time":[1615323127.8628876]}
{"IMU":[0.03620262384414673, 0.07254714488983155, 0.76]}
{"Kalman":[0.21241237447273612, 0.49014052131475716, 0.754444880975053]}
{"CMD":[13.932826348807035, 20.0, 0, 3.7037388088421745]}
{"Distance":[0.9698186801501697]}
{"Time":[1615323127.9276068]}
{"IMU":[0.03620262384414673, 0.07254714488983155, 0.76]}
{"Kalman":[0.21241237447273612, 0.49014052131475716, 0.754444880975053]}
{"CMD":[13.932826348807035, 20.0, 0, 3.7037388088421745]}
{"Distance":[0.9698186801501697]}
{"Time":[1615323127.9873183]}
{"IMU":[0.10951237678527832, 0.17808736801147462, 0.78]}
{"Kalman":[0.4260595933630086, 0.7084899857293006, 0.7740357626316106]}
{"CMD":[12.381098767348103, 20.0, 0, 3.405963084923625]}
{"Distance":[0.6822356743532372]}
{"Time":[1615323128.0585303]}
{"IMU":[0.10951237678527832, 0.17808736801147462, 0.78]}
{"Kalman":[0.4748865523578047, 0.7735645067338914, 0.774014055858867]}
{"CMD":[6.187756703118579, 14.349668458235609, 0, 3.4085744776647102]}
{"Distance":[0.6148876421385436]}
{"Time":[1615323128.1114147]}
{"IMU":[0.10951237678527832, 0.17808736801147462, 0.78]}
{"Kalman":[0.5424946433612419, 0.8636697319746336, 0.774012794367099]}
{"CMD":[3.7254695261954094, 12.50215589623664, 0, 3.4085935049040383]}
{"Distance":[0.5281735609085262]}
{"Time":[1615323128.2199569]}
{"IMU":[0.10951237678527832, 0.17808736801147462, 0.78]}
{"Kalman":[0.5424946433612419, 0.8636697319746336, 0.774012794367099]}
{"CMD":[3.7254695261954094, 12.50215589623664, 0, 3.4085935049040383]}
{"Distance":[0.5281735609085262]}
{"Time":[1615323128.2611642]}
{"IMU":[0.10951237678527832, 0.17808736801147462, 0.78]}
{"Kalman":[0.5424946433612419, 0.8636697319746336, 0.774012794367099]}
{"CMD":[3.7254695261954094, 12.50215589623664, 0, 3.4085935049040383]}
{"Distance":[0.5281735609085262]}
{"Time":[1615323128.2997868]}
{"IMU":[0.10951237678527832, 0.17808736801147462, 0.78]}
