{"IMU":[-0.02329277992248535, -0.026153032779693604, 0.79]}
{"Kalman":[-0.03371963228534166, -0.02801940938707755, 0.79]}
{"CMD":[5, 9.805329095729272, 0, 5]}
{"Distance":[0.5742314282492739]}
{"Time":[1616766268.4244409]}
{"IMU":[-0.015888932943344116, -0.023124535083770752, 0.83]}
{"Kalman":[0.001894441079818808, -0.015135781530490845, 0.83]}
{"CMD":[5, 9.895706196463106, 0, 5]}
{"Distance":[0.5265341771525613]}
{"Time":[1616766268.9721093]}
{"IMU":[0.020919225215911864, -0.017283028364181517, 0.86]}
{"Kalman":[0.07041758534941381, 0.007524762679349005, 0.86]}
{"CMD":[5, 9.235384961938063, 0, 5]}
{"Distance":[0.45188236636364637]}
{"Time":[1616766269.493619]}
{"IMU":[0.09288590431213378, -0.0084142404794693, 0.89]}
{"Kalman":[0.17080933405314636, 0.011958898490419399, 0.89]}
{"CMD":[-5, 7.964895996699392, 0, 5]}
{"Distance":[0.34728879883986635]}
{"Time":[1616766270.0342784]}
{"IMU":[0.1894914436340332, -0.040959315299987795, 0.92]}
{"Kalman":[0.32253708006723614, -0.05943386417064515, 0.92]}
{"CMD":[-5, 6.1035306100310445, 0, 5]}
{"Distance":[0.20353248429014287]}
{"Time":[1616766270.598658]}
{"IMU":[0.3522182083129883, -0.1566454792022705, 0.94]}
{"Kalman":[0.5498168345739014, -0.22906517789895944, 0.94]}
{"CMD":[5, 5, 0, 5]}
{"Distance":[0.24197638879205838]}
{"Time":[1616766271.1160765]}
{"IMU":[0.515348129272461, -0.264256649017334, 0.97]}
{"Kalman":[0.6865004871185034, -0.2970048557393823, 0.97]}
{"CMD":[5, -5, 0, 5]}
{"Distance":[0.3519862440894677]}
{"Time":[1616766271.6883285]}
{"IMU":[0.6400360107421875, -0.3130475616455078, 1.0]}
{"Kalman":[0.7458615748743169, -0.3058239343086069, 1.0]}
{"CMD":[5.506772870120927, -5, 0, 5]}
{"Distance":[0.392398003047511]}
{"Time":[1616766272.2133608]}
{"IMU":[0.7174819946289063, -0.31143501281738284, 1.03]}
{"Kalman":[0.7676211287497736, -0.2742587450031122, 1.03]}
{"CMD":[5.670287579278025, -5, 0, 0]}
{"Distance":[0.38436821898276796]}
{"Time":[1616766272.7868953]}
{"IMU":[0.756954345703125, -0.2707403564453125, 1.04]}
{"Kalman":[0.7614024271191098, -0.2108692222635502, 1.04]}
{"CMD":[5.085036783714412, -5, 0, -5]}
{"Distance":[0.33822634108211624]}
{"Time":[1616766273.3023946]}
{"IMU":[0.7659425354003906, -0.19814796447753907, 1.03]}
{"Kalman":[0.7305127669687665, -0.1197976173060873, 1.03]}
{"CMD":[5, -5, 0, -5]}
{"Distance":[0.2615102385143125]}
{"Time":[1616766273.8627923]}
{"IMU":[0.7131906127929688, 0.01785729646682739, 0.98]}
{"Kalman":[0.6242640138616444, 0.11511281209795929, 0.98]}
{"CMD":[5, -5, 0, -5]}
{"Distance":[0.17056525041785928]}
{"Time":[1616766274.3942893]}
