{"IMU":[2.026408498692019, 1.8010802344109265, 0.58]}
{"Kalman":[1.9276094025862351, 1.8674488372943987, 0.5791775068067626]}
{"UWB":[1.87345087, 1.90411178, 0.91027241]}
{"Distance":[1.2204434542410625]}
{"Time":[1615561747.4615185]}
{"IMU":[2.0300539426083395, 1.7922126034523693, 0.59]}
{"Kalman":[1.9423381087054719, 1.8494533495864636, 0.5837696318831244]}
{"UWB":[1.88724732, 1.8772218, 0.78683004]}
{"Distance":[1.23363794773308]}
{"Time":[1615561747.701224]}
{"IMU":[2.0300539426083395, 1.7922126034523693, 0.59]}
{"Kalman":[1.9236802818476793, 1.8943252741813952, 0.5837986810993259]}
{"UWB":[1.84727975, 1.9166177, 1.01873418]}
{"Distance":[1.194499384754141]}
{"Time":[1615561747.9833548]}
{"IMU":[2.0451270396585297, 1.810604337814018, 0.62]}
{"Kalman":[1.8772607177717695, 1.9114286230747741, 0.6130707119299391]}
{"UWB":[1.78075319, 1.96076076, 0.80859996]}
{"Distance":[1.1765690394000827]}
{"Time":[1615561748.26231]}
{"IMU":[2.0451270396585297, 1.810604337814018, 0.62]}
{"Kalman":[1.834213771150445, 1.9848272142402543, 0.6120495725137689]}
{"UWB":[1.71559777, 2.0608627, 0.87417664]}
{"Distance":[1.1188045578116046]}
{"Time":[1615561748.5504239]}
{"IMU":[2.0517019287819696, 1.8537261334683148, 0.65]}
{"Kalman":[1.944897662645962, 1.92946520845098, 0.641928915291357]}
{"UWB":[1.94254331, 1.88912145, 0.80819371]}
{"Distance":[1.1394368682265876]}
{"Time":[1615561748.8105264]}
{"IMU":[2.0517019287819696, 1.8537261334683148, 0.65]}
{"Kalman":[2.0196900247259375, 2.0069936745256136, 0.6428168825821736]}
{"UWB":[1.99783336, 2.04502505, 1.08888703]}
{"Distance":[1.058343533040657]}
{"Time":[1615561749.1049018]}
{"IMU":[2.05689272921036, 1.9338241378094403, 0.68]}
{"Kalman":[1.9900469602242288, 2.0635554245194454, 0.6723788849616593]}
{"UWB":[1.9504546, 2.05237368, 0.95347208]}
{"Distance":[0.9981751894942361]}
{"Time":[1615561749.4060395]}
{"IMU":[2.05689272921036, 1.9338241378094403, 0.68]}
{"Kalman":[1.9908040653259782, 2.181158356009911, 0.6725719436638828]}
{"UWB":[1.96724149, 2.23701892, 1.0576676]}
{"Distance":[0.888613820597999]}
{"Time":[1615561749.6343474]}
{"IMU":[2.05855253140877, 2.0844673815991133, 0.71]}
{"Kalman":[2.0174088504098764, 2.3389484356343773, 0.7025755356270447]}
{"UWB":[1.99144949, 2.34015349, 1.42413638]}
{"Distance":[0.7295695859535227]}
{"Time":[1615561749.9485245]}
{"IMU":[2.058268995689852, 2.276607083442375, 0.73]}
{"Kalman":[2.018314682034326, 2.457311173897391, 0.7174843562085622]}
{"UWB":[1.9820859, 2.44341609, 0.98006826]}
{"Distance":[0.6172509555559]}
{"Time":[1615561750.2175379]}
{"IMU":[2.058268995689852, 2.276607083442375, 0.73]}
{"Kalman":[2.0019248447673825, 2.6033027026051054, 0.7243409494733102]}
{"UWB":[1.96603465, 2.62976182, 1.21280025]}
{"Distance":[0.49292534320279335]}
{"Time":[1615561750.5073564]}
{"IMU":[2.0562424878353904, 2.5097970858837813, 0.76]}
{"Kalman":[1.9573043825402467, 2.7383043077420326, 0.7541424186586531]}
{"UWB":[1.90040006, 2.70820144, 1.42163346]}
{"Distance":[0.38638403809113814]}
{"Time":[1615561750.7395568]}
