{"IMU":[0.033455543518066407, -0.0156613028049469, 0.77]}
{"Kalman":[0.046471892275769144, -0.028907748906472457, 0.7713399302205154]}
{"CMD":[0.19639195439530632, 20.0, 0, 3.7909159504856937]}
{"Distance":[0.98098773574319]}
{"Time":[1615322812.3747559]}
{"IMU":[0.033455543518066407, -0.0156613028049469, 0.77]}
{"Kalman":[-0.002695222868329526, -0.037311289442088724, 0.7712494344458707]}
{"CMD":[1.019598023336201, 20.0, 0, 3.4502736108765495]}
{"Distance":[1.0291339385736602]}
{"Time":[1615322812.424544]}
{"IMU":[0.033455543518066407, -0.0156613028049469, 0.77]}
{"Kalman":[-0.002695222868329526, -0.037311289442088724, 0.7712494344458707]}
{"CMD":[1.019598023336201, 20.0, 0, 3.4502736108765495]}
{"Distance":[1.0291339385736602]}
{"Time":[1615322812.4610107]}
{"IMU":[0.033455543518066407, -0.0156613028049469, 0.77]}
{"Kalman":[-0.002695222868329526, -0.037311289442088724, 0.7712494344458707]}
{"CMD":[1.019598023336201, 20.0, 0, 3.4502736108765495]}
{"Distance":[1.0291339385736602]}
{"Time":[1615322812.4958372]}
{"IMU":[0.033455543518066407, -0.0156613028049469, 0.77]}
{"Kalman":[-0.002695222868329526, -0.037311289442088724, 0.7712494344458707]}
{"CMD":[1.019598023336201, 20.0, 0, 3.4502736108765495]}
{"Distance":[1.0291339385736602]}
{"Time":[1615322812.529474]}
{"IMU":[0.033455543518066407, -0.0156613028049469, 0.77]}
{"Kalman":[-0.002695222868329526, -0.037311289442088724, 0.7712494344458707]}
{"CMD":[1.019598023336201, 20.0, 0, 3.4502736108765495]}
{"Distance":[1.0291339385736602]}
{"Time":[1615322812.5719712]}
{"IMU":[0.033455543518066407, -0.0156613028049469, 0.77]}
{"Kalman":[-0.002695222868329526, -0.037311289442088724, 0.7712494344458707]}
{"CMD":[1.019598023336201, 20.0, 0, 3.4502736108765495]}
{"Distance":[1.0291339385736602]}
{"Time":[1615322812.6179492]}
{"IMU":[0.033455543518066407, -0.0156613028049469, 0.77]}
{"Kalman":[-0.002695222868329526, -0.037311289442088724, 0.7712494344458707]}
{"CMD":[1.019598023336201, 20.0, 0, 3.4502736108765495]}
{"Distance":[1.0291339385736602]}
{"Time":[1615322812.663533]}
{"IMU":[0.033455543518066407, -0.0156613028049469, 0.77]}
{"Kalman":[-0.002695222868329526, -0.037311289442088724, 0.7712494344458707]}
{"CMD":[1.019598023336201, 20.0, 0, 3.4502736108765495]}
{"Distance":[1.0291339385736602]}
{"Time":[1615322812.7083755]}
{"IMU":[0.033455543518066407, -0.0156613028049469, 0.77]}
{"Kalman":[-0.002695222868329526, -0.037311289442088724, 0.7712494344458707]}
{"CMD":[1.019598023336201, 20.0, 0, 3.4502736108765495]}
{"Distance":[1.0291339385736602]}
{"Time":[1615322812.755531]}
{"IMU":[0.03701398849487305, -0.007018862366676331, 0.78]}
{"Kalman":[0.08169195182898759, 0.008160580797161296, 0.7751183279695956]}
{"CMD":[0.9499099650631915, 20.0, 0, 3.3013858020049067]}
{"Distance":[0.9454776744216608]}
{"Time":[1615322812.8245614]}
{"IMU":[0.03701398849487305, -0.007018862366676331, 0.78]}
{"Kalman":[0.14665800144611596, 0.05126826747044278, 0.7747621913598042]}
{"CMD":[-1.4009975252629279, 20.0, 0, 3.397290255612665]}
{"Distance":[0.8840549033778362]}
{"Time":[1615322812.892779]}
{"IMU":[0.03701398849487305, -0.007018862366676331, 0.78]}
{"Kalman":[0.14665800144611596, 0.05126826747044278, 0.7747621913598042]}
{"CMD":[-1.4009975252629279, 20.0, 0, 3.397290255612665]}
{"Distance":[0.8840549033778362]}
{"Time":[1615322812.9510956]}
{"IMU":[0.03701398849487305, -0.007018862366676331, 0.78]}
{"Kalman":[0.14665800144611596, 0.05126826747044278, 0.7747621913598042]}
{"CMD":[-1.4009975252629279, 20.0, 0, 3.397290255612665]}
{"Distance":[0.8840549033778362]}
{"Time":[1615322812.9826777]}
{"IMU":[0.03701398849487305, -0.007018862366676331, 0.78]}
{"Kalman":[0.14665800144611596, 0.05126826747044278, 0.7747621913598042]}
{"CMD":[-1.4009975252629279, 20.0, 0, 3.397290255612665]}
{"Distance":[0.8840549033778362]}
{"Time":[1615322813.0142474]}
{"IMU":[0.03701398849487305, -0.007018862366676331, 0.78]}
{"Kalman":[0.14665800144611596, 0.05126826747044278, 0.7747621913598042]}
{"CMD":[-1.4009975252629279, 20.0, 0, 3.397290255612665]}
{"Distance":[0.8840549033778362]}
{"Time":[1615322813.0468705]}
{"IMU":[0.03701398849487305, -0.007018862366676331, 0.78]}
{"Kalman":[0.14665800144611596, 0.05126826747044278, 0.7747621913598042]}
{"CMD":[-1.4009975252629279, 20.0, 0, 3.397290255612665]}
{"Distance":[0.8840549033778362]}
{"Time":[1615322813.099841]}
{"IMU":[0.03701398849487305, -0.007018862366676331, 0.78]}
{"Kalman":[0.14665800144611596, 0.05126826747044278, 0.7747621913598042]}
{"CMD":[-1.4009975252629279, 20.0, 0, 3.397290255612665]}
{"Distance":[0.8840549033778362]}
{"Time":[1615322813.1451852]}
{"IMU":[0.03701398849487305, -0.007018862366676331, 0.78]}
{"Kalman":[0.14665800144611596, 0.05126826747044278, 0.7747621913598042]}
{"CMD":[-1.4009975252629279, 20.0, 0, 3.397290255612665]}
{"Distance":[0.8840549033778362]}
{"Time":[1615322813.1962333]}
{"IMU":[0.03701398849487305, -0.007018862366676331, 0.78]}
{"Kalman":[0.14665800144611596, 0.05126826747044278, 0.7747621913598042]}
{"CMD":[-1.4009975252629279, 20.0, 0, 3.397290255612665]}
{"Distance":[0.8840549033778362]}
{"Time":[1615322813.259351]}
{"IMU":[0.07827250003814697, 0.012245084047317506, 0.8]}
{"Kalman":[0.18493635078884824, 0.07072353475310775, 0.7936629768377138]}
{"CMD":[-1.5445305184648572, 20.0, 0, 3.3972904531910864]}
{"Distance":[0.8437449482876016]}
{"Time":[1615322813.324082]}
{"IMU":[0.07827250003814697, 0.012245084047317506, 0.8]}
{"Kalman":[0.3765074371889118, 0.07195718884864184, 0.79445769824184]}
{"CMD":[-1.969215533478044, 17.148475227474073, 0, 3.100220441302694]}
{"Distance":[0.6604305040803161]}
{"Time":[1615322813.3906858]}
{"IMU":[0.07827250003814697, 0.012245084047317506, 0.8]}
{"Kalman":[0.39385341998565093, 0.07150852955371723, 0.7944576982077105]}
{"CMD":[-1.9540990535267553, 16.56404439717565, 0, 3.1002204434985203]}
{"Distance":[0.6440301111656963]}
{"Time":[1615322813.454162]}
{"IMU":[0.07827250003814697, 0.012245084047317506, 0.8]}
{"Kalman":[0.39385341998565093, 0.07150852955371723, 0.7944576982077105]}
{"CMD":[-1.9540990535267553, 16.56404439717565, 0, 3.1002204434985203]}
{"Distance":[0.6440301111656963]}
{"Time":[1615322813.5069072]}
{"IMU":[0.07827250003814697, 0.012245084047317506, 0.8]}
{"Kalman":[0.39385341998565093, 0.07150852955371723, 0.7944576982077105]}
{"CMD":[-1.9540990535267553, 16.56404439717565, 0, 3.1002204434985203]}
{"Distance":[0.6440301111656963]}
{"Time":[1615322813.563485]}
{"IMU":[0.07827250003814697, 0.012245084047317506, 0.8]}
{"Kalman":[0.39385341998565093, 0.07150852955371723, 0.7944576982077105]}
{"CMD":[-1.9540990535267553, 16.56404439717565, 0, 3.1002204434985203]}
{"Distance":[0.6440301111656963]}
{"Time":[1615322813.6171854]}
{"IMU":[0.07827250003814697, 0.012245084047317506, 0.8]}
{"Kalman":[0.39385341998565093, 0.07150852955371723, 0.7944576982077105]}
{"CMD":[-1.9540990535267553, 16.56404439717565, 0, 3.1002204434985203]}
{"Distance":[0.6440301111656963]}
{"Time":[1615322813.6781402]}
{"IMU":[0.07827250003814697, 0.012245084047317506, 0.8]}
{"Kalman":[0.39385341998565093, 0.07150852955371723, 0.7944576982077105]}
{"CMD":[-1.9540990535267553, 16.56404439717565, 0, 3.1002204434985203]}
{"Distance":[0.6440301111656963]}
{"Time":[1615322813.736049]}
{"IMU":[0.16844114303588867, 0.03105621337890625, 0.83]}
{"Kalman":[0.44882338994768284, 0.08098166107958493, 0.8240711606183135]}
{"CMD":[-2.0365401120845736, 15.801915947466426, 0, 3.1002204434985203]}
{"Distance":[0.5842128391486788]}
{"Time":[1615322813.8050647]}
{"IMU":[0.16844114303588867, 0.03105621337890625, 0.83]}
{"Kalman":[0.7141380452884777, 0.10631341494607534, 0.824871491802841]}
{"CMD":[-2.848267828270253, 8.325721613531748, 0, 2.641485602837072]}
{"Distance":[0.3516953137765006]}
{"Time":[1615322813.8999436]}
{"IMU":[0.16844114303588867, 0.03105621337890625, 0.83]}
{"Kalman":[0.7141380452884777, 0.10631341494607534, 0.824871491802841]}
{"CMD":[-2.9052050828043314, 7.811691537042047, 0, 2.6414853614945635]}
{"Distance":[0.3516953137765006]}
