{"IMU":[]}
{"Kalman":[4.249564118564994, 2.70277009707634, 3.5411131046895696]}
{"UWB":[2.78978647, 4.81176635, 2.24939165]}
{"Distance":[1.7961763627533995]}
{"Time":[0.5]}
{"Title":['ModelBasedAgendUWB_PID']}
{"IMU":[]}
{"Kalman":[4.043276759689447, 2.63511453221725, 3.4647357668341496]}
{"UWB":[2.55553063, 3.74396043, 3.656]}
{"Distance":[1.9852122276660038]}
{"Time":[1.1]}
{"Title":['ModelBasedAgendUWB_PID']}
{"IMU":[]}
{"Kalman":[4.709476605007823, 2.748117095863807, 3.3855916850379226]}
{"UWB":[2.40437492, 4.01816092, 0.75081782]}
{"Distance":[1.3661111099129335]}
{"Time":[1.7]}
{"Title":['ModelBasedAgendUWB_PID']}
{"IMU":[]}
{"Kalman":[4.6315426869837255, 2.531202191926056, 3.30939632356336]}
{"UWB":[2.32630974, 4.21220369, 0.98396006]}
{"Distance":[1.387850810101408]}
{"Time":[2.2]}
{"Title":['ModelBasedAgendUWB_PID']}
{"IMU":[]}
{"Kalman":[5.328456349065426, 2.56722763093441, 3.2363504140946038]}
{"UWB":[2.60325507, 5.4761154, 1.49884578]}
{"Distance":[0.7227596293688198]}
{"Time":[2.8]}
{"Title":['ModelBasedAgendUWB_PID']}
{"IMU":[]}
{"Kalman":[5.207488804337322, 2.2847776506104815, 3.164778820625217]}
{"UWB":[2.05623111, 4.93713152, 0.88621387]}
{"Distance":[0.7926573756495453]}
{"Time":[3.3]}
{"Title":['ModelBasedAgendUWB_PID']}
{"IMU":[]}
{"Kalman":[5.452918221300455, 2.179628902269316, 3.1110414201794305]}
{"UWB":[1.98430982, 5.33240908, 0.7935593]}
{"Distance":[0.5601675407893142]}
{"Time":[3.9]}
{"Title":['ModelBasedAgendUWB_PID']}
{"IMU":[]}
{"Kalman":[6.164018682124726, 2.041378674334716, 3.0458618204738284]}
{"UWB":[1.88277202, 5.9908896, 0.17940777]}
{"Distance":[0.3062468255750592]}
{"Time":[4.6]}
{"Title":['ModelBasedAgendUWB_PID']}
{"IMU":[]}
{"Kalman":[6.3739208288440565, 2.3480813855870184, 3.0172699605098265]}
{"UWB":[2.4043936, 6.25500488, 1.4881232]}
{"Distance":[0.37699947729856836]}
{"Time":[5.2]}
{"Title":['ModelBasedAgendUWB_PID']}
{"IMU":[]}
{"Kalman":[7.415244412905606, 2.4296383890094337, 3.0193449741287646]}
{"UWB":[2.55593701, 8.22805235, 1.72672247]}
{"Distance":[1.4211695395572954]}
{"Time":[5.8]}
{"Title":['ModelBasedAgendUWB_PID']}
{"IMU":[]}
{"Kalman":[6.999780044751671, 2.4062132470995965, 2.972668290166552]}
{"UWB":[2.50639618, 7.35410269, 0.35441104]}
{"Distance":[1.0054060830048193]}
{"Time":[6.3]}
{"Title":['ModelBasedAgendUWB_PID']}
{"IMU":[]}
{"Kalman":[6.778731459503348, 2.045720560575019, 2.9335994622766544]}
{"UWB":[1.77872927, 6.98640245, 0.74190386]}
{"Distance":[0.8191951655951693]}
{"Time":[6.8]}
{"Title":['ModelBasedAgendUWB_PID']}
{"IMU":[]}
{"Kalman":[6.3508521504755855, 2.2223495005686065, 2.9033098580471925]}
{"UWB":[1.89863054, 7.06898816, 1.07694563]}
{"Distance":[0.3593422206689435]}
{"Time":[7.4]}
{"Title":['ModelBasedAgendUWB_PID']}
{"IMU":[]}
{"Kalman":[6.925917056973688, 2.0645850257752336, 2.765903591062448]}
{"UWB":[1.83311731, 7.19175514, 0.92241291]}
{"Distance":[0.9553756363253478]}
{"Time":[7.9]}
{"Title":['ModelBasedAgendUWB_PID']}
{"IMU":[]}
{"Kalman":[6.960133388858282, 2.047282236374788, 2.6364747866525104]}
{"UWB":[1.83405918, 7.39265333, 0.341627]}
{"Distance":[0.9928355314211001]}
{"Time":[8.4]}
{"Title":['ModelBasedAgendUWB_PID']}
{"IMU":[]}
{"Kalman":[7.748838439995352, 2.4670395121108144, 2.7119510655695547]}
{"UWB":[1.91867009, 7.39964006, 0.72515001]}
{"Distance":[1.7567976798173421]}
{"Time":[8.9]}
{"Title":['ModelBasedAgendUWB_PID']}
{"IMU":[]}
{"Kalman":[7.004752608469978, 2.1672219305097458, 2.730365411714189]}
{"UWB":[2.11556979, 7.33354519, 0.67347612]}
{"Distance":[1.0134879476169336]}
{"Time":[9.4]}
{"Title":['ModelBasedAgendUWB_PID']}
{"IMU":[]}
{"Kalman":[7.4866326660077815, 2.5847263578490596, 2.4817140902057493]}
{"UWB":[2.87304037, 8.50550612, 0.81647814]}
{"Distance":[1.513653124892026]}
{"Time":[10.0]}
{"Title":['ModelBasedAgendUWB_PID']}
{"IMU":[]}
{"Kalman":[6.843231992573605, 2.4288390528546078, 2.530285014184421]}
{"UWB":[2.46610521, 7.26535504, 0.23276571]}
{"Distance":[0.853017992096371]}
{"Time":[10.8]}
{"Title":['ModelBasedAgendUWB_PID']}
{"IMU":[]}
{"Kalman":[7.6505066682370035, 2.7982374670649635, 2.329666314107004]}
{"UWB":[2.60175377, 6.99563865, 0.90346854]}
{"Distance":[1.7240686864165606]}
{"Time":[11.3]}
{"Title":['ModelBasedAgendUWB_PID']}
{"IMU":[]}
{"Kalman":[6.646977808348207, 2.563139322072953, 2.417421420642181]}
{"UWB":[2.80078393, 7.0677959, -0.01345409]}
{"Distance":[0.6984429735605207]}
{"Time":[11.9]}
{"Title":['ModelBasedAgendUWB_PID']}
{"IMU":[]}
{"Kalman":[6.5294121088586605, 2.619372830096279, 2.361628787443873]}
{"UWB":[2.91809546, 6.82070648, -0.36725176]}
{"Distance":[0.6182848741558223]}
{"Time":[12.4]}
{"Title":['ModelBasedAgendUWB_PID']}
{"IMU":[]}
{"Kalman":[6.45582013661687, 2.6837313297870904, 2.2048210941118502]}
{"UWB":[2.9578681, 6.49572164, 0.88795776]}
{"Distance":[0.5958369998628743]}
{"Time":[13.0]}
{"Title":['ModelBasedAgendUWB_PID']}
{"IMU":[]}
{"Kalman":[6.486025698929845, 2.67573826027098, 2.053228171091561]}
{"UWB":[2.83561491, 6.84183686, -0.1054769]}
{"Distance":[0.6143290813983229]}
{"Time":[13.6]}
{"Title":['ModelBasedAgendUWB_PID']}
{"IMU":[]}
{"Kalman":[6.254181166414285, 2.69201549533642, 2.284168577877448]}
{"UWB":[3.00220713, 6.35606246, 1.96013473]}
{"Distance":[0.4672089617543581]}
{"Time":[14.3]}
{"Title":['ModelBasedAgendUWB_PID']}
{"IMU":[]}
{"Kalman":[6.61659118709072, 2.6871914772676777, 1.8783762872716843]}
{"UWB":[3.00475428, 7.14260915, 2.06909903]}
{"Distance":[0.7280809927931579]}
{"Time":[14.9]}
{"Title":['ModelBasedAgendUWB_PID']}
{"IMU":[]}
{"Kalman":[5.233077766153574, 2.1416502790037937, 1.8261719692355791]}
{"UWB":[2.02913101, 4.54742261, 3.07146769]}
{"Distance":[0.783099193530148]}
{"Time":[15.9]}
{"Title":['ModelBasedAgendUWB_PID']}
{"IMU":[]}
{"Kalman":[6.0143306825468175, 1.6656609642491986, 2.230811710029616]}
{"UWB":[2.35211101, 5.65754105, 1.30748331]}
{"Distance":[0.6345008910470606]}
{"Time":[16.5]}
{"Title":['ModelBasedAgendUWB_PID']}
{"IMU":[]}
{"Kalman":[5.778793278834402, 2.351303454684887, 2.107039423900231]}
{"UWB":[2.40621065, 5.52727269, 1.3280492]}
{"Distance":[0.22707808778356153]}
{"Time":[17.2]}
{"Title":['ModelBasedAgendUWB_PID']}
{"IMU":[]}
{"Kalman":[5.769203748188881, 2.370401000940589, 2.139856604787804]}
{"UWB":[2.44494173, 5.49914107, 1.12010014]}
{"Distance":[0.2412948627374782]}
{"Time":[17.8]}
{"Title":['ModelBasedAgendUWB_PID']}
{"IMU":[]}
{"Kalman":[5.783099778318299, 2.351753367842654, 2.139452454966474]}
{"UWB":[2.41160491, 5.5179702, 0.74784328]}
{"Distance":[0.22298905185822074]}
{"Time":[18.3]}
{"Title":['ModelBasedAgendUWB_PID']}
{"IMU":[]}
{"Kalman":[5.784231838095183, 2.3640410263655105, 2.1395108721404212]}
{"UWB":[2.53612988, 6.17814763, 1.54935773]}
{"Distance":[0.22507143921371162]}
{"Time":[18.8]}
{"Title":['ModelBasedAgendUWB_PID']}
{"IMU":[]}
{"Kalman":[5.784231838095183, 2.3640410263655105, 2.1395108721404212]}
{"UWB":[2.43494376, 5.5750921, 0.52882376]}
{"Distance":[0.22507143921371162]}
{"Time":[19.3]}
{"Title":['ModelBasedAgendUWB_PID']}
{"IMU":[]}
{"Kalman":[5.784231838095183, 2.3640410263655105, 2.1395108721404212]}
{"UWB":[2.14680749, 4.39661819, 4.17271965]}
{"Distance":[0.22507143921371162]}
{"Time":[19.8]}
{"Title":['ModelBasedAgendUWB_PID']}
{"IMU":[]}
{"Kalman":[5.797344871658242, 2.3805102630776247, 2.1396207422768008]}
{"UWB":[2.45522385, 5.54876612, 0.91949253]}
{"Distance":[0.2180619258468627]}
{"Time":[20.3]}
{"Title":['ModelBasedAgendUWB_PID']}
{"IMU":[]}
{"Kalman":[5.797344871658242, 2.3805102630776247, 2.1396207422768008]}
{"UWB":[2.44340739, 5.58371359, 0.60476275]}
{"Distance":[0.2180619258468627]}
{"Time":[20.9]}
{"Title":['ModelBasedAgendUWB_PID']}
{"IMU":[]}
{"Kalman":[5.797344871658242, 2.3805102630776247, 2.1396207422768008]}
{"UWB":[2.43205489, 5.55502538, 0.68470368]}
{"Distance":[0.2180619258468627]}
{"Time":[21.4]}
{"Title":['ModelBasedAgendUWB_PID']}
{"IMU":[]}
{"Kalman":[5.797344871658242, 2.3805102630776247, 2.1396207422768008]}
{"UWB":[2.38902105, 5.53786773, 0.77062431]}
