{"IMU":[0.024938247203826903, -0.0102798330783844, 0.86]}
{"Kalman":[0.1258591370317353, -0.013253640463571515, 0.8702809984146772]}
{"CMD":[0.07365153209318645, 20.0, 0, 5.132289180126854]}
{"Distance":[0.8838127214906636]}
{"Time":[1615324459.1742983]}
{"IMU":[0.024938247203826903, -0.0102798330783844, 0.86]}
{"Kalman":[-0.002104904690719487, -0.019012494285493144, 0.8720243871971687]}
{"CMD":[0.5195505671887181, 20.0, 0, 1.9302722973372481]}
{"Distance":[1.0104224227601108]}
{"Time":[1615324459.2639363]}
{"IMU":[0.024938247203826903, -0.0102798330783844, 0.86]}
{"Kalman":[-0.002104904690719487, -0.019012494285493144, 0.8720243871971687]}
{"CMD":[0.5195505671887181, 20.0, 0, 1.9302722973372481]}
{"Distance":[1.0104224227601108]}
{"Time":[1615324459.3053713]}
{"IMU":[0.024938247203826903, -0.0102798330783844, 0.86]}
{"Kalman":[-0.002104904690719487, -0.019012494285493144, 0.8720243871971687]}
{"CMD":[0.5195505671887181, 20.0, 0, 1.9302722973372481]}
{"Distance":[1.0104224227601108]}
{"Time":[1615324459.3519714]}
{"IMU":[0.024938247203826903, -0.0102798330783844, 0.86]}
{"Kalman":[-0.002104904690719487, -0.019012494285493144, 0.8720243871971687]}
{"CMD":[0.5195505671887181, 20.0, 0, 1.9302722973372481]}
{"Distance":[1.0104224227601108]}
{"Time":[1615324459.3960779]}
{"IMU":[0.024938247203826903, -0.0102798330783844, 0.86]}
{"Kalman":[-0.002104904690719487, -0.019012494285493144, 0.8720243871971687]}
{"CMD":[0.5195505671887181, 20.0, 0, 1.9302722973372481]}
{"Distance":[1.0104224227601108]}
{"Time":[1615324459.447828]}
{"IMU":[0.024938247203826903, -0.0102798330783844, 0.86]}
{"Kalman":[-0.002104904690719487, -0.019012494285493144, 0.8720243871971687]}
{"CMD":[0.5195505671887181, 20.0, 0, 1.9302722973372481]}
{"Distance":[1.0104224227601108]}
{"Time":[1615324459.4936202]}
{"IMU":[0.024938247203826903, -0.0102798330783844, 0.86]}
{"Kalman":[-0.002104904690719487, -0.019012494285493144, 0.8720243871971687]}
{"CMD":[0.5195505671887181, 20.0, 0, 1.9302722973372481]}
{"Distance":[1.0104224227601108]}
{"Time":[1615324459.5368078]}
{"IMU":[0.031020445823669432, -0.015333032608032227, 0.82]}
{"Kalman":[0.12621217065394494, -0.039549232544869764, 0.8268676487781987]}
{"CMD":[0.5982788846019365, 20.0, 0, 2.5258236935618905]}
{"Distance":[0.8916524679199671]}
{"Time":[1615324459.5948114]}
{"IMU":[0.031020445823669432, -0.015333032608032227, 0.82]}
{"Kalman":[0.16625404734058516, -0.04688296621076381, 0.8265826773055214]}
{"CMD":[1.2811612890202135, 20.0, 0, 2.6156753348880257]}
{"Distance":[0.8528797652114839]}
{"Time":[1615324459.6488223]}
{"IMU":[0.031020445823669432, -0.015333032608032227, 0.82]}
{"Kalman":[0.22168943753283252, -0.057035512264032605, 0.8265661161533345]}
{"CMD":[1.5585978515868684, 20.0, 0, 2.615925128833748]}
{"Distance":[0.799437110330336]}
{"Time":[1615324459.7014887]}
{"IMU":[0.031020445823669432, -0.015333032608032227, 0.82]}
{"Kalman":[0.22168943753283252, -0.057035512264032605, 0.8265661161533345]}
{"CMD":[1.5585978515868684, 20.0, 0, 2.615925128833748]}
{"Distance":[0.799437110330336]}
{"Time":[1615324459.7443836]}
{"IMU":[0.031020445823669432, -0.015333032608032227, 0.82]}
{"Kalman":[0.22168943753283252, -0.057035512264032605, 0.8265661161533345]}
{"CMD":[1.5585978515868684, 20.0, 0, 2.615925128833748]}
{"Distance":[0.799437110330336]}
{"Time":[1615324459.8033624]}
{"IMU":[0.031020445823669432, -0.015333032608032227, 0.82]}
{"Kalman":[0.22168943753283252, -0.057035512264032605, 0.8265661161533345]}
{"CMD":[1.5585978515868684, 20.0, 0, 2.615925128833748]}
{"Distance":[0.799437110330336]}
{"Time":[1615324459.85967]}
{"IMU":[0.031020445823669432, -0.015333032608032227, 0.82]}
{"Kalman":[0.22168943753283252, -0.057035512264032605, 0.8265661161533345]}
{"CMD":[1.5585978515868684, 20.0, 0, 2.615925128833748]}
{"Distance":[0.799437110330336]}
{"Time":[1615324459.8962333]}
{"IMU":[0.031020445823669432, -0.015333032608032227, 0.82]}
{"Kalman":[0.22168943753283252, -0.057035512264032605, 0.8265661161533345]}
{"CMD":[1.5585978515868684, 20.0, 0, 2.615925128833748]}
{"Distance":[0.799437110330336]}
{"Time":[1615324459.9588797]}
{"IMU":[0.031020445823669432, -0.015333032608032227, 0.82]}
{"Kalman":[0.22168943753283252, -0.057035512264032605, 0.8265661161533345]}
{"CMD":[1.5585978515868684, 20.0, 0, 2.615925128833748]}
{"Distance":[0.799437110330336]}
{"Time":[1615324460.005209]}
{"IMU":[0.031020445823669432, -0.015333032608032227, 0.82]}
{"Kalman":[0.22168943753283252, -0.057035512264032605, 0.8265661161533345]}
{"CMD":[1.5585978515868684, 20.0, 0, 2.615925128833748]}
{"Distance":[0.799437110330336]}
{"Time":[1615324460.0614784]}
{"IMU":[0.10150836944580079, -0.039611983299255374, 0.82]}
{"Kalman":[0.3172280322812714, -0.08359906822381162, 0.8265661044174545]}
{"CMD":[2.2844947464505223, 18.657970793421413, 0, 2.6159253058475063]}
{"Distance":[0.7093981112515957]}
{"Time":[1615324460.1262083]}
{"IMU":[0.10150836944580079, -0.039611983299255374, 0.82]}
{"Kalman":[0.49797667250060457, -0.09652511031284688, 0.8226847565925997]}
{"CMD":[2.637722071493704, 13.718689437992024, 0, 2.674468164276247]}
{"Distance":[0.5410963073419539]}
{"Time":[1615324460.1735058]}
{"IMU":[0.10150836944580079, -0.039611983299255374, 0.82]}
{"Kalman":[0.580143171585665, -0.10385936875034905, 0.8226729970534532]}
{"CMD":[2.7905785785072474, 12.006221303358648, 0, 2.674645505462407]}
{"Distance":[0.46745201980242845]}
{"Time":[1615324460.2284753]}
{"IMU":[0.10150836944580079, -0.039611983299255374, 0.82]}
{"Kalman":[0.580143171585665, -0.10385936875034905, 0.8226729970534532]}
{"CMD":[2.8381438611807304, 11.473342217236912, 0, 2.6746455348873086]}
{"Distance":[0.46745201980242845]}
{"Time":[1615324460.2662127]}
{"IMU":[0.10150836944580079, -0.039611983299255374, 0.82]}
{"Kalman":[0.580143171585665, -0.10385936875034905, 0.8226729970534532]}
{"CMD":[2.8381438611807304, 11.473342217236912, 0, 2.6746455348873086]}
{"Distance":[0.46745201980242845]}
{"Time":[1615324460.3230805]}
{"IMU":[0.10150836944580079, -0.039611983299255374, 0.82]}
{"Kalman":[0.580143171585665, -0.10385936875034905, 0.8226729970534532]}
{"CMD":[2.8381438611807304, 11.473342217236912, 0, 2.6746455348873086]}
{"Distance":[0.46745201980242845]}
{"Time":[1615324460.3779492]}
{"IMU":[0.10150836944580079, -0.039611983299255374, 0.82]}
{"Kalman":[0.580143171585665, -0.10385936875034905, 0.8226729970534532]}
{"CMD":[2.8381438611807304, 11.473342217236912, 0, 2.6746455348873086]}
{"Distance":[0.46745201980242845]}
{"Time":[1615324460.4311051]}
{"IMU":[0.10150836944580079, -0.039611983299255374, 0.82]}
{"Kalman":[0.580143171585665, -0.10385936875034905, 0.8226729970534532]}
{"CMD":[2.8381438611807304, 11.473342217236912, 0, 2.6746455348873086]}
{"Distance":[0.46745201980242845]}
{"Time":[1615324460.4775848]}
{"IMU":[0.10150836944580079, -0.039611983299255374, 0.82]}
{"Kalman":[0.580143171585665, -0.10385936875034905, 0.8226729970534532]}
{"CMD":[2.8381438611807304, 11.473342217236912, 0, 2.6746455348873086]}
{"Distance":[0.46745201980242845]}
{"Time":[1615324460.5327477]}
{"IMU":[0.2098193359375, -0.0577323579788208, 0.81]}
{"Kalman":[0.651717637198003, -0.113756954816797, 0.8128018429152042]}
{"CMD":[3.108613184006291, 9.51744134243725, 0, 2.823533396867419]}
{"Distance":[0.4114418537583124]}
{"Time":[1615324460.5805295]}
{"IMU":[0.2098193359375, -0.0577323579788208, 0.81]}
{"Kalman":[0.8191107015658365, -0.08096938694047817, 0.8108177429637474]}
{"CMD":[2.212633980484432, 4.943125093878299, 0, 2.8534598265016786]}
{"Distance":[0.2739834051304047]}
{"Time":[1615324460.644636]}
{"IMU":[0.2098193359375, -0.0577323579788208, 0.81]}
{"Kalman":[0.8711994212310961, -0.06677414793384116, 0.8108121045355603]}
{"CMD":[1.8247235692289752, 3.5197072382385453, 0, 2.853544871624666]}
{"Distance":[0.23841232290667966]}
{"Time":[1615324460.7399144]}
{"IMU":[0.2098193359375, -0.0577323579788208, 0.81]}
{"Kalman":[0.8711994212310961, -0.06677414793384116, 0.8108121045355603]}
