{"IMU":[0.00860141396522522, -0.0022110149264335634, 0.79]}
{"Kalman":[0.03487027559126117, -0.0031727252501235165, 0.79]}
{"CMD":[0, 9.246579244016061, 0, 5]}
{"Distance":[0.5103486325190478]}
{"Time":[1616765533.4639335]}
{"IMU":[0.06122540950775147, -0.004760759770870209, 0.83]}
{"Kalman":[0.13234034780725185, -0.006852217838144712, 0.83]}
{"CMD":[0, 8.623979365874167, 0, 5]}
{"Distance":[0.4051179738542761]}
{"Time":[1616765533.9709454]}
{"IMU":[0.15395575523376465, -0.006195541620254517, 0.86]}
{"Kalman":[0.2591384082812207, 0.0018430401312617053, 0.86]}
{"CMD":[5, 6.816784840412495, 0, 5]}
{"Distance":[0.2785995390560246]}
{"Time":[1616765534.4801345]}
{"IMU":[0.27221683502197264, 0.00972006916999817, 0.9]}
{"Kalman":[0.39687801539136913, 0.027527930537166408, 0.9]}
{"CMD":[0, 5, 0, 5]}
{"Distance":[0.1462598053782438]}
{"Time":[1616765534.9980998]}
