{"IMU":[0.021067078113555907, -0.01920044779777527, 0.78]}
{"Kalman":[0.06288441116893617, -0.018882096129504988, 0.7840583658731511]}
{"CMD":[0.07671244205307381, 20.0, 0, 6.298287685831046]}
{"Distance":[0.961859111166396]}
{"Time":[1615321149.6115212]}
{"IMU":[0.021067078113555907, -0.01920044779777527, 0.78]}
{"Kalman":[-0.0028494711306696575, -0.03070183294991094, 0.7821311249949316]}
{"CMD":[0.8389827490983393, 20.0, 0, 3.2861437008490024]}
{"Distance":[1.0267017634101552]}
{"Time":[1615321149.6952717]}
{"IMU":[0.021067078113555907, -0.01920044779777527, 0.78]}
{"Kalman":[-0.0028494711306696575, -0.03070183294991094, 0.7821311249949316]}
{"CMD":[0.8389827490983393, 20.0, 0, 3.2861437008490024]}
{"Distance":[1.0267017634101552]}
{"Time":[1615321149.771082]}
{"IMU":[0.021067078113555907, -0.01920044779777527, 0.78]}
{"Kalman":[-0.0028494711306696575, -0.03070183294991094, 0.7821311249949316]}
{"CMD":[0.8389827490983393, 20.0, 0, 3.2861437008490024]}
{"Distance":[1.0267017634101552]}
{"Time":[1615321149.818979]}
{"IMU":[0.021067078113555907, -0.01920044779777527, 0.78]}
{"Kalman":[-0.0028494711306696575, -0.03070183294991094, 0.7821311249949316]}
{"CMD":[0.8389827490983393, 20.0, 0, 3.2861437008490024]}
{"Distance":[1.0267017634101552]}
{"Time":[1615321149.8624578]}
{"IMU":[0.021067078113555907, -0.01920044779777527, 0.78]}
{"Kalman":[-0.0028494711306696575, -0.03070183294991094, 0.7821311249949316]}
{"CMD":[0.8389827490983393, 20.0, 0, 3.2861437008490024]}
{"Distance":[1.0267017634101552]}
{"Time":[1615321149.9061806]}
{"IMU":[0.021067078113555907, -0.01920044779777527, 0.78]}
{"Kalman":[-0.0028494711306696575, -0.03070183294991094, 0.7821311249949316]}
{"CMD":[0.8389827490983393, 20.0, 0, 3.2861437008490024]}
{"Distance":[1.0267017634101552]}
{"Time":[1615321149.9721315]}
{"IMU":[0.03163928508758545, -0.013357398509979248, 0.78]}
{"Kalman":[0.0004399322604023547, -0.02774038471291512, 0.7821311207522269]}
{"CMD":[0.7580558550187337, 20.0, 0, 3.2861437648422527]}
{"Distance":[1.023404468677116]}
{"Time":[1615321150.0439157]}
{"IMU":[0.03163928508758545, -0.013357398509979248, 0.78]}
{"Kalman":[0.18653387044219272, 0.012537354135214724, 0.7753547236299494]}
{"CMD":[-0.3426057283271223, 20.0, 0, 3.388353016702141]}
{"Distance":[0.8440081927219946]}
{"Time":[1615321150.1179724]}
{"IMU":[0.03163928508758545, -0.013357398509979248, 0.78]}
{"Kalman":[0.18653387044219272, 0.012537354135214724, 0.7753547236299494]}
{"CMD":[-0.3426057283271223, 20.0, 0, 3.388353016702141]}
{"Distance":[0.8440081927219946]}
{"Time":[1615321150.1849794]}
{"IMU":[0.03163928508758545, -0.013357398509979248, 0.78]}
{"Kalman":[0.18653387044219272, 0.012537354135214724, 0.7753547236299494]}
{"CMD":[-0.3426057283271223, 20.0, 0, 3.388353016702141]}
{"Distance":[0.8440081927219946]}
{"Time":[1615321150.234817]}
{"IMU":[0.03163928508758545, -0.013357398509979248, 0.78]}
{"Kalman":[0.18653387044219272, 0.012537354135214724, 0.7753547236299494]}
{"CMD":[-0.3426057283271223, 20.0, 0, 3.388353016702141]}
{"Distance":[0.8440081927219946]}
{"Time":[1615321150.275424]}
{"IMU":[0.03163928508758545, -0.013357398509979248, 0.78]}
{"Kalman":[0.18653387044219272, 0.012537354135214724, 0.7753547236299494]}
{"CMD":[-0.3426057283271223, 20.0, 0, 3.388353016702141]}
{"Distance":[0.8440081927219946]}
{"Time":[1615321150.3262064]}
{"IMU":[0.03163928508758545, -0.013357398509979248, 0.78]}
{"Kalman":[0.18653387044219272, 0.012537354135214724, 0.7753547236299494]}
{"CMD":[-0.3426057283271223, 20.0, 0, 3.388353016702141]}
{"Distance":[0.8440081927219946]}
{"Time":[1615321150.37862]}
{"IMU":[0.03163928508758545, -0.013357398509979248, 0.78]}
{"Kalman":[0.18653387044219272, 0.012537354135214724, 0.7753547236299494]}
{"CMD":[-0.3426057283271223, 20.0, 0, 3.388353016702141]}
{"Distance":[0.8440081927219946]}
{"Time":[1615321150.429522]}
{"IMU":[0.03163928508758545, -0.013357398509979248, 0.78]}
{"Kalman":[0.18653387044219272, 0.012537354135214724, 0.7753547236299494]}
{"CMD":[-0.3426057283271223, 20.0, 0, 3.388353016702141]}
{"Distance":[0.8440081927219946]}
{"Time":[1615321150.4812467]}
{"IMU":[0.1131314468383789, -0.021416614055633543, 0.8]}
{"Kalman":[0.2643709414282542, 0.009246912202900857, 0.7953405463899257]}
{"CMD":[-0.33252773930245116, 20.0, 0, 3.388353223312813]}
{"Distance":[0.7636236698481886]}
{"Time":[1615321150.556206]}
{"IMU":[0.1131314468383789, -0.021416614055633543, 0.8]}
{"Kalman":[0.4948053721095738, 0.03719824665960739, 0.7947505721459185]}
{"CMD":[-0.9147662896303947, 14.436471741164507, 0, 3.095796627524437]}
{"Distance":[0.5465644053890841]}
{"Time":[1615321150.6247926]}
{"IMU":[0.1131314468383789, -0.021416614055633543, 0.8]}
{"Kalman":[0.5147463264056312, 0.04041291680729406, 0.7947505666407906]}
{"CMD":[-1.104355563962001, 13.260428514039344, 0, 3.0958030720106415]}
{"Distance":[0.5284237518090761]}
{"Time":[1615321150.681996]}
{"IMU":[0.1131314468383789, -0.021416614055633543, 0.8]}
{"Kalman":[0.5147463264056312, 0.04041291680729406, 0.7947505666407906]}
{"CMD":[-1.104355563962001, 13.260428514039344, 0, 3.0958030720106415]}
{"Distance":[0.5284237518090761]}
{"Time":[1615321150.7254107]}
{"IMU":[0.1131314468383789, -0.021416614055633543, 0.8]}
{"Kalman":[0.5147463264056312, 0.04041291680729406, 0.7947505666407906]}
{"CMD":[-1.104355563962001, 13.260428514039344, 0, 3.0958030720106415]}
{"Distance":[0.5284237518090761]}
{"Time":[1615321150.7738001]}
{"IMU":[0.1131314468383789, -0.021416614055633543, 0.8]}
{"Kalman":[0.5147463264056312, 0.04041291680729406, 0.7947505666407906]}
{"CMD":[-1.104355563962001, 13.260428514039344, 0, 3.0958030720106415]}
{"Distance":[0.5284237518090761]}
{"Time":[1615321150.827247]}
{"IMU":[0.1131314468383789, -0.021416614055633543, 0.8]}
{"Kalman":[0.5147463264056312, 0.04041291680729406, 0.7947505666407906]}
{"CMD":[-1.104355563962001, 13.260428514039344, 0, 3.0958030720106415]}
{"Distance":[0.5284237518090761]}
{"Time":[1615321150.8970814]}
{"IMU":[0.1131314468383789, -0.021416614055633543, 0.8]}
{"Kalman":[0.5147463264056312, 0.04041291680729406, 0.7947505666407906]}
{"CMD":[-1.104355563962001, 13.260428514039344, 0, 3.0958030720106415]}
{"Distance":[0.5284237518090761]}
{"Time":[1615321150.9673815]}
{"IMU":[0.1131314468383789, -0.021416614055633543, 0.8]}
{"Kalman":[0.5147463264056312, 0.04041291680729406, 0.7947505666407906]}
{"CMD":[-1.104355563962001, 13.260428514039344, 0, 3.0958030720106415]}
{"Distance":[0.5284237518090761]}
{"Time":[1615321151.0066402]}
{"IMU":[0.24721946716308593, -0.04192792415618896, 0.82]}
{"Kalman":[0.742739848564865, 0.02965667832139205, 0.814262548031133]}
{"CMD":[-0.7924268254563323, 7.505670948080453, 0, 2.8014800858853732]}
{"Distance":[0.31868590359376475]}
{"Time":[1615321151.1150005]}
{"IMU":[0.24721946716308593, -0.04192792415618896, 0.82]}
{"Kalman":[0.7488805620277453, 0.02988903561892703, 0.8142625306019194]}
{"CMD":[-0.816771601629678, 6.862289843271499, 0, 2.8015016603906258]}
{"Distance":[0.31377178667963995]}
{"Time":[1615321151.2177339]}
{"IMU":[0.24721946716308593, -0.04192792415618896, 0.82]}
{"Kalman":[0.7488805620277453, 0.02988903561892703, 0.8142625306019194]}
{"CMD":[-0.816771601629678, 6.862289843271499, 0, 2.8015016603906258]}
{"Distance":[0.31377178667963995]}
{"Time":[1615321151.3048978]}
{"IMU":[0.24721946716308593, -0.04192792415618896, 0.82]}
{"Kalman":[0.7488805620277453, 0.02988903561892703, 0.8142625306019194]}
{"CMD":[-0.816771601629678, 6.862289843271499, 0, 2.8015016603906258]}
{"Distance":[0.31377178667963995]}
{"Time":[1615321151.3770227]}
{"IMU":[0.4038048553466797, -0.06605443477630615, 0.84]}
{"Kalman":[0.9841429624076516, 0.0009098865701624125, 0.83498004550282]}
{"CMD":[-0.024864285375011598, 0.43332204345873504, 0, 2.4890167720041783]}
{"Distance":[0.1657825651780882]}
{"Time":[1615321151.7159204]}
