{"IMU":[-0.017305718660354616, -0.009259688854217529, 0.77]}
{"Kalman":[-0.024148368508896904, 0.01668844521440474, 0.77]}
{"CMD":[5, 7.484001977898127, 0, 5]}
{"Distance":[1.0497896860434044]}
{"Time":[1616768407.7686522]}
{"IMU":[-0.017305718660354616, -0.009259688854217529, 0.77]}
{"Kalman":[-0.02208709385005944, 0.019451627254124776, 0.77]}
{"CMD":[-5, 7.376847941547432, 0, 5]}
{"Distance":[1.0478265091214736]}
{"Time":[1616768408.301813]}
{"IMU":[0.03551311731338501, 0.0077357226610183715, 0.85]}
{"Kalman":[0.09291270563209059, -0.017750695349536577, 0.85]}
{"CMD":[-5, 7.362425475348177, 0, 5]}
{"Distance":[0.9195773196360849]}
{"Time":[1616768408.8822193]}
{"IMU":[0.1126279354095459, -0.03933329582214355, 0.88]}
{"Kalman":[0.21124005756213263, -0.08398477183626143, 0.88]}
{"CMD":[5, 6.557378362237289, 0, 5]}
{"Distance":[0.802244157781767]}
{"Time":[1616768409.392569]}
{"IMU":[0.23769430160522462, -0.07819665908813477, 0.92]}
{"Kalman":[0.38414170285844856, -0.10387757713124246, 0.92]}
{"CMD":[5, 5.729078378685708, 0, 5]}
{"Distance":[0.629660220427453]}
{"Time":[1616768409.994526]}
{"IMU":[0.38991634368896483, -0.09978992462158204, 0.96]}
{"Kalman":[0.545049562554744, -0.11100491349371006, 0.96]}
{"CMD":[5, 5, 0, 5]}
{"Distance":[0.47000211845413614]}
{"Time":[1616768410.5977201]}
{"IMU":[0.5409791946411133, -0.0950123405456543, 0.99]}
{"Kalman":[0.6869515450428807, -0.07556754068058162, 0.99]}
{"CMD":[5, 5, 0, 5]}
{"Distance":[0.32219526432825]}
{"Time":[1616768411.1778674]}
{"IMU":[0.8237812805175782, -0.0036099871993064882, 1.05]}
{"Kalman":[0.9590643360777275, 0.042106218617909384, 1.05]}
{"CMD":[5, 5, 0, 5]}
{"Distance":[0.07712757112120432]}
{"Time":[1616768411.7527812]}
