{"IMU":[-0.0016814428567886353, -0.00023475963622331618, 0.68]}
{"Kalman":[0.0020651430573580486, 0.000653561228244977, 0.6521804076270646]}
{"CMD":[-0.01019805121523586, 15.571595040756383, 0, 4.31314062843161]}
{"Distance":[1.0568126014965402]}
{"Time":[1615307153.006476]}
{"IMU":[-0.0016814428567886353, -0.00023475963622331618, 0.68]}
{"Kalman":[0.002063947475483096, 0.0006505725197388986, 0.6521751847012578]}
{"CMD":[-0.01015141594818637, 15.571613696399751, 0, 4.313205395379737]}
{"Distance":[1.0568154476115605]}
{"Time":[1615307153.1261442]}
{"IMU":[0.009013208746910095, -0.0030271461606025695, 0.71]}
{"Kalman":[0.012423232995991466, -0.0019701851583780834, 0.6784201249965089]}
{"CMD":[-0.01015141594818637, 15.571613696399751, 0, 4.313205395379737]}
{"Distance":[1.0386170460583193]}
{"Time":[1615307153.237422]}
{"IMU":[0.009013208746910095, -0.0030271461606025695, 0.71]}
{"Kalman":[0.0488694548126919, -0.008069627079213694, 0.6682794324648658]}
{"CMD":[0.03074241292218468, 15.409969278515469, 0, 3.9877547285385266]}
{"Distance":[1.0073494764952902]}
{"Time":[1615307153.350488]}
{"IMU":[0.009013208746910095, -0.0030271461606025695, 0.71]}
{"Kalman":[0.0488694548126919, -0.008069627079213694, 0.6682794324648658]}
{"CMD":[0.12591700162915517, 14.84126902423839, 0, 4.113504496285269]}
{"Distance":[1.0073494764952902]}
{"Time":[1615307153.464565]}
{"IMU":[0.009013208746910095, -0.0030271461606025695, 0.71]}
{"Kalman":[0.0488694548126919, -0.008069627079213694, 0.6682794324648658]}
{"CMD":[0.12591700162915517, 14.84126902423839, 0, 4.113504496285269]}
{"Distance":[1.0073494764952902]}
{"Time":[1615307153.5770512]}
{"IMU":[0.009013208746910095, -0.0030271461606025695, 0.71]}
{"Kalman":[0.0488694548126919, -0.008069627079213694, 0.6682794324648658]}
{"CMD":[0.12591700162915517, 14.84126902423839, 0, 4.113504496285269]}
{"Distance":[1.0073494764952902]}
{"Time":[1615307153.6910899]}
{"IMU":[0.08589887619018555, -0.014389585256576538, 0.75]}
{"Kalman":[0.19660841848116756, -0.02404011866580493, 0.7078222987381511]}
{"CMD":[0.12591700162915517, 14.84126902423839, 0, 4.113504496285269]}
{"Distance":[0.8552097810920166]}
{"Time":[1615307153.802642]}
{"IMU":[0.08589887619018555, -0.014389585256576538, 0.75]}
{"Kalman":[0.19689562697631313, -0.024079152569390666, 0.7078352830313444]}
{"CMD":[0.3751176642356316, 12.53597695233439, 0, 3.623152754095096]}
{"Distance":[0.8549366417458103]}
{"Time":[1615307153.9391558]}
{"IMU":[0.08589887619018555, -0.014389585256576538, 0.75]}
{"Kalman":[0.19689562697631313, -0.024079152569390666, 0.7078352830313444]}
{"CMD":[0.3757267422082752, 12.531495402915052, 0, 3.622991742226496]}
{"Distance":[0.8549366417458103]}
{"Time":[1615307154.0518181]}
{"IMU":[0.08589887619018555, -0.014389585256576538, 0.75]}
{"Kalman":[0.19689562697631313, -0.024079152569390666, 0.7078352830313444]}
{"CMD":[0.3757267422082752, 12.531495402915052, 0, 3.622991742226496]}
{"Distance":[0.8549366417458103]}
{"Time":[1615307154.1645164]}
{"IMU":[0.2222896385192871, -0.03015946865081787, 0.79]}
{"Kalman":[0.3799244349407075, -0.04007860070036301, 0.754222340546355]}
{"CMD":[0.3757267422082752, 12.531495402915052, 0, 3.622991742226496]}
{"Distance":[0.6682115372426698]}
{"Time":[1615307154.2773051]}
{"IMU":[0.2222896385192871, -0.03015946865081787, 0.79]}
{"Kalman":[0.38329127471366814, -0.04018099066582636, 0.7567481381815727]}
{"CMD":[0.6253792374967603, 9.675546982448438, 0, 3.04776853229626]}
{"Distance":[0.6641653650509871]}
{"Time":[1615307154.3912933]}
{"IMU":[0.2222896385192871, -0.03015946865081787, 0.79]}
{"Kalman":[0.38329127471366814, -0.04018099066582636, 0.7567481381815727]}
{"CMD":[0.6269769120016042, 9.623011423491938, 0, 3.016447351320424]}
{"Distance":[0.6641653650509871]}
{"Time":[1615307154.5073624]}
{"IMU":[0.2222896385192871, -0.03015946865081787, 0.79]}
{"Kalman":[0.38329127471366814, -0.04018099066582636, 0.7567481381815727]}
{"CMD":[0.6269769120016042, 9.623011423491938, 0, 3.016447351320424]}
{"Distance":[0.6641653650509871]}
{"Time":[1615307154.622271]}
{"IMU":[0.39730281829833985, -0.046573944091796875, 0.82]}
{"Kalman":[0.5528609747193504, -0.05557034241756341, 0.783017404846605]}
{"CMD":[0.6269769120016042, 9.623011423491938, 0, 3.016447351320424]}
{"Distance":[0.500102806915575]}
{"Time":[1615307154.736238]}
{"IMU":[0.39730281829833985, -0.046573944091796875, 0.82]}
{"Kalman":[0.5820828495893755, -0.05715849917159528, 0.7896707579900357]}
{"CMD":[0.8671095737185981, 6.977076489662089, 0, 2.6906950250668467]}
{"Distance":[0.47133876212271353]}
{"Time":[1615307154.851282]}
{"IMU":[0.39730281829833985, -0.046573944091796875, 0.82]}
{"Kalman":[0.5820828495893755, -0.05715849917159528, 0.7896707579900357]}
{"CMD":[0.8918908845055485, 6.521103638686867, 0, 2.6081900472349333]}
{"Distance":[0.47133876212271353]}
{"Time":[1615307154.9652803]}
{"IMU":[0.39730281829833985, -0.046573944091796875, 0.82]}
{"Kalman":[0.5820828495893755, -0.05715849917159528, 0.7896707579900357]}
{"CMD":[0.8918908845055485, 6.521103638686867, 0, 2.6081900472349333]}
{"Distance":[0.47133876212271353]}
{"Time":[1615307155.084249]}
{"IMU":[0.39730281829833985, -0.046573944091796875, 0.82]}
{"Kalman":[0.5820828495893755, -0.05715849917159528, 0.7896707579900357]}
{"CMD":[0.8918908845055485, 6.521103638686867, 0, 2.6081900472349333]}
{"Distance":[0.47133876212271353]}
{"Time":[1615307155.1992905]}
{"IMU":[0.5849401473999023, -0.06300468921661377, 0.85]}
{"Kalman":[0.7684429867619632, -0.07952900947396013, 0.8293716851709103]}
{"CMD":[0.8918908845055485, 6.521103638686867, 0, 2.6081900472349333]}
{"Distance":[0.2984250920231818]}
{"Time":[1615307155.3152642]}
{"IMU":[0.5849401473999023, -0.06300468921661377, 0.85]}
{"Kalman":[0.7684429867619632, -0.07952900947396013, 0.8293716851709103]}
{"CMD":[1.2409562817707689, 3.613173759694636, 0, 2.115878269045525]}
{"Distance":[0.2984250920231818]}
{"Time":[1615307155.4287834]}
{"IMU":[0.5849401473999023, -0.06300468921661377, 0.85]}
{"Kalman":[0.7684429867619632, -0.07952900947396013, 0.8293716851709103]}
{"CMD":[1.2409562817707689, 3.613173759694636, 0, 2.115878269045525]}
{"Distance":[0.2984250920231818]}
{"Time":[1615307155.5503373]}
{"IMU":[0.7664744567871093, -0.08009724617004395, 0.87]}
{"Kalman":[0.935965914796408, -0.09492969312052715, 0.851425204044516]}
{"CMD":[1.2409562817707689, 3.613173759694636, 0, 2.115878269045525]}
{"Distance":[0.18758059786937464]}
{"Time":[1615307155.7764728]}
