{"IMU":[]}
{"Kalman":[2.517015623644176, 5.169708367270965, 0.87138206157575]}
{"UWB":[2.53274749, 5.24059634, 0.21118606]}
{"Distance":[4.139253785740605]}
{"Time":[0.6]}
{"Title":['ModelBasedAgendUWB_PID']}
{"IMU":[]}
{"Kalman":[2.3925229611050014, 5.237606390051296, 0.9088510285910407]}
{"UWB":[2.51177293, 5.18315295, 2.88138503]}
{"Distance":[4.276206829671576]}
{"Time":[1.1]}
{"Title":['ModelBasedAgendUWB_PID']}
{"IMU":[]}
{"Kalman":[2.396573270988037, 6.2247188083813025, 0.9504155773003063]}
{"UWB":[2.09181087, 5.79185825, 1.70399488]}
{"Distance":[5.0034663171853015]}
{"Time":[1.7]}
{"Title":['ModelBasedAgendUWB_PID']}
{"IMU":[]}
{"Kalman":[1.6504113988645304, 5.985701443142508, 0.9996744369578254]}
{"UWB":[1.71352126, 6.0218414, 1.42589234]}
{"Distance":[5.329514755207542]}
{"Time":[2.2]}
{"Title":['ModelBasedAgendUWB_PID']}
{"IMU":[]}
{"Kalman":[1.0325085395835447, 6.51033501654413, 0.9691634003918776]}
{"UWB":[1.05181451, 6.62314578, 1.20134689]}
{"Distance":[6.138843612638427]}
{"Time":[2.8]}
{"Title":['ModelBasedAgendUWB_PID']}
{"IMU":[]}
{"Kalman":[1.0310855706727273, 6.487236405657899, 0.9696585794674346]}
{"UWB":[0.9337258, 6.83226937, 1.00250324]}
{"Distance":[6.1240627767452205]}
{"Time":[3.3]}
{"Title":['ModelBasedAgendUWB_PID']}
{"IMU":[]}
{"Kalman":[1.0150235012055888, 6.684145815384984, 0.969681172803067]}
{"UWB":[1.39462192, 5.98460998, 0.35548665]}
{"Distance":[6.271821802737691]}
{"Time":[3.8]}
{"Title":['ModelBasedAgendUWB_PID']}
{"IMU":[]}
{"Kalman":[1.031724418098679, 6.75917822674588, 0.9700086277397558]}
{"UWB":[1.0621658, 7.01203392, 2.01761848]}
{"Distance":[6.312666404436411]}
{"Time":[4.3]}
{"Title":['ModelBasedAgendUWB_PID']}
{"IMU":[]}
{"Kalman":[1.5652670538902052, 7.4368647649999335, 0.9679386063597739]}
{"UWB":[2.11797108, 8.14843121, -0.04009184]}
{"Distance":[6.47066480132449]}
{"Time":[5.0]}
{"Title":['ModelBasedAgendUWB_PID']}
{"IMU":[]}
{"Kalman":[1.234890765338931, 7.083349579207115, 0.9693310081585742]}
{"UWB":[1.16574837, 7.13389393, 1.81436617]}
{"Distance":[6.4087120375697975]}
{"Time":[5.5]}
{"Title":['ModelBasedAgendUWB_PID']}
{"IMU":[]}
{"Kalman":[1.234890765338931, 7.083349579207115, 0.9693310081585742]}
{"UWB":[2.11305201, 8.41124773, -0.55820181]}
{"Distance":[6.4087120375697975]}
{"Time":[6.0]}
{"Title":['ModelBasedAgendUWB_PID']}
{"IMU":[]}
{"Kalman":[1.234890765338931, 7.083349579207115, 0.9693310081585742]}
{"UWB":[0.68465273, 5.99071015, 1.73741015]}
{"Distance":[6.4087120375697975]}
{"Time":[6.5]}
{"Title":['ModelBasedAgendUWB_PID']}
{"IMU":[]}
{"Kalman":[1.234890765338931, 7.083349579207115, 0.9693310081585742]}
{"UWB":[1.11925214, 5.82004744, 2.50542007]}
{"Distance":[6.4087120375697975]}
{"Time":[7.0]}
{"Title":['ModelBasedAgendUWB_PID']}
{"IMU":[]}
{"Kalman":[1.234890765338931, 7.083349579207115, 0.9693310081585742]}
{"UWB":[2.00581108, 6.55021405, 1.15340995]}
{"Distance":[6.4087120375697975]}
{"Time":[7.5]}
{"Title":['ModelBasedAgendUWB_PID']}
{"IMU":[]}
{"Kalman":[1.234890765338931, 7.083349579207115, 0.9693310081585742]}
{"UWB":[0.69034924, 5.61345954, 0.79184115]}
{"Distance":[6.4087120375697975]}
{"Time":[8.0]}
{"Title":['ModelBasedAgendUWB_PID']}
{"IMU":[]}
{"Kalman":[1.234890765338931, 7.083349579207115, 0.9693310081585742]}
{"UWB":[0.72256197, 5.61901024, 1.01010414]}
{"Distance":[6.4087120375697975]}
{"Time":[8.5]}
{"Title":['ModelBasedAgendUWB_PID']}
{"IMU":[]}
{"Kalman":[1.234890765338931, 7.083349579207115, 0.9693310081585742]}
{"UWB":[0.77068892, 5.57221209, 1.20356071]}
{"Distance":[6.4087120375697975]}
{"Time":[9.0]}
{"Title":['ModelBasedAgendUWB_PID']}
