{"IMU":[0.016562541723251344, -0.005628235936164856, 0.8]}
{"Kalman":[0.051924760822420764, -0.005286554808348496, 0.8]}
{"CMD":[0, 9.200259621163172, 0, 5]}
{"Distance":[0.49071312151376845]}
{"Time":[1616761706.9462738]}
{"IMU":[0.07529806137084961, -0.02259857416152954, 0.85]}
{"Kalman":[0.1540183620432003, -0.02155225955454642, 0.85]}
{"CMD":[0, 8.307771819869474, 0, 5]}
{"Distance":[0.3777139045563144]}
{"Time":[1616761707.5444727]}
{"IMU":[0.17188812255859376, -0.04883189678192139, 0.89]}
{"Kalman":[0.2826067381058779, -0.03755210154017809, 0.89]}
{"CMD":[5, 6.4148523522198895, 0, 5]}
{"Distance":[0.24651570060961678]}
{"Time":[1616761708.1294417]}
{"IMU":[0.2973628997802734, -0.06204463481903076, 0.93]}
{"Kalman":[0.42673327086745166, -0.030480484235197565, 0.93]}
{"CMD":[5, 5, 0, 5]}
{"Distance":[0.10581622520669658]}
{"Time":[1616761708.7286546]}
