{"IMU":[-0.0018616834282875062, -0.002154185622930527, 0.73]}
{"Kalman":[0.00029731810563019467, -0.0048947534950567004, 0.7243841189816441]}
{"CMD":[0.04403157990190715, 15.651525889980096, 0, 3.675078049063767]}
{"Distance":[1.0370118247484439]}
{"Time":[1615306729.865213]}
{"IMU":[-0.0018616834282875062, -0.002154185622930527, 0.73]}
{"Kalman":[0.00029731810563019467, -0.0048947534950567004, 0.7243841189816441]}
{"CMD":[0.07637684836749892, 15.599179861608906, 0, 3.417777722499982]}
{"Distance":[1.0370118247484439]}
{"Time":[1615306729.987026]}
{"IMU":[-0.0018616834282875062, -0.002154185622930527, 0.73]}
{"Kalman":[0.00029731810563019467, -0.0048947534950567004, 0.7243841189816441]}
{"CMD":[0.07637684836749892, 15.599179861608906, 0, 3.417777722499982]}
{"Distance":[1.0370118247484439]}
{"Time":[1615306730.0999925]}
{"IMU":[-0.0018616834282875062, -0.002154185622930527, 0.73]}
{"Kalman":[0.00029731810563019467, -0.0048947534950567004, 0.7243841189816441]}
{"CMD":[0.07637684836749892, 15.599179861608906, 0, 3.417777722499982]}
{"Distance":[1.0370118247484439]}
{"Time":[1615306730.229215]}
{"IMU":[0.026800897121429443, -0.0001722930371761322, 0.76]}
{"Kalman":[0.09338748822950037, -0.006681386423259348, 0.7468346105758339]}
{"CMD":[0.07637684836749892, 15.599179861608906, 0, 3.417777722499982]}
{"Distance":[0.9413201377988474]}
{"Time":[1615306730.34577]}
{"IMU":[0.026800897121429443, -0.0001722930371761322, 0.76]}
{"Kalman":[0.09340326849609042, -0.006683219483568319, 0.7468344351146741]}
{"CMD":[0.1042551454836918, 14.146617681463171, 0, 3.1393801579391627]}
{"Distance":[0.9413049995829957]}
{"Time":[1615306730.4587848]}
{"IMU":[0.026800897121429443, -0.0001722930371761322, 0.76]}
{"Kalman":[0.09340326849609042, -0.006683219483568319, 0.7468344351146741]}
{"CMD":[0.10428374822526155, 14.146371449037012, 0, 3.1393823337471782]}
{"Distance":[0.9413049995829957]}
{"Time":[1615306730.572345]}
{"IMU":[0.026800897121429443, -0.0001722930371761322, 0.76]}
{"Kalman":[0.09340326849609042, -0.006683219483568319, 0.7468344351146741]}
{"CMD":[0.10428374822526155, 14.146371449037012, 0, 3.1393823337471782]}
{"Distance":[0.9413049995829957]}
{"Time":[1615306730.6854]}
{"IMU":[0.12826813697814943, 0.009495313167572022, 0.79]}
{"Kalman":[0.2553151837725501, -0.002391371990085607, 0.7772854897660086]}
{"CMD":[0.10428374822526155, 14.146371449037012, 0, 3.1393823337471782]}
{"Distance":[0.777279195172798]}
{"Time":[1615306730.7991774]}
{"IMU":[0.12826813697814943, 0.009495313167572022, 0.79]}
{"Kalman":[0.25952308530278123, -0.003110515887692577, 0.7773654869540452]}
{"CMD":[0.03731453607653776, 11.619927203284808, 0, 2.7617737002046527]}
{"Distance":[0.7732282088153595]}
{"Time":[1615306730.9117181]}
{"IMU":[0.12826813697814943, 0.009495313167572022, 0.79]}
{"Kalman":[0.25952308530278123, -0.003110515887692577, 0.7773654869540452]}
{"CMD":[0.04853592740449951, 11.554267868765837, 0, 2.7607816942065817]}
{"Distance":[0.7732282088153595]}
{"Time":[1615306731.024711]}
{"IMU":[0.12826813697814943, 0.009495313167572022, 0.79]}
{"Kalman":[0.25952308530278123, -0.003110515887692577, 0.7773654869540452]}
{"CMD":[0.04853592740449951, 11.554267868765837, 0, 2.7607816942065817]}
{"Distance":[0.7732282088153595]}
{"Time":[1615306731.1377869]}
{"IMU":[0.12826813697814943, 0.009495313167572022, 0.79]}
{"Kalman":[0.25952308530278123, -0.003110515887692577, 0.7773654869540452]}
{"CMD":[0.04853592740449951, 11.554267868765837, 0, 2.7607816942065817]}
{"Distance":[0.7732282088153595]}
{"Time":[1615306731.2559376]}
{"IMU":[0.28794124603271487, 0.023936398029327392, 0.81]}
{"Kalman":[0.4592714691017674, 0.007568507292418718, 0.8009818030156646]}
{"CMD":[0.04853592740449951, 11.554267868765837, 0, 2.7607816942065817]}
{"Distance":[0.5762402876933302]}
{"Time":[1615306731.3688948]}
{"IMU":[0.28794124603271487, 0.023936398029327392, 0.81]}
{"Kalman":[0.4592714691017674, 0.007568507292418718, 0.8009818030156646]}
{"CMD":[-0.11809761909872807, 8.437430210551666, 0, 2.467927310690322]}
{"Distance":[0.5762402876933302]}
{"Time":[1615306731.4844046]}
{"IMU":[0.28794124603271487, 0.023936398029327392, 0.81]}
{"Kalman":[0.4592714691017674, 0.007568507292418718, 0.8009818030156646]}
{"CMD":[-0.11809761909872807, 8.437430210551666, 0, 2.467927310690322]}
{"Distance":[0.5762402876933302]}
{"Time":[1615306731.598454]}
{"IMU":[0.28794124603271487, 0.023936398029327392, 0.81]}
{"Kalman":[0.4592714691017674, 0.007568507292418718, 0.8009818030156646]}
{"CMD":[-0.11809761909872807, 8.437430210551666, 0, 2.467927310690322]}
{"Distance":[0.5762402876933302]}
{"Time":[1615306731.7170641]}
{"IMU":[0.46345169067382813, 0.038530735969543456, 0.83]}
{"Kalman":[0.6530260260924045, 0.016821318495942757, 0.8210032992480674]}
{"CMD":[-0.11809761909872807, 8.437430210551666, 0, 2.467927310690322]}
{"Distance":[0.39078602099518306]}
{"Time":[1615306731.8310711]}
{"IMU":[0.46345169067382813, 0.038530735969543456, 0.83]}
{"Kalman":[0.6533905759702882, 0.016668747456392696, 0.8210049663877067]}
{"CMD":[-0.2624768118360866, 5.414119141928713, 0, 2.219650529463531]}
{"Distance":[0.39045507043172023]}
{"Time":[1615306731.9457235]}
{"IMU":[0.46345169067382813, 0.038530735969543456, 0.83]}
{"Kalman":[0.6533905759702882, 0.016668747456392696, 0.8210049663877067]}
{"CMD":[-0.26009612092596107, 5.4084307715595745, 0, 2.2196298560803482]}
{"Distance":[0.39045507043172023]}
{"Time":[1615306732.0720496]}
{"IMU":[0.46345169067382813, 0.038530735969543456, 0.83]}
{"Kalman":[0.6533905759702882, 0.016668747456392696, 0.8210049663877067]}
{"CMD":[-0.26009612092596107, 5.4084307715595745, 0, 2.2196298560803482]}
{"Distance":[0.39045507043172023]}
{"Time":[1615306732.1862035]}
{"IMU":[0.6549307250976563, 0.05170713901519775, 0.86]}
{"Kalman":[0.84491292299533, 0.024760775725767636, 0.8524107837429065]}
{"CMD":[-0.26009612092596107, 5.4084307715595745, 0, 2.2196298560803482]}
{"Distance":[0.21551722488881792]}
{"Time":[1615306732.3007264]}
{"IMU":[0.6549307250976563, 0.05170713901519775, 0.86]}
{"Kalman":[0.8453108325322549, 0.024099161368295905, 0.8526189646307322]}
{"CMD":[-0.38636266667535135, 2.4199507035659398, 0, 1.8301816772711001]}
{"Distance":[0.21501320354117004]}
{"Time":[1615306732.4147298]}
{"IMU":[0.6549307250976563, 0.05170713901519775, 0.86]}
{"Kalman":[0.8453108325322549, 0.024099161368295905, 0.8526189646307322]}
{"CMD":[-0.37603895588799263, 2.413741795109899, 0, 1.8276001279132326]}
{"Distance":[0.21501320354117004]}
{"Time":[1615306732.5302646]}
{"IMU":[0.6549307250976563, 0.05170713901519775, 0.86]}
{"Kalman":[0.8453108325322549, 0.024099161368295905, 0.8526189646307322]}
{"CMD":[-0.37603895588799263, 2.413741795109899, 0, 1.8276001279132326]}
{"Distance":[0.21501320354117004]}
{"Time":[1615306732.644769]}
{"IMU":[0.838924560546875, 0.059365978240966795, 0.87]}
{"Kalman":[1.0235578958588345, 0.03127427637939295, 0.8622115414880699]}
{"CMD":[-0.37603895588799263, 2.413741795109899, 0, 1.8276001279132326]}
{"Distance":[0.14324354826463995]}
{"Time":[1615306732.7665052]}
