{"IMU":[2.7199863000000026, 0.8315909599999999, 0.0]}
{"Kalman":[2.6174159057947803, 1.0511587308688335, -0.001934932189211435]}
{"UWB":[2.23768042, 2.010692, 1.51061391]}
{"Distance":[2.60149234807118]}
{"Time":[1615577135.6219227]}
{"IMU":[2.7199863000000026, 0.8315909599999999, 0.0]}
{"Kalman":[2.6174159057947803, 1.0511587308688335, -0.001934932189211435]}
{"UWB":[2.5095872, 1.20561852, 0.84810428]}
{"Distance":[2.60149234807118]}
{"Time":[1615577135.9308367]}
{"IMU":[2.7199863000000026, 0.8315909599999999, 0.0]}
{"Kalman":[2.6174159057947803, 1.0511587308688335, -0.001934932189211435]}
{"UWB":[2.49244903, 1.18456881, 0.80626686]}
{"Distance":[2.60149234807118]}
{"Time":[1615577136.240681]}
{"IMU":[2.7199863000000026, 0.8315909599999999, 0.0]}
{"Kalman":[2.6174159057947803, 1.0511587308688335, -0.001934932189211435]}
{"UWB":[2.52489383, 1.16681162, 1.06965807]}
{"Distance":[2.60149234807118]}
{"Time":[1615577136.5573797]}
{"IMU":[2.7199863000000026, 0.8315909599999999, 0.0]}
{"Kalman":[2.6174159057947803, 1.0511587308688335, -0.001934932189211435]}
{"UWB":[2.46554054, 1.26024019, 0.97395035]}
{"Distance":[2.60149234807118]}
{"Time":[1615577136.8810997]}
{"IMU":[2.7199863000000026, 0.8315909599999999, 0.0]}
{"Kalman":[2.6174159057947803, 1.0511587308688335, -0.001934932189211435]}
{"UWB":[2.52367614, 1.15855696, 0.96774513]}
{"Distance":[2.60149234807118]}
{"Time":[1615577137.31179]}
{"IMU":[2.7199863000000026, 0.8315909599999999, 0.0]}
{"Kalman":[2.6174159057947803, 1.0511587308688335, -0.001934932189211435]}
{"UWB":[2.63382644, 1.02765487, 0.87675106]}
{"Distance":[2.60149234807118]}
{"Time":[1615577137.760802]}
{"IMU":[2.7199863000000026, 0.8315909599999999, 0.0]}
{"Kalman":[2.6174159057947803, 1.0511587308688335, -0.001934932189211435]}
{"UWB":[2.58616615, 1.15704068, 1.25809355]}
{"Distance":[2.60149234807118]}
{"Time":[1615577138.3256564]}
{"IMU":[2.7199863000000026, 0.8315909599999999, 0.0]}
{"Kalman":[2.445108091446363, 0.4790420138247577, 0.0022879922526519124]}
{"UWB":[2.17464605, -0.29358833, 6.45124252]}
{"Distance":[3.171433062783008]}
{"Time":[1615577142.4031384]}
{"IMU":[2.7199863000000026, 0.8315909599999999, 0.0]}
{"Kalman":[2.6650656660887804, 0.8539250931807466, -0.00331086134961742]}
{"UWB":[2.74923977, 0.71578033, 0.07505172]}
{"Distance":[2.8009429766893916]}
{"Time":[1615577147.179888]}
