{"IMU":[]}
{"Kalman":[4.997566032548194, 2.394557700229431, 1.2626910966108174]}
{"UWB":[2.33748196, 5.02339738, 1.79170791]}
{"Distance":[1.00688381542949]}
{"Time":[0.6]}
{"Title":['ModelBasedAgendUWB_PID']}
{"IMU":[]}
{"Kalman":[5.009509668201644, 2.2747854321717735, 1.2434495858170276]}
{"UWB":[2.19165837, 5.03548732, 2.2866392]}
{"Distance":[0.9908112190608169]}
{"Time":[1.1]}
{"Title":['ModelBasedAgendUWB_PID']}
{"IMU":[]}
{"Kalman":[5.110750546717443, 2.2553973428486085, 1.2240004370249187]}
{"UWB":[1.96376156, 5.05409183, 2.79073316]}
{"Distance":[0.8903673327275045]}
{"Time":[1.7]}
{"Title":['ModelBasedAgendUWB_PID']}
{"IMU":[]}
{"Kalman":[5.122317557783497, 2.2865234406661066, 1.2036924567275111]}
{"UWB":[2.32246371, 6.47932242, -0.61560273]}
{"Distance":[0.8777859004487395]}
{"Time":[2.2]}
{"Title":['ModelBasedAgendUWB_PID']}
{"IMU":[]}
{"Kalman":[5.121997167826467, 2.2161707773677657, 1.2031787503323084]}
{"UWB":[2.15935151, 5.19938478, 1.50805134]}
{"Distance":[0.8819956416399517]}
{"Time":[2.7]}
{"Title":['ModelBasedAgendUWB_PID']}
{"IMU":[]}
{"Kalman":[5.272587494372705, 2.093861607421518, 1.1840679699211674]}
{"UWB":[2.19249978, 5.32666523, 1.83667373]}
{"Distance":[0.7560568697114124]}
{"Time":[3.3]}
{"Title":['ModelBasedAgendUWB_PID']}
{"IMU":[]}
{"Kalman":[5.297756030021991, 2.2148051722672983, 1.1651863269996665]}
{"UWB":[2.11955797, 5.36539801, 1.49861402]}
{"Distance":[0.7073929262035914]}
{"Time":[3.9]}
{"Title":['ModelBasedAgendUWB_PID']}
{"IMU":[]}
{"Kalman":[5.4534903572636315, 2.17183412293436, 1.1076816993450511]}
{"UWB":[2.11934575, 5.49766817, 1.49636201]}
{"Distance":[0.5613370481696695]}
{"Time":[4.5]}
{"Title":['ModelBasedAgendUWB_PID']}
{"IMU":[]}
{"Kalman":[5.658368557225437, 2.20867672474135, 1.066731112088246]}
{"UWB":[2.1469544, 5.76195184, 1.1052443]}
{"Distance":[0.35362689843420675]}
{"Time":[5.2]}
{"Title":['ModelBasedAgendUWB_PID']}
{"IMU":[]}
{"Kalman":[5.974766950357004, 2.3335214129450375, 0.9894646152356159]}
{"UWB":[2.30246413, 6.05742116, 0.99664502]}
{"Distance":[0.04195702468142443]}
{"Time":[6.0]}
{"Title":['ModelBasedAgendUWB_PID']}
