{"IMU":[2.0544658247012975, 1.7255121916439733, 0.65]}
{"Kalman":[1.9194296809911588, 1.7915291698485016, 0.6523124096965918]}
{"UWB":[1.97104101, 1.92847776, 0.91509023]}
{"Distance":[1.2703912971541473]}
{"Time":[1615562154.6222143]}
{"IMU":[2.0544658247012975, 1.7255121916439733, 0.65]}
{"Kalman":[1.9699665089241296, 1.8292057627778509, 0.6550869707053512]}
{"UWB":[1.92080607, 1.89181919, 1.05686233]}
{"Distance":[1.2274497352198108]}
{"Time":[1615562154.709266]}
{"IMU":[2.0544658247012975, 1.7255121916439733, 0.65]}
{"Kalman":[1.9689422192097508, 1.8284239369920943, 0.6550853903459903]}
{"UWB":[1.92080607, 1.89181919, 1.05686233]}
{"Distance":[1.228304807965656]}
{"Time":[1615562154.7717574]}
{"IMU":[2.0544658247012975, 1.7255121916439733, 0.65]}
{"Kalman":[1.9689422192097508, 1.8284239369920943, 0.6550853903459903]}
{"UWB":[1.90631797, 1.8582485, 0.77892466]}
{"Distance":[1.228304807965656]}
{"Time":[1615562154.7993004]}
{"IMU":[2.0544658247012975, 1.7255121916439733, 0.65]}
{"Kalman":[1.9689422192097508, 1.8284239369920943, 0.6550853903459903]}
{"UWB":[1.90631797, 1.8582485, 0.77892466]}
{"Distance":[1.228304807965656]}
{"Time":[1615562154.8163123]}
{"IMU":[2.0544658247012975, 1.7255121916439733, 0.65]}
{"Kalman":[1.9689422192097508, 1.8284239369920943, 0.6550853903459903]}
{"UWB":[1.90631797, 1.8582485, 0.77892466]}
{"Distance":[1.228304807965656]}
{"Time":[1615562154.8316505]}
{"IMU":[2.0544658247012975, 1.7255121916439733, 0.65]}
{"Kalman":[1.9689422192097508, 1.8284239369920943, 0.6550853903459903]}
{"UWB":[1.90631797, 1.8582485, 0.77892466]}
{"Distance":[1.228304807965656]}
{"Time":[1615562154.8480413]}
{"IMU":[2.0544658247012975, 1.7255121916439733, 0.65]}
{"Kalman":[1.9689422192097508, 1.8284239369920943, 0.6550853903459903]}
{"UWB":[1.90631797, 1.8582485, 0.77892466]}
{"Distance":[1.228304807965656]}
{"Time":[1615562154.8654459]}
{"IMU":[2.0544658247012975, 1.7255121916439733, 0.65]}
{"Kalman":[1.9689422192097508, 1.8284239369920943, 0.6550853903459903]}
{"UWB":[1.90631797, 1.8582485, 0.77892466]}
{"Distance":[1.228304807965656]}
{"Time":[1615562154.882133]}
{"IMU":[2.0544658247012975, 1.7255121916439733, 0.65]}
{"Kalman":[1.9689422192097508, 1.8284239369920943, 0.6550853903459903]}
{"UWB":[1.90631797, 1.8582485, 0.77892466]}
{"Distance":[1.228304807965656]}
{"Time":[1615562154.8938208]}
{"IMU":[2.0544658247012975, 1.7255121916439733, 0.65]}
{"Kalman":[1.9689422192097508, 1.8284239369920943, 0.6550853903459903]}
{"UWB":[1.90631797, 1.8582485, 0.77892466]}
{"Distance":[1.228304807965656]}
{"Time":[1615562154.9055803]}
{"IMU":[2.0544658247012975, 1.7255121916439733, 0.65]}
{"Kalman":[1.9689422192097508, 1.8284239369920943, 0.6550853903459903]}
{"UWB":[1.90631797, 1.8582485, 0.77892466]}
{"Distance":[1.228304807965656]}
{"Time":[1615562154.9205887]}
{"IMU":[2.062405572571266, 1.708893140843173, 0.64]}
{"Kalman":[1.981519332571121, 1.8225998718959207, 0.6473662425329473]}
{"UWB":[1.93855701, 1.89295885, 0.99540221]}
{"Distance":[1.2347709492530294]}
{"Time":[1615562155.0040612]}
{"IMU":[2.062405572571266, 1.708893140843173, 0.64]}
{"Kalman":[1.9813754869457167, 1.8257239620004067, 0.6385517621057285]}
{"UWB":[1.92796844, 1.88251873, 0.96276077]}
{"Distance":[1.234358463816027]}
{"Time":[1615562155.1354072]}
{"IMU":[2.062405572571266, 1.708893140843173, 0.64]}
{"Kalman":[1.9791711720061198, 1.8236090148118753, 0.6384599195014037]}
{"UWB":[1.9086691, 1.86896748, 0.88803431]}
{"Distance":[1.236610927298151]}
{"Time":[1615562155.24909]}
{"IMU":[2.062405572571266, 1.708893140843173, 0.64]}
{"Kalman":[1.9791711720061198, 1.8236090148118753, 0.6384599195014037]}
{"UWB":[1.9086691, 1.86896748, 0.88803431]}
{"Distance":[1.236610927298151]}
{"Time":[1615562155.272257]}
{"IMU":[2.062405572571266, 1.708893140843173, 0.64]}
{"Kalman":[1.9791711720061198, 1.8236090148118753, 0.6384599195014037]}
{"UWB":[1.9086691, 1.86896748, 0.88803431]}
{"Distance":[1.236610927298151]}
{"Time":[1615562155.2921786]}
{"IMU":[2.062405572571266, 1.708893140843173, 0.64]}
{"Kalman":[1.9791711720061198, 1.8236090148118753, 0.6384599195014037]}
{"UWB":[1.9086691, 1.86896748, 0.88803431]}
{"Distance":[1.236610927298151]}
{"Time":[1615562155.3111649]}
{"IMU":[2.062405572571266, 1.708893140843173, 0.64]}
{"Kalman":[1.9791711720061198, 1.8236090148118753, 0.6384599195014037]}
{"UWB":[1.9086691, 1.86896748, 0.88803431]}
{"Distance":[1.236610927298151]}
{"Time":[1615562155.3361673]}
{"IMU":[2.062405572571266, 1.708893140843173, 0.64]}
{"Kalman":[1.9791711720061198, 1.8236090148118753, 0.6384599195014037]}
{"UWB":[1.9086691, 1.86896748, 0.88803431]}
{"Distance":[1.236610927298151]}
{"Time":[1615562155.3598619]}
{"IMU":[2.062405572571266, 1.708893140843173, 0.64]}
{"Kalman":[1.9791711720061198, 1.8236090148118753, 0.6384599195014037]}
{"UWB":[1.9086691, 1.86896748, 0.88803431]}
{"Distance":[1.236610927298151]}
{"Time":[1615562155.3731096]}
{"IMU":[2.062405572571266, 1.708893140843173, 0.64]}
{"Kalman":[1.9791711720061198, 1.8236090148118753, 0.6384599195014037]}
{"UWB":[1.88268052, 1.93923266, 1.04330092]}
{"Distance":[1.236610927298151]}
{"Time":[1615562155.388605]}
{"IMU":[2.062405572571266, 1.708893140843173, 0.64]}
{"Kalman":[1.9791711720061198, 1.8236090148118753, 0.6384599195014037]}
{"UWB":[1.88268052, 1.93923266, 1.04330092]}
{"Distance":[1.236610927298151]}
{"Time":[1615562155.4023213]}
{"IMU":[2.062405572571266, 1.708893140843173, 0.64]}
{"Kalman":[1.9791711720061198, 1.8236090148118753, 0.6384599195014037]}
{"UWB":[1.88268052, 1.93923266, 1.04330092]}
{"Distance":[1.236610927298151]}
{"Time":[1615562155.4199626]}
{"IMU":[2.065709931888092, 1.7197695022728643, 0.66]}
{"Kalman":[1.950360877081124, 1.8645627687595385, 0.657423399742446]}
{"UWB":[1.88268052, 1.93923266, 1.04330092]}
{"Distance":[1.1953946211351962]}
{"Time":[1615562155.5237067]}
{"IMU":[2.065709931888092, 1.7197695022728643, 0.66]}
{"Kalman":[1.9314242996417597, 1.8533212119082092, 0.6568118638633149]}
{"UWB":[1.86104561, 1.90325001, 0.97951047]}
{"Distance":[1.2087465022062738]}
{"Time":[1615562155.6412814]}
{"IMU":[2.065709931888092, 1.7197695022728643, 0.66]}
{"Kalman":[1.9197939520413614, 1.8884346413401767, 0.6567662431705965]}
{"UWB":[1.84375411, 1.95857003, 0.9556185]}
{"Distance":[1.1772260522604139]}
{"Time":[1615562155.7597883]}
{"IMU":[2.065709931888092, 1.7197695022728643, 0.66]}
{"Kalman":[1.9286669086844639, 1.9101436530193283, 0.6567871566499585]}
{"UWB":[1.85911144, 1.99280352, 0.97811014]}
{"Distance":[1.1553947122408914]}
{"Time":[1615562155.893969]}
{"IMU":[2.059914701916683, 1.762319943299552, 0.68]}
{"Kalman":[1.8982540754563362, 1.9817580591890263, 0.6722547142714823]}
{"UWB":[1.79451543, 2.11648911, 1.19698707]}
{"Distance":[1.0885472155188052]}
{"Time":[1615562156.0302413]}
{"IMU":[2.059914701916683, 1.762319943299552, 0.68]}
{"Kalman":[1.8847199579459968, 2.008952757163095, 0.6769837272657789]}
{"UWB":[1.79451543, 2.11648911, 1.19698707]}
{"Distance":[1.0643587959389038]}
{"Time":[1615562156.135663]}
{"IMU":[2.059914701916683, 1.762319943299552, 0.68]}
{"Kalman":[1.8839439175752852, 2.009035028651749, 0.6769870579839515]}
{"UWB":[1.79451543, 2.11648911, 1.19698707]}
{"Distance":[1.0644384274826884]}
{"Time":[1615562156.2146752]}
{"IMU":[2.059914701916683, 1.762319943299552, 0.68]}
{"Kalman":[1.9245008650100734, 2.039973425547493, 0.6748004161011155]}
{"UWB":[1.86837958, 2.14503212, 1.00311996]}
{"Distance":[1.028691275070045]}
{"Time":[1615562156.3779354]}
{"IMU":[2.042909379639137, 1.8433159321453771, 0.7]}
{"Kalman":[2.071188622741499, 2.0339515849397016, 0.6752313792586685]}
{"UWB":[2.1071072, 2.09713683, 1.45252521]}
{"Distance":[1.0195853533266712]}
{"Time":[1615562156.5124886]}
{"IMU":[2.042909379639137, 1.8433159321453771, 0.7]}
{"Kalman":[2.085583043923963, 2.0545370809262478, 0.695455595081299]}
{"UWB":[2.1071072, 2.09713683, 1.45252521]}
{"Distance":[0.9934058961639218]}
{"Time":[1615562156.6625776]}
{"IMU":[2.042909379639137, 1.8433159321453771, 0.7]}
