{"IMU":[0.03596697807312012, -0.014773861169815064, 0.79]}
{"Kalman":[0.01302296363528649, 0.018787544105888794, 0.7977266075438714]}
{"CMD":[-0.09989579861195738, 10.565013540490273, 0, 2.763741942527607]}
{"Distance":[1.9973345338600494]}
{"Time":[1615223463.451984]}
{"IMU":[0.004798551499843598, 0.006432259678840637, 0.78]}
{"Kalman":[-0.04352319000468549, 0.04273566148544832, 0.7783116048487279]}
{"CMD":[-0.09989579861195738, 10.565013540490273, 0, 2.763741942527607]}
{"Distance":[2.055956981406535]}
{"Time":[1615223463.663948]}
{"IMU":[0.004798551499843598, 0.006432259678840637, 0.78]}
{"Kalman":[-0.04352319000468549, 0.04273566148544832, 0.7783116048487279]}
{"CMD":[-0.22723103186014673, 10.865676742900474, 0, 3.0290168588737725]}
{"Distance":[2.055956981406535]}
{"Time":[1615223463.8742194]}
{"IMU":[0.004798551499843598, 0.006432259678840637, 0.78]}
{"Kalman":[-0.04352319000468549, 0.04273566148544832, 0.7783116048487279]}
{"CMD":[-0.22723103186014673, 10.865676742900474, 0, 3.0290168588737725]}
{"Distance":[2.055956981406535]}
{"Time":[1615223464.0944107]}
{"IMU":[-0.01721239686012268, 0.030985701084136962, 0.79]}
{"Kalman":[-0.038004772822948105, 0.06329904164078413, 0.782784696684131]}
{"CMD":[-0.3399151949965004, 10.973480317140547, 0, 2.8979600264842267]}
{"Distance":[2.0505249841726787]}
{"Time":[1615223464.3350608]}
{"IMU":[-0.022526950836181642, 0.04970021247863769, 0.81]}
{"Kalman":[-0.04286629036003823, 0.07942765649323004, 0.8019696128145738]}
{"CMD":[-0.3365691801141635, 10.8363346059859, 0, 2.967899223142406]}
{"Distance":[2.0539784485612795]}
{"Time":[1615223464.5735316]}
{"IMU":[-0.022526950836181642, 0.04970021247863769, 0.81]}
{"Kalman":[-0.020617035934822416, 0.08350614686812596, 0.8053606969472056]}
{"CMD":[-0.44040556140553216, 10.759777534401373, 0, 2.663756589889788]}
{"Distance":[2.0316867230869198]}
{"Time":[1615223464.7896843]}
{"IMU":[-0.022526950836181642, 0.04970021247863769, 0.81]}
{"Kalman":[-0.020617035934822416, 0.08350614686812596, 0.8053606969472056]}
{"CMD":[-0.4440129685595333, 10.743881763150018, 0, 2.659434337751678]}
{"Distance":[2.0316867230869198]}
{"Time":[1615223465.0026917]}
{"IMU":[-0.01291601300239563, 0.06903784751892089, 0.82]}
{"Kalman":[0.012229221947160696, 0.09951587632447524, 0.8139255783392179]}
{"CMD":[-0.4440129685595333, 10.743881763150018, 0, 2.659434337751678]}
{"Distance":[1.9989396604494627]}
{"Time":[1615223465.2164726]}
{"IMU":[-0.01291601300239563, 0.06903784751892089, 0.82]}
{"Kalman":[0.012229221947160696, 0.09951587632447524, 0.8139255783392179]}
{"CMD":[-0.5291387678970902, 10.569233967565788, 0, 2.5424089512267907]}
{"Distance":[1.9989396604494627]}
{"Time":[1615223465.4286249]}
{"IMU":[0.015289567708969116, 0.08460973739624024, 0.84]}
{"Kalman":[0.07607718645418468, 0.11158695342886756, 0.8337990131004296]}
{"CMD":[-0.5291387678970902, 10.569233967565788, 0, 2.5424089512267907]}
{"Distance":[1.934309543145557]}
{"Time":[1615223465.6413932]}
{"IMU":[0.015289567708969116, 0.08460973739624024, 0.84]}
{"Kalman":[0.07795605497624866, 0.11140357286120392, 0.8337985892225522]}
{"CMD":[-0.5933222439625873, 10.229746093672897, 0, 2.270870294932391]}
{"Distance":[1.9324302294243694]}
{"Time":[1615223465.8535895]}
{"IMU":[0.015289567708969116, 0.08460973739624024, 0.84]}
{"Kalman":[0.07795605497624866, 0.11140357286120392, 0.8337985892225522]}
{"CMD":[-0.5923471857988686, 10.21975590706625, 0, 2.270876086544693]}
{"Distance":[1.9324302294243694]}
{"Time":[1615223466.0700548]}
{"IMU":[0.07119205474853516, 0.09902764320373535, 0.86]}
{"Kalman":[0.17272702732350903, 0.12459655429824129, 0.8551708517834761]}
{"CMD":[-0.6583394759727283, 9.946699138537548, 0, 2.0087449540982383]}
{"Distance":[1.8372333276397146]}
{"Time":[1615223466.287242]}
{"IMU":[0.07119205474853516, 0.09902764320373535, 0.86]}
{"Kalman":[0.17272702732350903, 0.12459655429824129, 0.8551708517834761]}
{"CMD":[-0.6624959721063075, 9.715846406468252, 0, 1.9788583489218425]}
{"Distance":[1.8372333276397146]}
{"Time":[1615223466.499431]}
{"IMU":[0.15893750190734862, 0.11039066314697266, 0.87]}
{"Kalman":[0.32737981111346326, 0.13523073260761811, 0.866948742611688]}
{"CMD":[-0.6624959721063075, 9.715846406468252, 0, 1.9788583489218425]}
{"Distance":[1.6833443748695744]}
{"Time":[1615223466.7144868]}
{"IMU":[0.15893750190734862, 0.11039066314697266, 0.87]}
{"Kalman":[0.32737981111346326, 0.13523073260761811, 0.866948742611688]}
{"CMD":[-0.7190392716887251, 8.893537580089106, 0, 1.8179323344758223]}
{"Distance":[1.6833443748695744]}
{"Time":[1615223466.9274764]}
{"IMU":[0.293182373046875, 0.12048821449279785, 0.88]}
{"Kalman":[0.5309980051738354, 0.14862456572841176, 0.8763438824029163]}
{"CMD":[-0.7190392716887251, 8.893537580089106, 0, 1.8179323344758223]}
{"Distance":[1.4816703269487426]}
{"Time":[1615223467.140383]}
{"IMU":[0.293182373046875, 0.12048821449279785, 0.88]}
{"Kalman":[0.5349805465255582, 0.14897352691635074, 0.876336001685679]}
{"CMD":[-0.7921114840488495, 7.789697656172675, 0, 1.6896704740643544]}
{"Distance":[1.4777577254947896]}
{"Time":[1615223467.359415]}
{"IMU":[0.48395572662353514, 0.1290404510498047, 0.9]}
{"Kalman":[0.7100277533708486, 0.1563740253031021, 0.8955208803992011]}
{"CMD":[-0.7921114840488495, 7.789697656172675, 0, 1.6896704740643544]}
{"Distance":[1.3036092663430687]}
{"Time":[1615223467.5751677]}
{"IMU":[0.48395572662353514, 0.1290404510498047, 0.9]}
{"Kalman":[0.7982839853900767, 0.1624004449387056, 0.8976064501936277]}
{"CMD":[-0.8569648650873173, 6.452733101052912, 0, 1.4012547199574286]}
{"Distance":[1.216955103250813]}
{"Time":[1615223467.8029609]}
{"IMU":[0.48395572662353514, 0.1290404510498047, 0.9]}
{"Kalman":[0.7982839853900767, 0.1624004449387056, 0.8976064501936277]}
{"CMD":[-0.8635041413956925, 6.389679263433341, 0, 1.3990438624078474]}
{"Distance":[1.216955103250813]}
{"Time":[1615223468.0163758]}
{"IMU":[0.695767822265625, 0.1341208267211914, 0.9]}
{"Kalman":[1.0284991563270311, 0.17259120186752452, 0.89836716819352]}
{"CMD":[-0.8635041413956925, 6.389679263433341, 0, 1.3990438624078474]}
{"Distance":[0.9919328831732372]}
{"Time":[1615223468.2321196]}
{"IMU":[0.695767822265625, 0.1341208267211914, 0.9]}
{"Kalman":[1.0284991563270311, 0.17259120186752452, 0.89836716819352]}
{"CMD":[-0.9176897122253369, 5.165595464948634, 0, 1.3886498693215148]}
{"Distance":[0.9919328831732372]}
{"Time":[1615223468.4480069]}
{"IMU":[0.9192868804931641, 0.1374851417541504, 0.92]}
{"Kalman":[1.2762422554503279, 0.17709469850649204, 0.9182988877837807]}
{"CMD":[-0.9176897122253369, 5.165595464948634, 0, 1.3886498693215148]}
{"Distance":[0.7495751308388646]}
{"Time":[1615223468.6749485]}
{"IMU":[0.9192868804931641, 0.1374851417541504, 0.92]}
{"Kalman":[1.2762422554503279, 0.17709469850649204, 0.9182988877837807]}
{"CMD":[-0.9416353855267725, 3.8483134083883064, 0, 1.1163148441883888]}
{"Distance":[0.7495751308388646]}
{"Time":[1615223468.8890693]}
{"IMU":[1.1647048950195313, 0.13841485977172852, 0.93]}
{"Kalman":[1.5141620570431686, 0.17798627877123294, 0.9282506260643418]}
{"CMD":[-0.9416353855267725, 3.8483134083883064, 0, 1.1163148441883888]}
{"Distance":[0.5223653844843811]}
{"Time":[1615223469.1108658]}
{"IMU":[1.1647048950195313, 0.13841485977172852, 0.93]}
{"Kalman":[1.5465782324997992, 0.17394977196167227, 0.9291619308156981]}
{"CMD":[-0.9463760329509898, 2.5832630935754377, 0, 0.9803402795010936]}
{"Distance":[0.4907828995128945]}
{"Time":[1615223469.337931]}
{"IMU":[1.1647048950195313, 0.13841485977172852, 0.93]}
{"Kalman":[1.5465782324997992, 0.17394977196167227, 0.9291619308156981]}
{"CMD":[-0.9249134048889605, 2.4109021017962915, 0, 0.9678887596389634]}
{"Distance":[0.4907828995128945]}
{"Time":[1615223469.5526347]}
{"IMU":[1.404456787109375, 0.13354459762573243, 0.93]}
{"Kalman":[1.8028522289990598, 0.1620307749679411, 0.9337659853601777]}
{"CMD":[-0.9025867309564574, 1.2434094624577672, 0, 0.9678887583196334]}
{"Distance":[0.26364400304702346]}
{"Time":[1615223469.7783742]}
