{"IMU":[-0.002236732244491577, -0.01805267810821533, 0.78]}
{"Kalman":[-0.043113789915379105, -0.16342619846515932, 0.7968197108014125]}
{"CMD":[1.8126452233026864, 13.17096679778946, 0, 3.97351299021259]}
{"Distance":[1.0752100869017276]}
{"Time":[1615211974.8080924]}
{"IMU":[-0.002236732244491577, -0.01805267810821533, 0.78]}
{"Kalman":[0.03864374504378277, -0.06024251818926483, 0.7622714777574905]}
{"CMD":[2.0859053425892853, 13.313878972574347, 0, 3.9659594013170762]}
{"Distance":[0.9921440723145175]}
{"Time":[1615211975.1844213]}
{"IMU":[0.02043468236923218, -0.022948524951934814, 0.8]}
{"Kalman":[0.25808668140240654, -0.07588160557545844, 0.7764082801648534]}
{"CMD":[0.7689109317978113, 12.270359141789058, 0, 4.6403205324084675]}
{"Distance":[0.7785798915692868]}
{"Time":[1615211975.5099492]}
{"IMU":[0.0793845796585083, -0.030211436748504638, 0.82]}
{"Kalman":[0.4495714223289296, -0.08397279876543452, 0.7900414741257384]}
{"CMD":[0.9685218646742593, 9.469479003580874, 0, 4.364378487866715]}
{"Distance":[0.5950677546605855]}
{"Time":[1615211975.862218]}
{"IMU":[0.0793845796585083, -0.030211436748504638, 0.82]}
{"Kalman":[0.5896093689061861, -0.08868907635739103, 0.787358588973576]}
{"CMD":[1.0948153583129239, 6.341901281956533, 0, 4.132236289022239]}
{"Distance":[0.47064061877191876]}
{"Time":[1615211976.2068906]}
{"IMU":[0.18296215057373047, -0.039595062732696536, 0.84]}
{"Kalman":[0.9635100166026884, -0.11702732244002122, 0.8125059954217189]}
{"CMD":[1.1369571614649088, 5.090606893779736, 0, 4.151295223229715]}
{"Distance":[0.22401097035327816]}
{"Time":[1615211976.5669963]}
{"IMU":[0.32162914276123045, -0.0471544361114502, 0.88]}
{"Kalman":[1.3227990357999257, -0.09560964248195446, 0.860979626725678]}
{"CMD":[1.4936890131394713, 0.4657432653655794, 0, 3.6597723779250835]}
{"Distance":[0.36423493165019294]}
{"Time":[1615211976.9331734]}
{"IMU":[0.32162914276123045, -0.0471544361114502, 0.88]}
{"Kalman":[1.3323160648513417, -0.09423195612351125, 0.8610336421485112]}
{"CMD":[1.220322481518636, -4.120075236904451, 0, 2.7135956865531394]}
{"Distance":[0.3723241559819246]}
{"Time":[1615211977.2779207]}
{"IMU":[0.45066162109375, -0.05449735164642334, 0.89]}
{"Kalman":[1.272660406239241, -0.12099251268498692, 0.8735593602083815]}
{"CMD":[1.2027382547393433, -4.241546714123926, 0, 2.712541337359886]}
{"Distance":[0.32399092679778624]}
{"Time":[1615211977.6168036]}
{"IMU":[0.5377970504760742, -0.06622400283813476, 0.92]}
{"Kalman":[1.0591755056356071, -0.1474773473269589, 0.9077711587549941]}
{"CMD":[1.8087001238534488, -1.6919139283363829, 0, 1.8175468690184406]}
{"Distance":[0.18373205381539373]}
{"Time":[1615211978.2262063]}
