{"IMU":[]}
{"Kalman":[2.422630101325571, 5.356045091305866, 1.4262470740079958]}
{"UWB":[2.53821521, 5.67426795, 2.07386142]}
{"Distance":[4.337005544539013]}
{"Time":[0.6]}
{"Title":['ModelBasedAgendUWB_PID']}
{"IMU":[]}
{"Kalman":[2.1841998053347056, 5.301474336704167, 1.3901566076990317]}
{"UWB":[2.39618331, 5.75960939, 2.41601467]}
{"Distance":[4.472513736685011]}
{"Time":[1.1]}
{"Title":['ModelBasedAgendUWB_PID']}
{"IMU":[]}
{"Kalman":[2.0403969857868978, 5.815535234857361, 1.3709775877680879]}
{"UWB":[1.89464861, 5.83737319, 0.10055426]}
{"Distance":[4.932326125012009]}
{"Time":[1.7]}
{"Title":['ModelBasedAgendUWB_PID']}
{"IMU":[]}
{"Kalman":[1.5115347837161681, 6.3677329170458625, 1.3566027063992185]}
{"UWB":[1.79619368, 7.05650537, -1.0515743]}
{"Distance":[5.696868075172926]}
{"Time":[2.2]}
{"Title":['ModelBasedAgendUWB_PID']}
{"IMU":[]}
{"Kalman":[1.1088794185324584, 6.413423901955858, 1.3572083047722596]}
{"UWB":[1.45494009, 6.19399234, -0.26532151]}
{"Distance":[6.016826086747863]}
{"Time":[2.8]}
{"Title":['ModelBasedAgendUWB_PID']}
{"IMU":[]}
{"Kalman":[1.2886232725733038, 6.115214854100605, 1.3572358232756367]}
{"UWB":[1.43501873, 6.08469436, -0.03290428]}
{"Distance":[5.682566174120728]}
{"Time":[3.4]}
{"Title":['ModelBasedAgendUWB_PID']}
{"IMU":[]}
{"Kalman":[1.2033782171354523, 6.161366146866609, 1.358374453584297]}
{"UWB":[1.08485052, 6.30844506, 1.40505416]}
{"Distance":[5.776773084097523]}
{"Time":[4.0]}
{"Title":['ModelBasedAgendUWB_PID']}
{"IMU":[]}
{"Kalman":[1.2033782171354523, 6.161366146866609, 1.358374453584297]}
{"UWB":[1.35528972, 8.0579973, -0.23064083]}
{"Distance":[5.776773084097523]}
{"Time":[4.5]}
{"Title":['ModelBasedAgendUWB_PID']}
{"IMU":[]}
{"Kalman":[1.119160057906062, 6.182843914386707, 1.3585546718175998]}
{"UWB":[1.07899871, 6.28016635, 1.56581047]}
{"Distance":[5.8539077086793485]}
{"Time":[5.0]}
{"Title":['ModelBasedAgendUWB_PID']}
{"IMU":[]}
{"Kalman":[1.1068824507485884, 6.1727712347790495, 1.358879209518594]}
{"UWB":[0.93865285, 6.33971062, 1.22644605]}
{"Distance":[5.85643567696878]}
{"Time":[5.5]}
{"Title":['ModelBasedAgendUWB_PID']}
{"IMU":[]}
{"Kalman":[1.1068824507485884, 6.1727712347790495, 1.358879209518594]}
{"UWB":[0.78980263, 6.20585216, 1.56008588]}
{"Distance":[5.85643567696878]}
{"Time":[6.1]}
{"Title":['ModelBasedAgendUWB_PID']}
{"IMU":[]}
{"Kalman":[1.1068824507485884, 6.1727712347790495, 1.358879209518594]}
{"UWB":[-0.20025119, 5.96640983, 1.702224]}
{"Distance":[5.85643567696878]}
{"Time":[6.6]}
{"Title":['ModelBasedAgendUWB_PID']}
{"IMU":[]}
{"Kalman":[0.4529338696669039, 6.047861695483111, 1.3610709416092017]}
{"UWB":[-0.11756887, 6.07762369, 3.77803287]}
{"Distance":[6.286441267714591]}
{"Time":[7.1]}
{"Title":['ModelBasedAgendUWB_PID']}
{"IMU":[]}
{"Kalman":[0.4774438501454585, 5.941829811555123, 1.359472314248802]}
{"UWB":[-0.15719161, 5.92297158, 1.56430873]}
{"Distance":[6.203949923619089]}
{"Time":[7.7]}
{"Title":['ModelBasedAgendUWB_PID']}
{"IMU":[]}
{"Kalman":[0.4774438501454585, 5.941829811555123, 1.359472314248802]}
{"UWB":[0.98148833, 6.36706944, 0.18269476]}
{"Distance":[6.203949923619089]}
{"Time":[8.2]}
{"Title":['ModelBasedAgendUWB_PID']}
{"IMU":[]}
{"Kalman":[0.4774438501454585, 5.941829811555123, 1.359472314248802]}
{"UWB":[0.16263292, 5.85336799, 2.11775863]}
{"Distance":[6.203949923619089]}
{"Time":[8.7]}
{"Title":['ModelBasedAgendUWB_PID']}
{"IMU":[]}
{"Kalman":[0.4774438501454585, 5.941829811555123, 1.359472314248802]}
{"UWB":[-0.07537463, 5.95022099, 3.33524703]}
{"Distance":[6.203949923619089]}
{"Time":[9.2]}
{"Title":['ModelBasedAgendUWB_PID']}
{"IMU":[]}
{"Kalman":[0.4774438501454585, 5.941829811555123, 1.359472314248802]}
{"UWB":[0.71735936, 5.91985499, 1.9692375]}
{"Distance":[6.203949923619089]}
{"Time":[9.7]}
{"Title":['ModelBasedAgendUWB_PID']}
{"IMU":[]}
{"Kalman":[1.2256441491973762, 6.1553257882574455, 1.3587188276968196]}
{"UWB":[1.28607049, 6.26745333, 1.40684683]}
{"Distance":[5.756184054813876]}
{"Time":[10.3]}
{"Title":['ModelBasedAgendUWB_PID']}
{"IMU":[]}
{"Kalman":[1.2256441491973762, 6.1553257882574455, 1.3587188276968196]}
{"UWB":[1.70466378, 6.44544963, 2.00048427]}
{"Distance":[5.756184054813876]}
{"Time":[10.8]}
{"Title":['ModelBasedAgendUWB_PID']}
{"IMU":[]}
{"Kalman":[1.2256441491973762, 6.1553257882574455, 1.3587188276968196]}
{"UWB":[2.04898375, 6.85670718, 2.10536103]}
{"Distance":[5.756184054813876]}
{"Time":[11.3]}
{"Title":['ModelBasedAgendUWB_PID']}
{"IMU":[]}
{"Kalman":[1.2256441491973762, 6.1553257882574455, 1.3587188276968196]}
{"UWB":[1.87846135, 6.65445223, 2.08266544]}
{"Distance":[5.756184054813876]}
{"Time":[11.9]}
{"Title":['ModelBasedAgendUWB_PID']}
{"IMU":[]}
{"Kalman":[1.2256441491973762, 6.1553257882574455, 1.3587188276968196]}
{"UWB":[1.92131973, 6.78147431, 1.28457725]}
{"Distance":[5.756184054813876]}
{"Time":[12.4]}
{"Title":['ModelBasedAgendUWB_PID']}
{"IMU":[]}
{"Kalman":[1.2256441491973762, 6.1553257882574455, 1.3587188276968196]}
{"UWB":[1.37325698, 5.69028387, 2.18333492]}
{"Distance":[5.756184054813876]}
{"Time":[12.9]}
{"Title":['ModelBasedAgendUWB_PID']}
{"IMU":[]}
{"Kalman":[1.2256441491973762, 6.1553257882574455, 1.3587188276968196]}
{"UWB":[1.68143006, 7.03311322, 1.61339977]}
{"Distance":[5.756184054813876]}
{"Time":[13.4]}
{"Title":['ModelBasedAgendUWB_PID']}
{"IMU":[]}
{"Kalman":[1.2256441491973762, 6.1553257882574455, 1.3587188276968196]}
{"UWB":[1.75998729, 7.53483825, 0.30273878]}
{"Distance":[5.756184054813876]}
{"Time":[13.9]}
{"Title":['ModelBasedAgendUWB_PID']}
{"IMU":[]}
{"Kalman":[1.2256441491973762, 6.1553257882574455, 1.3587188276968196]}
{"UWB":[1.3157673, 6.43126298, 2.52131612]}
{"Distance":[5.756184054813876]}
{"Time":[14.4]}
{"Title":['ModelBasedAgendUWB_PID']}
{"IMU":[]}
{"Kalman":[1.2256441491973762, 6.1553257882574455, 1.3587188276968196]}
{"UWB":[1.75998082, 7.00694976, 2.48938742]}
{"Distance":[5.756184054813876]}
{"Time":[14.9]}
{"Title":['ModelBasedAgendUWB_PID']}
{"IMU":[]}
{"Kalman":[1.5015115126061531, 6.8789035359001005, 1.357292137081974]}
{"UWB":[1.76307802, 6.94375091, 1.81578482]}
{"Distance":[6.079002202245001]}
{"Time":[15.5]}
{"Title":['ModelBasedAgendUWB_PID']}
{"IMU":[]}
{"Kalman":[1.5015115126061531, 6.8789035359001005, 1.357292137081974]}
{"UWB":[1.41931656, 6.53476868, 1.88246478]}
{"Distance":[6.079002202245001]}
{"Time":[16.0]}
{"Title":['ModelBasedAgendUWB_PID']}
{"IMU":[]}
{"Kalman":[1.5015115126061531, 6.8789035359001005, 1.357292137081974]}
{"UWB":[1.15926115, 6.27543462, 1.53341057]}
{"Distance":[6.079002202245001]}
{"Time":[16.6]}
{"Title":['ModelBasedAgendUWB_PID']}
{"IMU":[]}
{"Kalman":[1.5015115126061531, 6.8789035359001005, 1.357292137081974]}
{"UWB":[1.05145487, 6.14227641, 1.76699442]}
{"Distance":[6.079002202245001]}
{"Time":[17.1]}
{"Title":['ModelBasedAgendUWB_PID']}
{"IMU":[]}
{"Kalman":[1.5015115126061531, 6.8789035359001005, 1.357292137081974]}
{"UWB":[0.96171802, 6.16895135, 1.4807807]}
{"Distance":[6.079002202245001]}
{"Time":[17.6]}
{"Title":['ModelBasedAgendUWB_PID']}
{"IMU":[]}
{"Kalman":[1.5015115126061531, 6.8789035359001005, 1.357292137081974]}
{"UWB":[0.92747874, 6.11628776, 1.62171063]}
{"Distance":[6.079002202245001]}
{"Time":[18.1]}
{"Title":['ModelBasedAgendUWB_PID']}
{"IMU":[]}
{"Kalman":[1.5015115126061531, 6.8789035359001005, 1.357292137081974]}
{"UWB":[0.93533555, 6.12995365, 1.72549968]}
{"Distance":[6.079002202245001]}
{"Time":[18.6]}
{"Title":['ModelBasedAgendUWB_PID']}
{"IMU":[]}
{"Kalman":[1.5015115126061531, 6.8789035359001005, 1.357292137081974]}
{"UWB":[0.96645034, 6.14877084, 1.63424707]}
{"Distance":[6.079002202245001]}
{"Time":[19.1]}
{"Title":['ModelBasedAgendUWB_PID']}
{"IMU":[]}
{"Kalman":[1.5015115126061531, 6.8789035359001005, 1.357292137081974]}
{"UWB":[1.0689442, 6.16076866, 1.87854074]}
{"Distance":[6.079002202245001]}
{"Time":[19.6]}
{"Title":['ModelBasedAgendUWB_PID']}
{"IMU":[]}
{"Kalman":[1.5015115126061531, 6.8789035359001005, 1.357292137081974]}
{"UWB":[1.03868644, 6.28326911, 2.25142303]}
