{"IMU":[0.011637094020843506, -0.004807777106761933, 0.81]}
{"Kalman":[0.04433588345873916, -0.008368134952977323, 0.81]}
{"CMD":[0, 9.190525845686995, 0, 5]}
{"Distance":[0.4937608862454771]}
{"Time":[1616761800.9462674]}
{"IMU":[0.05448090076446533, -0.01955996870994568, 0.84]}
{"Kalman":[0.12437277526205132, -0.016982791057931705, 0.84]}
{"CMD":[5, 8.448477344285772, 0, 5]}
{"Distance":[0.4086370359578911]}
{"Time":[1616761801.5158942]}
{"IMU":[0.14365555763244628, -0.031716079711914064, 0.87]}
{"Kalman":[0.24713880694588775, -0.009874478271425968, 0.87]}
{"CMD":[5, 6.964511759635428, 0, 5]}
{"Distance":[0.2844930373029925]}
{"Time":[1616761802.1081734]}
{"IMU":[0.2661846923828125, -0.032392799854278564, 0.9]}
{"Kalman":[0.39227894103109295, 0.01123611933946412, 0.9]}
{"CMD":[5, 5, 0, 5]}
{"Distance":[0.14741125100613395]}
{"Time":[1616761802.620005]}
