{"IMU":[-0.01065454125404358, -0.003965106010437012, 0.63]}
{"Kalman":[1.419778608963369, 3.039819071045826, 1.2642555792612267]}
{"UWB":[1.13044045, 2.18470581, 4.76524868]}
{"Distance":[2.2460565316568686]}
{"Time":[0.6]}
{"Title":['ModelBasedAgendUWB_LQR']}
{"IMU":[0.0036893096566200257, -0.007708969712257385, 0.61]}
{"Kalman":[1.7311221040850873, 3.197229767017906, 1.223861916770298]}
{"UWB":[1.63848387, 2.48685916, 1.76401313]}
{"Distance":[1.9947014658477582]}
{"Time":[1.2]}
{"Title":['ModelBasedAgendUWB_LQR']}
{"IMU":[0.028103160858154296, -0.02426060676574707, 0.6]}
{"Kalman":[1.7723103530113853, 3.1699292358453715, 1.1991259158529433]}
{"UWB":[1.6917285, 2.46780982, 1.65494035]}
{"Distance":[1.9466007877193852]}
{"Time":[1.8]}
{"Title":['ModelBasedAgendUWB_LQR']}
{"IMU":[0.1564504337310791, -0.12726070404052733, 0.6]}
{"Kalman":[1.942607659815618, 3.0386240889913196, 1.1990839470372456]}
{"UWB":[1.86641637, 2.33959035, 1.35072263]}
{"Distance":[1.7427177851114024]}
{"Time":[2.4]}
{"Title":['ModelBasedAgendUWB_LQR']}
{"IMU":[0.26245058059692383, -0.21498653411865234, 0.58]}
{"Kalman":[2.213528079563507, 2.854985477201525, 1.16057163472764]}
{"UWB":[2.20974224, 2.13503831, 1.77074529]}
{"Distance":[1.4311949815391514]}
{"Time":[3.0]}
{"Title":['ModelBasedAgendUWB_LQR']}
{"IMU":[0.4087865447998047, -0.33277996063232423, 0.56]}
{"Kalman":[2.4993218490331714, 2.5845757535584166, 1.1213845386262087]}
{"UWB":[2.56088319, 1.76613556, 1.59781538]}
{"Distance":[1.1039227554977435]}
{"Time":[3.5]}
{"Title":['ModelBasedAgendUWB_LQR']}
{"IMU":[0.6290763092041015, -0.48631282806396486, 0.56]}
{"Kalman":[2.713835223632685, 2.4254513742431167, 1.1233318775331416]}
{"UWB":[2.68059881, 1.62340695, 1.68653484]}
{"Distance":[0.8892949502141423]}
{"Time":[4.0]}
{"Title":['ModelBasedAgendUWB_LQR']}
{"IMU":[0.9345860290527344, -0.655272216796875, 0.56]}
{"Kalman":[3.152772064993434, 2.206418981039218, 1.1253971922110886]}
{"UWB":[3.14331008, 1.37807376, 1.73814197]}
{"Distance":[0.5349791029042988]}
{"Time":[4.6]}
{"Title":['ModelBasedAgendUWB_LQR']}
{"IMU":[1.2900917053222656, -0.8288925933837891, 0.56]}
{"Kalman":[3.486329223211476, 1.9807856263377586, 1.1243965101096423]}
{"UWB":[3.42021303, 1.1054897, 1.69434381]}
{"Distance":[0.5315116285775695]}
{"Time":[5.1]}
{"Title":['ModelBasedAgendUWB_LQR']}
{"IMU":[1.6443571472167968, -0.9659061431884766, 0.52]}
{"Kalman":[3.654745639241627, 2.6948046037131075, 1.0369600717563694]}
{"UWB":[3.48386957, 2.43676337, -6.35441642]}
{"Distance":[0.20235097885554]}
{"Time":[5.6]}
{"Title":['ModelBasedAgendUWB_LQR']}
{"IMU":[2.236369323730469, -1.0974607849121094, 0.48]}
{"Kalman":[5.312078804208604, 2.5803752393977017, 0.949569019307334]}
{"UWB":[7.12665183, 3.15275121, -14.05244737]}
{"Distance":[1.7139644135537357]}
{"Time":[6.4]}
{"Title":['ModelBasedAgendUWB_LQR']}
{"IMU":[2.236369323730469, -1.0974607849121094, 0.48]}
{"Kalman":[4.2662826018060365, 1.8230101431602963, 0.9074289600541507]}
{"UWB":[4.16502961, 1.14681314, 2.26692042]}
{"Distance":[0.9498672390040956]}
{"Time":[7.0]}
{"Title":['ModelBasedAgendUWB_LQR']}
{"IMU":[2.236369323730469, -1.0974607849121094, 0.48]}
{"Kalman":[4.6530018314513875, 2.242583813380519, 0.9001345095583977]}
{"UWB":[5.1816931, 2.02099543, -7.28664809]}
{"Distance":[1.084009202070578]}
{"Time":[7.5]}
{"Title":['ModelBasedAgendUWB_LQR']}
{"IMU":[2.236369323730469, -1.0974607849121094, 0.48]}
{"Kalman":[4.597585777943733, 1.7056079290525998, 0.9085035223333418]}
{"UWB":[4.75518384, 0.15867211, 5.72098824]}
{"Distance":[1.2752396428670583]}
{"Time":[8.1]}
{"Title":['ModelBasedAgendUWB_LQR']}
{"IMU":[2.236369323730469, -1.0974607849121094, 0.48]}
{"Kalman":[4.755758159194536, 1.9146355391138976, 0.9074384431457195]}
{"UWB":[5.25795452, 1.29654458, 1.76533356]}
{"Distance":[1.2955417687644113]}
{"Time":[8.7]}
{"Title":['ModelBasedAgendUWB_LQR']}
{"IMU":[2.236369323730469, -1.0974607849121094, 0.48]}
{"Kalman":[4.755758159194536, 1.9146355391138976, 0.9074384431457195]}
{"UWB":[5.25795452, 1.29654458, 1.76533356]}
{"Distance":[1.2955417687644113]}
{"Time":[9.2]}
{"Title":['ModelBasedAgendUWB_LQR']}
{"IMU":[2.236369323730469, -1.0974607849121094, 0.48]}
{"Kalman":[4.755758159194536, 1.9146355391138976, 0.9074384431457195]}
{"UWB":[5.25795452, 1.29654458, 1.76533356]}
{"Distance":[1.2955417687644113]}
{"Time":[9.7]}
{"Title":['ModelBasedAgendUWB_LQR']}
{"IMU":[2.236369323730469, -1.0974607849121094, 0.48]}
{"Kalman":[4.755758159194536, 1.9146355391138976, 0.9074384431457195]}
{"UWB":[5.25795452, 1.29654458, 1.76533356]}
{"Distance":[1.2955417687644113]}
{"Time":[10.2]}
{"Title":['ModelBasedAgendUWB_LQR']}
{"IMU":[2.236369323730469, -1.0974607849121094, 0.48]}
{"Kalman":[4.755758159194536, 1.9146355391138976, 0.9074384431457195]}
{"UWB":[5.25795452, 1.29654458, 1.76533356]}
{"Distance":[1.2955417687644113]}
{"Time":[10.7]}
{"Title":['ModelBasedAgendUWB_LQR']}
{"IMU":[2.236369323730469, -1.0974607849121094, 0.48]}
{"Kalman":[5.527263479979081, 2.379633729276418, 0.8969749426853496]}
{"UWB":[6.48396635, 1.92320948, -8.38385023]}
{"Distance":[1.9310185292712703]}
{"Time":[11.3]}
{"Title":['ModelBasedAgendUWB_LQR']}
{"IMU":[2.236369323730469, -1.0974607849121094, 0.48]}
{"Kalman":[5.527263479979081, 2.379633729276418, 0.8969749426853496]}
{"UWB":[6.48396635, 1.92320948, -8.38385023]}
{"Distance":[1.9310185292712703]}
{"Time":[11.8]}
{"Title":['ModelBasedAgendUWB_LQR']}
