{"IMU":[2.1722012003382893, 1.8161356934657233, 0.61]}
{"Kalman":[2.3087203805934458, 1.826177482936286, 0.6068547451306011]}
{"UWB":[2.3804048, 1.8389263, 0.70856444]}
{"Distance":[1.2553830850649497]}
{"Time":[1615562382.1496382]}
{"IMU":[2.178609717698977, 1.792872439300074, 0.62]}
{"Kalman":[2.260455799124533, 1.8392460849039471, 0.6171206869025391]}
{"UWB":[2.29133899, 1.86993713, 1.00458355]}
{"Distance":[1.232757998668632]}
{"Time":[1615562382.3840282]}
{"IMU":[2.178609717698977, 1.792872439300074, 0.62]}
{"Kalman":[2.242461564478105, 1.8189499131888172, 0.6132997573632597]}
{"UWB":[2.21604051, 1.78540411, 0.9557362]}
{"Distance":[1.2508843601890487]}
{"Time":[1615562382.704719]}
{"IMU":[2.1891760118922448, 1.7917972454180853, 0.66]}
{"Kalman":[2.2029871904306133, 1.8344179549393036, 0.6530487711798016]}
{"UWB":[2.20817493, 1.85314562, 0.87866086]}
{"Distance":[1.2204765546050085]}
{"Time":[1615562382.9448018]}
{"IMU":[2.1891760118922448, 1.7917972454180853, 0.66]}
{"Kalman":[2.1844581757007333, 1.7118972815000846, 0.6563686969834013]}
{"UWB":[2.17181951, 1.57622699, 5.26844292]}
{"Distance":[1.3358234423989024]}
{"Time":[1615562383.244572]}
{"IMU":[2.188871302219317, 1.808694506560816, 0.69]}
{"Kalman":[2.220497274065811, 1.8782803413005658, 0.6827310395975106]}
{"UWB":[2.23569308, 1.8931554, 1.12205937]}
{"Distance":[1.1719360814502398]}
{"Time":[1615562383.5233984]}
{"IMU":[2.180701942058489, 1.8462673458209173, 0.72]}
{"Kalman":[2.182705406738745, 1.9063838585590003, 0.70559667688257]}
{"UWB":[2.18295715, 1.92448437, 1.07082759]}
{"Distance":[1.1355658350737345]}
{"Time":[1615562383.845273]}
{"IMU":[2.180701942058489, 1.8462673458209173, 0.72]}
{"Kalman":[2.2450564317616544, 1.9979290406057943, 0.713675886312699]}
{"UWB":[2.22732343, 2.0872972, 1.2809199]}
{"Distance":[1.0522210196225248]}
{"Time":[1615562384.1454263]}
{"IMU":[2.1635916503390527, 1.911924761210932, 0.74]}
{"Kalman":[2.2517139430183226, 2.12261650584957, 0.7335296813310195]}
{"UWB":[2.29786265, 2.18838497, 1.16231582]}
{"Distance":[0.9294220500102912]}
{"Time":[1615562384.3673623]}
{"IMU":[2.1635916503390527, 1.911924761210932, 0.74]}
{"Kalman":[2.2673924980813074, 2.1386104426683543, 0.7350045369574949]}
{"UWB":[2.32685643, 2.19752043, 1.04226064]}
{"Distance":[0.9166432312121334]}
{"Time":[1615562384.6566696]}
{"IMU":[2.1362532933673117, 2.0267067512622017, 0.76]}
{"Kalman":[2.261792981560748, 2.221997231050327, 0.7550384447223005]}
{"UWB":[2.33399958, 2.27049405, 1.15866402]}
{"Distance":[0.8315476179628828]}
{"Time":[1615562384.8712366]}
{"IMU":[2.1362532933673117, 2.0267067512622017, 0.76]}
{"Kalman":[2.302600496743498, 2.2858168829748315, 0.7554636379322907]}
{"UWB":[2.3606208, 2.3623728, 0.94315359]}
{"Distance":[0.78160253217208]}
{"Time":[1615562385.204185]}
{"IMU":[2.1001887734851095, 2.173206270610346, 0.78]}
{"Kalman":[2.3510850152844194, 2.4352835874914427, 0.7753642042569436]}
{"UWB":[2.48914755, 2.45587393, 1.22248953]}
{"Distance":[0.6575785521031143]}
{"Time":[1615562385.4455965]}
{"IMU":[2.1001887734851095, 2.173206270610346, 0.78]}
{"Kalman":[2.349058119738263, 2.481940185586404, 0.7765139001213309]}
{"UWB":[2.48790559, 2.51983173, 1.17915062]}
{"Distance":[0.6167349148189902]}
{"Time":[1615562385.7581875]}
{"IMU":[2.0569909890612816, 2.3501090797534125, 0.8]}
{"Kalman":[2.3787458261983923, 2.639593292232918, 0.7980041276904813]}
{"UWB":[2.55752711, 2.64331181, 1.12091646]}
{"Distance":[0.49839197731967405]}
{"Time":[1615562386.0775032]}
{"IMU":[2.00615068754761, 2.5453907951464787, 0.82]}
{"Kalman":[2.399609156827031, 2.8637219234828617, 0.8133532454382003]}
{"UWB":[2.61385478, 2.89438251, 1.16923197]}
{"Distance":[0.37838389498268554]}
{"Time":[1615562386.3683963]}
{"IMU":[2.00615068754761, 2.5453907951464787, 0.82]}
{"Kalman":[2.440488557096279, 2.9614906766111493, 0.8176343170767918]}
{"UWB":[2.63815099, 3.03762787, 1.18118544]}
{"Distance":[0.38816577361923765]}
{"Time":[1615562386.7200565]}
{"IMU":[1.948620017381594, 2.7452637657275334, 0.84]}
{"Kalman":[2.4568265758105845, 3.0718506255447036, 0.8362554479778574]}
{"UWB":[2.7370643, 3.10323876, 0.87904934]}
{"Distance":[0.3991240357492945]}
{"Time":[1615562386.9683254]}
{"IMU":[1.948620017381594, 2.7452637657275334, 0.84]}
{"Kalman":[2.5190204102645932, 3.2082938806030534, 0.8375365986530973]}
{"UWB":[2.83359018, 3.3066779, 1.25428843]}
{"Distance":[0.49533705867034805]}
{"Time":[1615562387.3239436]}
{"IMU":[1.8868750413378927, 2.913288515483393, 0.86]}
{"Kalman":[2.5184735854121247, 3.41051389453096, 0.8580232541454897]}
{"UWB":[2.86511397, 3.53571155, 1.23106473]}
{"Distance":[0.6031576872212532]}
{"Time":[1615562387.7051349]}
{"IMU":[1.8223212846240258, 3.0672354301562446, 0.87]}
{"Kalman":[2.529511090977877, 3.552076837741747, 0.8674915938879283]}
{"UWB":[2.91449254, 3.6727698, 1.25401749]}
{"Distance":[0.7119178953603393]}
{"Time":[1615562388.0447237]}
{"IMU":[1.8223212846240258, 3.0672354301562446, 0.87]}
{"Kalman":[2.5980331484895345, 3.611120435758991, 0.871585062753509]}
{"UWB":[3.01656627, 3.78240843, 1.11127515]}
{"Distance":[0.7987462676624401]}
{"Time":[1615562388.4678822]}
{"IMU":[1.8223212846240258, 3.0672354301562446, 0.87]}
{"Kalman":[2.6290095790670143, 3.695900592071179, 0.8719380874181827]}
{"UWB":[3.05996547, 3.91539828, 1.47294115]}
{"Distance":[0.8834753093571943]}
{"Time":[1615562388.8117254]}
{"IMU":[1.7638662370166038, 3.1739875969042917, 0.88]}
{"Kalman":[2.685234106999422, 3.780532383290565, 0.8815912491801376]}
{"UWB":[3.18190081, 4.05875421, 1.19452609]}
{"Distance":[0.9827260013001492]}
{"Time":[1615562389.1753385]}
{"IMU":[1.7062414201220726, 3.24440477219726, 0.89]}
{"Kalman":[2.812650116939077, 3.853078384331004, 0.8890225845743164]}
{"UWB":[3.40019602, 4.10057713, 0.92319776]}
{"Distance":[1.1171073832540188]}
{"Time":[1615562389.5542598]}
{"IMU":[1.7062414201220726, 3.24440477219726, 0.89]}
{"Kalman":[3.0137481348483144, 3.873919061496975, 0.8887417480001986]}
{"UWB":[3.70508135, 4.15045165, -0.77751217]}
{"Distance":[1.269270884651727]}
{"Time":[1615562389.898871]}
{"IMU":[1.6406789811572287, 3.276944292460932, 0.89]}
{"Kalman":[2.8789881140861997, 3.8539337491229246, 0.889785670028432]}
{"UWB":[3.53280369, 4.10467643, 0.27008162]}
{"Distance":[1.161108318939189]}
{"Time":[1615562390.2529628]}
{"IMU":[1.6406789811572287, 3.276944292460932, 0.89]}
{"Kalman":[3.021029745234927, 3.8736594716947, 0.8906345178658954]}
{"UWB":[3.7544903, 4.15483818, 1.04098755]}
{"Distance":[1.274181098891285]}
{"Time":[1615562390.6301215]}
{"IMU":[1.5417394669970725, 3.269605883037104, 0.89]}
{"Kalman":[2.801910635966259, 3.716074815671577, 0.8906670089222859]}
{"UWB":[3.41577786, 3.90947273, 1.06144105]}
{"Distance":[1.008660193256203]}
{"Time":[1615562391.0434783]}
{"IMU":[1.5417394669970725, 3.269605883037104, 0.91]}
{"Kalman":[2.4598393711631275, 3.622077433992175, 0.9106997663271525]}
{"UWB":[2.99268436, 3.81080877, 1.15222098]}
{"Distance":[0.724181771833142]}
{"Time":[1615562391.47117]}
{"IMU":[1.5417394669970725, 3.269605883037104, 0.91]}
{"Kalman":[2.1395824177124965, 3.524732936113627, 0.9108056595983876]}
{"UWB":[2.41582283, 3.72414857, 1.33408104]}
{"Distance":[0.5337293812355404]}
{"Time":[1615562391.8820791]}
{"IMU":[1.5417394669970725, 3.269605883037104, 0.91]}
{"Kalman":[1.6966453807444777, 3.3490677758062115, 0.911430982596757]}
{"UWB":[1.77354275, 3.46748743, 1.3915689]}
{"Distance":[0.5407288893936026]}
{"Time":[1615562392.28194]}
{"IMU":[1.5417394669970725, 3.269605883037104, 0.91]}
{"Kalman":[1.8565639513637149, 3.328828336361754, 0.9118635631418338]}
{"UWB":[2.09814561, 3.36028843, 2.3527742]}
{"Distance":[0.41851788022991354]}
{"Time":[1615562392.55439]}
{"IMU":[1.5417394669970725, 3.269605883037104, 0.91]}
{"Kalman":[1.7546251390706822, 3.4092752712082834, 0.9117746498331402]}
{"UWB":[1.92971757, 3.47487683, 2.24290836]}
{"Distance":[0.5427464920168759]}
{"Time":[1615562392.819776]}
{"IMU":[1.5417394669970725, 3.269605883037104, 0.91]}
