{"IMU":[0.024537382125854493, 0.0012541015446186066, 0.68]}
{"Kalman":[3.8743316233072487, 2.610841929843395, 1.3655540444486198]}
{"UWB":[3.91435252, 2.62695274, 2.42492742]}
{"Distance":[2.1482757627968443]}
{"Time":[0.6]}
{"Title":['ModelBasedAgendUWB_PID']}
{"IMU":[0.07708246231079102, -0.00987236201763153, 0.67]}
{"Kalman":[4.022312161944666, 2.5716603757592527, 1.3464205570958092]}
{"UWB":[4.07869397, 2.57305857, 2.41478421]}
{"Distance":[1.996258636687551]}
{"Time":[1.2]}
{"Title":['ModelBasedAgendUWB_PID']}
{"IMU":[0.23055278778076171, -0.039975953102111814, 0.65]}
{"Kalman":[4.308401014847028, 2.57670747395328, 1.3055883707906384]}
{"UWB":[4.36650411, 2.6222336, 2.86324796]}
{"Distance":[1.7140811394774078]}
{"Time":[1.7]}
{"Title":['ModelBasedAgendUWB_PID']}
{"IMU":[0.7575777435302734, -0.14279718399047853, 0.63]}
{"Kalman":[4.486040095085041, 2.126342774024821, 1.2647571065620629]}
{"UWB":[4.17041244, 1.9001299, 2.03919614]}
{"Distance":[1.523886946536227]}
{"Time":[2.4]}
{"Title":['ModelBasedAgendUWB_PID']}
{"IMU":[1.1064669036865233, -0.2181661033630371, 0.61]}
{"Kalman":[5.061814279163253, 0.893302727851071, 1.2326361949888027]}
{"UWB":[4.9152651, -0.36418901, 9.86448232]}
{"Distance":[1.690854713526033]}
{"Time":[2.9]}
{"Title":['ModelBasedAgendUWB_PID']}
{"IMU":[1.4869602966308593, -0.25406789779663086, 0.6]}
{"Kalman":[5.468584275408531, 2.305377849682216, 1.2066527776739813]}
{"UWB":[5.28151256, 2.32632511, 2.40521296]}
{"Distance":[0.5314429354223086]}
{"Time":[3.4]}
{"Title":['ModelBasedAgendUWB_PID']}
{"IMU":[1.8469497680664062, -0.2512737464904785, 0.59]}
{"Kalman":[5.727654022270752, 2.252257033207847, 1.1846538063723762]}
{"UWB":[5.45193755, 2.15714321, 1.19050807]}
{"Distance":[0.2764990460443161]}
{"Time":[4.0]}
{"Title":['ModelBasedAgendUWB_PID']}
{"IMU":[2.207641296386719, -0.23979774475097657, 0.58]}
{"Kalman":[6.130270461004336, 2.2674573043550112, 1.164584333460133]}
{"UWB":[5.90655431, 2.17235969, 0.61639368]}
{"Distance":[0.13427367593882533]}
{"Time":[4.5]}
{"Title":['ModelBasedAgendUWB_PID']}
