{"IMU":[-0.0012941054999828338, 0.001265183836221695, 0.78]}
{"Kalman":[-3.7986731713192477e-05, 0.0013279594719584234, 0.7813296791190276]}
{"CMD":[-0.04021345124565811, 20.0, 0, 2.839598546125316]}
{"Distance":[1.0236671566563835]}
{"Time":[1615300343.3511]}
{"IMU":[-0.0012941054999828338, 0.001265183836221695, 0.78]}
{"Kalman":[-1.4740508561881908e-05, 0.0013045076336718913, 0.78133489393081]}
{"CMD":[-0.03618613424803535, 20.0, 0, 2.711559019930351]}
{"Distance":[1.02364330290723]}
{"Time":[1615300343.490291]}
{"IMU":[-0.0012941054999828338, 0.001265183836221695, 0.78]}
{"Kalman":[-1.4740508561881908e-05, 0.0013045076336718913, 0.78133489393081]}
{"CMD":[-0.03618613424803535, 20.0, 0, 2.711559019930351]}
{"Distance":[1.02364330290723]}
{"Time":[1615300343.6359618]}
{"IMU":[0.03647869110107422, 0.0006129315122961998, 0.79]}
{"Kalman":[0.12300133052425027, -0.00048145857779336105, 0.7866703752240201]}
{"CMD":[-0.03618613424803535, 20.0, 0, 2.711559019930351]}
{"Distance":[0.9025721172691176]}
{"Time":[1615300343.8444104]}
{"IMU":[0.03647869110107422, 0.0006129315122961998, 0.79]}
{"Kalman":[0.12433025482202459, -0.0005175008303631413, 0.7866050289239884]}
{"CMD":[0.014355113023202463, 20.0, 0, 2.6462066537760465]}
{"Distance":[0.9012963908214109]}
{"Time":[1615300343.9797885]}
{"IMU":[0.03647869110107422, 0.0006129315122961998, 0.79]}
{"Kalman":[0.12433025482202459, -0.0005175008303631413, 0.7866050289239884]}
{"CMD":[0.014355113023202463, 20.0, 0, 2.6462066537760465]}
{"Distance":[0.9012963908214109]}
{"Time":[1615300344.12411]}
{"IMU":[0.16684354782104494, -0.0001262886542826891, 0.81]}
{"Kalman":[0.2506627386538017, -0.0012116460569236555, 0.8057896302877652]}
{"CMD":[0.014355113023202463, 20.0, 0, 2.6462066537760465]}
{"Distance":[0.774096548908307]}
{"Time":[1615300344.2723947]}
{"IMU":[0.16684354782104494, -0.0001262886542826891, 0.81]}
{"Kalman":[0.34493817736626214, -0.003941600502090388, 0.8058113252493166]}
{"CMD":[0.10706193047666601, 18.210563153514762, 0, 2.4079181506678626]}
{"Distance":[0.6832501511805025]}
{"Time":[1615300344.4233665]}
{"IMU":[0.16684354782104494, -0.0001262886542826891, 0.81]}
{"Kalman":[0.34493817736626214, -0.003941600502090388, 0.8058113252493166]}
{"CMD":[0.10933725586510505, 18.170959251396155, 0, 2.408038767840372]}
{"Distance":[0.6832501511805025]}
{"Time":[1615300344.5729792]}
{"IMU":[0.16684354782104494, -0.0001262886542826891, 0.81]}
{"Kalman":[0.34493817736626214, -0.003941600502090388, 0.8058113252493166]}
{"CMD":[0.10933725586510505, 18.170959251396155, 0, 2.408038767840372]}
{"Distance":[0.6832501511805025]}
{"Time":[1615300344.7108366]}
{"IMU":[0.38371360778808594, -0.0030758622288703918, 0.83]}
{"Kalman":[0.6334334908553376, -0.010306334291291293, 0.8267976874689102]}
{"CMD":[0.10933725586510505, 18.170959251396155, 0, 2.408038767840372]}
{"Distance":[0.4055567373613031]}
{"Time":[1615300344.8459675]}
{"IMU":[0.38371360778808594, -0.0030758622288703918, 0.83]}
{"Kalman":[0.6346578318976928, -0.010417623592958041, 0.8268130658664168]}
{"CMD":[0.2889286298211499, 10.134876669895093, 0, 2.1476070601449]}
{"Distance":[0.4044467095052316]}
{"Time":[1615300345.0134242]}
{"IMU":[0.38371360778808594, -0.0030758622288703918, 0.83]}
{"Kalman":[0.6346578318976928, -0.010417623592958041, 0.8268130658664168]}
{"CMD":[0.28897763121491715, 10.13433758467645, 0, 2.1476064554872702]}
{"Distance":[0.4044467095052316]}
{"Time":[1615300345.1737354]}
{"IMU":[0.6610258483886718, -0.008962478637695313, 0.85]}
{"Kalman":[0.9482514387778751, -0.014950731661298866, 0.8465520296870905]}
{"CMD":[0.28897763121491715, 10.13433758467645, 0, 2.1476064554872702]}
{"Distance":[0.16262754243645114]}
{"Time":[1615300345.308266]}
{"IMU":[0.6610258483886718, -0.008962478637695313, 0.85]}
{"Kalman":[0.9512232749679532, -0.014784711694695125, 0.8465299395710968]}
{"CMD":[0.41011761709422023, 1.353032419765121, 0, 1.903107149220107]}
{"Distance":[0.16171213947257748]}
{"Time":[1615300345.5099654]}
{"IMU":[0.6610258483886718, -0.008962478637695313, 0.85]}
{"Kalman":[0.9512232749679532, -0.014784711694695125, 0.8465299395710968]}
{"CMD":[0.41011761709422023, 1.353032419765121, 0, 1.903107149220107]}
{"Distance":[0.16171213947257748]}
{"Time":[1615300345.6516604]}
{"IMU":[0.9545233154296875, -0.01592098593711853, 0.86]}
{"Kalman":[1.2355716151899934, -0.0213070458954426, 0.8561223853732051]}
{"CMD":[0.41011761709422023, 1.353032419765121, 0, 1.903107149220107]}
{"Distance":[0.27685509581495754]}
{"Time":[1615300345.7878761]}
{"IMU":[0.9545233154296875, -0.01592098593711853, 0.86]}
{"Kalman":[1.2311423803578223, -0.019811723325294142, 0.8610369901816725]}
{"CMD":[0.5510031391185586, -6.4135894964594815, 0, 1.7240007774314194]}
{"Distance":[0.27042563206243375]}
{"Time":[1615300345.940436]}
{"IMU":[0.9545233154296875, -0.01592098593711853, 0.86]}
{"Kalman":[1.2311423803578223, -0.019811723325294142, 0.8610369901816725]}
{"CMD":[0.5495634225735344, -6.411728831739708, 0, 1.7232123107485056]}
{"Distance":[0.27042563206243375]}
{"Time":[1615300346.0892236]}
{"IMU":[0.9545233154296875, -0.01592098593711853, 0.86]}
{"Kalman":[1.2311423803578223, -0.019811723325294142, 0.8610369901816725]}
{"CMD":[0.5495634225735344, -6.411728831739708, 0, 1.7232123107485056]}
{"Distance":[0.27042563206243375]}
{"Time":[1615300346.2286177]}
{"IMU":[1.2041878509521484, -0.021590602397918702, 0.88]}
{"Kalman":[1.4195154197631763, -0.025547146364969395, 0.88165093582001]}
{"CMD":[0.6969601968314558, -13.120768700037981, 0, 1.4853057370582843]}
{"Distance":[0.43663754430734264]}
{"Time":[1615300346.3742685]}
{"IMU":[1.2041878509521484, -0.021590602397918702, 0.88]}
{"Kalman":[1.4195023549406969, -0.02554726593006272, 0.8816509673498236]}
{"CMD":[0.7086600677183221, -11.637065898910192, 0, 1.4675888542364208]}
{"Distance":[0.4366249902679922]}
{"Time":[1615300346.5199902]}
{"IMU":[1.2041878509521484, -0.021590602397918702, 0.88]}
{"Kalman":[1.4195023549406969, -0.02554726593006272, 0.8816509673498236]}
{"CMD":[0.7086633843708329, -11.63670348982345, 0, 1.4675884632506244]}
{"Distance":[0.4366249902679922]}
{"Time":[1615300346.6709926]}
{"IMU":[1.3740562438964843, -0.029769542217254637, 0.89]}
{"Kalman":[1.5004591350833572, -0.038174172698976716, 0.8931688862864333]}
{"CMD":[0.7086633843708329, -11.63670348982345, 0, 1.4675884632506244]}
{"Distance":[0.5131564091063409]}
{"Time":[1615300346.8242261]}
{"IMU":[1.3740562438964843, -0.029769542217254637, 0.89]}
{"Kalman":[1.5004591350833572, -0.038174172698976716, 0.8931688862864333]}
{"CMD":[1.0589249939493262, -13.88238825157918, 0, 1.324760384528689]}
{"Distance":[0.5131564091063409]}
{"Time":[1615300346.9970584]}
{"IMU":[1.3740562438964843, -0.029769542217254637, 0.89]}
{"Kalman":[1.5004591350833572, -0.038174172698976716, 0.8931688862864333]}
{"CMD":[1.0589249939493262, -13.88238825157918, 0, 1.324760384528689]}
{"Distance":[0.5131564091063409]}
{"Time":[1615300347.1363213]}
{"IMU":[1.4564096069335937, -0.040346107482910155, 0.9]}
{"Kalman":[1.580199395992731, -0.048094156651742825, 0.9027614501679658]}
{"CMD":[1.0589249939493262, -13.88238825157918, 0, 1.324760384528689]}
{"Distance":[0.590253947541064]}
{"Time":[1615300347.2797692]}
{"IMU":[1.4564096069335937, -0.040346107482910155, 0.9]}
{"Kalman":[1.4943855488573794, -0.04775295560437688, 0.9030094519829545]}
{"CMD":[1.3246884161510222, -13.717399836452424, 0, 1.2027316475129761]}
{"Distance":[0.5060677643286644]}
{"Time":[1615300347.451482]}
{"IMU":[1.4564096069335937, -0.040346107482910155, 0.9]}
{"Kalman":[1.4943855488573794, -0.04775295560437688, 0.9030094519829545]}
{"CMD":[1.324633768049745, -13.71391119489717, 0, 1.202732342856709]}
{"Distance":[0.5060677643286644]}
{"Time":[1615300347.5958667]}
{"IMU":[1.4564096069335937, -0.040346107482910155, 0.9]}
{"Kalman":[1.4943855488573794, -0.04775295560437688, 0.9030094519829545]}
{"CMD":[1.324633768049745, -13.71391119489717, 0, 1.202732342856709]}
{"Distance":[0.5060677643286644]}
{"Time":[1615300347.7557588]}
