{"IMU":[0.014676967859268189, -0.0007142983376979828, 0.77]}
{"Kalman":[0.060457090363607205, 0.012561962487879311, 0.7716736104106063]}
{"CMD":[0.5373608569239683, 20.0, 0, 3.398477902283661]}
{"Distance":[0.9669703315678787]}
{"Time":[1615322306.2929325]}
{"IMU":[0.014676967859268189, -0.0007142983376979828, 0.77]}
{"Kalman":[0.0503748238424111, 0.021929055102812324, 0.7716712753077272]}
{"CMD":[-0.5992508318738611, 20.0, 0, 3.4439109319903705]}
{"Distance":[0.9769354457535225]}
{"Time":[1615322306.3448646]}
{"IMU":[0.014676967859268189, -0.0007142983376979828, 0.77]}
{"Kalman":[0.0503748238424111, 0.021929055102812324, 0.7716712753077272]}
{"CMD":[-0.5992508318738611, 20.0, 0, 3.4439109319903705]}
{"Distance":[0.9769354457535225]}
{"Time":[1615322306.384249]}
{"IMU":[0.014676967859268189, -0.0007142983376979828, 0.77]}
{"Kalman":[0.0503748238424111, 0.021929055102812324, 0.7716712753077272]}
{"CMD":[-0.5992508318738611, 20.0, 0, 3.4439109319903705]}
{"Distance":[0.9769354457535225]}
{"Time":[1615322306.414816]}
{"IMU":[0.014676967859268189, -0.0007142983376979828, 0.77]}
{"Kalman":[0.0503748238424111, 0.021929055102812324, 0.7716712753077272]}
{"CMD":[-0.5992508318738611, 20.0, 0, 3.4439109319903705]}
{"Distance":[0.9769354457535225]}
{"Time":[1615322306.4399512]}
{"IMU":[0.014676967859268189, -0.0007142983376979828, 0.77]}
{"Kalman":[0.0503748238424111, 0.021929055102812324, 0.7716712753077272]}
{"CMD":[-0.5992508318738611, 20.0, 0, 3.4439109319903705]}
{"Distance":[0.9769354457535225]}
{"Time":[1615322306.4728994]}
{"IMU":[0.014676967859268189, -0.0007142983376979828, 0.77]}
{"Kalman":[0.0503748238424111, 0.021929055102812324, 0.7716712753077272]}
{"CMD":[-0.5992508318738611, 20.0, 0, 3.4439109319903705]}
{"Distance":[0.9769354457535225]}
{"Time":[1615322306.5134647]}
{"IMU":[0.014676967859268189, -0.0007142983376979828, 0.77]}
{"Kalman":[0.0503748238424111, 0.021929055102812324, 0.7716712753077272]}
{"CMD":[-0.5992508318738611, 20.0, 0, 3.4439109319903705]}
{"Distance":[0.9769354457535225]}
{"Time":[1615322306.5604415]}
{"IMU":[0.014676967859268189, -0.0007142983376979828, 0.77]}
{"Kalman":[0.0503748238424111, 0.021929055102812324, 0.7716712753077272]}
{"CMD":[-0.5992508318738611, 20.0, 0, 3.4439109319903705]}
{"Distance":[0.9769354457535225]}
{"Time":[1615322306.5915532]}
{"IMU":[0.014676967859268189, -0.0007142983376979828, 0.77]}
{"Kalman":[0.0503748238424111, 0.021929055102812324, 0.7716712753077272]}
{"CMD":[-0.5992508318738611, 20.0, 0, 3.4439109319903705]}
{"Distance":[0.9769354457535225]}
{"Time":[1615322306.6233702]}
{"IMU":[0.014676967859268189, -0.0007142983376979828, 0.77]}
{"Kalman":[0.0503748238424111, 0.021929055102812324, 0.7716712753077272]}
{"CMD":[-0.5992508318738611, 20.0, 0, 3.4439109319903705]}
{"Distance":[0.9769354457535225]}
{"Time":[1615322306.6658826]}
{"IMU":[0.02631026029586792, 0.005832754969596863, 0.77]}
{"Kalman":[0.051173069886959, 0.030485944748895984, 0.7716712682379429]}
{"CMD":[-0.8330832161069077, 20.0, 0, 3.443911038624818]}
{"Distance":[0.976389238922183]}
{"Time":[1615322306.718671]}
{"IMU":[0.02631026029586792, 0.005832754969596863, 0.77]}
{"Kalman":[0.13773332927441265, 0.03659186984073276, 0.7665949176433823]}
{"CMD":[-0.9999385901067392, 20.0, 0, 3.5204782744414453]}
{"Distance":[0.8940473750604769]}
{"Time":[1615322306.7508354]}
{"IMU":[0.02631026029586792, 0.005832754969596863, 0.77]}
{"Kalman":[0.16281973316347634, 0.03871571599840894, 0.7663159212466127]}
{"CMD":[-1.0579765024012973, 20.0, 0, 3.524686412257287]}
{"Distance":[0.8700448002882161]}
{"Time":[1615322306.788333]}
{"IMU":[0.02631026029586792, 0.005832754969596863, 0.77]}
{"Kalman":[0.19754615877388293, 0.04165401853584673, 0.7662997073366972]}
{"CMD":[-1.1382708986532755, 20.0, 0, 3.524930968704067]}
{"Distance":[0.8368291649731433]}
{"Time":[1615322306.8258815]}
{"IMU":[0.02631026029586792, 0.005832754969596863, 0.77]}
{"Kalman":[0.19754615877388293, 0.04165401853584673, 0.7662997073366972]}
{"CMD":[-1.1382708986532755, 20.0, 0, 3.524930968704067]}
{"Distance":[0.8368291649731433]}
{"Time":[1615322306.8771617]}
{"IMU":[0.02631026029586792, 0.005832754969596863, 0.77]}
{"Kalman":[0.19754615877388293, 0.04165401853584673, 0.7662997073366972]}
{"CMD":[-1.1382708986532755, 20.0, 0, 3.524930968704067]}
{"Distance":[0.8368291649731433]}
{"Time":[1615322306.9149778]}
{"IMU":[0.02631026029586792, 0.005832754969596863, 0.77]}
{"Kalman":[0.19754615877388293, 0.04165401853584673, 0.7662997073366972]}
{"CMD":[-1.1382708986532755, 20.0, 0, 3.524930968704067]}
{"Distance":[0.8368291649731433]}
{"Time":[1615322306.9447908]}
{"IMU":[0.02631026029586792, 0.005832754969596863, 0.77]}
{"Kalman":[0.19754615877388293, 0.04165401853584673, 0.7662997073366972]}
{"CMD":[-1.1382708986532755, 20.0, 0, 3.524930968704067]}
{"Distance":[0.8368291649731433]}
{"Time":[1615322306.9725218]}
{"IMU":[0.02631026029586792, 0.005832754969596863, 0.77]}
{"Kalman":[0.19754615877388293, 0.04165401853584673, 0.7662997073366972]}
{"CMD":[-1.1382708986532755, 20.0, 0, 3.524930968704067]}
{"Distance":[0.8368291649731433]}
{"Time":[1615322307.0073454]}
{"IMU":[0.02631026029586792, 0.005832754969596863, 0.77]}
{"Kalman":[0.19754615877388293, 0.04165401853584673, 0.7662997073366972]}
{"CMD":[-1.1382708986532755, 20.0, 0, 3.524930968704067]}
{"Distance":[0.8368291649731433]}
{"Time":[1615322307.057503]}
{"IMU":[0.02631026029586792, 0.005832754969596863, 0.77]}
{"Kalman":[0.19754615877388293, 0.04165401853584673, 0.7662997073366972]}
{"CMD":[-1.1382708986532755, 20.0, 0, 3.524930968704067]}
{"Distance":[0.8368291649731433]}
{"Time":[1615322307.1130493]}
{"IMU":[0.02631026029586792, 0.005832754969596863, 0.77]}
{"Kalman":[0.19754615877388293, 0.04165401853584673, 0.7662997073366972]}
{"CMD":[-1.1382708986532755, 20.0, 0, 3.524930968704067]}
{"Distance":[0.8368291649731433]}
{"Time":[1615322307.1714127]}
{"IMU":[0.09429721832275391, 0.016138020753860473, 0.79]}
{"Kalman":[0.251770586045354, 0.0480878985030752, 0.7860420041287584]}
{"CMD":[-1.3140882288784965, 20.0, 0, 3.227155417965055]}
{"Distance":[0.779703614129493]}
{"Time":[1615322307.2324836]}
{"IMU":[0.09429721832275391, 0.016138020753860473, 0.79]}
{"Kalman":[0.5548960944363714, 0.07930697789188638, 0.7842206155247096]}
{"CMD":[-2.111454782160137, 12.624524803858368, 0, 3.2546273815437967]}
{"Distance":[0.5009668913759421]}
{"Time":[1615322307.3110516]}
{"IMU":[0.09429721832275391, 0.016138020753860473, 0.79]}
{"Kalman":[0.5782681397049411, 0.08213187004801145, 0.7842206144832651]}
{"CMD":[-2.2444009200977715, 11.524580832354888, 0, 3.2546276675472408]}
{"Distance":[0.48079532992687674]}
{"Time":[1615322307.3560987]}
{"IMU":[0.09429721832275391, 0.016138020753860473, 0.79]}
{"Kalman":[0.589039773113122, 0.08343379725408069, 0.7842206144825272]}
{"CMD":[-2.2799784202508055, 11.230226595465542, 0, 3.2546276675583696]}
{"Distance":[0.47160391200821]}
{"Time":[1615322307.4121156]}
{"IMU":[0.09429721832275391, 0.016138020753860473, 0.79]}
{"Kalman":[0.589039773113122, 0.08343379725408069, 0.7842206144825272]}
{"CMD":[-2.2799784202508055, 11.230226595465542, 0, 3.2546276675583696]}
{"Distance":[0.47160391200821]}
{"Time":[1615322307.490086]}
{"IMU":[0.09429721832275391, 0.016138020753860473, 0.79]}
{"Kalman":[0.589039773113122, 0.08343379725408069, 0.7842206144825272]}
{"CMD":[-2.2799784202508055, 11.230226595465542, 0, 3.2546276675583696]}
{"Distance":[0.47160391200821]}
{"Time":[1615322307.5670192]}
{"IMU":[0.09429721832275391, 0.016138020753860473, 0.79]}
{"Kalman":[0.589039773113122, 0.08343379725408069, 0.7842206144825272]}
{"CMD":[-2.2799784202508055, 11.230226595465542, 0, 3.2546276675583696]}
{"Distance":[0.47160391200821]}
{"Time":[1615322307.6736755]}
{"IMU":[0.20602916717529296, 0.014932514429092407, 0.82]}
{"Kalman":[0.7766039390740348, 0.052233358231833414, 0.8150225251927762]}
{"CMD":[-1.4273703643517832, 6.10469875330196, 0, 2.7900385661906624]}
{"Distance":[0.29470458078467276]}
{"Time":[1615322307.7411356]}
