{"IMU":[0.018102761507034302, -0.0035293620824813844, 0.69]}
{"Kalman":[4.223509286948339, 2.2508210344361426, 1.3917925695269653]}
{"UWB":[4.06828712, 2.14048318, 1.08068197]}
{"Distance":[1.777171298500156]}
{"Time":[0.5]}
{"Title":['ModelBasedAgendUWB_PID']}
{"IMU":[0.06257499694824219, -0.03412047863006592, 0.64]}
{"Kalman":[4.331198587828708, 2.2253910249340367, 1.2953894661775847]}
{"UWB":[4.20219952, 2.12502789, 1.4755032]}
{"Distance":[1.6704683931237045]}
{"Time":[1.1]}
{"Title":['ModelBasedAgendUWB_PID']}
{"IMU":[0.17098655700683593, -0.07068946838378906, 0.6]}
{"Kalman":[4.50297597772872, 2.1791108901984213, 1.2117482491580365]}
{"UWB":[4.34873933, 2.06990551, 1.29869136]}
{"Distance":[1.50189716696114]}
{"Time":[1.6]}
{"Title":['ModelBasedAgendUWB_PID']}
{"IMU":[0.3848221206665039, -0.10031805992126465, 0.58]}
{"Kalman":[4.776078149078346, 2.149202772725735, 1.1707831430625775]}
{"UWB":[4.54372627, 2.0280405, 1.27274655]}
{"Distance":[1.23317658951064]}
{"Time":[2.2]}
{"Title":['ModelBasedAgendUWB_PID']}
{"IMU":[0.6605570220947266, -0.11308767318725586, 0.56]}
{"Kalman":[5.052797047216179, 1.9887974225037752, 1.1309842263690748]}
{"UWB":[4.80955201, 1.6964166, 1.74510452]}
{"Distance":[0.9970157862354448]}
{"Time":[2.7]}
{"Title":['ModelBasedAgendUWB_PID']}
{"IMU":[1.325862274169922, -0.08989569664001465, 0.53]}
{"Kalman":[5.744132915047123, 2.162614935425731, 1.0681775589141163]}
{"UWB":[5.46450877, 2.01164667, 0.91027256]}
{"Distance":[0.2904180110295482]}
{"Time":[3.4]}
{"Title":['ModelBasedAgendUWB_PID']}
{"IMU":[1.7277377319335938, -0.047764668464660646, 0.52]}
{"Kalman":[6.19076410002419, 2.3208649632309735, 1.0477224188242027]}
{"UWB":[5.88034797, 2.20099216, 0.5592595]}
{"Distance":[0.1919017679665021]}
{"Time":[3.9]}
{"Title":['ModelBasedAgendUWB_PID']}
{"IMU":[2.108395538330078, 0.005730825662612915, 0.52]}
{"Kalman":[6.5732216479879275, 2.3475125341900274, 1.0476586164328112]}
{"UWB":[6.27679447, 2.20334594, 0.99370343]}
{"Distance":[0.5751873595856867]}
{"Time":[4.5]}
{"Title":['ModelBasedAgendUWB_PID']}
{"IMU":[2.4300631713867187, 0.03315952777862549, 0.51]}
{"Kalman":[6.838469688951539, 2.361125629795494, 1.0294446130164485]}
{"UWB":[6.60261148, 2.24971871, 0.74776194]}
{"Distance":[0.8406948090171527]}
{"Time":[5.1]}
{"Title":['ModelBasedAgendUWB_PID']}
{"IMU":[2.7006494140625, 0.028207058906555175, 0.49]}
{"Kalman":[7.0645859765306875, 2.3004118915300302, 0.9899197827430021]}
{"UWB":[6.83607691, 2.19018766, 1.29061211]}
{"Distance":[1.064586056211723]}
{"Time":[5.7]}
{"Title":['ModelBasedAgendUWB_PID']}
{"IMU":[2.895743713378906, 0.0009171920269727706, 0.47]}
{"Kalman":[7.198027216742493, 2.2817049107238816, 0.9484997264013857]}
{"UWB":[6.95277276, 2.19302612, 0.84230059]}
{"Distance":[1.1981669008729066]}
{"Time":[6.2]}
{"Title":['ModelBasedAgendUWB_PID']}
{"IMU":[3.0429364013671876, -0.0435410737991333, 0.5]}
{"Kalman":[7.237596445860427, 2.2259283956476192, 1.004945879732175]}
{"UWB":[6.99013055, 2.14264209, 1.44792411]}
{"Distance":[1.2398111006833645]}
{"Time":[6.8]}
{"Title":['ModelBasedAgendUWB_PID']}
{"IMU":[3.14656005859375, -0.10498838424682617, 0.54]}
{"Kalman":[7.408617910547985, 2.1341381328605533, 1.0761899197413485]}
{"UWB":[7.28532702, 2.01311718, 1.05546114]}
{"Distance":[1.4183492436235705]}
{"Time":[7.4]}
{"Title":['ModelBasedAgendUWB_PID']}
{"IMU":[3.1511721801757813, -0.11366941452026368, 0.54]}
{"Kalman":[7.329150026630917, 2.1398228468305183, 1.0851394123227904]}
{"UWB":[7.16950185, 2.01890568, 1.55435956]}
{"Distance":[1.3387667883878984]}
{"Time":[7.9]}
{"Title":['ModelBasedAgendUWB_PID']}
{"IMU":[3.1364349365234374, -0.10964455604553222, 0.52]}
{"Kalman":[7.323900725595961, 2.1618211475640003, 1.0519027624558082]}
{"UWB":[7.21080222, 2.03260476, 1.02289494]}
{"Distance":[1.3310922306489668]}
{"Time":[8.5]}
{"Title":['ModelBasedAgendUWB_PID']}
{"IMU":[3.1072048950195312, -0.08813879013061524, 0.5]}
{"Kalman":[7.2805252682990105, 2.1740139009025783, 1.012874963742072]}
{"UWB":[7.17127128, 2.01712826, 0.80697768]}
{"Distance":[1.2867079932595578]}
{"Time":[9.0]}
{"Title":['ModelBasedAgendUWB_PID']}
{"IMU":[3.0670089721679688, -0.043839883804321286, 0.46]}
{"Kalman":[7.25956447791541, 2.2326338682301174, 0.9342232908517679]}
{"UWB":[7.10224029, 2.07568553, 1.24490085]}
{"Distance":[1.261364685464103]}
{"Time":[9.7]}
{"Title":['ModelBasedAgendUWB_PID']}
{"IMU":[3.0670089721679688, -0.043839883804321286, 0.46]}
{"Kalman":[7.227695880885377, 2.2582747185791447, 0.934261193138596]}
{"UWB":[7.08605025, 2.14169058, 1.11304988]}
{"Distance":[1.2284047277068626]}
{"Time":[10.2]}
{"Title":['ModelBasedAgendUWB_PID']}
{"IMU":[2.9280776977539062, 0.21218603134155273, 0.53]}
{"Kalman":[7.04166062887866, 2.629988940400841, 1.0616510769011518]}
{"UWB":[6.89757719, 2.50561373, 1.31444679]}
{"Distance":[1.092679992743875]}
{"Time":[11.1]}
{"Title":['ModelBasedAgendUWB_PID']}
{"IMU":[2.890291748046875, 0.31911277770996094, 0.54]}
{"Kalman":[7.047953018048649, 2.669545020230899, 1.0933277502951744]}
{"UWB":[6.88284822, 2.59578297, 1.309556]}
{"Distance":[1.1112016243754905]}
{"Time":[11.7]}
{"Title":['ModelBasedAgendUWB_PID']}
{"IMU":[2.88364013671875, 0.34141815185546875, 0.52]}
{"Kalman":[7.003357522562398, 2.6818995293144807, 1.056527196488394]}
{"UWB":[6.81477861, 2.60364185, 1.62342854]}
{"Distance":[1.0735797914329308]}
{"Time":[12.3]}
{"Title":['ModelBasedAgendUWB_PID']}
{"IMU":[2.903810729980469, 0.325323600769043, 0.46]}
{"Kalman":[7.069506650558617, 2.716156532932417, 0.9370899399891661]}
{"UWB":[6.90142873, 2.69924698, 1.10346937]}
{"Distance":[1.147619595289067]}
{"Time":[12.9]}
{"Title":['ModelBasedAgendUWB_PID']}
{"IMU":[2.9409954833984373, 0.296271915435791, 0.49]}
{"Kalman":[7.125832064811645, 2.6140272383994034, 0.9953578567396162]}
{"UWB":[6.96401682, 2.55642612, 0.98853067]}
{"Distance":[1.168807488260923]}
{"Time":[13.4]}
{"Title":['ModelBasedAgendUWB_PID']}
{"IMU":[2.9973080444335936, 0.25383165359497073, 0.5]}
{"Kalman":[7.19314400511579, 2.5611411961648174, 1.0145935217056279]}
{"UWB":[7.0009399, 2.51096261, 1.58231431]}
{"Distance":[1.2213874656627763]}
{"Time":[14.1]}
{"Title":['ModelBasedAgendUWB_PID']}
{"IMU":[3.0692147827148437, 0.19415409088134766, 0.46]}
{"Kalman":[7.26960392024157, 2.116989789199845, 0.947329369604636]}
{"UWB":[7.02807162, 1.42721932, 4.21937481]}
{"Distance":[1.2827263354082508]}
{"Time":[14.6]}
{"Title":['ModelBasedAgendUWB_PID']}
{"IMU":[3.1539236450195314, 0.09760828971862794, 0.36]}
{"Kalman":[7.803157693516425, 1.046742782764536, 0.7581960208844091]}
{"UWB":[7.95214246, -0.04590572, 7.72635872]}
{"Distance":[2.1959124117870124]}
{"Time":[15.2]}
{"Title":['ModelBasedAgendUWB_PID']}
{"IMU":[3.2196054077148437, 0.014488767385482788, 0.29]}
{"Kalman":[7.579928945711627, 2.2267843937461755, 0.6058691098248428]}
{"UWB":[7.51052519, 2.1108747, 0.65429686]}
{"Distance":[1.581624480872931]}
{"Time":[15.8]}
{"Title":['ModelBasedAgendUWB_PID']}
{"IMU":[3.303944396972656, -0.029586386680603028, 0.31]}
{"Kalman":[7.4326937622276334, 1.719160301211251, 0.6399955526498874]}
{"UWB":[7.19993134, 1.19413451, 3.76974628]}
{"Distance":[1.545958011077589]}
{"Time":[16.5]}
{"Title":['ModelBasedAgendUWB_PID']}
{"IMU":[3.3303012084960937, -0.02319035530090332, 0.45]}
{"Kalman":[8.60706785515733, 0.5592640075845448, 0.8845309168055026]}
{"UWB":[9.51855277, -1.10853065, 5.97361537]}
{"Distance":[3.1347989722923644]}
{"Time":[17.1]}
{"Title":['ModelBasedAgendUWB_PID']}
{"IMU":[3.343453063964844, -0.014917545318603516, 0.53]}
{"Kalman":[7.63809831863578, 1.670729373331292, 1.0474577245790158]}
{"UWB":[7.56464838, 1.06266493, 1.74119282]}
{"Distance":[1.7548070045179893]}
{"Time":[17.7]}
{"Title":['ModelBasedAgendUWB_PID']}
{"IMU":[3.3430072021484376, 0.00688317358493805, 0.59]}
{"Kalman":[8.692300965490562, 1.4208331839419936, 1.173889828116062]}
{"UWB":[9.39871179, 0.6450974, -0.75047755]}
{"Distance":[2.8322109348067603]}
{"Time":[18.2]}
{"Title":['ModelBasedAgendUWB_PID']}
