{"IMU":[-0.006991928219795227, -0.003965892791748047, 0.66]}
{"Kalman":[3.7766750828002875, 2.3123796459097243, 1.3257671853455024]}
{"UWB":[3.69147846, 2.3459508, 1.47513568]}
{"Distance":[2.231227259763126]}
{"Time":[0.5]}
{"Title":['ModelBasedAgendUWB_LQR']}
{"Local":[False]}
{"IMU":[0.006387466788291931, 0.012213164567947387, 0.64]}
{"Kalman":[4.059670331187872, 2.4734586382705492, 1.2869651214580577]}
{"UWB":[4.17780536, 2.60779658, 3.17440024]}
{"Distance":[1.940511187175955]}
{"Time":[1.2]}
{"Title":['ModelBasedAgendUWB_LQR']}
{"Local":[False]}
{"IMU":[0.03175806522369385, 0.03886440277099609, 0.63]}
{"Kalman":[3.9973387571563217, 2.4430456978961548, 1.2655061583029872]}
{"UWB":[3.85797203, 2.4310094, 1.90501908]}
{"Distance":[2.0034709496562018]}
{"Time":[1.7]}
{"Title":['ModelBasedAgendUWB_LQR']}
{"Local":[False]}
{"IMU":[0.0774392032623291, 0.08367018699645996, 0.62]}
{"Kalman":[4.204883817139671, 2.5919378037580514, 1.246036655739816]}
{"UWB":[4.33035581, 2.72805484, 2.82403752]}
{"Distance":[1.7974689621039055]}
{"Time":[2.3]}
{"Title":['ModelBasedAgendUWB_LQR']}
{"Local":[False]}
{"IMU":[0.28490013122558594, 0.21804807662963868, 0.58]}
{"Kalman":[4.4456697568379955, 2.6530899815748032, 1.170103070540988]}
{"UWB":[4.57595047, 2.72874967, 1.83728291]}
{"Distance":[1.5618511604076202]}
{"Time":[2.9]}
{"Title":['ModelBasedAgendUWB_LQR']}
{"Local":[False]}
{"IMU":[0.4285191345214844, 0.2626094436645508, 0.58]}
{"Kalman":[4.805876865217145, 2.757569969027648, 1.1660417636133076]}
{"UWB":[5.04477652, 2.89293298, 2.93725586]}
{"Distance":[1.221585997778518]}
{"Time":[3.4]}
{"Title":['ModelBasedAgendUWB_LQR']}
{"Local":[False]}
{"IMU":[0.601095085144043, 0.29465877532958984, 0.57]}
{"Kalman":[4.9111663551942835, 2.806288842720238, 1.1446956117192064]}
{"UWB":[5.07039986, 2.97523291, 1.54112493]}
{"Distance":[1.1310930824807497]}
{"Time":[4.0]}
{"Title":['ModelBasedAgendUWB_LQR']}
{"Local":[False]}
{"IMU":[0.7906916809082031, 0.3062767028808594, 0.56]}
{"Kalman":[5.3231378920085275, 2.889014837308231, 1.1261411333167664]}
{"UWB":[5.63140098, 3.12792526, 2.35375291]}
{"Distance":[0.7806887067715335]}
{"Time":[4.6]}
{"Title":['ModelBasedAgendUWB_LQR']}
{"Local":[False]}
{"IMU":[1.0002742767333985, 0.29622039794921873, 0.54]}
{"Kalman":[5.022691523656388, 3.0137676986128707, 1.0823871339826405]}
{"UWB":[4.89289034, 3.38419077, -0.14452292]}
{"Distance":[1.1041236824156246]}
{"Time":[5.2]}
{"Title":['ModelBasedAgendUWB_LQR']}
{"Local":[False]}
{"IMU":[1.231669921875, 0.26917787551879885, 0.53]}
{"Kalman":[5.8934073229255795, 2.7975832582789284, 1.0657613148624472]}
{"UWB":[6.32789685, 3.02614357, 2.12207125]}
{"Distance":[0.3160977608490688]}
{"Time":[5.8]}
{"Title":['ModelBasedAgendUWB_LQR']}
{"Local":[False]}
{"IMU":[1.747484130859375, 0.168229923248291, 0.51]}
{"Kalman":[7.550912030250227, 3.03707939246444, 1.0212408912279165]}
{"UWB":[8.83685814, 3.56241334, -3.91668572]}
{"Distance":[1.6412746264366764]}
{"Time":[6.4]}
{"Title":['ModelBasedAgendUWB_LQR']}
{"Local":[False]}
{"IMU":[2.016923675537109, 0.0894588565826416, 0.49]}
{"Kalman":[6.767650738712506, 2.440297366256337, 0.9874555470521922]}
{"UWB":[7.28589805, 2.55563613, 0.42980488]}
{"Distance":[0.7699688702290413]}
{"Time":[7.0]}
{"Title":['ModelBasedAgendUWB_LQR']}
{"Local":[False]}
{"IMU":[2.1289898681640627, 0.012200742959976196, 0.47]}
{"Kalman":[6.994628616887918, 2.2758774540020785, 0.9414730816769806]}
{"UWB":[7.71272132, 2.37217689, -0.46956471]}
{"Distance":[1.0195670655513365]}
{"Time":[7.6]}
{"Title":['ModelBasedAgendUWB_LQR']}
{"Local":[False]}
{"IMU":[2.1737205505371096, -0.04285242557525635, 0.48]}
{"Kalman":[6.921155720022157, 2.181788089355998, 0.9536269165368992]}
{"UWB":[7.58453092, 2.18805109, 0.05854551]}
{"Distance":[0.9745699977965897]}
{"Time":[8.1]}
{"Title":['ModelBasedAgendUWB_LQR']}
{"Local":[False]}
{"IMU":[2.183771057128906, -0.07113439559936524, 0.5]}
{"Kalman":[6.849076625236083, 2.169249438098973, 0.9926802736335931]}
{"UWB":[7.47508991, 2.17092733, 0.51917168]}
{"Distance":[0.9112228320889135]}
{"Time":[8.7]}
{"Title":['ModelBasedAgendUWB_LQR']}
{"Local":[False]}
{"IMU":[2.1690768432617187, -0.08541199684143067, 0.52]}
{"Kalman":[6.793016200502139, 2.1367530595137705, 1.0369186893880187]}
{"UWB":[7.41107976, 2.11343344, 0.48772732]}
{"Distance":[0.8722517033697642]}
{"Time":[9.2]}
{"Title":['ModelBasedAgendUWB_LQR']}
{"Local":[False]}
{"IMU":[2.134124755859375, -0.08875633239746093, 0.53]}
{"Kalman":[6.844049425174354, 2.129470718478475, 1.060110158493018]}
{"UWB":[7.28223002, 2.05261777, 0.57171967]}
{"Distance":[0.9217979065945072]}
{"Time":[9.8]}
{"Title":['ModelBasedAgendUWB_LQR']}
{"Local":[False]}
{"IMU":[1.9815338134765625, -0.06763576030731201, 0.49]}
{"Kalman":[6.45918328196833, 2.210383496996396, 0.9897779580171959]}
{"UWB":[7.01193733, 2.20867092, 2.14006579]}
{"Distance":[0.5428876543551561]}
{"Time":[10.4]}
{"Title":['ModelBasedAgendUWB_LQR']}
{"Local":[False]}
{"IMU":[1.823563995361328, -0.03945648670196533, 0.49]}
{"Kalman":[9.0145802532844, 2.5352660139024707, 0.9872781735695575]}
{"UWB":[11.80866198, 2.76539483, 0.38955883]}
{"Distance":[3.0147865256480113]}
{"Time":[10.9]}
{"Title":['ModelBasedAgendUWB_LQR']}
{"Local":[False]}
{"IMU":[1.6722625732421874, -0.0015037365257740021, 0.48]}
{"Kalman":[5.982249506446192, 2.4049973022015445, 0.9645744680792261]}
{"UWB":[6.48826066, 2.48228944, 2.31947786]}
{"Distance":[0.0966467413335206]}
{"Time":[11.5]}
{"Title":['ModelBasedAgendUWB_LQR']}
{"Local":[False]}
