{"IMU":[0.011211819648742676, 0.005000141859054566, 0.76]}
{"Kalman":[0.09945568663570178, 0.026767935795293886, 0.7634100267070517]}
{"CMD":[-0.1627016282703919, 20.0, 0, 6.6313534493210415]}
{"Distance":[0.9314888073306486]}
{"Time":[1615324078.3863502]}
{"IMU":[0.011211819648742676, 0.005000141859054566, 0.76]}
{"Kalman":[0.08727421930534532, 0.024454959195975363, 0.7622771964746496]}
{"CMD":[-0.6682756996561222, 20.0, 0, 3.585603007014297]}
{"Distance":[0.9434927276295754]}
{"Time":[1615324078.4414444]}
{"IMU":[0.011211819648742676, 0.005000141859054566, 0.76]}
{"Kalman":[0.08727421930534532, 0.024454959195975363, 0.7622771964746496]}
{"CMD":[-0.6682756996561222, 20.0, 0, 3.585603007014297]}
{"Distance":[0.9434927276295754]}
{"Time":[1615324078.4843402]}
{"IMU":[0.011211819648742676, 0.005000141859054566, 0.76]}
{"Kalman":[0.08727421930534532, 0.024454959195975363, 0.7622771964746496]}
{"CMD":[-0.6682756996561222, 20.0, 0, 3.585603007014297]}
{"Distance":[0.9434927276295754]}
{"Time":[1615324078.528482]}
{"IMU":[0.011211819648742676, 0.005000141859054566, 0.76]}
{"Kalman":[0.08727421930534532, 0.024454959195975363, 0.7622771964746496]}
{"CMD":[-0.6682756996561222, 20.0, 0, 3.585603007014297]}
{"Distance":[0.9434927276295754]}
{"Time":[1615324078.5729768]}
{"IMU":[0.011211819648742676, 0.005000141859054566, 0.76]}
{"Kalman":[0.08727421930534532, 0.024454959195975363, 0.7622771964746496]}
{"CMD":[-0.6682756996561222, 20.0, 0, 3.585603007014297]}
{"Distance":[0.9434927276295754]}
{"Time":[1615324078.6185305]}
{"IMU":[0.011211819648742676, 0.005000141859054566, 0.76]}
{"Kalman":[0.08727421930534532, 0.024454959195975363, 0.7622771964746496]}
{"CMD":[-0.6682756996561222, 20.0, 0, 3.585603007014297]}
{"Distance":[0.9434927276295754]}
{"Time":[1615324078.6653004]}
{"IMU":[0.011211819648742676, 0.005000141859054566, 0.76]}
{"Kalman":[0.08727421930534532, 0.024454959195975363, 0.7622771964746496]}
{"CMD":[-0.6682756996561222, 20.0, 0, 3.585603007014297]}
{"Distance":[0.9434927276295754]}
{"Time":[1615324078.708635]}
{"IMU":[0.011211819648742676, 0.005000141859054566, 0.76]}
{"Kalman":[0.08727421930534532, 0.024454959195975363, 0.7622771964746496]}
{"CMD":[-0.6682756996561222, 20.0, 0, 3.585603007014297]}
{"Distance":[0.9434927276295754]}
{"Time":[1615324078.7569783]}
{"IMU":[0.03527019262313843, 0.005000141859054566, 0.76]}
{"Kalman":[0.08727421930534532, 0.024454959195975363, 0.7622771964746496]}
{"CMD":[-0.6682756996561222, 20.0, 0, 3.585603007014297]}
{"Distance":[0.9434927276295754]}
{"Time":[1615324078.7964318]}
{"IMU":[0.03527019262313843, -0.0006067298352718353, 0.76]}
{"Kalman":[0.214221719496181, 0.0025776853945343615, 0.7557134495445358]}
{"CMD":[-0.07043988488066309, 20.0, 0, 3.684604829224371]}
{"Distance":[0.8228791340816474]}
{"Time":[1615324078.8425136]}
{"IMU":[0.03527019262313843, -0.0006067298352718353, 0.76]}
{"Kalman":[0.28807297303746815, -0.014094094038956013, 0.7553317897836004]}
{"CMD":[0.21630583158583874, 20.0, 0, 3.690288223319355]}
{"Distance":[0.752928461606403]}
{"Time":[1615324078.8928294]}
{"IMU":[0.03527019262313843, -0.0006067298352718353, 0.76]}
{"Kalman":[0.2944137487107622, -0.015525979700099984, 0.7553317412691419]}
{"CMD":[0.4242752917223686, 19.281412083715786, 0, 3.6903621832508158]}
{"Distance":[0.7469642366836832]}
{"Time":[1615324078.9418848]}
{"IMU":[0.03527019262313843, -0.0006067298352718353, 0.76]}
{"Kalman":[0.2944137487107622, -0.015525979700099984, 0.7553317412691419]}
{"CMD":[0.4242752917223686, 19.281412083715786, 0, 3.6903621832508158]}
{"Distance":[0.7469642366836832]}
{"Time":[1615324078.9865344]}
{"IMU":[0.03527019262313843, -0.0006067298352718353, 0.76]}
{"Kalman":[0.2944137487107622, -0.015525979700099984, 0.7553317412691419]}
{"CMD":[0.4242752917223686, 19.281412083715786, 0, 3.6903621832508158]}
{"Distance":[0.7469642366836832]}
{"Time":[1615324079.0360703]}
{"IMU":[0.03527019262313843, -0.0006067298352718353, 0.76]}
{"Kalman":[0.2944137487107622, -0.015525979700099984, 0.7553317412691419]}
{"CMD":[0.4242752917223686, 19.281412083715786, 0, 3.6903621832508158]}
{"Distance":[0.7469642366836832]}
{"Time":[1615324079.0864706]}
{"IMU":[0.03527019262313843, -0.0006067298352718353, 0.76]}
{"Kalman":[0.2944137487107622, -0.015525979700099984, 0.7553317412691419]}
{"CMD":[0.4242752917223686, 19.281412083715786, 0, 3.6903621832508158]}
{"Distance":[0.7469642366836832]}
{"Time":[1615324079.137332]}
{"IMU":[0.03527019262313843, -0.0006067298352718353, 0.76]}
{"Kalman":[0.2944137487107622, -0.015525979700099984, 0.7553317412691419]}
{"CMD":[0.4242752917223686, 19.281412083715786, 0, 3.6903621832508158]}
{"Distance":[0.7469642366836832]}
{"Time":[1615324079.1827872]}
{"IMU":[0.03527019262313843, -0.0006067298352718353, 0.76]}
{"Kalman":[0.2944137487107622, -0.015525979700099984, 0.7553317412691419]}
{"CMD":[0.4242752917223686, 19.281412083715786, 0, 3.6903621832508158]}
{"Distance":[0.7469642366836832]}
{"Time":[1615324079.2318282]}
{"IMU":[0.10361662864685059, -0.01695849895477295, 0.78]}
{"Kalman":[0.35374060583351985, -0.028155762014323106, 0.7750740346970202]}
{"CMD":[0.7694067861118993, 17.660199116873688, 0, 3.3925866832541987]}
{"Distance":[0.6848617680601761]}
{"Time":[1615324079.2936873]}
{"IMU":[0.10361662864685059, -0.01695849895477295, 0.78]}
{"Kalman":[0.5640098913084277, -0.05997533446841232, 0.7751409638591125]}
{"CMD":[1.38015507275467, 13.39349085482731, 0, 3.3915691376813935]}
{"Distance":[0.494212506676729]}
{"Time":[1615324079.4041328]}
{"IMU":[0.10361662864685059, -0.01695849895477295, 0.78]}
{"Kalman":[0.5843898956337834, -0.06354053158592571, 0.7751409637705584]}
{"CMD":[1.7363591924984545, 11.357292852289705, 0, 3.3915771836026023]}
{"Distance":[0.4767921393852386]}
{"Time":[1615324079.4498339]}
{"IMU":[0.10361662864685059, -0.01695849895477295, 0.78]}
{"Kalman":[0.5898437535438488, -0.06449460821601607, 0.775140963770555]}
{"CMD":[1.7482314510743429, 11.289426590696408, 0, 3.391577183602652]}
{"Distance":[0.47217505987713004]}
{"Time":[1615324079.491114]}
{"IMU":[0.10361662864685059, -0.01695849895477295, 0.78]}
{"Kalman":[0.5898437535438488, -0.06449460821601607, 0.775140963770555]}
{"CMD":[1.7624310506598098, 11.208256385638236, 0, 3.391577183602654]}
{"Distance":[0.47217505987713004]}
{"Time":[1615324079.522389]}
{"IMU":[0.10361662864685059, -0.01695849895477295, 0.78]}
{"Kalman":[0.5898437535438488, -0.06449460821601607, 0.775140963770555]}
{"CMD":[1.7624310506598098, 11.208256385638236, 0, 3.391577183602654]}
{"Distance":[0.47217505987713004]}
{"Time":[1615324079.5545647]}
{"IMU":[0.10361662864685059, -0.01695849895477295, 0.78]}
{"Kalman":[0.5898437535438488, -0.06449460821601607, 0.775140963770555]}
{"CMD":[1.7624310506598098, 11.208256385638236, 0, 3.391577183602654]}
{"Distance":[0.47217505987713004]}
{"Time":[1615324079.5930219]}
{"IMU":[0.10361662864685059, -0.01695849895477295, 0.78]}
{"Kalman":[0.5898437535438488, -0.06449460821601607, 0.775140963770555]}
{"CMD":[1.7624310506598098, 11.208256385638236, 0, 3.391577183602654]}
{"Distance":[0.47217505987713004]}
{"Time":[1615324079.625618]}
{"IMU":[0.10361662864685059, -0.01695849895477295, 0.78]}
{"Kalman":[0.5898437535438488, -0.06449460821601607, 0.775140963770555]}
{"CMD":[1.7624310506598098, 11.208256385638236, 0, 3.391577183602654]}
{"Distance":[0.47217505987713004]}
{"Time":[1615324079.6580973]}
{"IMU":[0.10361662864685059, -0.01695849895477295, 0.78]}
{"Kalman":[0.5898437535438488, -0.06449460821601607, 0.775140963770555]}
{"CMD":[1.7624310506598098, 11.208256385638236, 0, 3.391577183602654]}
{"Distance":[0.47217505987713004]}
{"Time":[1615324079.6882093]}
{"IMU":[0.10361662864685059, -0.01695849895477295, 0.78]}
{"Kalman":[0.5898437535438488, -0.06449460821601607, 0.775140963770555]}
{"CMD":[1.7624310506598098, 11.208256385638236, 0, 3.391577183602654]}
{"Distance":[0.47217505987713004]}
{"Time":[1615324079.7530313]}
{"IMU":[0.22497854232788086, -0.05015087604522705, 0.8]}
