{"IMU":[2.3338959955545846, 2.114578850890976, 0.59]}
{"Kalman":[2.414222376360258, 2.223123852760443, 0.5815012216887804]}
{"UWB":[2.44604611, 2.28731486, 1.24655065]}
{"Distance":[1.4894544530553684]}
{"Time":[1615563322.2932458]}
{"IMU":[2.3584005629393046, 2.1146287574875178, 0.62]}
{"Kalman":[2.455585664071376, 2.258487074350003, 0.6128333273603916]}
{"UWB":[2.48561156, 2.33033556, 1.357997]}
{"Distance":[1.4450532474237132]}
{"Time":[1615563322.8897018]}
{"IMU":[2.3979847823950236, 2.111473941754085, 0.65]}
{"Kalman":[2.4488503425777277, 2.2380198284117565, 0.6425021735463051]}
{"UWB":[2.55041142, 2.84442286, 2.71961922]}
{"Distance":[1.4574323271877487]}
{"Time":[1615563323.5203524]}
{"IMU":[2.453249188599247, 2.10853220666526, 0.68]}
{"Kalman":[2.468728288235203, 2.2706801773663634, 0.6746214338414449]}
{"UWB":[2.65553466, 3.05050184, 2.73109605]}
{"Distance":[1.4175232994142228]}
{"Time":[1615563324.0376296]}
{"IMU":[2.525805693802494, 2.106049847851974, 0.71]}
{"Kalman":[2.6327869230459107, 2.7742976636139076, 0.7037780557607906]}
{"UWB":[2.42112646, 2.55279488, 1.33912399]}
{"Distance":[0.9339348955537098]}
{"Time":[1615563324.5498488]}
{"IMU":[2.632856532272953, 2.1052367606270135, 0.74]}
{"Kalman":[2.5706732741227274, 2.516390608768699, 0.7333831704017555]}
{"UWB":[2.43246616, 2.77067343, 1.32385032]}
{"Distance":[1.1666831178122217]}
{"Time":[1615563325.0995133]}
{"IMU":[2.860306826767582, 2.1004717358457867, 0.78]}
{"Kalman":[2.631000210040123, 2.623538657541659, 0.7738309466466399]}
{"UWB":[2.42988402, 2.88426154, 1.06687025]}
{"Distance":[1.059214984451547]}
{"Time":[1615563325.7099469]}
{"IMU":[2.9702328216406286, 2.099317763696891, 0.81]}
{"Kalman":[2.6368295759185147, 2.7387119625901555, 0.8058043949062816]}
{"UWB":[2.42343309, 3.05644197, 1.36799421]}
{"Distance":[0.9417431459851683]}
{"Time":[1615563326.350937]}
{"IMU":[3.039462634262699, 2.1021813401090923, 0.82]}
{"Kalman":[2.8123614381611306, 3.2362649867748896, 0.8183767773243725]}
{"UWB":[2.65725948, 3.80076847, 3.1380251]}
{"Distance":[0.5493025798533561]}
{"Time":[1615563327.0003939]}
{"IMU":[3.142982608017582, 2.1148076942074123, 0.84]}
{"Kalman":[2.8534721613361747, 3.259077476817164, 0.8401516672122772]}
{"UWB":[2.69803475, 3.88068955, 2.94074925]}
{"Distance":[0.5507399363277701]}
{"Time":[1615563327.689232]}
{"IMU":[3.142982608017582, 2.1148076942074123, 0.86]}
{"Kalman":[2.727652655990025, 2.9614145650564145, 0.8582594523618607]}
{"UWB":[2.48517672, 3.38143871, 1.01335956]}
{"Distance":[0.7389627973318541]}
{"Time":[1615563328.3710048]}
{"IMU":[3.177820254501957, 2.1197646739589993, 0.88]}
{"Kalman":[2.8712391371422665, 3.2770280305982946, 0.8821989028741407]}
{"UWB":[2.70793569, 3.84960339, 2.72136651]}
{"Distance":[0.5392621675860243]}
{"Time":[1615563329.0609684]}
{"IMU":[3.1966965209814493, 2.1271089276182473, 0.89]}
{"Kalman":[2.8881290529822943, 3.2343747410007464, 0.8906842658271906]}
{"UWB":[2.72845631, 3.78604479, 2.41698365]}
{"Distance":[0.5790841453751514]}
{"Time":[1615563329.705651]}
{"IMU":[3.2066867553564493, 2.1325285860407175, 0.9]}
{"Kalman":[2.8923792109778326, 3.284212278075089, 0.9029161903609707]}
{"UWB":[2.73079754, 3.85383186, 2.65744724]}
{"Distance":[0.5451489418614236]}
{"Time":[1615563330.3337357]}
{"IMU":[3.21427365416016, 2.138975902448875, 0.9]}
{"Kalman":[2.8465963438954094, 2.937356421101208, 0.9011190734151607]}
{"UWB":[2.65962061, 3.33484538, 0.91995417]}
{"Distance":[0.7986033644993114]}
{"Time":[1615563330.9949217]}
{"IMU":[3.2156878387304726, 2.146318980108482, 0.91]}
{"Kalman":[4.5762964431165045, 4.463969413588745, 0.9071196450126064]}
{"UWB":[5.25795118, 5.61761765, -5.39132743]}
{"Distance":[2.2320797222095]}
{"Time":[1615563331.6032965]}
{"IMU":[3.2181933318945353, 2.152812286268455, 0.92]}
{"Kalman":[2.96346435693634, 3.2764193768408134, 0.9238476695655208]}
{"UWB":[2.83899231, 3.83347566, 2.72787722]}
{"Distance":[0.6001340430112455]}
{"Time":[1615563332.2703633]}
{"IMU":[3.217999163803715, 2.159453767191154, 0.92]}
{"Kalman":[2.943079400092502, 3.2929578957676955, 0.9239788296134707]}
{"UWB":[2.79507375, 3.85069648, 2.78873749]}
{"Distance":[0.5740885274310058]}
{"Time":[1615563332.9337242]}
{"IMU":[3.2196843444677774, 2.164311216722709, 0.93]}
{"Kalman":[2.96665014529371, 3.287367389883903, 0.9343087987588944]}
{"UWB":[2.83332473, 3.84681043, 3.15577397]}
{"Distance":[0.594626018555153]}
{"Time":[1615563333.6601355]}
{"IMU":[3.2267571746679726, 2.169583285700065, 0.93]}
{"Kalman":[3.0001528633898484, 3.271778196819731, 0.9343185304313572]}
{"UWB":[2.88989314, 3.81891247, 3.02941931]}
{"Distance":[0.6304908203952655]}
{"Time":[1615563334.372002]}
{"IMU":[3.203482180771488, 2.1608597358572306, 0.94]}
{"Kalman":[2.9102431141429674, 3.105777738518271, 0.9446300684657657]}
{"UWB":[2.72271027, 3.48100349, 1.7759264]}
{"Distance":[0.6837712423845512]}
{"Time":[1615563335.0562944]}
{"IMU":[3.1878633605810585, 2.154977434526664, 0.93]}
{"Kalman":[2.9864502453004222, 3.277611549941743, 0.935714406619263]}
{"UWB":[2.89788382, 3.84440431, 2.98922596]}
{"Distance":[0.6159867177187713]}
{"Time":[1615563335.7615676]}
{"IMU":[3.1784009277197303, 2.1514239653456033, 0.93]}
{"Kalman":[2.8748224396107447, 2.9619631658167256, 0.9340542141975443]}
{"UWB":[2.73594758, 3.38330807, 1.34170331]}
{"Distance":[0.7862794624647119]}
{"Time":[1615563336.4539123]}
{"IMU":[3.1784009277197303, 2.1514239653456033, 0.93]}
{"Kalman":[2.8872220952538563, 2.966686290839649, 0.9334528964259641]}
{"UWB":[2.76291493, 3.38488848, 1.07715698]}
{"Distance":[0.7882176686508344]}
{"Time":[1615563337.1779637]}
{"IMU":[3.174420596298832, 2.149881389986259, 0.94]}
{"Kalman":[2.9962460482266473, 3.2786777890468226, 0.9464611807886278]}
{"UWB":[2.91153834, 3.8408443, 2.79207981]}
{"Distance":[0.6220986496451089]}
{"Time":[1615563337.8762934]}
{"IMU":[3.1746133148046916, 2.1469445308553996, 0.94]}
{"Kalman":[2.9417821863274733, 3.28711702463574, 0.9468259796771137]}
{"UWB":[2.82971831, 3.85742139, 2.59274262]}
{"Distance":[0.5741803117512818]}
{"Time":[1615563338.5511184]}
{"IMU":[3.176471835312504, 2.147247079263908, 0.93]}
{"Kalman":[2.9179265064285067, 3.08546639647992, 0.9355362912171002]}
{"UWB":[2.78305569, 3.55715285, 0.96445983]}
{"Distance":[0.7053483706856848]}
{"Time":[1615563339.2744863]}
{"IMU":[3.185061160263676, 2.1460956772672954, 0.93]}
{"Kalman":[3.1027532875399837, 3.4184388931646437, 0.9372898010359789]}
{"UWB":[3.06394067, 4.07764784, 3.05875336]}
{"Distance":[0.6487408117986572]}
{"Time":[1615563340.0659363]}
{"IMU":[3.185061160263676, 2.1460956772672954, 0.95]}
{"Kalman":[3.0537423571190248, 3.346669422945752, 0.9576607011414152]}
{"UWB":[2.96416128, 3.86989885, 3.01132309]}
{"Distance":[0.6327974820364198]}
{"Time":[1615563340.754721]}
{"IMU":[3.2032190429541054, 2.1466455229627908, 0.94]}
{"Kalman":[2.938458773908123, 3.1916801967211863, 0.9452831705379277]}
{"UWB":[2.79461831, 3.71383181, 1.46123502]}
{"Distance":[0.6366294604563368]}
{"Time":[1615563341.555442]}
{"IMU":[3.21385617369141, 2.14903975571273, 0.94]}
{"Kalman":[2.989583843850512, 3.2074379306763174, 0.9451966569699372]}
{"UWB":[2.86529641, 3.68665724, 1.30941282]}
{"Distance":[0.6622363111237355]}
{"Time":[1615563342.2595923]}
{"IMU":[3.21385617369141, 2.14903975571273, 0.94]}
{"Kalman":[3.0963876168873763, 3.50456847016865, 0.9478422762568087]}
{"UWB":[3.04598325, 4.21156584, 3.11618684]}
{"Distance":[0.6160754398543751]}
{"Time":[1615563343.0622494]}
{"IMU":[3.220717288193363, 2.152784291158897, 0.94]}
{"Kalman":[3.118230555578578, 3.4622418237549732, 0.9477126646968185]}
{"UWB":[3.06226518, 4.17804262, 2.86872901]}
{"Distance":[0.6482253605274657]}
{"Time":[1615563343.9006007]}
{"IMU":[3.2409101592871132, 2.154778965364677, 0.94]}
{"Kalman":[3.0949712577221016, 3.506064484939474, 0.9477494800313193]}
{"UWB":[2.99783121, 4.16332285, 2.89504412]}
{"Distance":[0.6143601117000971]}
{"Time":[1615563344.7457757]}
{"IMU":[3.2409101592871132, 2.154778965364677, 0.94]}
