{"IMU":[2.0469077628672334, 1.782498023300256, 0.62]}
{"Kalman":[1.9975646485288128, 1.915057644266651, 0.6311463498058191]}
{"UWB":[2.00399512, 2.02629594, 1.09304168]}
{"Distance":[1.1504981233173854]}
{"Time":[1615562234.7088408]}
{"IMU":[2.0469077628672334, 1.782498023300256, 0.62]}
{"Kalman":[2.019957652435437, 1.8559921383072178, 0.6200463038917317]}
{"UWB":[2.00331908, 1.89354026, 0.73902886]}
{"Distance":[1.2081082634453224]}
{"Time":[1615562234.8311245]}
{"IMU":[2.0469077628672334, 1.782498023300256, 0.62]}
{"Kalman":[2.033364564881159, 1.8643499920055706, 0.6200573217102042]}
{"UWB":[2.03264995, 1.91779861, 0.80887309]}
{"Distance":[1.199373861920147]}
{"Time":[1615562234.9127448]}
{"IMU":[2.0469077628672334, 1.782498023300256, 0.62]}
{"Kalman":[2.033364564881159, 1.8643499920055706, 0.6200573217102042]}
{"UWB":[2.03264995, 1.91779861, 0.80887309]}
{"Distance":[1.199373861920147]}
{"Time":[1615562234.9317896]}
{"IMU":[2.0469077628672334, 1.782498023300256, 0.62]}
{"Kalman":[2.033364564881159, 1.8643499920055706, 0.6200573217102042]}
{"UWB":[2.03264995, 1.91779861, 0.80887309]}
{"Distance":[1.199373861920147]}
{"Time":[1615562234.9467227]}
{"IMU":[2.0469077628672334, 1.782498023300256, 0.62]}
{"Kalman":[2.033364564881159, 1.8643499920055706, 0.6200573217102042]}
{"UWB":[2.03264995, 1.91779861, 0.80887309]}
{"Distance":[1.199373861920147]}
{"Time":[1615562235.016]}
{"IMU":[2.0485605820834847, 1.7681122816491979, 0.63]}
{"Kalman":[2.019257157869605, 1.870723946770035, 0.6300590106558052]}
{"UWB":[2.00000699, 1.92722815, 0.83469593]}
{"Distance":[1.191066810280138]}
{"Time":[1615562235.1334748]}
{"IMU":[2.0485605820834847, 1.7681122816491979, 0.63]}
{"Kalman":[2.0163375523280274, 1.8938140990374015, 0.6252703616944992]}
{"UWB":[1.99602687, 1.9671224, 1.04334648]}
{"Distance":[1.1709265367491988]}
{"Time":[1615562235.2615633]}
{"IMU":[2.0485605820834847, 1.7681122816491979, 0.63]}
{"Kalman":[2.016075360005636, 1.8964233478497141, 0.6252666678806841]}
{"UWB":[1.99602687, 1.9671224, 1.04334648]}
{"Distance":[1.1684818537618213]}
{"Time":[1615562235.3652985]}
{"IMU":[2.0485605820834847, 1.7681122816491979, 0.63]}
{"Kalman":[2.016075360005636, 1.8964233478497141, 0.6252666678806841]}
{"UWB":[2.03529834, 1.94051868, 1.0679982]}
{"Distance":[1.1684818537618213]}
{"Time":[1615562235.3897405]}
{"IMU":[2.0485605820834847, 1.7681122816491979, 0.63]}
{"Kalman":[2.016075360005636, 1.8964233478497141, 0.6252666678806841]}
{"UWB":[2.03529834, 1.94051868, 1.0679982]}
{"Distance":[1.1684818537618213]}
{"Time":[1615562235.4106736]}
{"IMU":[2.0485605820834847, 1.7681122816491979, 0.63]}
{"Kalman":[2.016075360005636, 1.8964233478497141, 0.6252666678806841]}
{"UWB":[2.03529834, 1.94051868, 1.0679982]}
{"Distance":[1.1684818537618213]}
{"Time":[1615562235.4279027]}
{"IMU":[2.0485605820834847, 1.7681122816491979, 0.63]}
{"Kalman":[2.016075360005636, 1.8964233478497141, 0.6252666678806841]}
{"UWB":[2.03529834, 1.94051868, 1.0679982]}
{"Distance":[1.1684818537618213]}
{"Time":[1615562235.4495068]}
{"IMU":[2.0485605820834847, 1.7681122816491979, 0.63]}
{"Kalman":[2.016075360005636, 1.8964233478497141, 0.6252666678806841]}
{"UWB":[2.03529834, 1.94051868, 1.0679982]}
{"Distance":[1.1684818537618213]}
{"Time":[1615562235.4723015]}
{"IMU":[2.0485605820834847, 1.7681122816491979, 0.63]}
{"Kalman":[2.016075360005636, 1.8964233478497141, 0.6252666678806841]}
{"UWB":[2.03529834, 1.94051868, 1.0679982]}
{"Distance":[1.1684818537618213]}
{"Time":[1615562235.487113]}
{"IMU":[2.0485605820834847, 1.7681122816491979, 0.63]}
{"Kalman":[2.016075360005636, 1.8964233478497141, 0.6252666678806841]}
{"UWB":[2.03529834, 1.94051868, 1.0679982]}
{"Distance":[1.1684818537618213]}
{"Time":[1615562235.5006044]}
{"IMU":[2.0485605820834847, 1.7681122816491979, 0.63]}
{"Kalman":[2.016075360005636, 1.8964233478497141, 0.6252666678806841]}
{"UWB":[1.99126265, 1.75644507, 0.68289554]}
{"Distance":[1.1684818537618213]}
{"Time":[1615562235.5149262]}
{"IMU":[2.047299839463851, 1.774881280450906, 0.63]}
{"Kalman":[2.0128325161896683, 1.7713626994002745, 0.6249263406467851]}
{"UWB":[1.99126265, 1.75644507, 0.68289554]}
{"Distance":[1.287566711514171]}
{"Time":[1615562235.5828068]}
{"IMU":[2.047299839463851, 1.774881280450906, 0.65]}
{"Kalman":[2.0124816033642468, 1.7583634759347926, 0.6448264516840688]}
{"UWB":[1.99126265, 1.75644507, 0.68289554]}
{"Distance":[1.2943990795213633]}
{"Time":[1615562235.6816168]}
{"IMU":[2.047299839463851, 1.774881280450906, 0.65]}
{"Kalman":[2.022892838339123, 1.8483589667289442, 0.6436566330772544]}
{"UWB":[2.01275145, 1.87285101, 1.00229866]}
{"Distance":[1.2079748255004572]}
{"Time":[1615562235.8025212]}
{"IMU":[2.047299839463851, 1.774881280450906, 0.65]}
{"Kalman":[2.0381748007001614, 1.874502289452978, 0.6437143440389429]}
{"UWB":[2.03589037, 1.91147943, 1.15022474]}
{"Distance":[1.182161968749906]}
{"Time":[1615562235.9277215]}
{"IMU":[2.047299839463851, 1.774881280450906, 0.65]}
{"Kalman":[1.9962370754895942, 1.8346690782215407, 0.6433431022485696]}
{"UWB":[1.97074531, 1.8494339, 0.773383]}
{"Distance":[1.2230973160258591]}
{"Time":[1615562236.0766208]}
{"IMU":[2.0362362193882677, 1.8049742279339689, 0.65]}
{"Kalman":[1.9915829067268267, 1.8402855272664174, 0.6433382753136626]}
{"UWB":[1.97074531, 1.8494339, 0.773383]}
{"Distance":[1.2181541405904952]}
{"Time":[1615562236.192541]}
{"IMU":[2.0362362193882677, 1.8049742279339689, 0.67]}
{"Kalman":[1.9845129157914247, 1.937470252774893, 0.6635229238028664]}
{"UWB":[1.96509247, 1.97884743, 0.99250433]}
{"Distance":[1.1205014739675356]}
{"Time":[1615562236.3133302]}
{"IMU":[2.0362362193882677, 1.8049742279339689, 0.67]}
{"Kalman":[2.0266122727324634, 1.9892687692391218, 0.6639917848144581]}
{"UWB":[2.03567989, 2.05866209, 0.98186927]}
{"Distance":[1.067644556966909]}
{"Time":[1615562236.3899617]}
{"IMU":[2.0362362193882677, 1.8049742279339689, 0.67]}
{"Kalman":[1.9993100481336277, 1.9778309980210633, 0.6639951491076361]}
{"UWB":[1.98626285, 2.03265821, 0.97954557]}
{"Distance":[1.0806790433966358]}
{"Time":[1615562236.5375292]}
{"IMU":[2.0362362193882677, 1.8049742279339689, 0.67]}
{"Kalman":[1.9819138416220479, 1.9255827915265074, 0.663551242708875]}
{"UWB":[1.95900451, 1.94660846, 0.50941874]}
{"Distance":[1.1320399484767214]}
{"Time":[1615562236.640374]}
{"IMU":[2.0148252963841173, 1.8646351871777431, 0.7]}
{"Kalman":[2.0222232011902106, 1.990637963921636, 0.6936531979462901]}
{"UWB":[2.04246566, 2.03126146, 0.77209011]}
{"Distance":[1.0576905565607997]}
{"Time":[1615562236.8930657]}
{"IMU":[2.0148252963841173, 1.8646351871777431, 0.7]}
{"Kalman":[1.9943552689269672, 2.1138184538481273, 0.6931386318485974]}
{"UWB":[1.99263172, 2.18855393, 0.87439868]}
{"Distance":[0.9437385449410063]}
{"Time":[1615562237.0612552]}
{"IMU":[2.0148252963841173, 1.8646351871777431, 0.7]}
{"Kalman":[2.0674641957146456, 2.1521741772953566, 0.693326142336027]}
{"UWB":[2.10309064, 2.24464834, 1.06402851]}
{"Distance":[0.9021729652233007]}
{"Time":[1615562237.198119]}
{"IMU":[2.0148252963841173, 1.8646351871777431, 0.7]}
{"Kalman":[2.124718332328218, 2.1747668843406927, 0.6934329661216307]}
{"UWB":[2.18889849, 2.2784648, 1.17090199]}
{"Distance":[0.880683846448223]}
{"Time":[1615562237.343818]}
{"IMU":[1.9859250902950976, 1.9662112675000087, 0.72]}
{"Kalman":[2.1127793416893432, 2.1571591764195266, 0.7130688559891527]}
{"UWB":[2.18512374, 2.20142054, 1.08350353]}
{"Distance":[0.8904344146938601]}
{"Time":[1615562237.5261867]}
{"IMU":[1.9859250902950976, 1.9662112675000087, 0.72]}
{"Kalman":[2.134660529111686, 2.247713707760738, 0.7122927709611091]}
{"UWB":[2.22087256, 2.30442786, 1.14856872]}
{"Distance":[0.806170867379016]}
{"Time":[1615562237.6575558]}
{"IMU":[1.9859250902950976, 1.9662112675000087, 0.72]}
{"Kalman":[2.1404127277278278, 2.3472267441206114, 0.7124367111602113]}
{"UWB":[2.22924411, 2.45382189, 1.30705706]}
{"Distance":[0.71444996832678]}
{"Time":[1615562237.7848942]}
{"IMU":[1.9449793553173753, 2.1225023899365323, 0.74]}
