{"IMU":[2.4025241546857763, 1.8210609845502421, 0.6]}
{"Kalman":[2.593275539601359, 1.6814909214366311, 0.5948409988203129]}
{"UWB":[2.6782333, 1.60879277, 0.60097835]}
{"Distance":[2.011934923130281]}
{"Time":[1615563179.098915]}
{"IMU":[2.385025271080773, 1.849481076417689, 0.62]}
{"Kalman":[2.646884938704334, 1.7885266209102908, 0.6104348618729988]}
{"UWB":[2.75644788, 1.74941195, 0.82064405]}
{"Distance":[1.9074641079511157]}
{"Time":[1615563179.6315668]}
{"IMU":[2.3667084824073723, 1.895240308461909, 0.65]}
{"Kalman":[2.684090348489355, 1.8406205041291073, 0.6438013934738298]}
{"UWB":[2.82032398, 1.75736689, 0.7510463]}
{"Distance":[1.8532730138261126]}
{"Time":[1615563180.1941643]}
{"IMU":[2.3505604135024956, 1.9653905789239452, 0.68]}
{"Kalman":[2.7026829805032597, 1.9285814583528977, 0.6699110688758535]}
{"UWB":[2.81910878, 1.89413113, 0.9095622]}
{"Distance":[1.7644605092103371]}
{"Time":[1615563180.717191]}
{"IMU":[2.333602615498345, 2.059225675283198, 0.72]}
{"Kalman":[2.6984001225552654, 2.110011820009138, 0.7118334408299463]}
{"UWB":[2.80454785, 2.12692505, 1.0715077]}
{"Distance":[1.579229612490033]}
{"Time":[1615563181.2295012]}
{"IMU":[2.313881817959588, 2.197142354665522, 0.75]}
{"Kalman":[2.7529230966686415, 2.4185792429285193, 0.743392486190866]}
{"UWB":[2.85824698, 2.52551102, 1.41087254]}
{"Distance":[1.2830489429161533]}
{"Time":[1615563181.7603192]}
{"IMU":[2.2933075343597342, 2.3769453255517528, 0.78]}
{"Kalman":[2.8347873393968017, 2.923511676998595, 0.7778728542799197]}
{"UWB":[2.96755225, 3.20019174, 2.60167573]}
{"Distance":[0.8301857111174179]}
{"Time":[1615563182.3304937]}
{"IMU":[2.281701718472283, 2.5305920235498, 0.81]}
{"Kalman":[2.693337147413353, 2.737830812934737, 0.8053735256696087]}
{"UWB":[2.80020802, 2.8513659, 1.33993411]}
{"Distance":[0.952528919724495]}
{"Time":[1615563182.8425758]}
{"IMU":[2.2565765296447684, 2.6712120644433544, 0.83]}
{"Kalman":[2.708207599509456, 3.0398292792531545, 0.8262031085017696]}
{"UWB":[2.81507112, 3.20400017, 1.4520625]}
{"Distance":[0.667730538798895]}
{"Time":[1615563183.3780744]}
{"IMU":[2.19791150202636, 2.9351807991845655, 0.86]}
{"Kalman":[2.883155739690659, 3.4174803255288384, 0.8555505589182976]}
{"UWB":[3.13545034, 3.6568337, 2.43759004]}
{"Distance":[0.47089209050788594]}
{"Time":[1615563183.9844668]}
{"IMU":[2.168099471234124, 3.0344395272119087, 0.88]}
{"Kalman":[2.8036151802245346, 3.5350840834714417, 0.881113743799339]}
{"UWB":[3.06660278, 3.84486115, 2.60293469]}
{"Distance":[0.3457192321057427]}
{"Time":[1615563184.6463306]}
{"IMU":[2.1456252013671806, 3.0829858223779247, 0.89]}
{"Kalman":[2.7325227116409705, 3.334764004310252, 0.8938786428120579]}
{"UWB":[2.9859718, 3.40115526, 1.98432557]}
{"Distance":[0.40583529523537926]}
{"Time":[1615563185.2977839]}
{"IMU":[2.1210790549743583, 3.0955533425195263, 0.88]}
{"Kalman":[2.7520192494080673, 3.382126492742543, 0.8835488571144832]}
{"UWB":[3.06051502, 3.50983545, 1.50876488]}
{"Distance":[0.3857859337015276]}
{"Time":[1615563185.9881053]}
{"IMU":[2.1005132209289483, 3.096877042470698, 0.89]}
{"Kalman":[2.86027860462608, 3.4356750272801513, 0.8909073578939807]}
{"UWB":[3.23916789, 3.59843171, 1.46625344]}
{"Distance":[0.43317094944646406]}
{"Time":[1615563186.6117003]}
{"IMU":[2.078965083264153, 3.095226651845698, 0.9]}
{"Kalman":[2.913320847816158, 3.2466289663400394, 0.901038339630196]}
{"UWB":[3.33099623, 3.30107267, 1.56718577]}
{"Distance":[0.5859485679294054]}
{"Time":[1615563187.3358152]}
{"IMU":[2.0551870452392507, 3.093162442861323, 0.91]}
{"Kalman":[2.572296608834778, 3.255869452372604, 0.911801252330343]}
{"UWB":[2.81130104, 3.31322514, -0.14734018]}
{"Distance":[0.4102983150252701]}
{"Time":[1615563188.0862057]}
{"IMU":[2.0383986388671804, 3.0901087777001903, 0.91]}
{"Kalman":[2.972011574076543, 3.446842736228506, 0.9103758780029807]}
{"UWB":[3.43972105, 3.61667983, 1.29578234]}
{"Distance":[0.5216323256174532]}
{"Time":[1615563188.792059]}
{"IMU":[2.0152454482543876, 3.085128919301753, 0.93]}
{"Kalman":[3.0331936195171076, 3.427318068817045, 0.9314455094892451]}
{"UWB":[3.54600287, 3.57618842, 1.24504359]}
{"Distance":[0.5818783348246552]}
{"Time":[1615563189.4624803]}
{"IMU":[1.995187693737786, 3.0825263802392526, 0.93]}
{"Kalman":[3.0211538695436664, 3.4440629364375623, 0.9322472503835076]}
{"UWB":[3.5333596, 3.61563227, 1.32046274]}
{"Distance":[0.5644482836980297]}
{"Time":[1615563190.1479137]}
{"IMU":[1.9749141799438408, 3.0804218880517524, 0.94]}
{"Kalman":[3.0981879346382937, 3.4431743695639074, 0.9428859468377153]}
{"UWB":[3.65357237, 3.60708588, 1.28549747]}
{"Distance":[0.6355058313034893]}
{"Time":[1615563190.878499]}
{"IMU":[1.9565528213012624, 3.0766483895165964, 0.95]}
{"Kalman":[3.2673031968402646, 3.7959726588971683, 0.954274263145762]}
{"UWB":[4.07781411, 4.39877013, 3.32864382]}
{"Distance":[0.7824021063607012]}
{"Time":[1615563191.5797365]}
{"IMU":[1.9383212386596609, 3.072025434194331, 0.95]}
{"Kalman":[2.9411592226088743, 3.4960260645229653, 0.9541743803395097]}
{"UWB":[3.41223597, 3.70088413, 1.27159744]}
{"Distance":[0.4694991159910956]}
{"Time":[1615563192.3584757]}
{"IMU":[1.9303104888427665, 3.070087720571284, 0.95]}
{"Kalman":[2.4813438164865005, 3.072629848458785, 0.9530299756233308]}
{"UWB":[2.77601163, 3.03563516, 1.32002616]}
{"Distance":[0.5795778880046751]}
{"Time":[1615563193.078886]}
{"IMU":[1.918242312573235, 3.0694178597314403, 0.95]}
{"Kalman":[1.9781844636810602, 2.693529099868973, 0.9535545100358622]}
{"UWB":[2.01970632, 2.53638587, 1.34966915]}
{"Distance":[1.0905435435044712]}
{"Time":[1615563193.8903155]}
{"IMU":[1.9080752288330007, 3.0648491494042918, 0.95]}
{"Kalman":[2.0168336548912857, 2.508007256638781, 0.9555621984740331]}
{"UWB":[2.07860035, 2.1833753, 1.51775612]}
{"Distance":[1.2407948505453499]}
{"Time":[1615563194.6345198]}
{"IMU":[1.9080752288330007, 3.0648491494042918, 0.95]}
{"Kalman":[2.094029684453806, 2.503425295775038, 0.9544541019907068]}
{"UWB":[2.14613816, 2.02251285, 0.87367293]}
{"Distance":[1.217177011900368]}
{"Time":[1615563195.358761]}
{"IMU":[1.9080752288330007, 3.0648491494042918, 0.95]}
{"Kalman":[2.2053683294652595, 2.2913489688024518, 0.9537747666589373]}
{"UWB":[2.3532698, 1.90297685, 0.53730254]}
{"Distance":[1.3909986405650039]}
{"Time":[1615563196.0390382]}
{"IMU":[1.9080752288330007, 3.0648491494042918, 0.95]}
{"Kalman":[2.075898858664175, 2.322479156386441, 0.9533722321357769]}
{"UWB":[2.16269455, 1.94944468, 0.14209656]}
{"Distance":[1.3943986220040538]}
{"Time":[1615563196.7423482]}
{"IMU":[1.9080752288330007, 3.0648491494042918, 0.95]}
{"Kalman":[2.189101739441944, 2.3552520589362707, 0.9536143523038461]}
{"UWB":[2.33795871, 1.99123648, 0.39709481]}
{"Distance":[1.3323594063236024]}
{"Time":[1615563197.5961552]}
{"IMU":[1.9080752288330007, 3.0648491494042918, 0.95]}
{"Kalman":[2.1919723909686653, 2.373285581988914, 0.953686980399313]}
{"UWB":[2.30506658, 2.04779865, 0.53549223]}
{"Distance":[1.314163463526315]}
{"Time":[1615563198.3905401]}
{"IMU":[1.9080752288330007, 3.0648491494042918, 0.95]}
{"Kalman":[2.174338246321004, 2.385424313498778, 0.9536397303167816]}
{"UWB":[2.30980919, 2.05510229, 0.41412139]}
{"Distance":[1.3066585320214368]}
{"Time":[1615563199.0386379]}
{"IMU":[1.9080752288330007, 3.0648491494042918, 0.95]}
{"Kalman":[2.312629473998978, 2.2749621324251446, 0.9540598341309487]}
{"UWB":[2.56160653, 1.82815759, 0.95271337]}
{"Distance":[1.3885054375546324]}
{"Time":[1615563199.6204627]}
