{"IMU":[-0.00423553854227066, -0.005151934027671814, 0.63]}
{"Kalman":[4.241120126448771, 2.534494026041457, 1.2548574882383363]}
{"UWB":[4.18572988, 2.55933009, 3.25118867]}
{"Distance":[1.7592180784132865]}
{"Time":[0.6]}
{"Title":['ModelBasedAgendUWB_LQR']}
{"IMU":[0.013968330621719361, -0.013698554039001465, 0.63]}
{"Kalman":[4.60988412516206, 2.554770838109561, 1.262159060987303]}
{"UWB":[5.10296908, 2.71075493, 2.54503172]}
{"Distance":[1.3911944472947244]}
{"Time":[1.1]}
{"Title":['ModelBasedAgendUWB_LQR']}
{"IMU":[0.0475988245010376, -0.032963533401489255, 0.63]}
{"Kalman":[4.144615889741128, 2.3026177583242773, 1.2618882869669614]}
{"UWB":[3.91672874, 2.20384326, 1.85305202]}
{"Distance":[1.865853677524055]}
{"Time":[1.7]}
{"Title":['ModelBasedAgendUWB_LQR']}
{"IMU":[0.12355830192565918, -0.07072628498077392, 0.63]}
{"Kalman":[4.51290003174114, 2.323413108579973, 1.2634309958015006]}
{"UWB":[4.46118792, 2.2937437, 3.14942682]}
{"Distance":[1.4975477440859415]}
{"Time":[2.2]}
{"Title":['ModelBasedAgendUWB_LQR']}
{"IMU":[0.23335527420043944, -0.09201200485229492, 0.62]}
{"Kalman":[4.762672361096887, 2.2800335365728626, 1.2472086883593376]}
{"UWB":[4.85614781, 2.1827989, 3.40631112]}
{"Distance":[1.256727866734161]}
{"Time":[2.8]}
{"Title":['ModelBasedAgendUWB_LQR']}
{"IMU":[0.3599237823486328, -0.09022213935852051, 0.59]}
{"Kalman":[4.914416422787844, 2.270233897734672, 1.1855251709085972]}
{"UWB":[4.91244245, 2.14514255, 2.80414069]}
{"Distance":[1.1096324458409381]}
{"Time":[3.3]}
{"Title":['ModelBasedAgendUWB_LQR']}
{"IMU":[0.74179931640625, -0.040246224403381346, 0.58]}
{"Kalman":[6.114985444185647, 2.6281204503423523, 1.1609162739349077]}
{"UWB":[6.77226672, 2.74567892, 1.50156759]}
{"Distance":[0.1721525549345631]}
{"Time":[4.0]}
{"Title":['ModelBasedAgendUWB_LQR']}
{"IMU":[1.085412826538086, 0.005171891450881958, 0.56]}
{"Kalman":[6.214763545975915, 2.6109196663590764, 1.1207632276808555]}
{"UWB":[6.67822887, 2.6795283, -0.87568971]}
{"Distance":[0.2417158519116147]}
{"Time":[5.0]}
{"Title":['ModelBasedAgendUWB_LQR']}
{"IMU":[1.1606553649902345, -0.006328586339950561, 0.54]}
{"Kalman":[6.174463212813506, 2.3741669709829702, 1.08694665078277]}
{"UWB":[6.33144756, 2.10757825, 2.50630282]}
{"Distance":[0.21510779580668676]}
{"Time":[5.9]}
{"Title":['ModelBasedAgendUWB_LQR']}
{"IMU":[1.2022119903564452, -0.06141729831695557, 0.51]}
{"Kalman":[6.001883155218351, 2.13848780132151, 1.0324038006101353]}
{"UWB":[6.36664081, 1.92718552, 2.52719164]}
{"Distance":[0.361517103422414]}
{"Time":[6.5]}
{"Title":['ModelBasedAgendUWB_LQR']}
{"IMU":[1.2014439392089844, -0.0794840669631958, 0.5]}
{"Kalman":[6.379313525313234, 2.3630662121692687, 1.0062254715776597]}
{"UWB":[7.39472935, 2.4377472, 1.50851808]}
{"Distance":[0.40327362018265567]}
{"Time":[7.2]}
{"Title":['ModelBasedAgendUWB_LQR']}
{"IMU":[1.1964788818359375, -0.08767847061157226, 0.46]}
{"Kalman":[5.9868157534905055, 2.1220377745217065, 0.9171252268467432]}
{"UWB":[6.39932945, 1.89316194, 2.59056024]}
{"Distance":[0.3781921049473766]}
{"Time":[7.7]}
{"Title":['ModelBasedAgendUWB_LQR']}
{"IMU":[1.1785559844970703, -0.08559972763061524, 0.47]}
{"Kalman":[5.950267643338228, 2.141094684086891, 0.9284599655837066]}
{"UWB":[6.34432899, 1.90882695, 2.54151973]}
{"Distance":[0.36233455961282834]}
{"Time":[8.3]}
{"Title":['ModelBasedAgendUWB_LQR']}
{"IMU":[1.167519073486328, -0.07377418041229249, 0.49]}
{"Kalman":[5.9001497004117205, 2.1620022053193906, 0.9767069917263694]}
{"UWB":[6.2357321, 1.92951975, 2.54627924]}
{"Distance":[0.35243806766129077]}
{"Time":[8.8]}
{"Title":['ModelBasedAgendUWB_LQR']}
{"IMU":[1.1671421813964844, -0.051074285507202145, 0.54]}
{"Kalman":[5.935791904729759, 2.2224467300791133, 1.0710982843965176]}
{"UWB":[6.34899147, 2.04364562, 2.66875441]}
{"Distance":[0.28488330442833776]}
{"Time":[9.4]}
{"Title":['ModelBasedAgendUWB_LQR']}
{"IMU":[1.1746859741210938, -0.017315629720687866, 0.56]}
{"Kalman":[5.951767194791842, 2.279007358337731, 1.11421868786662]}
{"UWB":[6.3062939, 2.07060733, 2.48730027]}
{"Distance":[0.22619494063112058]}
{"Time":[9.9]}
{"Title":['ModelBasedAgendUWB_LQR']}
{"IMU":[1.1907067108154297, 0.021348893642425537, 0.54]}
{"Kalman":[5.984833040902723, 2.3569730793055963, 1.0906288510244684]}
{"UWB":[6.33763534, 2.18593609, 2.54913995]}
{"Distance":[0.14382884513052907]}
{"Time":[10.5]}
{"Title":['ModelBasedAgendUWB_LQR']}
