{"IMU":[-0.003498329520225525, -0.004775813817977905, 0.75]}
{"Kalman":[-0.0029950909995043384, -0.009107421409591877, 0.7480429218757675]}
{"CMD":[0.1421105566851951, 15.65055401788472, 0, 3.1243964805563524]}
{"Distance":[1.0341974989868892]}
{"Time":[1615307360.9727201]}
{"IMU":[-0.003498329520225525, -0.004775813817977905, 0.75]}
{"Kalman":[-0.0029950909995043384, -0.009107421409591877, 0.7480429218757675]}
{"CMD":[0.1421105566851951, 15.65055401788472, 0, 3.1243964805563524]}
{"Distance":[1.0341974989868892]}
{"Time":[1615307361.0878243]}
{"IMU":[-0.003498329520225525, -0.004775813817977905, 0.75]}
{"Kalman":[-0.0029950909995043384, -0.009107421409591877, 0.7480429218757675]}
{"CMD":[0.1421105566851951, 15.65055401788472, 0, 3.1243964805563524]}
{"Distance":[1.0341974989868892]}
{"Time":[1615307361.1986806]}
{"IMU":[0.013120405673980713, -0.006670361161231994, 0.77]}
{"Kalman":[0.06339892198886474, -0.01148009621159771, 0.7541714419121417]}
{"CMD":[0.1421105566851951, 15.65055401788472, 0, 3.1243964805563524]}
{"Distance":[0.9683930255388066]}
{"Time":[1615307361.31176]}
{"IMU":[0.013120405673980713, -0.006670361161231994, 0.77]}
{"Kalman":[0.06419726338702599, -0.01149748891999914, 0.7532881463775344]}
{"CMD":[0.17913334522014376, 14.614553845936598, 0, 3.0483997013619795]}
{"Distance":[0.9678459034482864]}
{"Time":[1615307361.4252794]}
{"IMU":[0.013120405673980713, -0.006670361161231994, 0.77]}
{"Kalman":[0.06419726338702599, -0.01149748891999914, 0.7532881463775344]}
{"CMD":[0.17940473789673467, 14.602096671132099, 0, 3.0593530172210306]}
{"Distance":[0.9678459034482864]}
{"Time":[1615307361.5372598]}
{"IMU":[0.013120405673980713, -0.006670361161231994, 0.77]}
{"Kalman":[0.06419726338702599, -0.01149748891999914, 0.7532881463775344]}
{"CMD":[0.17940473789673467, 14.602096671132099, 0, 3.0593530172210306]}
{"Distance":[0.9678459034482864]}
{"Time":[1615307361.6488507]}
{"IMU":[0.013120405673980713, -0.006670361161231994, 0.77]}
{"Kalman":[0.06419726338702599, -0.01149748891999914, 0.7532881463775344]}
{"CMD":[0.17940473789673467, 14.602096671132099, 0, 3.0593530172210306]}
{"Distance":[0.9678459034482864]}
{"Time":[1615307361.7608402]}
{"IMU":[0.10158009529113769, -0.007817937135696411, 0.79]}
{"Kalman":[0.2240890464598619, -0.01530809078818442, 0.7705867012025813]}
{"CMD":[0.1961921458770131, 13.264922304657816, 0, 2.8423440976167687]}
{"Distance":[0.8092605310604609]}
{"Time":[1615307361.876336]}
{"IMU":[0.10158009529113769, -0.007817937135696411, 0.79]}
{"Kalman":[0.2240890464598619, -0.01530809078818442, 0.7705867012025813]}
{"CMD":[0.238864680336987, 12.107174202963645, 0, 2.8448421004551254]}
{"Distance":[0.8092605310604609]}
{"Time":[1615307361.9888737]}
{"IMU":[0.10158009529113769, -0.007817937135696411, 0.79]}
{"Kalman":[0.2240890464598619, -0.01530809078818442, 0.7705867012025813]}
{"CMD":[0.238864680336987, 12.107174202963645, 0, 2.8448421004551254]}
{"Distance":[0.8092605310604609]}
{"Time":[1615307362.1010246]}
{"IMU":[0.10158009529113769, -0.007817937135696411, 0.79]}
{"Kalman":[0.2240890464598619, -0.01530809078818442, 0.7705867012025813]}
{"CMD":[0.238864680336987, 12.107174202963645, 0, 2.8448421004551254]}
{"Distance":[0.8092605310604609]}
{"Time":[1615307362.2135365]}
{"IMU":[0.2545540237426758, -0.008122927546501159, 0.81]}
{"Kalman":[0.4314327064076698, -0.01869869148469882, 0.7943341601923474]}
{"CMD":[0.238864680336987, 12.107174202963645, 0, 2.8448421004551254]}
{"Distance":[0.6049106099829412]}
{"Time":[1615307362.3275144]}
{"IMU":[0.2545540237426758, -0.008122927546501159, 0.81]}
{"Kalman":[0.43234171763968854, -0.01879533349248795, 0.7946168085522496]}
{"CMD":[0.29177100044768267, 8.87182122925633, 0, 2.550361477635721]}
{"Distance":[0.6039631159455155]}
{"Time":[1615307362.4429455]}
{"IMU":[0.2545540237426758, -0.008122927546501159, 0.81]}
{"Kalman":[0.43234171763968854, -0.01879533349248795, 0.7946168085522496]}
{"CMD":[0.2932789848604413, 8.857637182377898, 0, 2.546856493582532]}
{"Distance":[0.6039631159455155]}
{"Time":[1615307362.5669098]}
{"IMU":[0.2545540237426758, -0.008122927546501159, 0.81]}
{"Kalman":[0.43234171763968854, -0.01879533349248795, 0.7946168085522496]}
{"CMD":[0.2932789848604413, 8.857637182377898, 0, 2.546856493582532]}
{"Distance":[0.6039631159455155]}
{"Time":[1615307362.6849442]}
{"IMU":[0.44891460418701173, -0.009236366748809814, 0.83]}
{"Kalman":[0.6506475561720613, -0.023391303969232308, 0.8161186539929548]}
{"CMD":[0.2932789848604413, 8.857637182377898, 0, 2.546856493582532]}
{"Distance":[0.39548278409975923]}
{"Time":[1615307362.8019369]}
{"IMU":[0.44891460418701173, -0.009236366748809814, 0.83]}
{"Kalman":[0.6526313106994008, -0.02388941858916705, 0.8168190718859756]}
{"CMD":[0.3649936770422463, 5.4512323564422065, 0, 2.280222625939086]}
{"Distance":[0.39343482694298937]}
{"Time":[1615307362.917978]}
{"IMU":[0.44891460418701173, -0.009236366748809814, 0.83]}
{"Kalman":[0.6526313106994008, -0.02388941858916705, 0.8168190718859756]}
{"CMD":[0.372766167492442, 5.420278209540637, 0, 2.27153708625842]}
{"Distance":[0.39343482694298937]}
{"Time":[1615307363.0329397]}
{"IMU":[0.44891460418701173, -0.009236366748809814, 0.83]}
{"Kalman":[0.6526313106994008, -0.02388941858916705, 0.8168190718859756]}
{"CMD":[0.372766167492442, 5.420278209540637, 0, 2.27153708625842]}
{"Distance":[0.39343482694298937]}
{"Time":[1615307363.1465259]}
{"IMU":[0.44891460418701173, -0.009236366748809814, 0.83]}
{"Kalman":[0.6526313106994008, -0.02388941858916705, 0.8168190718859756]}
{"CMD":[0.372766167492442, 5.420278209540637, 0, 2.27153708625842]}
{"Distance":[0.39343482694298937]}
{"Time":[1615307363.2615247]}
{"IMU":[0.6577796173095704, -0.014186848402023316, 0.84]}
{"Kalman":[0.8657438478316344, -0.032436606520711425, 0.828667330881828]}
{"CMD":[0.372766167492442, 5.420278209540637, 0, 2.27153708625842]}
{"Distance":[0.22007210487654227]}
{"Time":[1615307363.3765004]}
{"IMU":[0.6577796173095704, -0.014186848402023316, 0.84]}
{"Kalman":[0.8657438478316344, -0.032436606520711425, 0.828667330881828]}
{"CMD":[0.5061349422990514, 2.094908719493818, 0, 2.1246126220482555]}
{"Distance":[0.22007210487654227]}
{"Time":[1615307363.4936357]}
{"IMU":[0.6577796173095704, -0.014186848402023316, 0.84]}
{"Kalman":[0.8657438478316344, -0.032436606520711425, 0.828667330881828]}
{"CMD":[0.5061349422990514, 2.094908719493818, 0, 2.1246126220482555]}
{"Distance":[0.22007210487654227]}
{"Time":[1615307363.6085377]}
{"IMU":[0.6577796173095704, -0.014186848402023316, 0.84]}
{"Kalman":[0.8657438478316344, -0.032436606520711425, 0.828667330881828]}
{"CMD":[0.5061349422990514, 2.094908719493818, 0, 2.1246126220482555]}
{"Distance":[0.22007210487654227]}
{"Time":[1615307363.724559]}
{"IMU":[0.8673868560791016, -0.024759244918823243, 0.85]}
{"Kalman":[1.0776171662816478, -0.06013836806874664, 0.8372393601803747]}
{"CMD":[0.5061349422990514, 2.094908719493818, 0, 2.1246126220482555]}
{"Distance":[0.190084385708187]}
{"Time":[1615307363.8391578]}
