{"IMU":[0.0013585208356380462, -0.015948634147644043, 0.8]}
{"Kalman":[0.04464813252973517, -0.005614562262485743, 0.8]}
{"CMD":[5, 15.0, 0, 5]}
{"Distance":[0.976078231489834]}
{"Time":[1616761159.9816408]}
{"IMU":[-0.038296129703521725, 0.059816198348999025, 0.83]}
{"Kalman":[0.0785882041045637, 0.0878421225340486, 0.83]}
{"CMD":[5, 15.0, 0, 5]}
{"Distance":[0.9410716955187527]}
{"Time":[1616761160.5556335]}
{"IMU":[-0.10808023452758789, 0.22402835845947267, 0.87]}
{"Kalman":[0.11878136083370938, 0.26249449338719155, 0.87]}
{"CMD":[-5, 15.0, 0, 5]}
{"Distance":[0.9286278313041708]}
{"Time":[1616761161.1518462]}
{"IMU":[-0.1844037628173828, 0.4869130706787109, 0.91]}
{"Kalman":[0.1060960392278481, 0.5000451374303512, 0.91]}
{"CMD":[-5, 15.0, 0, 5]}
{"Distance":[1.0282069006536962]}
{"Time":[1616761161.755446]}
{"IMU":[-0.23995859146118165, 1.108047332763672, 0.96]}
{"Kalman":[0.07882632689660907, 1.0557723922963098, 0.96]}
{"CMD":[-9.271346725232078, 15.0, 0, 5]}
{"Distance":[1.401719044728246]}
{"Time":[1616761162.2906466]}
{"IMU":[-0.22458345413208008, 1.4863743591308594, 1.0]}
{"Kalman":[0.12523339752722895, 1.4109680075140079, 1.0]}
{"CMD":[-15.0, 15.0, 0, 5]}
{"Distance":[1.660134731589519]}
{"Time":[1616761162.8104718]}
{"IMU":[-0.14316071510314943, 1.914616241455078, 1.02]}
{"Kalman":[0.26174414289359066, 1.7524380172522696, 1.02]}
{"CMD":[-15.0, 15.0, 0, 0]}
{"Distance":[1.9016994281071298]}
{"Time":[1616761163.377419]}
{"IMU":[0.013386967182159424, 2.4050975036621094, 1.01]}
{"Kalman":[0.4148520823674484, 2.2061295810481685, 1.01]}
{"CMD":[-15.0, 13.688016362563397, 0, -5]}
{"Distance":[2.282434186101645]}
{"Time":[1616761163.9453351]}
{"IMU":[0.20166990280151367, 2.8823468017578127, 0.99]}
{"Kalman":[0.6938623457570473, 2.5997752296532086, 0.99]}
{"CMD":[-15.0, 10.849239046294224, 0, -5]}
{"Distance":[2.6177569612291687]}
{"Time":[1616761164.4566169]}
{"IMU":[0.20166990280151367, 2.8823468017578127, 0.99]}
{"Kalman":[0.6939541315623844, 2.599624679533174, 0.99]}
{"CMD":[-15.0, 5.676104266749247, 0, 5]}
{"Distance":[2.617596712258344]}
{"Time":[1616761165.0055308]}
{"IMU":[0.20166990280151367, 2.8823468017578127, 0.99]}
{"Kalman":[0.6939571910892289, 2.59961966119584, 0.99]}
{"CMD":[-15.0, 5.674402464327754, 0, 5]}
{"Distance":[2.61759137066158]}
{"Time":[1616761165.5377715]}
{"IMU":[0.20166990280151367, 2.8823468017578127, 0.99]}
{"Kalman":[0.6939571910892289, 2.59961966119584, 0.99]}
{"CMD":[-15.0, 5.674345737580372, 0, 5]}
{"Distance":[2.61759137066158]}
{"Time":[1616761166.0463152]}
{"IMU":[0.20166990280151367, 2.8823468017578127, 0.99]}
{"Kalman":[0.6939571910892289, 2.59961966119584, 0.99]}
{"CMD":[-15.0, 5.674345737580372, 0, 5]}
{"Distance":[2.61759137066158]}
{"Time":[1616761166.556974]}
{"IMU":[0.20166990280151367, 2.8823468017578127, 0.99]}
{"Kalman":[0.6939571910892289, 2.59961966119584, 0.99]}
{"CMD":[-15.0, 5.674345737580372, 0, 5]}
{"Distance":[2.61759137066158]}
{"Time":[1616761167.0769007]}
{"IMU":[0.20166990280151367, 2.8823468017578127, 0.99]}
{"Kalman":[0.6939571910892289, 2.59961966119584, 0.99]}
{"CMD":[-15.0, 5.674345737580372, 0, 5]}
{"Distance":[2.61759137066158]}
{"Time":[1616761167.595961]}
{"IMU":[0.20166990280151367, 2.8823468017578127, 0.99]}
{"Kalman":[0.6939571910892289, 2.59961966119584, 0.99]}
{"CMD":[-15.0, 5.674345737580372, 0, 5]}
{"Distance":[2.61759137066158]}
{"Time":[1616761168.1046495]}
{"IMU":[0.20166990280151367, 2.8823468017578127, 0.99]}
{"Kalman":[0.6939571910892289, 2.59961966119584, 0.99]}
{"CMD":[-15.0, 5.674345737580372, 0, 5]}
{"Distance":[2.61759137066158]}
{"Time":[1616761168.6161985]}
{"IMU":[0.20166990280151367, 2.8823468017578127, 0.99]}
{"Kalman":[0.6939602504293348, 2.5996146431648004, 0.99]}
{"CMD":[-15.0, 5.674345737580372, 0, 5]}
{"Distance":[2.617586029393137]}
{"Time":[1616761169.2022023]}
{"IMU":[0.20166990280151367, 2.8823468017578127, 0.99]}
{"Kalman":[0.6939602504293348, 2.5996146431648004, 0.99]}
{"CMD":[-15.0, 5.674289014295314, 0, 5]}
{"Distance":[2.617586029393137]}
{"Time":[1616761169.713653]}
{"IMU":[0.20166990280151367, 2.8823468017578127, 0.99]}
{"Kalman":[0.6939602504293348, 2.5996146431648004, 0.99]}
{"CMD":[-15.0, 5.674289014295314, 0, 5]}
{"Distance":[2.617586029393137]}
{"Time":[1616761170.224353]}
{"IMU":[0.20166990280151367, 2.8823468017578127, 0.99]}
{"Kalman":[0.6939602504293348, 2.5996146431648004, 0.99]}
{"CMD":[-15.0, 5.674289014295314, 0, 5]}
{"Distance":[2.617586029393137]}
{"Time":[1616761170.7352931]}
{"IMU":[0.20166990280151367, 2.8823468017578127, 0.99]}
{"Kalman":[0.6939602504293348, 2.5996146431648004, 0.99]}
{"CMD":[-15.0, 5.674289014295314, 0, 5]}
{"Distance":[2.617586029393137]}
{"Time":[1616761171.245648]}
{"IMU":[0.20166990280151367, 2.8823468017578127, 0.99]}
{"Kalman":[0.6939602504293348, 2.5996146431648004, 0.99]}
{"CMD":[-15.0, 5.674289014295314, 0, 5]}
{"Distance":[2.617586029393137]}
{"Time":[1616761171.7561371]}
{"IMU":[0.20166990280151367, 2.8823468017578127, 0.99]}
{"Kalman":[0.6939602504293348, 2.5996146431648004, 0.99]}
{"CMD":[-15.0, 5.674289014295314, 0, 5]}
{"Distance":[2.617586029393137]}
{"Time":[1616761172.267647]}
{"IMU":[0.20166990280151367, 2.8823468017578127, 0.99]}
{"Kalman":[0.6939602504293348, 2.5996146431648004, 0.99]}
{"CMD":[-15.0, 5.674289014295314, 0, 5]}
{"Distance":[2.617586029393137]}
{"Time":[1616761172.7848558]}
