{"IMU":[0.008039613962173462, 0.00426404744386673, 0.81]}
{"Kalman":[0.027728138023583156, -0.004648071286505349, 0.81]}
{"CMD":[-5, 15.0, 0, 5]}
{"Distance":[0.9906735981935588]}
{"Time":[1616766465.119439]}
{"IMU":[0.07757002830505372, -0.06078958511352539, 0.83]}
{"Kalman":[0.12457995786312961, -0.08502437072649856, 0.83]}
{"CMD":[0, 15.0, 0, 5]}
{"Distance":[0.8958177235310524]}
{"Time":[1616766465.6433487]}
{"IMU":[0.22215248107910157, -0.15914463996887207, 0.85]}
{"Kalman":[0.43916083772508385, -0.19920400668785399, 0.85]}
{"CMD":[5, 15.0, 0, 5]}
{"Distance":[0.6137774859195507]}
{"Time":[1616766466.1669147]}
{"IMU":[0.44464385986328125, -0.24801637649536132, 0.88]}
{"Kalman":[0.6897059783937007, -0.2552199738461952, 0.88]}
{"CMD":[5, 10.39852993523748, 0, 5]}
{"Distance":[0.41930849609167603]}
{"Time":[1616766466.7631686]}
{"IMU":[0.6895011901855469, -0.3049321746826172, 0.91]}
{"Kalman":[0.9321743101552131, -0.2842751010627923, 0.91]}
{"CMD":[5, 5.753167555757616, 0, 5]}
{"Distance":[0.30579839320569036]}
{"Time":[1616766467.3720024]}
{"IMU":[0.9213233184814453, -0.3295232009887695, 0.94]}
{"Kalman":[1.146238776712111, -0.2881130640376304, 0.94]}
{"CMD":[5.270750238363511, 5, 0, 5]}
{"Distance":[0.32862580160937815]}
{"Time":[1616766467.9753547]}
{"IMU":[1.1472856140136718, -0.33145931243896487, 0.97]}
{"Kalman":[1.3534891439432366, -0.27601224974383154, 0.97]}
{"CMD":[5.341909985343918, -5, 0, 5]}
{"Distance":[0.4494856359155134]}
{"Time":[1616766468.564017]}
{"IMU":[1.3287242126464844, -0.309077091217041, 1.0]}
{"Kalman":[1.474873995704296, -0.23902178124263862, 1.0]}
{"CMD":[5.117548549590371, -6.554049168330728, 0, 5]}
{"Distance":[0.5316358939204232]}
{"Time":[1616766469.081081]}
{"IMU":[1.4581895446777344, -0.25737873077392576, 1.04]}
{"Kalman":[1.5442619419764005, -0.1733615373794633, 1.04]}
{"CMD":[5, -8.804648091561795, 0, 0]}
{"Distance":[0.5726039504985045]}
{"Time":[1616766469.6024208]}
{"IMU":[1.5586004638671875, -0.09135877609252929, 1.04]}
{"Kalman":[1.5800824260306312, -0.0021973708891677712, 1.04]}
{"CMD":[5, -10.09117136773316, 0, -5]}
{"Distance":[0.5814640568671526]}
{"Time":[1616766470.1209092]}
{"IMU":[1.532392578125, 0.023532333374023436, 1.02]}
{"Kalman":[1.4547905552238396, 0.12122543605611252, 1.02]}
{"CMD":[0, -10.755319666902807, 0, -5]}
{"Distance":[0.47109452922720607]}
{"Time":[1616766470.6359723]}
{"IMU":[1.4550424194335938, 0.12907566070556642, 1.0]}
{"Kalman":[1.339180860806926, 0.19497043636690448, 1.0]}
{"CMD":[-5, -8.432280626723069, 0, -5]}
{"Distance":[0.3912251620164895]}
{"Time":[1616766471.1557806]}
{"IMU":[1.3377262878417968, 0.20353460311889648, 0.98]}
{"Kalman":[1.1994871028139982, 0.23151273958379656, 0.98]}
{"CMD":[-5, -6.288759009363821, 0, 0]}
{"Distance":[0.30625684119496416]}
{"Time":[1616766471.757022]}
{"IMU":[1.1988819885253905, 0.2474570655822754, 0.99]}
{"Kalman":[1.0500526711511338, 0.2430227817656122, 0.99]}
{"CMD":[-5, -5, 0, 5]}
{"Distance":[0.24832507393829548]}
{"Time":[1616766472.352712]}
{"IMU":[1.0458259582519531, 0.26622692108154294, 1.03]}
{"Kalman":[0.8910236782947648, 0.23458120306591182, 1.03]}
{"CMD":[-5, -5, 0, 5]}
{"Distance":[0.26039235688524626]}
{"Time":[1616766472.947361]}
{"IMU":[0.8825469970703125, 0.2613848686218262, 1.05]}
{"Kalman":[0.7250373130445211, 0.20565701976137665, 1.05]}
{"CMD":[-5, 5, 0, -5]}
{"Distance":[0.3469860069151319]}
{"Time":[1616766473.47316]}
{"IMU":[0.7382685089111328, 0.22760824203491212, 1.02]}
{"Kalman":[0.6469875461187922, 0.14619658179202266, 1.02]}
{"CMD":[-5, 5.098088585294499, 0, -5]}
{"Distance":[0.3826110729224959]}
{"Time":[1616766473.9905474]}
{"IMU":[0.6914749908447265, 0.11393842697143555, 1.01]}
{"Kalman":[0.7343212905852758, -0.024822979508178966, 1.01]}
{"CMD":[-5, 6.545210848517736, 0, -5]}
{"Distance":[0.26702313934926486]}
{"Time":[1616766474.5637476]}
{"IMU":[0.7361106872558594, -0.03033377170562744, 0.98]}
{"Kalman":[0.7869213201861924, -0.17441147686667086, 0.98]}
{"CMD":[5, 5, 0, -5]}
{"Distance":[0.27608311620598674]}
{"Time":[1616766475.0982747]}
{"IMU":[0.7361106872558594, -0.03033377170562744, 0.98]}
{"Kalman":[0.7869211825123761, -0.1744101620103089, 0.98]}
{"CMD":[5, 5, 0, 5]}
{"Distance":[0.27608239182241656]}
{"Time":[1616766475.65436]}
{"IMU":[0.7361106872558594, -0.03033377170562744, 0.98]}
{"Kalman":[0.7869211779232489, -0.1744101181817635, 0.98]}
{"CMD":[5, 5, 0, 5]}
{"Distance":[0.27608236767637384]}
{"Time":[1616766476.1876557]}
{"IMU":[0.7361106872558594, -0.03033377170562744, 0.98]}
{"Kalman":[0.7869211779232489, -0.1744101181817635, 0.98]}
{"CMD":[5, 5, 0, 5]}
{"Distance":[0.27608236767637384]}
{"Time":[1616766476.7063394]}
{"IMU":[0.7361106872558594, -0.03033377170562744, 0.98]}
{"Kalman":[0.7869211779232489, -0.1744101181817635, 0.98]}
{"CMD":[5, 5, 0, 5]}
{"Distance":[0.27608236767637384]}
{"Time":[1616766477.2176661]}
{"IMU":[0.7361106872558594, -0.03033377170562744, 0.98]}
{"Kalman":[0.7869211779232489, -0.1744101181817635, 0.98]}
{"CMD":[5, 5, 0, 5]}
{"Distance":[0.27608236767637384]}
{"Time":[1616766477.737631]}
{"IMU":[0.7361106872558594, -0.03033377170562744, 0.98]}
{"Kalman":[0.7869211779232489, -0.1744101181817635, 0.98]}
{"CMD":[5, 5, 0, 5]}
{"Distance":[0.27608236767637384]}
{"Time":[1616766478.2514112]}
{"IMU":[0.7361106872558594, -0.03033377170562744, 0.98]}
{"Kalman":[0.7869211779232489, -0.1744101181817635, 0.98]}
{"CMD":[5, 5, 0, 5]}
{"Distance":[0.27608236767637384]}
{"Time":[1616766478.7650173]}
{"IMU":[0.7361106872558594, -0.03033377170562744, 0.98]}
{"Kalman":[0.7869211779232489, -0.1744101181817635, 0.98]}
{"CMD":[5, 5, 0, 5]}
{"Distance":[0.27608236767637384]}
{"Time":[1616766479.27642]}
{"IMU":[0.7361106872558594, -0.03033377170562744, 0.98]}
{"Kalman":[0.7869211733344018, -0.17441007435589317, 0.98]}
{"CMD":[5, 5, 0, 5]}
{"Distance":[0.27608234353180977]}
{"Time":[1616766479.8461256]}
{"IMU":[0.7361106872558594, -0.03033377170562744, 0.98]}
{"Kalman":[0.7869211733344018, -0.17441007435589317, 0.98]}
{"CMD":[5, 5, 0, 5]}
{"Distance":[0.27608234353180977]}
{"Time":[1616766480.3570957]}
{"IMU":[0.7361106872558594, -0.03033377170562744, 0.98]}
{"Kalman":[0.7869211733344018, -0.17441007435589317, 0.98]}
{"CMD":[5, 5, 0, 5]}
{"Distance":[0.27608234353180977]}
{"Time":[1616766480.8690364]}
{"IMU":[0.7361106872558594, -0.03033377170562744, 0.98]}
{"Kalman":[0.7869211733344018, -0.17441007435589317, 0.98]}
{"CMD":[5, 5, 0, 5]}
{"Distance":[0.27608234353180977]}
{"Time":[1616766481.395521]}
{"IMU":[0.7361106872558594, -0.03033377170562744, 0.98]}
{"Kalman":[0.7869211733344018, -0.17441007435589317, 0.98]}
{"CMD":[5, 5, 0, 5]}
{"Distance":[0.27608234353180977]}
{"Time":[1616766481.910579]}
{"IMU":[0.7361106872558594, -0.03033377170562744, 0.98]}
{"Kalman":[0.7869211733344018, -0.17441007435589317, 0.98]}
{"CMD":[5, 5, 0, 5]}
{"Distance":[0.27608234353180977]}
{"Time":[1616766482.4334884]}
