{"IMU":[-0.002529690265655518, 0.00474906712770462, 0.35]}
{"Kalman":[4.269813140374961, 2.3605710389404044, 0.6760960354693188]}
{"UWB":[4.05078522, 2.33454303, 1.34932369]}
{"Distance":[1.735795784186986]}
{"Time":[0.6]}
{"Title":['ModelBasedAgendUWB_LQR']}
{"Local":[False]}
{"IMU":[-0.004669882357120514, -0.1582506275177002, 0.37]}
{"Kalman":[4.24898287763058, 2.1977657181003294, 0.7054263947571673]}
{"UWB":[4.00547002, 2.18997259, 1.26510227]}
{"Distance":[1.7769092616074393]}
{"Time":[1.1]}
{"Title":['ModelBasedAgendUWB_LQR']}
{"Local":[False]}
{"IMU":[0.005988566875457763, -0.20067596435546875, 0.44]}
{"Kalman":[4.133062508458361, 2.2186933863377334, 0.823574749844721]}
{"UWB":[3.76788396, 2.1470874, 1.83703576]}
{"Distance":[1.8880119195105516]}
{"Time":[1.7]}
{"Title":['ModelBasedAgendUWB_LQR']}
{"Local":[False]}
{"IMU":[0.03926578521728516, -0.15021756172180176, 0.57]}
{"Kalman":[4.248193220151876, 2.3344167157432536, 1.0802834233375886]}
{"UWB":[3.96290833, 2.22421387, 1.54878538]}
{"Distance":[1.759614962981136]}
{"Time":[2.3]}
{"Title":['ModelBasedAgendUWB_LQR']}
{"Local":[False]}
{"IMU":[0.07581444740295411, -0.08865748405456543, 0.72]}
{"Kalman":[4.688605640996193, 2.505896253112784, 1.3991157297336587]}
{"UWB":[4.74889164, 2.5393977, 2.88774104]}
{"Distance":[1.3114076142175537]}
{"Time":[2.9]}
{"Title":['ModelBasedAgendUWB_LQR']}
{"Local":[False]}
{"IMU":[0.1319480800628662, -0.0566054630279541, 0.81]}
{"Kalman":[4.639865548799012, 2.458466936632044, 1.598705564407175]}
{"UWB":[4.45098332, 2.40812563, 2.89937779]}
{"Distance":[1.360768430224827]}
{"Time":[3.5]}
{"Title":['ModelBasedAgendUWB_LQR']}
{"Local":[False]}
{"IMU":[0.29229137420654294, -0.03434849977493286, 0.89]}
{"Kalman":[4.995438966662846, 2.5249098999340798, 1.7703016414923003]}
{"UWB":[4.67238873, 2.46575633, 3.13476894]}
{"Distance":[1.0048698287908424]}
{"Time":[4.0]}
{"Title":['ModelBasedAgendUWB_LQR']}
{"Local":[False]}
{"IMU":[0.39400909423828123, -0.014187493324279786, 0.9]}
{"Kalman":[4.931675023640602, 2.172626913081703, 1.8018546541148477]}
{"UWB":[4.84392499, 1.91051026, 3.78323763]}
{"Distance":[1.1173591155719471]}
{"Time":[4.6]}
{"Title":['ModelBasedAgendUWB_LQR']}
{"Local":[False]}
{"IMU":[0.4782685089111328, -0.020513334274291993, 0.93]}
{"Kalman":[5.114932855053512, 2.3605017258949665, 1.8684696573714243]}
{"UWB":[5.10258641, 2.25793136, 2.5927222]}
{"Distance":[0.8959930912356471]}
{"Time":[5.2]}
{"Title":['ModelBasedAgendUWB_LQR']}
{"Local":[False]}
{"IMU":[0.5936412048339844, -0.0227028751373291, 0.92]}
{"Kalman":[5.3436681038033695, 2.325863729613201, 1.8515189289242389]}
{"UWB":[5.40076315, 2.19253953, 2.73075045]}
{"Distance":[0.6790397621857566]}
{"Time":[5.8]}
{"Title":['ModelBasedAgendUWB_LQR']}
{"Local":[False]}
{"IMU":[0.695013427734375, -0.024741511344909668, 0.89]}
{"Kalman":[5.484923597895097, 2.3804287622234623, 1.7916933185142856]}
{"UWB":[5.55715608, 2.29307066, 2.80288831]}
{"Distance":[0.5287730901896812]}
{"Time":[6.4]}
{"Title":['ModelBasedAgendUWB_LQR']}
{"Local":[False]}
{"IMU":[0.8343436431884765, -0.028022286891937257, 0.85]}
{"Kalman":[5.672090574174339, 2.3771058856380645, 1.7139985757948641]}
{"UWB":[5.78024806, 2.29248515, 2.55008804]}
{"Distance":[0.3501821738611478]}
{"Time":[6.9]}
{"Title":['ModelBasedAgendUWB_LQR']}
{"Local":[False]}
{"IMU":[0.9946707153320312, -0.03204480886459351, 0.81]}
{"Kalman":[5.938533707245755, 2.3308240716334443, 1.6341936809832909]}
{"UWB":[6.09285774, 2.21207937, 2.40333668]}
{"Distance":[0.17999611074586183]}
{"Time":[7.4]}
{"Title":['ModelBasedAgendUWB_LQR']}
{"Local":[False]}
{"IMU":[1.4385572814941405, -0.03136665105819702, 0.73]}
{"Kalman":[6.440052101780127, 2.363536359615016, 1.4742594253342136]}
{"UWB":[6.66107941, 2.27117631, 2.13680427]}
{"Distance":[0.46072570736635654]}
{"Time":[8.5]}
{"Title":['ModelBasedAgendUWB_LQR']}
{"Local":[False]}
{"IMU":[1.5857469177246093, -0.034078285694122315, 0.69]}
{"Kalman":[6.6045622156040436, 2.3440882044555766, 1.392029360046371]}
{"UWB":[6.88197258, 2.27430376, 2.12734075]}
{"Distance":[0.6243428229153885]}
{"Time":[9.2]}
{"Title":['ModelBasedAgendUWB_LQR']}
{"Local":[False]}
{"IMU":[1.6612274169921875, -0.029411048889160157, 0.67]}
{"Kalman":[9.931289576532185, 2.458525119622294, 1.3491344326812857]}
{"UWB":[12.86114647, 2.43385833, -0.75601017]}
{"Distance":[3.931508349253878]}
{"Time":[9.8]}
{"Title":['ModelBasedAgendUWB_LQR']}
{"Local":[False]}
{"IMU":[1.69047607421875, -0.0033539167046546937, 0.61]}
{"Kalman":[6.655863916164177, 2.4264686593755305, 1.2334692922252295]}
{"UWB":[7.01432736, 2.34741732, 2.04226774]}
{"Distance":[0.659972980189524]}
{"Time":[10.8]}
{"Title":['ModelBasedAgendUWB_LQR']}
{"Local":[False]}
{"IMU":[1.5826028442382813, 0.02868328332901001, 0.54]}
{"Kalman":[6.750076632514724, 2.5016773726948642, 1.0941996580875673]}
{"UWB":[6.82088013, 2.42333821, 2.05675549]}
{"Distance":[0.7500785080401824]}
{"Time":[11.6]}
{"Title":['ModelBasedAgendUWB_LQR']}
{"Local":[False]}
{"IMU":[1.443556365966797, 0.05361343383789063, 0.5]}
{"Kalman":[6.163752495299764, 2.436736630636942, 1.0130889140716555]}
{"UWB":[6.35976019, 2.24493983, 1.6988002]}
{"Distance":[0.17554809489158826]}
{"Time":[12.3]}
{"Title":['ModelBasedAgendUWB_LQR']}
{"Local":[False]}
{"IMU":[0.8866243743896485, 0.08965126037597657, 0.44]}
{"Kalman":[6.014774089993406, 2.669336635980915, 0.8918030124635435]}
{"UWB":[6.82186809, 2.7274843, 1.62363267]}
{"Distance":[0.1699799106378932]}
{"Time":[13.4]}
{"Title":['ModelBasedAgendUWB_LQR']}
{"Local":[False]}
{"IMU":[-0.07759600639343261, 0.12002148628234863, 0.45]}
{"Kalman":[4.426596352660895, 2.3430016564951406, 0.8905173799187718]}
{"UWB":[4.71626382, 2.13408149, 1.72934439]}
{"Distance":[1.5812170999971091]}
{"Time":[14.6]}
{"Title":['ModelBasedAgendUWB_LQR']}
{"Local":[False]}
{"IMU":[-0.428973388671875, 0.08636913299560547, 0.45]}
{"Kalman":[4.080511423195294, 2.369541924086584, 0.8992797260517937]}
{"UWB":[4.3787791, 2.25448322, 1.58985434]}
{"Distance":[1.9239167617271764]}
{"Time":[15.3]}
{"Title":['ModelBasedAgendUWB_LQR']}
{"Local":[False]}
{"IMU":[-0.879222640991211, 0.0629961633682251, 0.5]}
{"Kalman":[3.783720123290891, 2.3930534592302775, 0.9904671309147524]}
{"UWB":[4.08619439, 2.25598886, 1.9561852]}
{"Distance":[2.2188587279248657]}
{"Time":[16.1]}
{"Title":['ModelBasedAgendUWB_LQR']}
{"Local":[False]}
{"IMU":[-0.8283772277832031, 0.04448666572570801, 0.53]}
{"Kalman":[4.037090114018631, 2.3648096737047695, 1.0653949271119714]}
{"UWB":[4.21399781, 2.20643112, 1.93228222]}
{"Distance":[1.96755981988025]}
{"Time":[17.3]}
{"Title":['ModelBasedAgendUWB_LQR']}
{"Local":[False]}
{"IMU":[-0.7117824554443359, 0.05766897201538086, 0.52]}
{"Kalman":[4.205403928540607, 2.3608918605329277, 1.0488852730554163]}
{"UWB":[4.35382981, 2.16341575, 1.75289958]}
{"Distance":[1.7999794815951315]}
{"Time":[17.9]}
{"Title":['ModelBasedAgendUWB_LQR']}
{"Local":[False]}
{"IMU":[-0.5625696182250977, 0.07926809787750244, 0.5]}
{"Kalman":[4.517327981157278, 2.266497936129009, 1.004877118161375]}
{"UWB":[4.71781514, 1.90913495, 0.82888994]}
{"Distance":[1.500946211325098]}
{"Time":[18.4]}
{"Title":['ModelBasedAgendUWB_LQR']}
{"Local":[False]}
{"IMU":[-0.11687275886535645, 0.11688838958740234, 0.45]}
{"Kalman":[4.939610106249441, 2.561822876990881, 0.9159506879178191]}
{"UWB":[5.11009802, 2.48021729, 3.32537089]}
{"Distance":[1.0621905642999052]}
{"Time":[19.1]}
{"Title":['ModelBasedAgendUWB_LQR']}
{"Local":[False]}
{"IMU":[0.1903700065612793, 0.14060483932495116, 0.45]}
{"Kalman":[5.460873584595421, 2.5037736915061717, 0.8949390931594081]}
{"UWB":[5.74399526, 2.3253501, 0.52850326]}
{"Distance":[0.5391396224862111]}
{"Time":[19.9]}
{"Title":['ModelBasedAgendUWB_LQR']}
{"Local":[False]}
{"IMU":[1.2219660186767578, 0.12262454986572266, 0.54]}
{"Kalman":[6.520408828543542, 2.414957542943345, 1.0757418505236362]}
{"UWB":[6.77576825, 2.23616598, 1.33880461]}
{"Distance":[0.5273116425116126]}
{"Time":[21.5]}
