{"IMU":[]}
{"Kalman":[2.156994192068427, 4.629501789645753, 2.722084124647421]}
{"UWB":[2.29513106, 5.31966298, -0.18609794]}
{"Distance":[1.8759568801122812]}
{"Time":[0.6]}
{"Title":['ModelBasedAgendUWB_PID']}
{"IMU":[]}
{"Kalman":[2.4321329515632213, 4.677512077999198, 2.654090543452018]}
{"UWB":[2.76589889, 5.37427632, 2.8579897]}
{"Distance":[1.827271556919663]}
{"Time":[1.1]}
{"Title":['ModelBasedAgendUWB_PID']}
{"IMU":[]}
{"Kalman":[2.3599578744479857, 4.745581193679908, 2.5999896264927167]}
{"UWB":[2.59461643, 5.10223165, 0.68295315]}
{"Distance":[1.7554430479733416]}
{"Time":[1.6]}
{"Title":['ModelBasedAgendUWB_PID']}
{"IMU":[]}
{"Kalman":[2.7112827063920046, 4.643110391254456, 2.548951455899573]}
{"UWB":[3.05172254, 5.21413625, 1.44953022]}
{"Distance":[1.9018918170191261]}
{"Time":[2.2]}
{"Title":['ModelBasedAgendUWB_PID']}
{"IMU":[]}
{"Kalman":[3.2249877191822964, 4.444110702392718, 2.5029249915376814]}
{"UWB":[3.74229378, 4.86042351, -0.83592569]}
{"Distance":[2.254391954531028]}
{"Time":[2.8]}
{"Title":['ModelBasedAgendUWB_PID']}
{"IMU":[]}
{"Kalman":[3.0510161614542275, 4.354949298173746, 2.5047633314505973]}
{"UWB":[3.75812512, 4.77750448, 0.46032551]}
{"Distance":[2.2727225497562937]}
{"Time":[3.3]}
{"Title":['ModelBasedAgendUWB_PID']}
{"IMU":[]}
{"Kalman":[2.755701023542588, 3.949281518043135, 2.50506071452698]}
{"UWB":[2.5866068, 3.67982757, 1.13946449]}
{"Distance":[2.5911055935746994]}
{"Time":[3.9]}
{"Title":['ModelBasedAgendUWB_PID']}
{"IMU":[]}
{"Kalman":[2.6888048783578364, 4.33406099530327, 2.5055463567987664]}
{"UWB":[2.43022171, 5.14946342, 1.41153053]}
{"Distance":[2.2005592483506353]}
{"Time":[4.4]}
{"Title":['ModelBasedAgendUWB_PID']}
{"IMU":[]}
{"Kalman":[2.497488554728483, 4.527952513245729, 2.5051367677360834]}
{"UWB":[2.04679971, 5.09708192, 1.61893212]}
{"Distance":[1.9819114559592674]}
{"Time":[4.9]}
{"Title":['ModelBasedAgendUWB_PID']}
{"IMU":[]}
{"Kalman":[2.497488554728483, 4.527952513245729, 2.5051367677360834]}
{"UWB":[1.95315539, 4.56076384, 2.33703474]}
{"Distance":[1.9819114559592674]}
{"Time":[5.4]}
{"Title":['ModelBasedAgendUWB_PID']}
{"IMU":[]}
{"Kalman":[2.312858146076185, 3.827681297111455, 2.5064328185906333]}
{"UWB":[2.24601347, 4.44120248, 0.8377458]}
{"Distance":[2.6723496368792072]}
{"Time":[6.0]}
{"Title":['ModelBasedAgendUWB_PID']}
{"IMU":[]}
{"Kalman":[2.312858146076185, 3.827681297111455, 2.5064328185906333]}
{"UWB":[2.02300862, 4.18288795, 1.32448735]}
{"Distance":[2.6723496368792072]}
{"Time":[6.5]}
{"Title":['ModelBasedAgendUWB_PID']}
{"IMU":[]}
{"Kalman":[2.312858146076185, 3.827681297111455, 2.5064328185906333]}
{"UWB":[2.38883046, 4.76499478, 0.40934067]}
{"Distance":[2.6723496368792072]}
{"Time":[7.1]}
{"Title":['ModelBasedAgendUWB_PID']}
{"IMU":[]}
{"Kalman":[2.312858146076185, 3.827681297111455, 2.5064328185906333]}
{"UWB":[2.43679862, 5.49205094, 2.29575014]}
{"Distance":[2.6723496368792072]}
{"Time":[7.6]}
{"Title":['ModelBasedAgendUWB_PID']}
{"IMU":[]}
{"Kalman":[2.312858146076185, 3.827681297111455, 2.5064328185906333]}
{"UWB":[2.3876674, 5.03598698, -0.09152169]}
{"Distance":[2.6723496368792072]}
{"Time":[8.1]}
{"Title":['ModelBasedAgendUWB_PID']}
{"IMU":[]}
{"Kalman":[2.312858146076185, 3.827681297111455, 2.5064328185906333]}
{"UWB":[2.32905775, 5.07154602, 0.93922562]}
{"Distance":[2.6723496368792072]}
{"Time":[8.6]}
{"Title":['ModelBasedAgendUWB_PID']}
{"IMU":[]}
{"Kalman":[2.312858146076185, 3.827681297111455, 2.5064328185906333]}
{"UWB":[2.28597914, 5.07205745, 0.36564944]}
{"Distance":[2.6723496368792072]}
{"Time":[9.1]}
{"Title":['ModelBasedAgendUWB_PID']}
{"IMU":[]}
{"Kalman":[2.312858146076185, 3.827681297111455, 2.5064328185906333]}
{"UWB":[2.32885101, 4.9900263, 0.25629963]}
{"Distance":[2.6723496368792072]}
{"Time":[9.6]}
{"Title":['ModelBasedAgendUWB_PID']}
{"IMU":[]}
{"Kalman":[2.312858146076185, 3.827681297111455, 2.5064328185906333]}
{"UWB":[2.34346144, 5.0343652, 0.13096362]}
{"Distance":[2.6723496368792072]}
{"Time":[10.1]}
{"Title":['ModelBasedAgendUWB_PID']}
{"IMU":[]}
{"Kalman":[2.312858146076185, 3.827681297111455, 2.5064328185906333]}
{"UWB":[2.3507063, 5.01021179, 0.29041566]}
{"Distance":[2.6723496368792072]}
{"Time":[10.6]}
{"Title":['ModelBasedAgendUWB_PID']}
{"IMU":[]}
{"Kalman":[2.4625876527007193, 4.542949955285672, 2.5042745136407754]}
{"UWB":[2.27490332, 5.03935012, 0.29496092]}
{"Distance":[1.9637921535455534]}
{"Time":[11.2]}
{"Title":['ModelBasedAgendUWB_PID']}
{"IMU":[]}
{"Kalman":[2.4625876527007193, 4.542949955285672, 2.5042745136407754]}
{"UWB":[2.35005458, 5.05003945, 0.11924809]}
{"Distance":[1.9637921535455534]}
{"Time":[11.7]}
{"Title":['ModelBasedAgendUWB_PID']}
{"IMU":[]}
{"Kalman":[2.4625876527007193, 4.542949955285672, 2.5042745136407754]}
{"UWB":[2.33421403, 5.05062693, 0.15371111]}
{"Distance":[1.9637921535455534]}
{"Time":[12.2]}
{"Title":['ModelBasedAgendUWB_PID']}
{"IMU":[]}
{"Kalman":[2.4625876527007193, 4.542949955285672, 2.5042745136407754]}
{"UWB":[2.30797729, 5.06491164, 0.20189162]}
{"Distance":[1.9637921535455534]}
{"Time":[12.7]}
{"Title":['ModelBasedAgendUWB_PID']}
{"IMU":[]}
{"Kalman":[2.4625876527007193, 4.542949955285672, 2.5042745136407754]}
{"UWB":[2.39106473, 5.07975511, 0.23446215]}
{"Distance":[1.9637921535455534]}
{"Time":[13.2]}
{"Title":['ModelBasedAgendUWB_PID']}
{"IMU":[]}
{"Kalman":[2.4625876527007193, 4.542949955285672, 2.5042745136407754]}
{"UWB":[2.30560482, 5.00711634, 0.17445863]}
{"Distance":[1.9637921535455534]}
{"Time":[13.7]}
{"Title":['ModelBasedAgendUWB_PID']}
