{"IMU":[-0.017208513021469116, 0.004710982143878936, 0.79]}
{"Kalman":[-0.030177650075736723, 0.035075349370969414, 0.79]}
{"CMD":[-5, 10.0, 0, 5]}
{"Distance":[1.051948796685971]}
{"Time":[1616769792.9918988]}
{"Title":ModelBasedLQR}
