{"IMU":[0.02977184772491455, -0.006021901965141296, 0.76]}
{"Kalman":[0.014880453991566662, 0.0020087162830818434, 0.7601526892691207]}
{"CMD":[0.3728822610828692, 20.0, 0, 3.6025844258134843]}
{"Distance":[1.0138990518457953]}
{"Time":[1615321981.9012268]}
{"IMU":[0.02977184772491455, -0.006021901965141296, 0.76]}
{"Kalman":[0.01100538081214924, 0.004244649228079276, 0.7600713134796862]}
{"CMD":[-0.11599266676169001, 20.0, 0, 3.618874618246239]}
{"Distance":[1.0176905956355078]}
{"Time":[1615321981.9404705]}
{"IMU":[0.02977184772491455, -0.006021901965141296, 0.76]}
{"Kalman":[0.01100538081214924, 0.004244649228079276, 0.7600713134796862]}
{"CMD":[-0.11599266676169001, 20.0, 0, 3.618874618246239]}
{"Distance":[1.0176905956355078]}
{"Time":[1615321981.9679282]}
{"IMU":[0.02147960662841797, -0.006187341213226318, 0.77]}
{"Kalman":[0.04654003985126083, -0.031222433581304925, 0.7642450829693958]}
{"CMD":[0.8532090967441569, 20.0, 0, 3.5559211269910707]}
{"Distance":[0.9826704009329279]}
{"Time":[1615321982.62622]}
{"IMU":[0.02147960662841797, -0.006187341213226318, 0.77]}
{"Kalman":[0.04654003985126083, -0.031222433581304925, 0.7642450829693958]}
{"CMD":[0.8532090967441569, 20.0, 0, 3.5559211269910707]}
{"Distance":[0.9826704009329279]}
{"Time":[1615321982.7070098]}
{"IMU":[0.07172922134399413, -0.03469320297241211, 0.78]}
{"Kalman":[0.0964182112162156, -0.059317151440069646, 0.7742379891497708]}
{"CMD":[1.5356958695849163, 20.0, 0, 3.413379744885758]}
{"Distance":[0.9332454441462903]}
{"Time":[1615321982.8040335]}
{"IMU":[0.07172922134399413, -0.03469320297241211, 0.78]}
{"Kalman":[0.1139742027104945, -0.044633183507981136, 0.7730136864518797]}
{"CMD":[1.2196819343532157, 20.0, 0, 3.4236631755120577]}
{"Distance":[0.9157273726774396]}
{"Time":[1615321982.9437435]}
{"IMU":[0.07172922134399413, -0.03469320297241211, 0.78]}
{"Kalman":[0.1139742027104945, -0.044633183507981136, 0.7730136864518797]}
{"CMD":[1.2196819343532157, 20.0, 0, 3.4236631755120577]}
{"Distance":[0.9157273726774396]}
{"Time":[1615321982.9717114]}
{"IMU":[0.07172922134399413, -0.03469320297241211, 0.78]}
{"Kalman":[0.1139742027104945, -0.044633183507981136, 0.7730136864518797]}
{"CMD":[1.2196819343532157, 20.0, 0, 3.4236631755120577]}
{"Distance":[0.9157273726774396]}
{"Time":[1615321983.0057423]}
{"IMU":[0.07172922134399413, -0.03469320297241211, 0.78]}
{"Kalman":[0.1139742027104945, -0.044633183507981136, 0.7730136864518797]}
{"CMD":[1.2196819343532157, 20.0, 0, 3.4236631755120577]}
{"Distance":[0.9157273726774396]}
{"Time":[1615321983.0329967]}
{"IMU":[0.07172922134399413, -0.03469320297241211, 0.78]}
{"Kalman":[0.1139742027104945, -0.044633183507981136, 0.7730136864518797]}
{"CMD":[1.2196819343532157, 20.0, 0, 3.4236631755120577]}
{"Distance":[0.9157273726774396]}
{"Time":[1615321983.060516]}
{"IMU":[0.07172922134399413, -0.03469320297241211, 0.78]}
{"Kalman":[0.1139742027104945, -0.044633183507981136, 0.7730136864518797]}
{"CMD":[1.2196819343532157, 20.0, 0, 3.4236631755120577]}
{"Distance":[0.9157273726774396]}
{"Time":[1615321983.0918767]}
{"IMU":[0.07172922134399413, -0.03469320297241211, 0.78]}
{"Kalman":[0.1139742027104945, -0.044633183507981136, 0.7730136864518797]}
{"CMD":[1.2196819343532157, 20.0, 0, 3.4236631755120577]}
{"Distance":[0.9157273726774396]}
{"Time":[1615321983.1273963]}
{"IMU":[0.07172922134399413, -0.03469320297241211, 0.78]}
{"Kalman":[0.1139742027104945, -0.044633183507981136, 0.7730136864518797]}
{"CMD":[1.2196819343532157, 20.0, 0, 3.4236631755120577]}
{"Distance":[0.9157273726774396]}
{"Time":[1615321983.1558435]}
{"IMU":[0.07172922134399413, -0.03469320297241211, 0.78]}
{"Kalman":[0.1139742027104945, -0.044633183507981136, 0.7730136864518797]}
{"CMD":[1.2196819343532157, 20.0, 0, 3.4236631755120577]}
{"Distance":[0.9157273726774396]}
{"Time":[1615321983.1849086]}
{"IMU":[0.07172922134399413, -0.03469320297241211, 0.78]}
{"Kalman":[0.1139742027104945, -0.044633183507981136, 0.7730136864518797]}
{"CMD":[1.2196819343532157, 20.0, 0, 3.4236631755120577]}
{"Distance":[0.9157273726774396]}
{"Time":[1615321983.2186067]}
{"IMU":[0.07172922134399413, -0.03469320297241211, 0.78]}
{"Kalman":[0.1139742027104945, -0.044633183507981136, 0.7730136864518797]}
{"CMD":[1.2196819343532157, 20.0, 0, 3.4236631755120577]}
{"Distance":[0.9157273726774396]}
{"Time":[1615321983.2534297]}
{"IMU":[0.14332495689392089, -0.05279234886169434, 0.8]}
{"Kalman":[0.24722754696876528, -0.06788519187741401, 0.7934793609897471]}
{"CMD":[1.8327600663336785, 20.0, 0, 3.116351313371931]}
{"Distance":[0.7835340067004745]}
{"Time":[1615321983.3005335]}
{"IMU":[0.14332495689392089, -0.05279234886169434, 0.8]}
{"Kalman":[0.25042228939600464, -0.06849790844811232, 0.793505732862796]}
{"CMD":[1.8718284224606965, 20.0, 0, 3.1145790567770093]}
{"Distance":[0.7805117488267707]}
{"Time":[1615321983.3371117]}
{"IMU":[0.14332495689392089, -0.05279234886169434, 0.8]}
{"Kalman":[0.2514539249714674, -0.06869576484073364, 0.7935072654674421]}
{"CMD":[1.8772352038889892, 20.0, 0, 3.1145559403079703]}
{"Distance":[0.7795380580590074]}
{"Time":[1615321983.385424]}
{"IMU":[0.14332495689392089, -0.05279234886169434, 0.8]}
{"Kalman":[0.2514539249714674, -0.06869576484073364, 0.7935072654674421]}
{"CMD":[1.8772352038889892, 20.0, 0, 3.1145559403079703]}
{"Distance":[0.7795380580590074]}
{"Time":[1615321983.428068]}
{"IMU":[0.14332495689392089, -0.05279234886169434, 0.8]}
{"Kalman":[0.2514539249714674, -0.06869576484073364, 0.7935072654674421]}
{"CMD":[1.8772352038889892, 20.0, 0, 3.1145559403079703]}
{"Distance":[0.7795380580590074]}
{"Time":[1615321983.4937303]}
{"IMU":[0.14332495689392089, -0.05279234886169434, 0.8]}
{"Kalman":[0.2514539249714674, -0.06869576484073364, 0.7935072654674421]}
{"CMD":[1.8772352038889892, 20.0, 0, 3.1145559403079703]}
{"Distance":[0.7795380580590074]}
{"Time":[1615321983.5550222]}
{"IMU":[0.14332495689392089, -0.05279234886169434, 0.8]}
{"Kalman":[0.2514539249714674, -0.06869576484073364, 0.7935072654674421]}
{"CMD":[1.8772352038889892, 20.0, 0, 3.1145559403079703]}
{"Distance":[0.7795380580590074]}
{"Time":[1615321983.6197739]}
{"IMU":[0.14332495689392089, -0.05279234886169434, 0.8]}
{"Kalman":[0.2514539249714674, -0.06869576484073364, 0.7935072654674421]}
{"CMD":[1.8772352038889892, 20.0, 0, 3.1145559403079703]}
{"Distance":[0.7795380580590074]}
{"Time":[1615321983.7350912]}
{"IMU":[0.2888810729980469, -0.06985849857330323, 0.83]}
{"Kalman":[0.473102380195434, -0.07709555594483603, 0.8239024140011022]}
{"CMD":[2.329196245455709, 15.426387402017177, 0, 2.6634289479619824]}
{"Distance":[0.5608700262064283]}
{"Time":[1615321983.807628]}
{"IMU":[0.2888810729980469, -0.06985849857330323, 0.83]}
{"Kalman":[0.4784343117580996, -0.07594187941665953, 0.8239266288538463]}
{"CMD":[2.075248304185318, 14.252719558160006, 0, 2.6557368484402435]}
{"Distance":[0.5556975510359505]}
{"Time":[1615321983.868208]}
{"IMU":[0.2888810729980469, -0.06985849857330323, 0.83]}
{"Kalman":[0.4784343117580996, -0.07594187941665953, 0.8239266288538463]}
{"CMD":[2.075248304185318, 14.252719558160006, 0, 2.6557368484402435]}
{"Distance":[0.5556975510359505]}
{"Time":[1615321983.948142]}
{"IMU":[0.2888810729980469, -0.06985849857330323, 0.83]}
{"Kalman":[0.4784343117580996, -0.07594187941665953, 0.8239266288538463]}
{"CMD":[2.075248304185318, 14.252719558160006, 0, 2.6557368484402435]}
{"Distance":[0.5556975510359505]}
{"Time":[1615321984.0208673]}
{"IMU":[0.2888810729980469, -0.06985849857330323, 0.83]}
{"Kalman":[0.4784343117580996, -0.07594187941665953, 0.8239266288538463]}
{"CMD":[2.075248304185318, 14.252719558160006, 0, 2.6557368484402435]}
{"Distance":[0.5556975510359505]}
{"Time":[1615321984.0853534]}
{"IMU":[0.2888810729980469, -0.06985849857330323, 0.83]}
{"Kalman":[0.4784343117580996, -0.07594187941665953, 0.8239266288538463]}
{"CMD":[2.075248304185318, 14.252719558160006, 0, 2.6557368484402435]}
{"Distance":[0.5556975510359505]}
{"Time":[1615321984.1337872]}
