{"IMU":[0.025553436279296876, 0.000846208930015564, 0.77]}
{"Kalman":[0.049681389205823434, 0.009014178291480771, 0.77]}
{"CMD":[-0.10503116929252343, 20.0, 0, 3.0166252070402946]}
{"Distance":[0.9777968692075283]}
{"Time":[1615326266.1217268]}
{"IMU":[0.025553436279296876, 0.000846208930015564, 0.77]}
{"Kalman":[0.035359706317852534, -0.0076864314790759105, 0.77]}
{"CMD":[0.21004555081750673, 20.0, 0, 3.469118988096339]}
{"Distance":[0.9917106319002847]}
{"Time":[1615326266.1931581]}
{"IMU":[0.025553436279296876, 0.000846208930015564, 0.77]}
{"Kalman":[0.035359706317852534, -0.0076864314790759105, 0.77]}
{"CMD":[0.21004555081750673, 20.0, 0, 3.469118988096339]}
{"Distance":[0.9917106319002847]}
{"Time":[1615326266.2206302]}
{"IMU":[0.025553436279296876, 0.000846208930015564, 0.77]}
{"Kalman":[0.035359706317852534, -0.0076864314790759105, 0.77]}
{"CMD":[0.21004555081750673, 20.0, 0, 3.469118988096339]}
{"Distance":[0.9917106319002847]}
{"Time":[1615326266.2504425]}
{"IMU":[0.025553436279296876, 0.000846208930015564, 0.77]}
{"Kalman":[0.035359706317852534, -0.0076864314790759105, 0.77]}
{"CMD":[0.21004555081750673, 20.0, 0, 3.469118988096339]}
{"Distance":[0.9917106319002847]}
{"Time":[1615326266.275556]}
{"IMU":[0.025553436279296876, 0.000846208930015564, 0.77]}
{"Kalman":[0.035359706317852534, -0.0076864314790759105, 0.77]}
{"CMD":[0.21004555081750673, 20.0, 0, 3.469118988096339]}
{"Distance":[0.9917106319002847]}
{"Time":[1615326266.3355515]}
{"IMU":[0.025553436279296876, 0.000846208930015564, 0.77]}
{"Kalman":[0.035359706317852534, -0.0076864314790759105, 0.77]}
{"CMD":[0.21004555081750673, 20.0, 0, 3.469118988096339]}
{"Distance":[0.9917106319002847]}
{"Time":[1615326266.3853278]}
{"IMU":[0.025553436279296876, 0.000846208930015564, 0.77]}
{"Kalman":[0.035359706317852534, -0.0076864314790759105, 0.77]}
{"CMD":[0.21004555081750673, 20.0, 0, 3.469118988096339]}
{"Distance":[0.9917106319002847]}
{"Time":[1615326266.4319534]}
{"IMU":[0.0342241907119751, -0.0037534892559051513, 0.76]}
{"Kalman":[0.04320640948309626, -0.011760005262018513, 0.76]}
{"CMD":[0.26116146623667374, 20.0, 0, 3.469118988096339]}
{"Distance":[0.9865050798541237]}
{"Time":[1615326266.4886515]}
{"IMU":[0.0342241907119751, -0.0037534892559051513, 0.76]}
{"Kalman":[0.08477192766414829, -0.007242751523789373, 0.76]}
{"CMD":[0.21129435618255143, 20.0, 0, 3.6199502484483537]}
{"Distance":[0.9462002334819171]}
{"Time":[1615326266.538716]}
{"IMU":[0.0342241907119751, -0.0037534892559051513, 0.76]}
{"Kalman":[0.08839697048175688, -0.006517781857892341, 0.76]}
{"CMD":[0.1817692831242494, 20.0, 0, 3.6199502484483537]}
{"Distance":[0.9426890075243192]}
{"Time":[1615326266.5827177]}
{"IMU":[0.0342241907119751, -0.0037534892559051513, 0.76]}
{"Kalman":[0.08839697048175688, -0.006517781857892341, 0.76]}
{"CMD":[0.1781101001389449, 20.0, 0, 3.6199502484483537]}
{"Distance":[0.9426890075243192]}
{"Time":[1615326266.617654]}
{"IMU":[0.0342241907119751, -0.0037534892559051513, 0.76]}
{"Kalman":[0.08839697048175688, -0.006517781857892341, 0.76]}
{"CMD":[0.1781101001389449, 20.0, 0, 3.6199502484483537]}
{"Distance":[0.9426890075243192]}
{"Time":[1615326266.66848]}
{"IMU":[0.0342241907119751, -0.0037534892559051513, 0.76]}
{"Kalman":[0.08839697048175688, -0.006517781857892341, 0.76]}
{"CMD":[0.1781101001389449, 20.0, 0, 3.6199502484483537]}
{"Distance":[0.9426890075243192]}
{"Time":[1615326266.703311]}
{"IMU":[0.0342241907119751, -0.0037534892559051513, 0.76]}
{"Kalman":[0.08839697048175688, -0.006517781857892341, 0.76]}
{"CMD":[0.1781101001389449, 20.0, 0, 3.6199502484483537]}
{"Distance":[0.9426890075243192]}
{"Time":[1615326266.7396853]}
{"IMU":[0.0342241907119751, -0.0037534892559051513, 0.76]}
{"Kalman":[0.08839697048175688, -0.006517781857892341, 0.76]}
{"CMD":[0.1781101001389449, 20.0, 0, 3.6199502484483537]}
{"Distance":[0.9426890075243192]}
{"Time":[1615326266.804946]}
{"IMU":[0.0342241907119751, -0.0037534892559051513, 0.76]}
{"Kalman":[0.08839697048175688, -0.006517781857892341, 0.76]}
{"CMD":[0.1781101001389449, 20.0, 0, 3.6199502484483537]}
{"Distance":[0.9426890075243192]}
{"Time":[1615326266.8575482]}
{"IMU":[0.0342241907119751, -0.0037534892559051513, 0.76]}
{"Kalman":[0.08839697048175688, -0.006517781857892341, 0.76]}
{"CMD":[0.1781101001389449, 20.0, 0, 3.6199502484483537]}
{"Distance":[0.9426890075243192]}
{"Time":[1615326266.9112532]}
{"IMU":[0.0342241907119751, -0.0037534892559051513, 0.76]}
{"Kalman":[0.08839697048175688, -0.006517781857892341, 0.76]}
{"CMD":[0.1781101001389449, 20.0, 0, 3.6199502484483537]}
{"Distance":[0.9426890075243192]}
{"Time":[1615326266.9686852]}
{"IMU":[0.08932392120361328, -0.003215946555137634, 0.77]}
{"Kalman":[0.20228842053031382, -0.010535812201583613, 0.77]}
{"CMD":[0.2751583341063246, 20.0, 0, 3.469118988096339]}
{"Distance":[0.8302739110430777]}
{"Time":[1615326267.0358891]}
{"IMU":[0.08932392120361328, -0.003215946555137634, 0.77]}
{"Kalman":[0.20803554126189863, -0.011256016246618074, 0.77]}
{"CMD":[0.3050723691076378, 20.0, 0, 3.469118988096339]}
{"Distance":[0.8247632398489144]}
{"Time":[1615326267.1032376]}
{"IMU":[0.08932392120361328, -0.003215946555137634, 0.77]}
{"Kalman":[0.20810285895032704, -0.011264452205034966, 0.77]}
{"CMD":[0.3078179804117437, 20.0, 0, 3.469118988096339]}
{"Distance":[0.8246987146140856]}
{"Time":[1615326267.1485176]}
{"IMU":[0.08932392120361328, -0.003215946555137634, 0.77]}
{"Kalman":[0.20810285895032704, -0.011264452205034966, 0.77]}
{"CMD":[0.307821395989144, 20.0, 0, 3.469118988096339]}
{"Distance":[0.8246987146140856]}
{"Time":[1615326267.1868143]}
{"IMU":[0.08932392120361328, -0.003215946555137634, 0.77]}
{"Kalman":[0.20810285895032704, -0.011264452205034966, 0.77]}
{"CMD":[0.307821395989144, 20.0, 0, 3.469118988096339]}
{"Distance":[0.8246987146140856]}
{"Time":[1615326267.2217948]}
{"IMU":[0.08932392120361328, -0.003215946555137634, 0.77]}
{"Kalman":[0.20810285895032704, -0.011264452205034966, 0.77]}
{"CMD":[0.307821395989144, 20.0, 0, 3.469118988096339]}
{"Distance":[0.8246987146140856]}
{"Time":[1615326267.2566948]}
{"IMU":[0.08932392120361328, -0.003215946555137634, 0.77]}
{"Kalman":[0.20810285895032704, -0.011264452205034966, 0.77]}
{"CMD":[0.307821395989144, 20.0, 0, 3.469118988096339]}
{"Distance":[0.8246987146140856]}
{"Time":[1615326267.305834]}
{"IMU":[0.08932392120361328, -0.003215946555137634, 0.77]}
{"Kalman":[0.20810285895032704, -0.011264452205034966, 0.77]}
{"CMD":[0.307821395989144, 20.0, 0, 3.469118988096339]}
{"Distance":[0.8246987146140856]}
{"Time":[1615326267.3472643]}
{"IMU":[0.08932392120361328, -0.003215946555137634, 0.77]}
{"Kalman":[0.20810285895032704, -0.011264452205034966, 0.77]}
{"CMD":[0.307821395989144, 20.0, 0, 3.469118988096339]}
{"Distance":[0.8246987146140856]}
{"Time":[1615326267.4108756]}
{"IMU":[0.08932392120361328, -0.003215946555137634, 0.77]}
{"Kalman":[0.20810285895032704, -0.011264452205034966, 0.77]}
{"CMD":[0.307821395989144, 20.0, 0, 3.469118988096339]}
{"Distance":[0.8246987146140856]}
{"Time":[1615326267.4779375]}
{"IMU":[0.1961965751647949, 0.0008205282688140869, 0.79]}
{"Kalman":[0.4158691626371954, 0.002184683137620145, 0.79]}
{"CMD":[-0.0597003920808139, 15.962424672276196, 0, 3.1674564673923093]}
{"Distance":[0.6207363433846798]}
{"Time":[1615326267.5849957]}
{"IMU":[0.1961965751647949, 0.0008205282688140869, 0.79]}
{"Kalman":[0.42131380868676127, 0.003005760639483948, 0.79]}
{"CMD":[-0.08213781009622555, 15.813639936264355, 0, 3.1674564673923093]}
{"Distance":[0.615618991433536]}
{"Time":[1615326267.6494334]}
{"IMU":[0.1961965751647949, 0.0008205282688140869, 0.79]}
{"Kalman":[0.42131380868676127, 0.003005760639483948, 0.79]}
{"CMD":[-0.08213781009622555, 15.813639936264355, 0, 3.1674564673923093]}
{"Distance":[0.615618991433536]}
{"Time":[1615326267.7111444]}
{"IMU":[0.1961965751647949, 0.0008205282688140869, 0.79]}
{"Kalman":[0.42131380868676127, 0.003005760639483948, 0.79]}
{"CMD":[-0.08213781009622555, 15.813639936264355, 0, 3.1674564673923093]}
