{"IMU":[]}
{"Kalman":[2.4408962701611814, 5.344085930055893, 0.9758638272627214]}
{"UWB":[2.5182759, 5.73290748, 2.60680322]}
{"Distance":[4.315619860399897]}
{"Time":[0.5]}
{"Title":['ModelBasedAgendUWB_PID']}
{"IMU":[]}
{"Kalman":[2.1205614111618654, 5.16068211659569, 0.9536156328720408]}
{"UWB":[2.05613646, 5.346998, -0.08132833]}
{"Distance":[4.427652577601215]}
{"Time":[1.1]}
{"Title":['ModelBasedAgendUWB_PID']}
{"IMU":[]}
{"Kalman":[2.0716986641591832, 5.171023435132188, 0.9521223737943141]}
{"UWB":[1.68912182, 5.59010492, 0.29426422]}
{"Distance":[4.471691583104335]}
{"Time":[1.6]}
{"Title":['ModelBasedAgendUWB_PID']}
{"IMU":[]}
{"Kalman":[1.8123269445325465, 5.34624973442046, 0.9807474551442492]}
{"UWB":[1.89045002, 6.25617793, -0.56082611]}
{"Distance":[4.783154817531771]}
{"Time":[2.1]}
{"Title":['ModelBasedAgendUWB_PID']}
{"IMU":[]}
{"Kalman":[1.7618871457496645, 5.77865860217401, 0.9827738743542168]}
{"UWB":[1.52232969, 6.44560931, 2.39564972]}
{"Distance":[5.106324840978179]}
{"Time":[2.7]}
{"Title":['ModelBasedAgendUWB_PID']}
{"IMU":[]}
{"Kalman":[1.5466196435329405, 5.6275305282567984, 0.9816917933878777]}
{"UWB":[1.04004154, 6.15323348, 1.07028606]}
{"Distance":[5.16736641427532]}
{"Time":[3.2]}
{"Title":['ModelBasedAgendUWB_PID']}
{"IMU":[]}
{"Kalman":[1.5146739629383714, 5.593846239162715, 0.9820709899195604]}
{"UWB":[0.99888233, 6.08295281, 1.50239504]}
{"Distance":[5.170323652241483]}
{"Time":[3.7]}
{"Title":['ModelBasedAgendUWB_PID']}
{"IMU":[]}
{"Kalman":[1.5146739629383714, 5.593846239162715, 0.9820709899195604]}
{"UWB":[0.96755644, 6.19051652, 1.5637936]}
{"Distance":[5.170323652241483]}
{"Time":[4.3]}
{"Title":['ModelBasedAgendUWB_PID']}
{"IMU":[]}
{"Kalman":[1.5882489325567897, 5.994529747915884, 0.9804555905932342]}
{"UWB":[0.94427077, 6.08324834, 1.60909028]}
{"Distance":[5.380645544159037]}
{"Time":[4.8]}
{"Title":['ModelBasedAgendUWB_PID']}
{"IMU":[]}
{"Kalman":[1.5882489325567897, 5.994529747915884, 0.9804555905932342]}
{"UWB":[0.874068, 6.15673242, 1.30649786]}
{"Distance":[5.380645544159037]}
{"Time":[5.4]}
{"Title":['ModelBasedAgendUWB_PID']}
{"IMU":[]}
{"Kalman":[1.5882489325567897, 5.994529747915884, 0.9804555905932342]}
{"UWB":[0.95550262, 6.15745065, 1.79631665]}
{"Distance":[5.380645544159037]}
{"Time":[5.9]}
{"Title":['ModelBasedAgendUWB_PID']}
