{"IMU":[2.2771570629003106, 1.9992898445506626, 0.62]}
{"Kalman":[2.383033520140322, 2.026201512050534, 0.6472929710545444]}
{"UWB":[2.42275128, 2.02916628, 0.82314753]}
{"Distance":[1.6657745751287198]}
{"Time":[1615563208.78512]}
{"IMU":[2.196004052770382, 2.064255938448482, 0.48]}
{"Kalman":[2.4024599825979127, 2.1272610972320827, 0.5306924856458362]}
{"UWB":[2.42661262, 2.06071895, 0.61428242]}
{"Distance":[1.5964013793613823]}
{"Time":[1615563209.3134773]}
{"IMU":[2.0640633159997526, 2.2078407620568807, -0.12]}
{"Kalman":[2.385288483550967, 2.1593898415488813, -0.09251868727584311]}
{"UWB":[2.47527211, 2.07671132, -0.09046928]}
{"Distance":[1.8516680206048377]}
{"Time":[1615563209.9083443]}
{"IMU":[2.0640633159997526, 2.2078407620568807, -0.12]}
{"Kalman":[2.3834899310870328, 2.160617882572203, -0.09251651873043999]}
{"UWB":[2.44837001, 2.11307785, 0.11746325]}
{"Distance":[1.850790650389906]}
{"Time":[1615563210.4399116]}
{"IMU":[2.0640633159997526, 2.2078407620568807, -0.12]}
{"Kalman":[2.3834899310870328, 2.160617882572203, -0.09251651873043999]}
{"UWB":[2.4308023, 2.23224202, 0.42158718]}
{"Distance":[1.850790650389906]}
{"Time":[1615563210.9821744]}
{"IMU":[2.0640633159997526, 2.2078407620568807, -0.12]}
{"Kalman":[2.3834899310870328, 2.160617882572203, -0.09251651873043999]}
{"UWB":[2.43858414, 2.23182065, 0.20210385]}
{"Distance":[1.850790650389906]}
{"Time":[1615563211.493087]}
{"IMU":[2.0640633159997526, 2.2078407620568807, -0.12]}
{"Kalman":[2.3834899310870328, 2.160617882572203, -0.09251651873043999]}
{"UWB":[2.15813269, 2.41456402, 1.2282804]}
{"Distance":[1.850790650389906]}
{"Time":[1615563212.0041873]}
{"IMU":[2.0640633159997526, 2.2078407620568807, -0.12]}
{"Kalman":[2.3834899310870328, 2.160617882572203, -0.09251651873043999]}
{"UWB":[2.50554883, 2.21372775, 0.15823305]}
{"Distance":[1.850790650389906]}
{"Time":[1615563212.515277]}
