{"IMU":[0.0041616767644882206, 0.0003167662024497986, 0.63]}
{"Kalman":[4.098978661386988, 2.6796209228259387, 3.233609782902539]}
{"UWB":[4.01868378, 2.60513727, 2.74148217]}
{"Distance":[1.9385546613158027]}
{"Time":[0.5]}
{"Title":['ModelBasedAgendUWB_PID']}
{"IMU":[0.034879837036132816, -0.014392012357711792, 0.56]}
{"Kalman":[4.1135074632069335, 2.620489141373105, 3.292312969469731]}
{"UWB":[3.95267937, 2.54111833, 2.13417002]}
{"Distance":[1.9135222447397913]}
{"Time":[1.1]}
{"Title":['ModelBasedAgendUWB_PID']}
{"IMU":[0.14791664123535156, -0.05853517532348633, 0.48]}
{"Kalman":[4.256467973766215, 2.496099370927742, 3.2100725383337085]}
{"UWB":[3.90358904, 2.30767117, 1.2631505]}
{"Distance":[1.754525260513836]}
{"Time":[1.6]}
{"Title":['ModelBasedAgendUWB_PID']}
{"IMU":[0.3536511993408203, -0.13729498863220216, 0.42]}
{"Kalman":[4.639395549778002, 2.5153751097776182, 3.1539497210537175]}
{"UWB":[4.46258946, 2.51518217, 2.87341497]}
{"Distance":[1.3775452471246186]}
{"Time":[2.2]}
{"Title":['ModelBasedAgendUWB_PID']}
{"IMU":[0.633725700378418, -0.24726455688476562, 0.37]}
{"Kalman":[4.977979827835901, 2.3165277497632117, 3.1054932702696147]}
{"UWB":[4.749436, 2.2797371, 2.54945335]}
{"Distance":[1.022153803897716]}
{"Time":[2.8]}
{"Title":['ModelBasedAgendUWB_PID']}
{"IMU":[0.988080825805664, -0.40874874114990234, 0.29]}
{"Kalman":[5.021345920008582, 2.0485686863587085, 3.0237141247683663]}
{"UWB":[4.48117991, 1.97124873, 0.19345192]}
{"Distance":[1.0104362987161701]}
{"Time":[3.3]}
{"Title":['ModelBasedAgendUWB_PID']}
{"IMU":[1.8865447998046876, -0.770423355102539, 0.06]}
{"Kalman":[5.8751075795387635, 1.9031214079346723, 2.7935558291683007]}
{"UWB":[5.20272683, 1.99448028, 0.83884443]}
{"Distance":[0.4160657802901158]}
{"Time":[3.9]}
{"Title":['ModelBasedAgendUWB_PID']}
{"IMU":[2.2630967712402343, -0.8740048217773437, -0.04]}
{"Kalman":[6.212443872274021, 1.803418760629831, 2.6748649618364455]}
{"UWB":[5.64711498, 1.79509994, 0.41893618]}
{"Distance":[0.540116030276082]}
{"Time":[4.5]}
{"Title":['ModelBasedAgendUWB_PID']}
{"IMU":[2.5901217651367188, -0.9281793212890626, 0.08]}
{"Kalman":[6.694841461138607, 1.6048754990714365, 2.7957528847212996]}
{"UWB":[6.31267235, 1.43634619, -0.19227579]}
{"Distance":[0.9828543777734411]}
{"Time":[5.1]}
{"Title":['ModelBasedAgendUWB_PID']}
{"IMU":[2.8707241821289062, -0.9464349365234375, 0.16]}
{"Kalman":[6.984337998545155, 1.7456263908418175, 2.8867704358457935]}
{"UWB":[6.66102807, 1.53397779, 0.26016149]}
{"Distance":[1.1297129697011319]}
{"Time":[5.7]}
{"Title":['ModelBasedAgendUWB_PID']}
{"IMU":[3.0296258544921875, -0.9314469909667968, -0.08]}
{"Kalman":[7.037285143499453, 1.6409165911393062, 2.6395740041175557]}
{"UWB":[6.75836039, 1.45869723, 0.79594661]}
{"Distance":[1.2289635506230903]}
{"Time":[6.2]}
{"Title":['ModelBasedAgendUWB_PID']}
{"IMU":[3.113226318359375, -0.8879387664794922, -0.04]}
{"Kalman":[7.270492653616296, 1.5751499712888801, 2.678634554239433]}
{"UWB":[7.18567553, 1.26304874, -0.18929297]}
{"Distance":[1.462723195623659]}
{"Time":[6.8]}
{"Title":['ModelBasedAgendUWB_PID']}
{"IMU":[3.113226318359375, -0.8879387664794922, -0.04]}
{"Kalman":[7.157998981704885, 1.7222078856828296, 2.6795704689222575]}
{"UWB":[6.97378648, 1.53371211, 0.71342136]}
{"Distance":[1.2941427158534933]}
{"Time":[7.4]}
{"Title":['ModelBasedAgendUWB_PID']}
{"IMU":[3.113226318359375, -0.8879387664794922, -0.04]}
{"Kalman":[7.065584937178936, 1.890326349942264, 2.6794426966792884]}
{"UWB":[6.71419318, 2.00896928, 0.58609432]}
{"Distance":[1.1416232994706548]}
{"Time":[7.9]}
{"Title":['ModelBasedAgendUWB_PID']}
{"IMU":[3.113226318359375, -0.8879387664794922, -0.04]}
{"Kalman":[7.244874738261483, 1.8765859477168345, 2.679217929216164]}
{"UWB":[7.25585339, 1.9141761, 0.3390826]}
{"Distance":[1.3149116219854655]}
{"Time":[8.4]}
{"Title":['ModelBasedAgendUWB_PID']}
{"IMU":[3.113226318359375, -0.8879387664794922, -0.04]}
{"Kalman":[7.244874738261483, 1.8765859477168345, 2.679217929216164]}
{"UWB":[7.25585339, 1.9141761, 0.3390826]}
{"Distance":[1.3149116219854655]}
{"Time":[9.0]}
{"Title":['ModelBasedAgendUWB_PID']}
{"IMU":[3.113226318359375, -0.8879387664794922, -0.04]}
{"Kalman":[7.244874738261483, 1.8765859477168345, 2.679217929216164]}
{"UWB":[7.25585339, 1.9141761, 0.3390826]}
{"Distance":[1.3149116219854655]}
{"Time":[9.5]}
{"Title":['ModelBasedAgendUWB_PID']}
{"IMU":[3.113226318359375, -0.8879387664794922, -0.04]}
{"Kalman":[7.244874738261483, 1.8765859477168345, 2.679217929216164]}
{"UWB":[7.25585339, 1.9141761, 0.3390826]}
{"Distance":[1.3149116219854655]}
{"Time":[10.0]}
{"Title":['ModelBasedAgendUWB_PID']}
{"IMU":[3.113226318359375, -0.8879387664794922, -0.04]}
{"Kalman":[6.876093792636731, 1.6363409693883393, 2.6805350925368003]}
{"UWB":[6.4673514, 1.38019376, 1.71875353]}
{"Distance":[1.0990830916764305]}
{"Time":[10.5]}
{"Title":['ModelBasedAgendUWB_PID']}
{"IMU":[3.113226318359375, -0.8879387664794922, -0.04]}
{"Kalman":[6.876093792636731, 1.6363409693883393, 2.6805350925368003]}
{"UWB":[6.4673514, 1.38019376, 1.71875353]}
{"Distance":[1.0990830916764305]}
{"Time":[11.0]}
{"Title":['ModelBasedAgendUWB_PID']}
{"IMU":[3.113226318359375, -0.8879387664794922, -0.04]}
{"Kalman":[6.876093792636731, 1.6363409693883393, 2.6805350925368003]}
{"UWB":[6.4673514, 1.38019376, 1.71875353]}
{"Distance":[1.0990830916764305]}
{"Time":[11.6]}
{"Title":['ModelBasedAgendUWB_PID']}
{"IMU":[3.113226318359375, -0.8879387664794922, -0.04]}
{"Kalman":[6.876093792636731, 1.6363409693883393, 2.6805350925368003]}
{"UWB":[6.4673514, 1.38019376, 1.71875353]}
{"Distance":[1.0990830916764305]}
{"Time":[12.1]}
{"Title":['ModelBasedAgendUWB_PID']}
{"IMU":[3.113226318359375, -0.8879387664794922, -0.04]}
{"Kalman":[6.876093792636731, 1.6363409693883393, 2.6805350925368003]}
{"UWB":[6.4673514, 1.38019376, 1.71875353]}
{"Distance":[1.0990830916764305]}
{"Time":[12.6]}
{"Title":['ModelBasedAgendUWB_PID']}
{"IMU":[3.113226318359375, -0.8879387664794922, -0.04]}
{"Kalman":[6.876093792636731, 1.6363409693883393, 2.6805350925368003]}
{"UWB":[6.4673514, 1.38019376, 1.71875353]}
{"Distance":[1.0990830916764305]}
{"Time":[13.1]}
{"Title":['ModelBasedAgendUWB_PID']}
