{"IMU":[-0.015208423137664795, -1.720321597531438e-05, 0.78]}
{"Kalman":[-0.05657010057938006, 0.023177926159536084, 0.78]}
{"CMD":[0, 10.0, 0, 5]}
{"Distance":[1.0794802423849075]}
{"Time":[0.5]}
{"Title":['ModelBasedAgentLQR']}
{"IMU":[-0.0552190113067627, 0.02478184223175049, 0.81]}
{"Kalman":[-0.0902258892106903, 0.041831467560874774, 0.81]}
{"CMD":[-5, 10.0, 0, 5]}
{"Distance":[1.1074485817334982]}
{"Time":[1.0]}
{"Title":['ModelBasedAgentLQR']}
{"IMU":[-0.08933055877685547, 0.03450090169906616, 0.85]}
{"Kalman":[-0.11103852517257676, 0.045285597698165314, 0.85]}
{"CMD":[-5, 10.0, 0, 5]}
{"Distance":[1.1220327044148644]}
{"Time":[1.6]}
{"Title":['ModelBasedAgentLQR']}
{"IMU":[-0.10145781517028808, 0.03507694959640503, 0.88]}
{"Kalman":[-0.11827258927907047, 0.03148797453093117, 0.88]}
{"CMD":[-5, 10.0, 0, 5]}
{"Distance":[1.125133359416997]}
{"Time":[2.1]}
{"Title":['ModelBasedAgentLQR']}
{"IMU":[-0.11421524047851563, 0.027464394569396974, 0.92]}
{"Kalman":[-0.12201270146539483, 0.015453163543037421, 0.92]}
{"CMD":[-5, 10.0, 0, 5]}
{"Distance":[1.1249672450845674]}
{"Time":[2.7]}
{"Title":['ModelBasedAgentLQR']}
{"IMU":[-0.11318017959594727, 0.007226327657699585, 0.95]}
{"Kalman":[-0.10648042942266805, -0.02092514764530411, 0.95]}
{"CMD":[-5, 10.0, 0, 5]}
{"Distance":[1.107807204570971]}
{"Time":[3.2]}
{"Title":['ModelBasedAgentLQR']}
{"IMU":[-0.09645733833312989, -0.02633533000946045, 0.99]}
{"Kalman":[-0.07054906966442759, -0.06602949977379492, 0.99]}
{"CMD":[5, 10.0, 0, 5]}
{"Distance":[1.072630041253623]}
{"Time":[3.8]}
{"Title":['ModelBasedAgentLQR']}
{"IMU":[-0.06213754653930664, -0.054486322402954104, 1.02]}
{"Kalman":[-0.019949464876502128, -0.07774174141305132, 1.02]}
{"CMD":[5, 10.0, 0, 0]}
{"Distance":[1.0231034597047342]}
{"Time":[4.4]}
{"Title":['ModelBasedAgentLQR']}
{"IMU":[0.05013818264007568, -0.0795212173461914, 1.02]}
{"Kalman":[0.12111434250024927, -0.07964423157891767, 1.02]}
{"CMD":[5, 10.0, 0, -5]}
{"Distance":[0.8827135450317761]}
{"Time":[4.9]}
{"Title":['ModelBasedAgentLQR']}
{"IMU":[0.05013818264007568, -0.0795212173461914, 1.02]}
{"Kalman":[0.12220481779305839, -0.07783901774623381, 1.02]}
{"CMD":[5, 10.0, 0, -5]}
{"Distance":[0.8814665589739729]}
{"Time":[5.5]}
{"Title":['ModelBasedAgentLQR']}
{"IMU":[0.23883352279663086, -0.0489455509185791, 0.98]}
{"Kalman":[0.3446287854024408, -0.022487447746914486, 0.98]}
{"CMD":[5, 10.0, 0, -5]}
{"Distance":[0.6560618219567804]}
{"Time":[6.0]}
{"Title":['ModelBasedAgentLQR']}
{"IMU":[0.3514042663574219, 0.000348329097032547, 0.98]}
{"Kalman":[0.474424354851655, 0.05963348282406355, 0.98]}
{"CMD":[5, 8.100833717391858, 0, 5]}
{"Distance":[0.5293259024899754]}
{"Time":[6.6]}
{"Title":['ModelBasedAgentLQR']}
{"IMU":[0.4838892364501953, 0.07644931316375732, 1.01]}
{"Kalman":[0.6250408531943112, 0.1507256385188866, 1.01]}
{"CMD":[-5, 6.49647224721662, 0, 5]}
{"Distance":[0.4042432187188501]}
{"Time":[7.2]}
{"Title":['ModelBasedAgentLQR']}
{"IMU":[0.6247956085205079, 0.13765472412109375, 1.03]}
{"Kalman":[0.7703195155920033, 0.1858055295780167, 1.03]}
{"CMD":[-5, 5, 0, 0]}
{"Distance":[0.2969458195355834]}
{"Time":[7.7]}
{"Title":['ModelBasedAgentLQR']}
{"IMU":[0.7682967376708985, 0.17119945526123048, 1.03]}
{"Kalman":[0.9100789013228032, 0.18974949402836208, 1.03]}
{"CMD":[-5, 5, 0, -5]}
{"Distance":[0.21211005273521005]}
{"Time":[8.2]}
{"Title":['ModelBasedAgentLQR']}
{"IMU":[0.9089563751220703, 0.1782725715637207, 1.01]}
{"Kalman":[1.0466897485995743, 0.17044140827756665, 1.01]}
{"CMD":[-5, 5, 0, -5]}
{"Distance":[0.17700340753762797]}
{"Time":[8.8]}
{"Title":['ModelBasedAgentLQR']}
{"IMU":[1.0454976654052734, 0.161521053314209, 0.99]}
{"Kalman":[1.180177511735498, 0.1347625651829168, 0.99]}
{"CMD":[-5, -5, 0, 0]}
{"Distance":[0.22522185664334493]}
{"Time":[9.3]}
{"Title":['ModelBasedAgentLQR']}
{"IMU":[1.194467544555664, 0.0937994384765625, 0.98]}
{"Kalman":[1.2595331909943077, 0.054721824824827445, 0.98]}
{"CMD":[-5, -5, 0, 0]}
{"Distance":[0.26599239714669837]}
{"Time":[9.9]}
{"Title":['ModelBasedAgentLQR']}
{"IMU":[1.194467544555664, 0.0937994384765625, 0.98]}
{"Kalman":[1.2251800671066069, 0.06164558054530075, 0.98]}
{"CMD":[-5, -5, 0, 5]}
{"Distance":[0.23432080620999735]}
{"Time":[10.4]}
{"Title":['ModelBasedAgentLQR']}
{"IMU":[1.202941665649414, 0.011248898506164551, 1.02]}
{"Kalman":[1.1902222544790075, -0.034073258634609825, 1.02]}
{"CMD":[-5, -5, 0, 5]}
{"Distance":[0.19428199364083465]}
{"Time":[10.9]}
{"Title":['ModelBasedAgentLQR']}
{"IMU":[1.1779280853271485, -0.04002779483795166, 1.02]}
{"Kalman":[1.1475597880365416, -0.08546956995355859, 1.02]}
{"CMD":[5, -5, 0, -5]}
{"Distance":[0.17169431683499406]}
{"Time":[11.5]}
{"Title":['ModelBasedAgentLQR']}
{"IMU":[1.133494873046875, -0.0713947057723999, 0.99]}
{"Kalman":[1.0843330288420434, -0.0903256850290367, 0.99]}
{"CMD":[5, -5, 0, -5]}
{"Distance":[0.12397898664547018]}
{"Time":[12.1]}
{"Title":['ModelBasedAgentLQR']}
