{"IMU":[-0.03044435739517212, -0.004852429926395416, 0.79]}
{"Kalman":[-0.02797214594189256, 0.013476686754053412, 0.79]}
{"CMD":[5, 10.0, 0, 5]}
{"Distance":[1.049289451923656]}
{"Time":[0.5]}
{"Title":['ModelBasedAgentLQR']}
{"IMU":[-0.048149518966674805, 0.04094304084777832, 0.8]}
{"Kalman":[-0.055615567752135595, 0.09334442744470106, 0.8]}
{"CMD":[-5, 10.0, 0, 5]}
{"Distance":[1.0784421213100137]}
{"Time":[1.1]}
{"Title":['ModelBasedAgentLQR']}
{"IMU":[-0.04308265209197998, 0.08696132659912109, 0.78]}
{"Kalman":[-0.02712019730643255, 0.1273161931704539, 0.78]}
{"CMD":[-5, 10.0, 0, 5]}
{"Distance":[1.0581045849811923]}
{"Time":[1.7]}
{"Title":['ModelBasedAgentLQR']}
{"IMU":[-0.021188416481018067, 0.11966628074645996, 0.84]}
{"Kalman":[0.0163383351888423, 0.14239883630310865, 0.84]}
{"CMD":[-5, 10.0, 0, 5]}
{"Distance":[1.006711328733087]}
{"Time":[2.3]}
{"Title":['ModelBasedAgentLQR']}
{"IMU":[0.029521567821502684, 0.14108850479125976, 0.88]}
{"Kalman":[0.09350601798488567, 0.14775733179265005, 0.88]}
{"CMD":[-5, 10.0, 0, 5]}
{"Distance":[0.9262632285306923]}
{"Time":[2.8]}
{"Title":['ModelBasedAgentLQR']}
{"IMU":[0.11988495826721192, 0.144882230758667, 0.92]}
{"Kalman":[0.2386219288631147, 0.12292564676432159, 0.92]}
{"CMD":[-5, 10.0, 0, 5]}
{"Distance":[0.7753755746994812]}
{"Time":[3.3]}
{"Title":['ModelBasedAgentLQR']}
{"IMU":[0.5040122222900391, 0.08934703826904297, 1.01]}
{"Kalman":[0.7034176698623664, 0.04230609404590798, 1.01]}
{"CMD":[-5, 9.411150525028608, 0, 5]}
{"Distance":[0.2997513705444722]}
{"Time":[3.9]}
{"Title":['ModelBasedAgentLQR']}
{"IMU":[0.7201005554199219, 0.04209409713745117, 1.04]}
{"Kalman":[0.9206391832034242, -0.03126506995795045, 1.04]}
{"CMD":[-5, 5, 0, 0]}
{"Distance":[0.09421063550414681]}
{"Time":[4.4]}
{"Title":['ModelBasedAgentLQR']}
