{"IMU":[0.008916068077087402, -0.0009671052545309067, 0.74]}
{"Kalman":[0.023668578026754948, -0.0014024225995308119, 0.7426632250644682]}
{"CMD":[-0.06953427568841215, 20.0, 0, 6.705924677600743]}
{"Distance":[1.009676793858147]}
{"Time":[1615320510.0126712]}
{"IMU":[0.008916068077087402, -0.0009671052545309067, 0.74]}
{"Kalman":[0.017350894037214973, -0.0035106590420744526, 0.7426226238156205]}
{"CMD":[0.09593506612689423, 20.0, 0, 3.8820554035984585]}
{"Distance":[1.0158024925879667]}
{"Time":[1615320510.0599875]}
{"IMU":[0.008916068077087402, -0.0009671052545309067, 0.74]}
{"Kalman":[0.017350894037214973, -0.0035106590420744526, 0.7426226238156205]}
{"CMD":[0.09593506612689423, 20.0, 0, 3.8820554035984585]}
{"Distance":[1.0158024925879667]}
{"Time":[1615320510.1004488]}
{"IMU":[0.008916068077087402, -0.0009671052545309067, 0.74]}
{"Kalman":[0.017350894037214973, -0.0035106590420744526, 0.7426226238156205]}
{"CMD":[0.09593506612689423, 20.0, 0, 3.8820554035984585]}
{"Distance":[1.0158024925879667]}
{"Time":[1615320510.143666]}
{"IMU":[0.008916068077087402, -0.0009671052545309067, 0.74]}
{"Kalman":[0.017350894037214973, -0.0035106590420744526, 0.7426226238156205]}
{"CMD":[0.09593506612689423, 20.0, 0, 3.8820554035984585]}
{"Distance":[1.0158024925879667]}
{"Time":[1615320510.17904]}
{"IMU":[0.008916068077087402, -0.0009671052545309067, 0.74]}
{"Kalman":[0.017350894037214973, -0.0035106590420744526, 0.7426226238156205]}
{"CMD":[0.09593506612689423, 20.0, 0, 3.8820554035984585]}
{"Distance":[1.0158024925879667]}
{"Time":[1615320510.210385]}
{"IMU":[0.008916068077087402, -0.0009671052545309067, 0.74]}
{"Kalman":[0.017350894037214973, -0.0035106590420744526, 0.7426226238156205]}
{"CMD":[0.09593506612689423, 20.0, 0, 3.8820554035984585]}
{"Distance":[1.0158024925879667]}
{"Time":[1615320510.2384772]}
{"IMU":[0.008916068077087402, -0.0009671052545309067, 0.74]}
{"Kalman":[0.017350894037214973, -0.0035106590420744526, 0.7426226238156205]}
{"CMD":[0.09593506612689423, 20.0, 0, 3.8820554035984585]}
{"Distance":[1.0158024925879667]}
{"Time":[1615320510.265559]}
{"IMU":[0.008916068077087402, -0.0009671052545309067, 0.74]}
{"Kalman":[0.017350894037214973, -0.0035106590420744526, 0.7426226238156205]}
{"CMD":[0.09593506612689423, 20.0, 0, 3.8820554035984585]}
{"Distance":[1.0158024925879667]}
{"Time":[1615320510.296892]}
{"IMU":[0.008916068077087402, -0.0009671052545309067, 0.74]}
{"Kalman":[0.017350894037214973, -0.0035106590420744526, 0.7426226238156205]}
{"CMD":[0.09593506612689423, 20.0, 0, 3.8820554035984585]}
{"Distance":[1.0158024925879667]}
{"Time":[1615320510.3263583]}
{"IMU":[0.008916068077087402, -0.0009671052545309067, 0.74]}
{"Kalman":[0.017350894037214973, -0.0035106590420744526, 0.7426226238156205]}
{"CMD":[0.09593506612689423, 20.0, 0, 3.8820554035984585]}
{"Distance":[1.0158024925879667]}
{"Time":[1615320510.3583724]}
{"IMU":[0.024383327960968017, -0.005710532665252685, 0.74]}
{"Kalman":[0.029430843686972134, -0.007332855203392228, 0.7426226170789577]}
{"CMD":[0.09828867620917121, 20.0, 0, 3.882055481442535]}
{"Distance":[1.004142109061711]}
{"Time":[1615320510.393236]}
{"IMU":[0.024383327960968017, -0.005710532665252685, 0.74]}
{"Kalman":[0.11350460289610532, -0.0149879305154, 0.7356567746319063]}
{"CMD":[0.3672167277172662, 20.0, 0, 3.981648547855559]}
{"Distance":[0.9251897469954653]}
{"Time":[1615320510.4370012]}
{"IMU":[0.024383327960968017, -0.005710532665252685, 0.74]}
{"Kalman":[0.1231009549157244, -0.01624478116757168, 0.73563568476749]}
{"CMD":[0.43053224161359566, 20.0, 0, 3.9874230160454442]}
{"Distance":[0.9160263748131113]}
{"Time":[1615320510.482479]}
{"IMU":[0.024383327960968017, -0.005710532665252685, 0.74]}
{"Kalman":[0.1231009549157244, -0.01624478116757168, 0.73563568476749]}
{"CMD":[0.443917833332806, 20.0, 0, 3.9874402858616813]}
{"Distance":[0.9160263748131113]}
{"Time":[1615320510.529578]}
{"IMU":[0.024383327960968017, -0.005710532665252685, 0.74]}
{"Kalman":[0.1231009549157244, -0.01624478116757168, 0.73563568476749]}
{"CMD":[0.443917833332806, 20.0, 0, 3.9874402858616813]}
{"Distance":[0.9160263748131113]}
{"Time":[1615320510.577557]}
{"IMU":[0.024383327960968017, -0.005710532665252685, 0.74]}
{"Kalman":[0.1231009549157244, -0.01624478116757168, 0.73563568476749]}
{"CMD":[0.443917833332806, 20.0, 0, 3.9874402858616813]}
{"Distance":[0.9160263748131113]}
{"Time":[1615320510.6285746]}
{"IMU":[0.024383327960968017, -0.005710532665252685, 0.74]}
{"Kalman":[0.1231009549157244, -0.01624478116757168, 0.73563568476749]}
{"CMD":[0.443917833332806, 20.0, 0, 3.9874402858616813]}
{"Distance":[0.9160263748131113]}
{"Time":[1615320510.6864407]}
{"IMU":[0.024383327960968017, -0.005710532665252685, 0.74]}
{"Kalman":[0.1231009549157244, -0.01624478116757168, 0.73563568476749]}
{"CMD":[0.443917833332806, 20.0, 0, 3.9874402858616813]}
{"Distance":[0.9160263748131113]}
{"Time":[1615320510.7470696]}
{"IMU":[0.024383327960968017, -0.005710532665252685, 0.74]}
{"Kalman":[0.1231009549157244, -0.01624478116757168, 0.73563568476749]}
{"CMD":[0.443917833332806, 20.0, 0, 3.9874402858616813]}
{"Distance":[0.9160263748131113]}
{"Time":[1615320510.802424]}
{"IMU":[0.024383327960968017, -0.005710532665252685, 0.74]}
{"Kalman":[0.1231009549157244, -0.01624478116757168, 0.73563568476749]}
{"CMD":[0.443917833332806, 20.0, 0, 3.9874402858616813]}
{"Distance":[0.9160263748131113]}
{"Time":[1615320510.8586085]}
{"IMU":[0.09718988418579101, -0.008582614660263062, 0.76]}
{"Kalman":[0.18501823125479025, -0.018630040201482245, 0.7553779781067059]}
{"CMD":[0.47080215392826386, 20.0, 0, 3.9874404988915195]}
{"Distance":[0.8511065123591421]}
{"Time":[1615320510.9165585]}
{"IMU":[0.09718988418579101, -0.008582614660263062, 0.76]}
{"Kalman":[0.3195601183988171, -0.027305614959432428, 0.7535408576716773]}
{"CMD":[0.7461749903290972, 18.594242350066757, 0, 3.717374306265749]}
{"Distance":[0.7242141519736804]}
{"Time":[1615320510.9822154]}
{"IMU":[0.09718988418579101, -0.008582614660263062, 0.76]}
{"Kalman":[0.3234355276584596, -0.027662520197442628, 0.7535408385654216]}
{"CMD":[0.7554388754757441, 18.493651654122544, 0, 3.7173745944451846]}
{"Distance":[0.7205878284522272]}
{"Time":[1615320511.0585454]}
{"IMU":[0.09718988418579101, -0.008582614660263062, 0.76]}
{"Kalman":[0.3234355276584596, -0.027662520197442628, 0.7535408385654216]}
{"CMD":[0.7559280672298124, 18.488339828877198, 0, 3.7173745944478123]}
{"Distance":[0.7205878284522272]}
{"Time":[1615320511.1234481]}
{"IMU":[0.09718988418579101, -0.008582614660263062, 0.76]}
{"Kalman":[0.3234355276584596, -0.027662520197442628, 0.7535408385654216]}
{"CMD":[0.7559280672298124, 18.488339828877198, 0, 3.7173745944478123]}
{"Distance":[0.7205878284522272]}
{"Time":[1615320511.1856122]}
{"IMU":[0.09718988418579101, -0.008582614660263062, 0.76]}
{"Kalman":[0.3234355276584596, -0.027662520197442628, 0.7535408385654216]}
{"CMD":[0.7559280672298124, 18.488339828877198, 0, 3.7173745944478123]}
{"Distance":[0.7205878284522272]}
{"Time":[1615320511.2277746]}
{"IMU":[0.09718988418579101, -0.008582614660263062, 0.76]}
{"Kalman":[0.3234355276584596, -0.027662520197442628, 0.7535408385654216]}
{"CMD":[0.7559280672298124, 18.488339828877198, 0, 3.7173745944478123]}
{"Distance":[0.7205878284522272]}
{"Time":[1615320511.290427]}
{"IMU":[0.09718988418579101, -0.008582614660263062, 0.76]}
{"Kalman":[0.3234355276584596, -0.027662520197442628, 0.7535408385654216]}
{"CMD":[0.7559280672298124, 18.488339828877198, 0, 3.7173745944478123]}
{"Distance":[0.7205878284522272]}
{"Time":[1615320511.352726]}
{"IMU":[0.2180846405029297, -0.010165390968322753, 0.78]}
{"Kalman":[0.5404231181299194, -0.042586947743664436, 0.7727032433760325]}
{"CMD":[0.7918186510584185, 14.608585790807192, 0, 3.4166232771361633]}
{"Distance":[0.5144787401237516]}
{"Time":[1615320511.4435973]}
{"IMU":[0.2180846405029297, -0.010165390968322753, 0.78]}
{"Kalman":[0.5618018992624014, -0.04646619076992969, 0.7726924970895086]}
