{"IMU":[-0.009335956573486327, 0.010131014585494995, 0.78]}
{"Kalman":[-0.0027766531797164314, -0.005910502001827739, 0.7852010641126588]}
{"CMD":[0.09222640437874936, 15.647145553647142, 0, 2.663616534649409]}
{"Distance":[1.0255410928161586]}
{"Time":[1615307930.106903]}
{"IMU":[-0.009335956573486327, 0.010131014585494995, 0.78]}
{"Kalman":[-0.0027766531797164314, -0.005910502001827739, 0.7852010641126588]}
{"CMD":[0.09222640437874936, 15.647145553647142, 0, 2.663616534649409]}
{"Distance":[1.0255410928161586]}
{"Time":[1615307930.2259207]}
{"IMU":[0.005134382247924805, 0.002601102888584137, 0.78]}
{"Kalman":[0.010512081721871729, -0.012517543984116374, 0.7852037481529683]}
{"CMD":[0.09222640437874936, 15.647145553647142, 0, 2.663616534649409]}
{"Distance":[1.012610714506474]}
{"Time":[1615307930.3369544]}
{"IMU":[0.005134382247924805, 0.002601102888584137, 0.78]}
{"Kalman":[0.06659083314706606, -0.01238421288238114, 0.7723790154821443]}
{"CMD":[0.19511549859017427, 14.682323704622826, 0, 2.783091393237163]}
{"Distance":[0.9608420026657257]}
{"Time":[1615307930.4499316]}
{"IMU":[0.005134382247924805, 0.002601102888584137, 0.78]}
{"Kalman":[0.06659083314706606, -0.01238421288238114, 0.7723790154821443]}
{"CMD":[0.19324101825019369, 14.564747841450638, 0, 2.82261648778805]}
{"Distance":[0.9608420026657257]}
{"Time":[1615307930.565956]}
{"IMU":[0.005134382247924805, 0.002601102888584137, 0.78]}
{"Kalman":[0.06659083314706606, -0.01238421288238114, 0.7723790154821443]}
{"CMD":[0.19324101825019369, 14.564747841450638, 0, 2.82261648778805]}
{"Distance":[0.9608420026657257]}
{"Time":[1615307930.6779346]}
{"IMU":[0.005134382247924805, 0.002601102888584137, 0.78]}
{"Kalman":[0.06659083314706606, -0.01238421288238114, 0.7723790154821443]}
{"CMD":[0.19324101825019369, 14.564747841450638, 0, 2.82261648778805]}
{"Distance":[0.9608420026657257]}
{"Time":[1615307930.7899036]}
{"IMU":[0.08209503173828125, 0.009798483252525329, 0.8]}
{"Kalman":[0.25740284696709775, -0.003872520375784864, 0.7913120303467378]}
{"CMD":[0.19324101825019369, 14.564747841450638, 0, 2.82261648778805]}
{"Distance":[0.7713729297717372]}
{"Time":[1615307930.9038842]}
{"IMU":[0.08209503173828125, 0.009798483252525329, 0.8]}
{"Kalman":[0.25770795333308316, -0.003865884593508036, 0.7913111649955762]}
{"CMD":[0.0603855100330044, 11.585485048802886, 0, 2.587842799590161]}
{"Distance":[0.7710794106083719]}
{"Time":[1615307931.0218816]}
{"IMU":[0.08209503173828125, 0.009798483252525329, 0.8]}
{"Kalman":[0.25770795333308316, -0.003865884593508036, 0.7913111649955762]}
{"CMD":[0.060322564088836336, 11.582590859771745, 0, 2.5878481623672913]}
{"Distance":[0.7710794106083719]}
{"Time":[1615307931.1369345]}
{"IMU":[0.08209503173828125, 0.009798483252525329, 0.8]}
{"Kalman":[0.25770795333308316, -0.003865884593508036, 0.7913111649955762]}
{"CMD":[0.060322564088836336, 11.582590859771745, 0, 2.5878481623672913]}
{"Distance":[0.7710794106083719]}
{"Time":[1615307931.2505412]}
{"IMU":[0.23145036697387694, 0.030059731006622313, 0.81]}
{"Kalman":[0.48414525368206807, 0.011269163240527753, 0.7978218466610523]}
{"CMD":[0.060322564088836336, 11.582590859771745, 0, 2.5878481623672913]}
{"Distance":[0.5541742677411381]}
{"Time":[1615307931.3655477]}
{"IMU":[0.23145036697387694, 0.030059731006622313, 0.81]}
{"Kalman":[0.49806174805361547, 0.010298654583516116, 0.7967711803193444]}
{"CMD":[-0.175841985284779, 8.049304174146753, 0, 2.5071123837454805]}
{"Distance":[0.5416179688692161]}
{"Time":[1615307931.478541]}
{"IMU":[0.23145036697387694, 0.030059731006622313, 0.81]}
{"Kalman":[0.49806174805361547, 0.010298654583516116, 0.7967711803193444]}
{"CMD":[-0.16069834370798003, 7.832153712638066, 0, 2.520141183113652]}
{"Distance":[0.5416179688692161]}
{"Time":[1615307931.592607]}
{"IMU":[0.23145036697387694, 0.030059731006622313, 0.81]}
{"Kalman":[0.49806174805361547, 0.010298654583516116, 0.7967711803193444]}
{"CMD":[-0.16069834370798003, 7.832153712638066, 0, 2.520141183113652]}
{"Distance":[0.5416179688692161]}
{"Time":[1615307931.7076201]}
{"IMU":[0.41421047210693357, 0.05000391006469727, 0.83]}
{"Kalman":[0.6658466926311786, 0.02745971044054036, 0.8142631658861275]}
{"CMD":[-0.16069834370798003, 7.832153712638066, 0, 2.520141183113652]}
{"Distance":[0.3832892381343945]}
{"Time":[1615307931.8215795]}
{"IMU":[0.41421047210693357, 0.05000391006469727, 0.83]}
{"Kalman":[0.7270479101762021, 0.01793339081377423, 0.8150054027679263]}
{"CMD":[-0.42847635588812905, 5.214067779752634, 0, 2.3032316263364754]}
{"Distance":[0.33022333480587857]}
{"Time":[1615307931.936091]}
{"IMU":[0.41421047210693357, 0.05000391006469727, 0.83]}
{"Kalman":[0.7270479101762021, 0.01793339081377423, 0.8150054027679263]}
{"CMD":[-0.2798293871758839, 4.259095048835073, 0, 2.2940275098318064]}
{"Distance":[0.33022333480587857]}
{"Time":[1615307932.0530407]}
{"IMU":[0.41421047210693357, 0.05000391006469727, 0.83]}
{"Kalman":[0.7270479101762021, 0.01793339081377423, 0.8150054027679263]}
{"CMD":[-0.2798293871758839, 4.259095048835073, 0, 2.2940275098318064]}
{"Distance":[0.33022333480587857]}
{"Time":[1615307932.1681151]}
{"IMU":[0.41421047210693357, 0.05000391006469727, 0.83]}
{"Kalman":[0.7270479101762021, 0.01793339081377423, 0.8150054027679263]}
{"CMD":[-0.2798293871758839, 4.259095048835073, 0, 2.2940275098318064]}
{"Distance":[0.33022333480587857]}
{"Time":[1615307932.2830935]}
{"IMU":[0.6234027862548828, 0.06593279361724853, 0.86]}
{"Kalman":[0.9475811957314568, 0.028647744859705764, 0.8418422313332747]}
{"CMD":[-0.2798293871758839, 4.259095048835073, 0, 2.2940275098318064]}
{"Distance":[0.16906301817999114]}
{"Time":[1615307932.3970816]}
