{"IMU":[2.758344179999996, 0.7419777700000024, 0.0]}
{"Kalman":[2.4515523827913404, 1.2057944100947378, 0.001767324382979292]}
{"UWB":[2.38899721, 1.33390392, 0.95877371]}
{"Distance":[2.4446856929546845]}
{"Time":[1615577187.3280642]}
{"IMU":[2.758344179999996, 0.7419777700000024, 0.0]}
{"Kalman":[2.4515523827913404, 1.2057944100947378, 0.001767324382979292]}
{"UWB":[2.46293868, 1.35289526, 1.1514542]}
{"Distance":[2.4446856929546845]}
{"Time":[1615577187.624832]}
{"IMU":[2.758344179999996, 0.7419777700000024, 0.0]}
{"Kalman":[2.4515523827913404, 1.2057944100947378, 0.001767324382979292]}
{"UWB":[2.45513167, 1.39266932, 1.15148426]}
{"Distance":[2.4446856929546845]}
{"Time":[1615577187.91416]}
{"IMU":[2.758344179999996, 0.7419777700000024, 0.0]}
{"Kalman":[2.4515523827913404, 1.2057944100947378, 0.001767324382979292]}
{"UWB":[2.53145673, 1.24601547, 1.1948538]}
{"Distance":[2.4446856929546845]}
{"Time":[1615577188.212386]}
{"IMU":[2.758344179999996, 0.7419777700000024, 0.0]}
{"Kalman":[2.4515523827913404, 1.2057944100947378, 0.001767324382979292]}
{"UWB":[2.48239333, 1.29455201, 0.95428132]}
{"Distance":[2.4446856929546845]}
{"Time":[1615577188.5103865]}
{"IMU":[2.758344179999996, 0.7419777700000024, 0.0]}
{"Kalman":[2.4515523827913404, 1.2057944100947378, 0.001767324382979292]}
{"UWB":[2.4364413, 1.3287174, 0.96194777]}
{"Distance":[2.4446856929546845]}
{"Time":[1615577189.4134533]}
{"IMU":[2.758344179999996, 0.7419777700000024, 0.0]}
{"Kalman":[2.4515523827913404, 1.2057944100947378, 0.001767324382979292]}
{"UWB":[2.39896538, 1.43408404, 1.14937661]}
{"Distance":[2.4446856929546845]}
{"Time":[1615577189.7944734]}
{"IMU":[2.758344179999996, 0.7419777700000024, 0.0]}
{"Kalman":[2.4515523827913404, 1.2057944100947378, 0.001767324382979292]}
{"UWB":[2.54973304, 1.33745428, 1.2356654]}
{"Distance":[2.4446856929546845]}
{"Time":[1615577190.2198417]}
{"IMU":[2.758344179999996, 0.7419777700000024, 0.0]}
{"Kalman":[2.4515523827913404, 1.2057944100947378, 0.001767324382979292]}
{"UWB":[2.50035451, 1.33413782, 1.19799051]}
{"Distance":[2.4446856929546845]}
{"Time":[1615577190.626523]}
{"IMU":[2.758344179999996, 0.7419777700000024, 0.0]}
{"Kalman":[2.4515523827913404, 1.2057944100947378, 0.001767324382979292]}
{"UWB":[2.53344652, 1.27551644, 1.4896885]}
{"Distance":[2.4446856929546845]}
{"Time":[1615577191.017307]}
{"IMU":[2.758344179999996, 0.7419777700000024, 0.0]}
{"Kalman":[2.4515523827913404, 1.2057944100947378, 0.001767324382979292]}
{"UWB":[2.54285901, 0.55460796, 2.19440497]}
{"Distance":[2.4446856929546845]}
{"Time":[1615577191.3907042]}
{"IMU":[2.758344179999996, 0.7419777700000024, 0.0]}
{"Kalman":[2.4515523827913404, 1.2057944100947378, 0.001767324382979292]}
{"UWB":[3.64804751, 0.46554216, -5.72772693]}
{"Distance":[2.4446856929546845]}
{"Time":[1615577191.778069]}
{"IMU":[2.758344179999996, 0.7419777700000024, 0.0]}
{"Kalman":[2.5277366493308793, 1.137471406731374, 0.001356875235614269]}
{"UWB":[2.42103146, 1.38411149, 1.23251813]}
{"Distance":[2.5126816857112093]}
{"Time":[1615577192.201968]}
{"IMU":[2.758344179999996, 0.7419777700000024, 0.0]}
{"Kalman":[2.465382759204198, 1.0820015716561466, 0.0018736579139846392]}
{"UWB":[2.40915214, 0.78205189, 2.31843087]}
{"Distance":[2.568231742140264]}
{"Time":[1615577192.6538343]}
