{"IMU":[-0.001130843386054039, -0.0009826916456222535, 0.74]}
{"Kalman":[-0.0012232381912148306, -8.860885373683394e-05, 0.7369003732548138]}
{"CMD":[0.06020866919321863, 20.0, 0, 3.234178505866414]}
{"Distance":[1.0352146608984472]}
{"Time":[1615300585.9686513]}
{"IMU":[-0.001130843386054039, -0.0009826916456222535, 0.74]}
{"Kalman":[-0.0012427500875428436, -6.244427708440266e-05, 0.7368678079908741]}
{"CMD":[0.0017374792263276729, 20.0, 0, 3.262973373936973]}
{"Distance":[1.0352418070063056]}
{"Time":[1615300586.1194763]}
{"IMU":[-0.001130843386054039, -0.0009826916456222535, 0.74]}
{"Kalman":[-0.0012427500875428436, -6.244427708440266e-05, 0.7368678079908741]}
{"CMD":[0.001732160805558037, 20.0, 0, 3.2629736015156667]}
{"Distance":[1.0352418070063056]}
{"Time":[1615300586.2528896]}
{"IMU":[0.03199324369430542, -0.0014809691905975342, 0.76]}
{"Kalman":[0.03084620003748134, -0.0005295670930201586, 0.7560527244798068]}
{"CMD":[0.001732160805558037, 20.0, 0, 3.2629736015156667]}
{"Distance":[0.9993846314892082]}
{"Time":[1615300586.3963687]}
{"IMU":[0.03199324369430542, -0.0014809691905975342, 0.76]}
{"Kalman":[0.11601759464045779, 0.0002428867885128558, 0.7492602627049311]}
{"CMD":[-0.006075108686935993, 20.0, 0, 3.1080007748076373]}
{"Distance":[0.918855466239405]}
{"Time":[1615300586.544447]}
{"IMU":[0.03199324369430542, -0.0014809691905975342, 0.76]}
{"Kalman":[0.11601759464045779, 0.0002428867885128558, 0.7492602627049311]}
{"CMD":[-0.0067375105436991295, 20.0, 0, 3.109300832398372]}
{"Distance":[0.918855466239405]}
{"Time":[1615300586.6913362]}
{"IMU":[0.03199324369430542, -0.0014809691905975342, 0.76]}
{"Kalman":[0.11601759464045779, 0.0002428867885128558, 0.7492602627049311]}
{"CMD":[-0.0067375105436991295, 20.0, 0, 3.109300832398372]}
{"Distance":[0.918855466239405]}
{"Time":[1615300586.8310661]}
{"IMU":[0.16588777542114258, -0.002788272202014923, 0.79]}
{"Kalman":[0.34186742263773584, -0.00010286326428816939, 0.7785860104241892]}
{"CMD":[-0.0067375105436991295, 20.0, 0, 3.109300832398372]}
{"Distance":[0.6943793305868378]}
{"Time":[1615300586.964981]}
{"IMU":[0.16588777542114258, -0.002788272202014923, 0.79]}
{"Kalman":[0.3433451383988496, -7.411509341965963e-05, 0.778578522764255]}
{"CMD":[0.00205590113163266, 18.21514904411885, 0, 2.7457394304828386]}
{"Distance":[0.6929813008579182]}
{"Time":[1615300587.117005]}
{"IMU":[0.16588777542114258, -0.002788272202014923, 0.79]}
{"Kalman":[0.3433451383988496, -7.411509341965963e-05, 0.778578522764255]}
{"CMD":[0.00205590113163266, 18.21514904411885, 0, 2.7457394304828386]}
{"Distance":[0.6929813008579182]}
{"Time":[1615300587.265315]}
{"IMU":[0.38052661895751955, -0.0047248643636703495, 0.81]}
{"Kalman":[0.6283127081224843, -0.006720336173046713, 0.801403037868869]}
{"CMD":[0.00205590113163266, 18.21514904411885, 0, 2.7457394304828386]}
{"Distance":[0.421470472547288]}
{"Time":[1615300587.4636075]}
{"IMU":[0.38052661895751955, -0.0047248643636703495, 0.81]}
{"Kalman":[0.6283127081224843, -0.006720336173046713, 0.801403037868869]}
{"CMD":[0.18641745028757847, 10.310346904072924, 0, 2.462703783323527]}
{"Distance":[0.421470472547288]}
{"Time":[1615300587.6122298]}
{"IMU":[0.38052661895751955, -0.0047248643636703495, 0.81]}
{"Kalman":[0.6283127081224843, -0.006720336173046713, 0.801403037868869]}
{"CMD":[0.18641745028757847, 10.310346904072924, 0, 2.462703783323527]}
{"Distance":[0.421470472547288]}
{"Time":[1615300587.7652278]}
{"IMU":[0.6454698181152344, -0.011819658279418945, 0.82]}
{"Kalman":[0.9234089141746187, -0.01735750448942843, 0.8124652931885638]}
{"CMD":[0.18641745028757847, 10.310346904072924, 0, 2.462703783323527]}
{"Distance":[0.20331439606890314]}
{"Time":[1615300587.90092]}
{"IMU":[0.6454698181152344, -0.011819658279418945, 0.82]}
{"Kalman":[0.9259486526387897, -0.017890379450622763, 0.812614363003788]}
{"CMD":[0.4926585777363883, 2.0713294581386816, 0, 2.323895608273629]}
{"Distance":[0.20227962001984787]}
{"Time":[1615300588.0406199]}
{"IMU":[0.6454698181152344, -0.011819658279418945, 0.82]}
{"Kalman":[0.9259486526387897, -0.017890379450622763, 0.812614363003788]}
{"CMD":[0.496266680116153, 2.0541328603176527, 0, 2.323677624365444]}
{"Distance":[0.20227962001984787]}
{"Time":[1615300588.1830513]}
{"IMU":[0.6454698181152344, -0.011819658279418945, 0.82]}
{"Kalman":[0.9259486526387897, -0.017890379450622763, 0.812614363003788]}
{"CMD":[0.496266680116153, 2.0541328603176527, 0, 2.323677624365444]}
{"Distance":[0.20227962001984787]}
{"Time":[1615300588.3213272]}
{"IMU":[0.9200305938720703, -0.02251781940460205, 0.84]}
{"Kalman":[1.1801582059588784, -0.027098579127509813, 0.831987543166691]}
{"CMD":[0.496266680116153, 2.0541328603176527, 0, 2.323677624365444]}
{"Distance":[0.2478295741355662]}
{"Time":[1615300588.4707246]}
{"IMU":[0.9200305938720703, -0.02251781940460205, 0.84]}
{"Kalman":[1.1801582059588784, -0.027098579127509813, 0.831987543166691]}
{"CMD":[0.7516957332621608, -4.9974633021985735, 0, 2.083440293591537]}
{"Distance":[0.2478295741355662]}
{"Time":[1615300588.636109]}
{"IMU":[0.9200305938720703, -0.02251781940460205, 0.84]}
{"Kalman":[1.1801582059588784, -0.027098579127509813, 0.831987543166691]}
{"CMD":[0.7516957332621608, -4.9974633021985735, 0, 2.083440293591537]}
{"Distance":[0.2478295741355662]}
{"Time":[1615300588.786276]}
{"IMU":[1.160418243408203, -0.03239659309387207, 0.86]}
{"Kalman":[1.3756251707112983, -0.03464146202460151, 0.8531764750711008]}
{"CMD":[0.7516957332621608, -4.9974633021985735, 0, 2.083440293591537]}
{"Distance":[0.4047856806207959]}
{"Time":[1615300588.9384313]}
{"IMU":[1.160418243408203, -0.03239659309387207, 0.86]}
{"Kalman":[1.3750500255153706, -0.034578147551810906, 0.8531946720474867]}
{"CMD":[0.9591737580225747, -10.403626795825867, 0, 1.8204610618463883]}
{"Distance":[0.40423999584707093]}
{"Time":[1615300589.1055112]}
{"IMU":[1.160418243408203, -0.03239659309387207, 0.86]}
{"Kalman":[1.3750500255153706, -0.034578147551810906, 0.8531946720474867]}
{"CMD":[0.9591737580225747, -10.403626795825867, 0, 1.8204610618463883]}
{"Distance":[0.40423999584707093]}
{"Time":[1615300589.2618265]}
{"IMU":[1.342097625732422, -0.039697349071502686, 0.88]}
{"Kalman":[1.551033953854585, -0.0414206277035649, 0.8723796766214165]}
{"CMD":[0.9591737580225747, -10.403626795825867, 0, 1.8204610618463883]}
{"Distance":[0.5671340526182751]}
{"Time":[1615300589.39403]}
{"IMU":[1.342097625732422, -0.039697349071502686, 0.88]}
{"Kalman":[1.4820638471322938, -0.039261930199656556, 0.875916366497033]}
{"CMD":[1.0931759906587162, -13.430997302256138, 0, 1.5401223811072433]}
{"Distance":[0.499323342112392]}
{"Time":[1615300589.5338025]}
{"IMU":[1.342097625732422, -0.039697349071502686, 0.88]}
{"Kalman":[1.4820638471322938, -0.039261930199656556, 0.875916366497033]}
{"CMD":[1.0890986302952583, -13.372115760911736, 0, 1.5387004433356615]}
{"Distance":[0.499323342112392]}
{"Time":[1615300589.6754067]}
{"IMU":[1.342097625732422, -0.039697349071502686, 0.88]}
{"Kalman":[1.4820638471322938, -0.039261930199656556, 0.875916366497033]}
{"CMD":[1.0890986302952583, -13.372115760911736, 0, 1.5387004433356615]}
{"Distance":[0.499323342112392]}
{"Time":[1615300589.8145914]}
{"IMU":[1.4377117919921876, -0.041088285446166994, 0.89]}
{"Kalman":[1.4891663445508785, -0.037299921600134706, 0.8879139020364473]}
{"CMD":[1.0890986302952583, -13.372115760911736, 0, 1.5387004433356615]}
{"Distance":[0.5032278709981594]}
{"Time":[1615300589.9633713]}
{"IMU":[1.4377117919921876, -0.041088285446166994, 0.89]}
{"Kalman":[1.48785174948156, -0.03719657217775197, 0.8879428588884855]}
{"CMD":[1.0318070355803024, -13.532668145596167, 0, 1.3895657939698496]}
{"Distance":[0.5019359693507522]}
{"Time":[1615300590.143487]}
{"IMU":[1.4377117919921876, -0.041088285446166994, 0.89]}
{"Kalman":[1.48785174948156, -0.03719657217775197, 0.8879428588884855]}
{"CMD":[1.0318070355803024, -13.532668145596167, 0, 1.3895657939698496]}
{"Distance":[0.5019359693507522]}
{"Time":[1615300590.333852]}
