{"IMU":[0.027785272598266603, -0.015827043056488035, 0.78]}
{"Kalman":[0.05248992777828537, -0.02807551089313262, 0.783297681802101]}
{"CMD":[0.19830697280669074, 20.0, 0, 6.417447709369853]}
{"Distance":[0.9723803093367599]}
{"Time":[1615320849.430851]}
{"IMU":[0.027785272598266603, -0.015827043056488035, 0.78]}
{"Kalman":[0.03282961030457337, -0.024936978272046106, 0.7818226808308858]}
{"CMD":[0.6814477369810419, 20.0, 0, 3.2907960030501284]}
{"Distance":[0.9917871536719789]}
{"Time":[1615320849.525802]}
{"IMU":[0.027785272598266603, -0.015827043056488035, 0.78]}
{"Kalman":[0.03282961030457337, -0.024936978272046106, 0.7818226808308858]}
{"CMD":[0.6814477369810419, 20.0, 0, 3.2907960030501284]}
{"Distance":[0.9917871536719789]}
{"Time":[1615320849.5743527]}
{"IMU":[0.027785272598266603, -0.015827043056488035, 0.78]}
{"Kalman":[0.03282961030457337, -0.024936978272046106, 0.7818226808308858]}
{"CMD":[0.6814477369810419, 20.0, 0, 3.2907960030501284]}
{"Distance":[0.9917871536719789]}
{"Time":[1615320849.6320808]}
{"IMU":[0.027785272598266603, -0.015827043056488035, 0.78]}
{"Kalman":[0.03282961030457337, -0.024936978272046106, 0.7818226808308858]}
{"CMD":[0.6814477369810419, 20.0, 0, 3.2907960030501284]}
{"Distance":[0.9917871536719789]}
{"Time":[1615320849.6725721]}
{"IMU":[0.027785272598266603, -0.015827043056488035, 0.78]}
{"Kalman":[0.03282961030457337, -0.024936978272046106, 0.7818226808308858]}
{"CMD":[0.6814477369810419, 20.0, 0, 3.2907960030501284]}
{"Distance":[0.9917871536719789]}
{"Time":[1615320849.7160764]}
{"IMU":[0.027785272598266603, -0.015827043056488035, 0.78]}
{"Kalman":[0.03282961030457337, -0.024936978272046106, 0.7818226808308858]}
{"CMD":[0.6814477369810419, 20.0, 0, 3.2907960030501284]}
{"Distance":[0.9917871536719789]}
{"Time":[1615320849.775595]}
{"IMU":[0.03722322702407837, -0.020677156448364258, 0.78]}
{"Kalman":[0.146324666295809, -0.023428886997464357, 0.7749259828698913]}
{"CMD":[0.6715652835216841, 20.0, 0, 3.389400465700459]}
{"Distance":[0.8831584236749295]}
{"Time":[1615320849.857838]}
{"IMU":[0.03722322702407837, -0.020677156448364258, 0.78]}
{"Kalman":[0.1584699957443825, -0.022499237204349935, 0.7749051023576518]}
{"CMD":[0.6148320822772211, 20.0, 0, 3.395134711020314]}
{"Distance":[0.8714050015244671]}
{"Time":[1615320849.9111]}
{"IMU":[0.03722322702407837, -0.020677156448364258, 0.78]}
{"Kalman":[0.1584699957443825, -0.022499237204349935, 0.7749051023576518]}
{"CMD":[0.6148320822772211, 20.0, 0, 3.395134711020314]}
{"Distance":[0.8714050015244671]}
{"Time":[1615320849.960618]}
{"IMU":[0.03722322702407837, -0.020677156448364258, 0.78]}
{"Kalman":[0.1584699957443825, -0.022499237204349935, 0.7749051023576518]}
{"CMD":[0.6148320822772211, 20.0, 0, 3.395134711020314]}
{"Distance":[0.8714050015244671]}
{"Time":[1615320850.0110695]}
{"IMU":[0.03722322702407837, -0.020677156448364258, 0.78]}
{"Kalman":[0.1584699957443825, -0.022499237204349935, 0.7749051023576518]}
{"CMD":[0.6148320822772211, 20.0, 0, 3.395134711020314]}
{"Distance":[0.8714050015244671]}
{"Time":[1615320850.051607]}
{"IMU":[0.03722322702407837, -0.020677156448364258, 0.78]}
{"Kalman":[0.1584699957443825, -0.022499237204349935, 0.7749051023576518]}
{"CMD":[0.6148320822772211, 20.0, 0, 3.395134711020314]}
{"Distance":[0.8714050015244671]}
{"Time":[1615320850.1012063]}
{"IMU":[0.03722322702407837, -0.020677156448364258, 0.78]}
{"Kalman":[0.1584699957443825, -0.022499237204349935, 0.7749051023576518]}
{"CMD":[0.6148320822772211, 20.0, 0, 3.395134711020314]}
{"Distance":[0.8714050015244671]}
{"Time":[1615320850.1528523]}
{"IMU":[0.03722322702407837, -0.020677156448364258, 0.78]}
{"Kalman":[0.1584699957443825, -0.022499237204349935, 0.7749051023576518]}
{"CMD":[0.6148320822772211, 20.0, 0, 3.395134711020314]}
{"Distance":[0.8714050015244671]}
{"Time":[1615320850.2021694]}
{"IMU":[0.03722322702407837, -0.020677156448364258, 0.78]}
{"Kalman":[0.1584699957443825, -0.022499237204349935, 0.7749051023576518]}
{"CMD":[0.6148320822772211, 20.0, 0, 3.395134711020314]}
{"Distance":[0.8714050015244671]}
{"Time":[1615320850.253962]}
{"IMU":[0.03722322702407837, -0.020677156448364258, 0.78]}
{"Kalman":[0.1584699957443825, -0.022499237204349935, 0.7749051023576518]}
{"CMD":[0.6148320822772211, 20.0, 0, 3.395134711020314]}
{"Distance":[0.8714050015244671]}
{"Time":[1615320850.3034818]}
{"IMU":[0.11400981903076172, -0.03466461181640625, 0.8]}
{"Kalman":[0.22434074349151686, -0.03288432769770881, 0.7946473958352155]}
{"CMD":[0.6113854061598255, 20.0, 0, 3.3951349313259236]}
{"Distance":[0.8030556352163166]}
{"Time":[1615320850.3683212]}
{"IMU":[0.11400981903076172, -0.03466461181640625, 0.8]}
{"Kalman":[0.3269433655684839, -0.04669281429493025, 0.7946303433009129]}
{"CMD":[1.2715204344788247, 18.418918359416523, 0, 3.0976164074215946]}
{"Distance":[0.70523907148694]}
{"Time":[1615320850.4363415]}
{"IMU":[0.11400981903076172, -0.03466461181640625, 0.8]}
{"Kalman":[0.3276590167794874, -0.046813132465071246, 0.7946303432687118]}
{"CMD":[1.2792529564448731, 18.372925400060268, 0, 3.097616416284082]}
{"Distance":[0.7045640943129625]}
{"Time":[1615320850.479235]}
{"IMU":[0.11400981903076172, -0.03466461181640625, 0.8]}
{"Kalman":[0.3276590167794874, -0.046813132465071246, 0.7946303432687118]}
{"CMD":[1.2792529564448731, 18.372925400060268, 0, 3.097616416284082]}
{"Distance":[0.7045640943129625]}
{"Time":[1615320850.5142424]}
{"IMU":[0.11400981903076172, -0.03466461181640625, 0.8]}
{"Kalman":[0.3276590167794874, -0.046813132465071246, 0.7946303432687118]}
{"CMD":[1.2792529564448731, 18.372925400060268, 0, 3.097616416284082]}
{"Distance":[0.7045640943129625]}
{"Time":[1615320850.5540695]}
{"IMU":[0.11400981903076172, -0.03466461181640625, 0.8]}
{"Kalman":[0.3276590167794874, -0.046813132465071246, 0.7946303432687118]}
{"CMD":[1.2792529564448731, 18.372925400060268, 0, 3.097616416284082]}
{"Distance":[0.7045640943129625]}
{"Time":[1615320850.6006958]}
{"IMU":[0.11400981903076172, -0.03466461181640625, 0.8]}
{"Kalman":[0.3276590167794874, -0.046813132465071246, 0.7946303432687118]}
{"CMD":[1.2792529564448731, 18.372925400060268, 0, 3.097616416284082]}
{"Distance":[0.7045640943129625]}
{"Time":[1615320850.6601288]}
{"IMU":[0.11400981903076172, -0.03466461181640625, 0.8]}
{"Kalman":[0.3276590167794874, -0.046813132465071246, 0.7946303432687118]}
{"CMD":[1.2792529564448731, 18.372925400060268, 0, 3.097616416284082]}
{"Distance":[0.7045640943129625]}
{"Time":[1615320850.7034895]}
{"IMU":[0.11400981903076172, -0.03466461181640625, 0.8]}
{"Kalman":[0.3276590167794874, -0.046813132465071246, 0.7946303432687118]}
{"CMD":[1.2792529564448731, 18.372925400060268, 0, 3.097616416284082]}
{"Distance":[0.7045640943129625]}
{"Time":[1615320850.7546954]}
{"IMU":[0.23121026992797852, -0.050674147605895996, 0.82]}
{"Kalman":[0.4248613480296444, -0.05893440460804567, 0.8143726515423497]}
{"CMD":[1.2792529564448731, 18.372925400060268, 0, 3.097616416284082]}
{"Distance":[0.6072192730243339]}
{"Time":[1615320850.8174238]}
{"IMU":[0.23121026992797852, -0.050674147605895996, 0.82]}
{"Kalman":[0.6136614961921025, -0.04122170362462983, 0.8144060595434502]}
{"CMD":[1.1425621056618005, 10.669684701971509, 0, 2.7993366787086273]}
{"Distance":[0.43058306876656327]}
{"Time":[1615320850.904251]}
{"IMU":[0.23121026992797852, -0.050674147605895996, 0.82]}
{"Kalman":[0.6136614961921025, -0.04122170362462983, 0.8144060595434502]}
{"CMD":[1.1264571169393076, 10.557393773072082, 0, 2.799336795275818]}
{"Distance":[0.43058306876656327]}
{"Time":[1615320850.9815779]}
{"IMU":[0.23121026992797852, -0.050674147605895996, 0.82]}
{"Kalman":[0.6136614961921025, -0.04122170362462983, 0.8144060595434502]}
{"CMD":[1.1264571169393076, 10.557393773072082, 0, 2.799336795275818]}
{"Distance":[0.43058306876656327]}
{"Time":[1615320851.0879483]}
{"IMU":[0.23121026992797852, -0.050674147605895996, 0.82]}
{"Kalman":[0.6136614961921025, -0.04122170362462983, 0.8144060595434502]}
