{"IMU":[2.3163629172993274, 1.9982761933251958, 0.63]}
{"Kalman":[2.39487666216266, 2.069531182234385, 0.63]}
{"UWB":[2.432687265746056, 2.1036658849205723, 1.1215980728254347]}
{"Distance":[1.194115012927336]}
{"Time":[1615474398.33747]}
{"IMU":[2.3163629172993274, 1.9982761933251958, 0.63]}
{"Kalman":[2.39487666216266, 2.069531182234385, 0.63]}
{"UWB":[2.4329485742902452, 2.1040971516403144, 1.1240369815773243]}
{"Distance":[1.194115012927336]}
{"Time":[1615474398.3781445]}
{"IMU":[2.3163629172993274, 1.9982761933251958, 0.63]}
{"Kalman":[2.39487666216266, 2.069531182234385, 0.63]}
{"UWB":[2.433206606238269, 2.1045230106268935, 1.1264453084012904]}
{"Distance":[1.194115012927336]}
{"Time":[1615474398.4022803]}
{"IMU":[2.3163629172993274, 1.9982761933251958, 0.63]}
{"Kalman":[2.39487666216266, 2.069531182234385, 0.63]}
{"UWB":[2.4334614228349163, 2.104943562959434, 1.1288236249221544]}
{"Distance":[1.194115012927336]}
{"Time":[1615474398.4237156]}
{"IMU":[2.3163629172993274, 1.9982761933251958, 0.63]}
{"Kalman":[2.39487666216266, 2.069531182234385, 0.63]}
{"UWB":[2.433713083808075, 2.1053589072135535, 1.1311724886068464]}
{"Distance":[1.194115012927336]}
{"Time":[1615474398.4469743]}
{"IMU":[2.3163629172993274, 1.9982761933251958, 0.63]}
{"Kalman":[2.39487666216266, 2.069531182234385, 0.63]}
{"UWB":[2.4339616474154107, 2.1057691395383915, 1.1334924432000346]}
{"Distance":[1.194115012927336]}
{"Time":[1615474398.4888277]}
{"IMU":[2.3163629172993274, 1.9982761933251958, 0.63]}
{"Kalman":[2.39487666216266, 2.069531182234385, 0.63]}
{"UWB":[2.433930806574949, 2.106042836972405, 1.1355619587767933]}
{"Distance":[1.194115012927336]}
{"Time":[1615474398.5123549]}
{"IMU":[2.3163629172993274, 1.9982761933251958, 0.63]}
{"Kalman":[2.39487666216266, 2.069531182234385, 0.63]}
{"UWB":[2.4339003406991133, 2.106313206778042, 1.137606313069944]}
{"Distance":[1.194115012927336]}
{"Time":[1615474398.540811]}
{"IMU":[2.3163629172993274, 1.9982761933251958, 0.63]}
{"Kalman":[2.39487666216266, 2.069531182234385, 0.63]}
{"UWB":[2.4338702429909613, 2.1065803092748494, 1.139625962175262]}
{"Distance":[1.194115012927336]}
{"Time":[1615474398.55697]}
{"IMU":[2.3163629172993274, 1.9982761933251958, 0.63]}
{"Kalman":[2.39487666216266, 2.069531182234385, 0.63]}
{"UWB":[2.4338405068168414, 2.1068442033332566, 1.141621351231267]}
{"Distance":[1.194115012927336]}
{"Time":[1615474398.5729077]}
{"IMU":[2.3163629172993274, 1.9982761933251958, 0.63]}
{"Kalman":[2.39487666216266, 2.069531182234385, 0.63]}
{"UWB":[2.4338111257015167, 2.107104946417832, 1.1435929147463046]}
{"Distance":[1.194115012927336]}
{"Time":[1615474398.5909433]}
{"IMU":[2.3163629172993274, 1.9982761933251958, 0.63]}
{"Kalman":[2.39487666216266, 2.069531182234385, 0.63]}
{"UWB":[2.4338376326113007, 2.1075041525518508, 1.1456849288130928]}
{"Distance":[1.194115012927336]}
{"Time":[1615474398.609334]}
{"IMU":[2.3163629172993274, 1.9982761933251958, 0.63]}
{"Kalman":[2.39487666216266, 2.069531182234385, 0.63]}
{"UWB":[2.433919038377611, 2.1080393710618712, 1.1478952615634592]}
{"Distance":[1.194115012927336]}
{"Time":[1615474398.6281052]}
{"IMU":[2.3163629172993274, 1.9982761933251958, 0.63]}
{"Kalman":[2.39487666216266, 2.069531182234385, 0.63]}
{"UWB":[2.433999489237571, 2.1085683113489, 1.1500796666569297]}
{"Distance":[1.194115012927336]}
{"Time":[1615474398.652846]}
{"IMU":[2.3163629172993274, 1.9982761933251958, 0.63]}
{"Kalman":[2.39487666216266, 2.069531182234385, 0.63]}
{"UWB":[2.434079001895083, 2.1090910832360805, 1.1522385976385232]}
{"Distance":[1.194115012927336]}
{"Time":[1615474398.6703207]}
{"IMU":[2.3163629172993274, 1.9982761933251958, 0.63]}
{"Kalman":[2.39487666216266, 2.069531182234385, 0.63]}
{"UWB":[2.4341575926667103, 2.109607793999931, 1.154372497536272]}
{"Distance":[1.194115012927336]}
{"Time":[1615474398.6903389]}
{"IMU":[2.3235055955005257, 2.0198873521730047, 0.63]}
{"Kalman":[2.3981224587894867, 2.078642622840335, 0.63]}
{"UWB":[2.434425627386423, 2.1113700419317567, 1.1616501873864067]}
{"Distance":[1.185209433270552]}
{"Time":[1615474398.762152]}
{"IMU":[2.3235055955005257, 2.0198873521730047, 0.66]}
{"Kalman":[2.401139194724945, 2.1085112949694054, 0.66]}
{"UWB":[2.434042714359728, 2.1134951023160196, 1.1717356886921444]}
{"Distance":[1.14748466309097]}
{"Time":[1615474398.8664021]}
{"IMU":[2.3235055955005257, 2.0198873521730047, 0.66]}
{"Kalman":[2.400739292584335, 2.110963749130618, 0.66]}
{"UWB":[2.4333860555614177, 2.11628939216704, 1.1837407825065733]}
{"Distance":[1.145186728767103]}
{"Time":[1615474398.99923]}
{"IMU":[2.3235055955005257, 2.0198873521730047, 0.66]}
{"Kalman":[2.400739292584335, 2.110963749130618, 0.66]}
{"UWB":[2.433300541662401, 2.1167942354804556, 1.1856967709091355]}
{"Distance":[1.145186728767103]}
{"Time":[1615474399.0531085]}
{"IMU":[2.3235055955005257, 2.0198873521730047, 0.66]}
{"Kalman":[2.400739292584335, 2.110963749130618, 0.66]}
{"UWB":[2.433215911627974, 2.117293860775128, 1.1876325423773044]}
{"Distance":[1.145186728767103]}
{"Time":[1615474399.087002]}
{"IMU":[2.3235055955005257, 2.0198873521730047, 0.66]}
{"Kalman":[2.400739292584335, 2.110963749130618, 0.66]}
{"UWB":[2.433132151825263, 2.117788348534637, 1.1895484087404022]}
{"Distance":[1.145186728767103]}
{"Time":[1615474399.1065848]}
{"IMU":[2.3235055955005257, 2.0198873521730047, 0.66]}
{"Kalman":[2.400739292584335, 2.110963749130618, 0.66]}
{"UWB":[2.432944550716184, 2.1183129589769156, 1.1912703118926244]}
{"Distance":[1.145186728767103]}
{"Time":[1615474399.1267867]}
{"IMU":[2.3235055955005257, 2.0198873521730047, 0.66]}
{"Kalman":[2.400739292584335, 2.110963749130618, 0.66]}
{"UWB":[2.432654693664193, 2.1188672322136783, 1.1928012131043657]}
{"Distance":[1.145186728767103]}
{"Time":[1615474399.1501122]}
{"IMU":[2.3235055955005257, 2.0198873521730047, 0.66]}
{"Kalman":[2.400739292584335, 2.110963749130618, 0.66]}
{"UWB":[2.4323677718734884, 2.1194158925569035, 1.1943166115190262]}
{"Distance":[1.145186728767103]}
{"Time":[1615474399.173023]}
{"IMU":[2.334211805040893, 2.130914266292725, 0.7]}
{"Kalman":[2.4029081184202785, 2.1477993108091473, 0.7]}
{"UWB":[2.4311117788367014, 2.121817639628672, 1.200950230569341]}
{"Distance":[1.0984321207076915]}
{"Time":[1615474399.2487]}
{"IMU":[2.334211805040893, 2.130914266292725, 0.7]}
{"Kalman":[2.4020644462597724, 2.207608771785498, 0.7]}
{"UWB":[2.4295717371667274, 2.1273542611666323, 1.2065289429285961]}
{"Distance":[1.0413605151548107]}
{"Time":[1615474399.3697143]}
{"IMU":[2.334211805040893, 2.130914266292725, 0.7]}
{"Kalman":[2.401618702414286, 2.2129205620720565, 0.7]}
{"UWB":[2.42901406648965, 2.1346208220553904, 1.210453136928429]}
{"Distance":[1.0363419785451105]}
{"Time":[1615474399.4794421]}
{"IMU":[2.334211805040893, 2.130914266292725, 0.7]}
{"Kalman":[2.401618702414286, 2.2129205620720565, 0.7]}
{"UWB":[2.4289533507816476, 2.1359457474712285, 1.2115662650345058]}
{"Distance":[1.0363419785451105]}
{"Time":[1615474399.5225015]}
{"IMU":[2.334211805040893, 2.130914266292725, 0.7]}
{"Kalman":[2.401618702414286, 2.2129205620720565, 0.7]}
{"UWB":[2.42903044556068, 2.1373927907322265, 1.2120098847368652]}
{"Distance":[1.0363419785451105]}
{"Time":[1615474399.5672786]}
{"IMU":[2.334211805040893, 2.130914266292725, 0.7]}
{"Kalman":[2.401618702414286, 2.2129205620720565, 0.7]}
{"UWB":[2.4291068378815885, 2.1388266490887964, 1.2124494623462645]}
{"Distance":[1.0363419785451105]}
{"Time":[1615474399.598205]}
{"IMU":[2.334211805040893, 2.130914266292725, 0.7]}
{"Kalman":[2.401618702414286, 2.2129205620720565, 0.7]}
{"UWB":[2.4291825373016276, 2.140247501927393, 1.2128850528571657]}
{"Distance":[1.0363419785451105]}
{"Time":[1615474399.6225162]}
{"IMU":[2.334211805040893, 2.130914266292725, 0.7]}
{"Kalman":[2.401618702414286, 2.2129205620720565, 0.7]}
{"UWB":[2.4292575532054586, 2.1416555253949863, 1.2133167102709033]}
{"Distance":[1.0363419785451105]}
{"Time":[1615474399.65052]}
{"IMU":[2.334211805040893, 2.130914266292725, 0.7]}
