{"IMU":[0.020317847728729247, 0.0034385338425636292, 0.82]}
{"Kalman":[0.054907281182994976, 0.004687896450796009, 0.8460543983429549]}
{"CMD":[-0.06445487566668776, 17.07833007941063, 0, 8.791602678415005]}
{"Distance":[0.9575601661533345]}
{"Time":[1615320127.1973302]}
{"IMU":[0.020317847728729247, 0.0034385338425636292, 0.82]}
{"Kalman":[0.0367077044147594, -0.011806345391638374, 0.846940828134245]}
{"CMD":[0.2069002369840725, 16.881210707478697, 0, 2.308610780094747]}
{"Distance":[0.9754478697591276]}
{"Time":[1615320127.3034317]}
{"IMU":[0.020317847728729247, 0.0034385338425636292, 0.82]}
{"Kalman":[0.0367077044147594, -0.011806345391638374, 0.846940828134245]}
{"CMD":[0.2069002369840725, 16.881210707478697, 0, 2.308610780094747]}
{"Distance":[0.9754478697591276]}
{"Time":[1615320127.3393822]}
{"IMU":[0.020317847728729247, 0.0034385338425636292, 0.82]}
{"Kalman":[0.0367077044147594, -0.011806345391638374, 0.846940828134245]}
{"CMD":[0.2069002369840725, 16.881210707478697, 0, 2.308610780094747]}
{"Distance":[0.9754478697591276]}
{"Time":[1615320127.3646286]}
{"IMU":[0.020317847728729247, 0.0034385338425636292, 0.82]}
{"Kalman":[0.0367077044147594, -0.011806345391638374, 0.846940828134245]}
{"CMD":[0.2069002369840725, 16.881210707478697, 0, 2.308610780094747]}
{"Distance":[0.9754478697591276]}
{"Time":[1615320127.385389]}
{"IMU":[0.020317847728729247, 0.0034385338425636292, 0.82]}
{"Kalman":[0.0367077044147594, -0.011806345391638374, 0.846940828134245]}
{"CMD":[0.2069002369840725, 16.881210707478697, 0, 2.308610780094747]}
{"Distance":[0.9754478697591276]}
{"Time":[1615320127.4107287]}
{"IMU":[0.020317847728729247, 0.0034385338425636292, 0.82]}
{"Kalman":[0.0367077044147594, -0.011806345391638374, 0.846940828134245]}
{"CMD":[0.2069002369840725, 16.881210707478697, 0, 2.308610780094747]}
{"Distance":[0.9754478697591276]}
{"Time":[1615320127.45608]}
{"IMU":[0.020317847728729247, 0.0034385338425636292, 0.82]}
{"Kalman":[0.0367077044147594, -0.011806345391638374, 0.846940828134245]}
{"CMD":[0.2069002369840725, 16.881210707478697, 0, 2.308610780094747]}
{"Distance":[0.9754478697591276]}
{"Time":[1615320127.5445743]}
{"IMU":[0.02464677333831787, -0.0076854687929153445, 0.8]}
{"Kalman":[0.07065248341191092, -0.0320646262816958, 0.8123042033899485]}
{"CMD":[0.4624142599506303, 16.46639241623265, 0, 2.6066351141368873]}
{"Distance":[0.9486541302878069]}
{"Time":[1615320127.6204576]}
{"IMU":[0.02464677333831787, -0.0076854687929153445, 0.8]}
{"Kalman":[0.07985946740206892, -0.03715282741953669, 0.809247356402498]}
{"CMD":[0.6426019291829177, 16.140346932877762, 0, 2.8766846810049302]}
{"Distance":[0.9404389950200416]}
{"Time":[1615320127.7012668]}
{"IMU":[0.02464677333831787, -0.0076854687929153445, 0.8]}
{"Kalman":[0.07985946740206892, -0.03715282741953669, 0.809247356402498]}
{"CMD":[0.6510845263915972, 16.12499786665515, 0, 2.87714616492899]}
{"Distance":[0.9404389950200416]}
{"Time":[1615320127.7393203]}
{"IMU":[0.02464677333831787, -0.0076854687929153445, 0.8]}
{"Kalman":[0.07985946740206892, -0.03715282741953669, 0.809247356402498]}
{"CMD":[0.6510845263915972, 16.12499786665515, 0, 2.87714616492899]}
{"Distance":[0.9404389950200416]}
{"Time":[1615320127.7710373]}
{"IMU":[0.02464677333831787, -0.0076854687929153445, 0.8]}
{"Kalman":[0.07985946740206892, -0.03715282741953669, 0.809247356402498]}
{"CMD":[0.6510845263915972, 16.12499786665515, 0, 2.87714616492899]}
{"Distance":[0.9404389950200416]}
{"Time":[1615320127.8026686]}
{"IMU":[0.02464677333831787, -0.0076854687929153445, 0.8]}
{"Kalman":[0.07985946740206892, -0.03715282741953669, 0.809247356402498]}
{"CMD":[0.6510845263915972, 16.12499786665515, 0, 2.87714616492899]}
{"Distance":[0.9404389950200416]}
{"Time":[1615320127.8202386]}
{"IMU":[0.02464677333831787, -0.0076854687929153445, 0.8]}
{"Kalman":[0.07985946740206892, -0.03715282741953669, 0.809247356402498]}
{"CMD":[0.6510845263915972, 16.12499786665515, 0, 2.87714616492899]}
{"Distance":[0.9404389950200416]}
{"Time":[1615320127.840522]}
{"IMU":[0.02464677333831787, -0.0076854687929153445, 0.8]}
{"Kalman":[0.07985946740206892, -0.03715282741953669, 0.809247356402498]}
{"CMD":[0.6510845263915972, 16.12499786665515, 0, 2.87714616492899]}
{"Distance":[0.9404389950200416]}
{"Time":[1615320127.8659077]}
{"IMU":[0.02464677333831787, -0.0076854687929153445, 0.8]}
{"Kalman":[0.07985946740206892, -0.03715282741953669, 0.809247356402498]}
{"CMD":[0.6510845263915972, 16.12499786665515, 0, 2.87714616492899]}
{"Distance":[0.9404389950200416]}
{"Time":[1615320127.9294477]}
{"IMU":[0.02464677333831787, -0.0076854687929153445, 0.8]}
{"Kalman":[0.07985946740206892, -0.03715282741953669, 0.809247356402498]}
{"CMD":[0.6510845263915972, 16.12499786665515, 0, 2.87714616492899]}
{"Distance":[0.9404389950200416]}
{"Time":[1615320127.9901054]}
{"IMU":[0.061304998397827146, -0.019672131538391112, 0.8]}
{"Kalman":[0.11417746129030588, -0.04812063950636119, 0.8092410700429895]}
{"CMD":[0.8165817447910131, 15.580804287088588, 0, 2.877240033847062]}
{"Distance":[0.9074062681020736]}
{"Time":[1615320128.087942]}
{"IMU":[0.061304998397827146, -0.019672131538391112, 0.8]}
{"Kalman":[0.18474506910643437, -0.05769870114943426, 0.8046894665505598]}
{"CMD":[1.0075267177499778, 14.30652608982773, 0, 2.945869989734033]}
{"Distance":[0.8403070551512162]}
{"Time":[1615320128.1806502]}
{"IMU":[0.061304998397827146, -0.019672131538391112, 0.8]}
{"Kalman":[0.18508595474883838, -0.057761568693506425, 0.8046894200038609]}
{"CMD":[1.0122423031704844, 14.280956849147115, 0, 2.9458940940900655]}
{"Distance":[0.8399806680061007]}
{"Time":[1615320128.2739046]}
{"IMU":[0.061304998397827146, -0.019672131538391112, 0.8]}
{"Kalman":[0.18508595474883838, -0.057761568693506425, 0.8046894200038609]}
{"CMD":[1.0122423031704844, 14.280956849147115, 0, 2.9458940940900655]}
{"Distance":[0.8399806680061007]}
{"Time":[1615320128.3729312]}
{"IMU":[0.061304998397827146, -0.019672131538391112, 0.8]}
{"Kalman":[0.18508595474883838, -0.057761568693506425, 0.8046894200038609]}
{"CMD":[1.0122423031704844, 14.280956849147115, 0, 2.9458940940900655]}
{"Distance":[0.8399806680061007]}
{"Time":[1615320128.4345093]}
{"IMU":[0.061304998397827146, -0.019672131538391112, 0.8]}
{"Kalman":[0.18508595474883838, -0.057761568693506425, 0.8046894200038609]}
{"CMD":[1.0122423031704844, 14.280956849147115, 0, 2.9458940940900655]}
{"Distance":[0.8399806680061007]}
{"Time":[1615320128.4750283]}
{"IMU":[0.13797593116760254, -0.03640358448028565, 0.81]}
{"Kalman":[0.3382185177189102, -0.07939251731337987, 0.8114679824581985]}
{"CMD":[1.1603995379312115, 13.404827889653376, 0, 2.857386379211099]}
{"Distance":[0.6926775755962465]}
{"Time":[1615320128.8165944]}
{"IMU":[0.13797593116760254, -0.03640358448028565, 0.81]}
{"Kalman":[0.36481474800131464, -0.0831921902309034, 0.8108308435527382]}
{"CMD":[1.45790109496444, 11.13130056828522, 0, 2.8532622286667957]}
{"Distance":[0.667956746071942]}
{"Time":[1615320128.8788328]}
{"IMU":[0.13797593116760254, -0.03640358448028565, 0.81]}
{"Kalman":[0.36481474800131464, -0.0831921902309034, 0.8108308435527382]}
{"CMD":[1.45790109496444, 11.13130056828522, 0, 2.8532622286667957]}
{"Distance":[0.667956746071942]}
{"Time":[1615320128.9376776]}
{"IMU":[0.13797593116760254, -0.03640358448028565, 0.81]}
{"Kalman":[0.36481474800131464, -0.0831921902309034, 0.8108308435527382]}
{"CMD":[1.45790109496444, 11.13130056828522, 0, 2.8532622286667957]}
{"Distance":[0.667956746071942]}
{"Time":[1615320128.9957726]}
{"IMU":[0.2581584739685059, -0.049888019561767576, 0.82]}
{"Kalman":[0.46634498209500563, -0.09366754215121983, 0.8201240702070691]}
{"CMD":[1.45790109496444, 11.13130056828522, 0, 2.8532622286667957]}
{"Distance":[0.5708910900572033]}
{"Time":[1615320129.0669632]}
{"IMU":[0.2581584739685059, -0.049888019561767576, 0.82]}
{"Kalman":[0.5850926701801672, -0.1032221916685552, 0.8190612912625638]}
{"CMD":[1.7868789373062874, 7.484235768859061, 0, 2.7284053257718033]}
{"Distance":[0.4642647192180925]}
