{"IMU":[0.0007939895242452622, -0.001884671449661255, 0.79]}
{"Kalman":[-0.020442282161520425, 0.0032042260071246447, 0.79]}
{"CMD":[0, 7.133782933771843, 0, 5]}
{"Distance":[1.0418314250814844]}
{"Time":[0.6]}
{"Title":['ModelBasedAgentPID']}
{"IMU":[0.0039315298199653625, 0.004917275309562683, 0.82]}
{"Kalman":[0.01178138478547578, 0.012103263134324851, 0.82]}
{"CMD":[0, 7.341200364987377, 0, 5]}
{"Distance":[1.0045509048500283]}
{"Time":[1.2]}
{"Title":['ModelBasedAgentPID']}
{"IMU":[0.021632575988769533, 0.006294368505477905, 0.85]}
{"Kalman":[0.047291870218375706, 0.009295564158845448, 0.85]}
{"CMD":[0, 7.115607878116423, 0, 5]}
{"Distance":[0.9644890813612311]}
{"Time":[1.8]}
{"Title":['ModelBasedAgentPID']}
{"IMU":[0.054742317199707034, 0.003869592845439911, 0.88]}
{"Kalman":[0.0936536817966201, 0.003534328173891532, 0.88]}
{"CMD":[0, 6.867033868288588, 0, 5]}
{"Distance":[0.9142626209117722]}
{"Time":[2.3]}
{"Title":['ModelBasedAgentPID']}
{"IMU":[0.09888186454772949, -0.005310198068618774, 0.92]}
{"Kalman":[0.14996570007627563, -0.010003995714559916, 0.92]}
{"CMD":[0, 6.5424959252693435, 0, 5]}
{"Distance":[0.8538491617241731]}
{"Time":[2.9]}
{"Title":['ModelBasedAgentPID']}
{"IMU":[0.22593814849853516, -0.03734266757965088, 0.98]}
{"Kalman":[0.2902943000557894, -0.04873432785530741, 0.98]}
{"CMD":[0, 6.148308294109255, 0, 5]}
{"Distance":[0.7116580746712641]}
{"Time":[3.5]}
{"Title":['ModelBasedAgentPID']}
{"IMU":[0.30981624603271485, -0.04946232795715332, 1.02]}
{"Kalman":[0.38619783045207207, -0.05782133574627146, 1.02]}
{"CMD":[5, 5.165969772167377, 0, 5]}
{"Distance":[0.6168439107336849]}
{"Time":[4.0]}
{"Title":['ModelBasedAgentPID']}
{"IMU":[0.4006841278076172, -0.03561123132705688, 1.03]}
{"Kalman":[0.49218054938990546, -0.004062881014660336, 1.03]}
{"CMD":[5, 5, 0, 0]}
{"Distance":[0.5087210447977139]}
{"Time":[4.5]}
{"Title":['ModelBasedAgentPID']}
{"IMU":[0.49821815490722654, -0.0047628688812255855, 1.02]}
{"Kalman":[0.5957710222718371, 0.033263200798399915, 1.02]}
{"CMD":[0, 5, 0, -5]}
{"Distance":[0.406088053213229]}
{"Time":[5.0]}
{"Title":['ModelBasedAgentPID']}
{"IMU":[0.6089783477783203, 0.01713408946990967, 1.02]}
{"Kalman":[0.7070495990669121, 0.05570931216890002, 1.02]}
{"CMD":[-5, 5, 0, 0]}
{"Distance":[0.2988703144663064]}
{"Time":[5.6]}
{"Title":['ModelBasedAgentPID']}
{"IMU":[0.7119561004638671, 0.006899711489677429, 1.02]}
{"Kalman":[0.8232958282017488, -0.004601002418507763, 1.02]}
{"CMD":[-5, 5, 0, 0]}
{"Distance":[0.17789191537043209]}
{"Time":[6.2]}
{"Title":['ModelBasedAgentPID']}
{"IMU":[0.8224503326416016, -0.027842464447021483, 1.03]}
{"Kalman":[0.9382779519215272, -0.05401644933504772, 1.03]}
{"CMD":[0, 5, 0, 0]}
{"Distance":[0.08733491866239465]}
{"Time":[6.8]}
{"Title":['ModelBasedAgentPID']}
