{"IMU":[0.003940183222293853, -1.1265496723353863e-05, 0.8]}
{"Kalman":[-0.01846777304817918, 0.011960428985360982, 0.8]}
{"CMD":[-5, 10.0, 0, 5]}
{"Distance":[1.0379882738254953]}
{"Time":[0.6]}
{"Title":['ModelBasedAgentLQR']}
{"IMU":[0.03427868366241455, -0.024079487323760987, 0.83]}
{"Kalman":[0.06978981353653624, -0.06597980644391621, 0.83]}
{"CMD":[-5, 10.0, 0, 5]}
{"Distance":[0.9479157799397416]}
{"Time":[1.2]}
{"Title":['ModelBasedAgentLQR']}
{"IMU":[0.05653162956237793, -0.08091018676757812, 0.86]}
{"Kalman":[0.07554163608278638, -0.1336355380436694, 0.86]}
{"CMD":[5, 10.0, 0, 5]}
{"Distance":[0.9445007801186361]}
{"Time":[1.7]}
{"Title":['ModelBasedAgentLQR']}
{"IMU":[0.10152973175048828, -0.11864458084106445, 0.9]}
{"Kalman":[0.17731150243175847, -0.14557323687093274, 0.9]}
{"CMD":[5, 10.0, 0, 5]}
{"Distance":[0.8414320717230663]}
{"Time":[2.3]}
{"Title":['ModelBasedAgentLQR']}
{"IMU":[0.22589576721191407, -0.13607419967651369, 0.93]}
{"Kalman":[0.3910908664408585, -0.14375604664223535, 0.93]}
{"CMD":[5, 10.0, 0, 5]}
{"Distance":[0.6295523281490976]}
{"Time":[2.8]}
{"Title":['ModelBasedAgentLQR']}
{"IMU":[0.42397350311279297, -0.1324632167816162, 0.96]}
{"Kalman":[0.6399428553567158, -0.12847991994038724, 0.96]}
{"CMD":[5, 7.526530811995974, 0, 5]}
{"Distance":[0.3843803288886714]}
{"Time":[3.3]}
{"Title":['ModelBasedAgentLQR']}
{"IMU":[0.6918389892578125, -0.12180949211120605, 0.99]}
{"Kalman":[0.9743307766937622, -0.10178407118561911, 0.99]}
{"CMD":[5, 5, 0, 5]}
{"Distance":[0.10544622407779558]}
{"Time":[3.9]}
{"Title":['ModelBasedAgentLQR']}
