{"IMU":[0.025008907318115236, -0.02873158931732178, 0.8]}
{"Kalman":[0.0665098532605483, -0.032751783787412996, 0.8059223982169841]}
{"CMD":[0.495205447357741, 20.0, 0, 3.7243898637700994]}
{"Distance":[0.9540139668342112]}
{"Time":[1615322156.316637]}
{"IMU":[0.025008907318115236, -0.02873158931732178, 0.8]}
{"Kalman":[0.07110930363510268, -0.034766334215734856, 0.8059243425700486]}
{"CMD":[0.950052549109238, 20.0, 0, 2.9272676013805423]}
{"Distance":[0.9495851644770635]}
{"Time":[1615322156.371243]}
{"IMU":[0.025008907318115236, -0.02873158931732178, 0.8]}
{"Kalman":[0.07110930363510268, -0.034766334215734856, 0.8059243425700486]}
{"CMD":[0.950052549109238, 20.0, 0, 2.9272676013805423]}
{"Distance":[0.9495851644770635]}
{"Time":[1615322156.4016082]}
{"IMU":[0.025008907318115236, -0.02873158931732178, 0.8]}
{"Kalman":[0.07110930363510268, -0.034766334215734856, 0.8059243425700486]}
{"CMD":[0.950052549109238, 20.0, 0, 2.9272676013805423]}
{"Distance":[0.9495851644770635]}
{"Time":[1615322156.4493804]}
{"IMU":[0.025008907318115236, -0.02873158931732178, 0.8]}
{"Kalman":[0.07110930363510268, -0.034766334215734856, 0.8059243425700486]}
{"CMD":[0.950052549109238, 20.0, 0, 2.9272676013805423]}
{"Distance":[0.9495851644770635]}
{"Time":[1615322156.4854083]}
{"IMU":[0.025008907318115236, -0.02873158931732178, 0.8]}
{"Kalman":[0.07110930363510268, -0.034766334215734856, 0.8059243425700486]}
{"CMD":[0.950052549109238, 20.0, 0, 2.9272676013805423]}
{"Distance":[0.9495851644770635]}
{"Time":[1615322156.5250597]}
{"IMU":[0.025008907318115236, -0.02873158931732178, 0.8]}
{"Kalman":[0.07110930363510268, -0.034766334215734856, 0.8059243425700486]}
{"CMD":[0.950052549109238, 20.0, 0, 2.9272676013805423]}
{"Distance":[0.9495851644770635]}
{"Time":[1615322156.5754676]}
{"IMU":[0.025008907318115236, -0.02873158931732178, 0.8]}
{"Kalman":[0.07110930363510268, -0.034766334215734856, 0.8059243425700486]}
{"CMD":[0.950052549109238, 20.0, 0, 2.9272676013805423]}
{"Distance":[0.9495851644770635]}
{"Time":[1615322156.616227]}
{"IMU":[0.0312735104560852, -0.02093492269515991, 0.79]}
{"Kalman":[0.1385917021149004, -0.01914835729627828, 0.7900914906515579]}
{"CMD":[0.5232632680712764, 20.0, 0, 3.166076502363819]}
{"Distance":[0.8868215702999873]}
{"Time":[1615322156.6786184]}
{"IMU":[0.0312735104560852, -0.02093492269515991, 0.79]}
{"Kalman":[0.17881443975516673, -0.0048526117014369135, 0.7897518683485895]}
{"CMD":[0.24433051705847478, 20.0, 0, 3.171183793886077]}
{"Distance":[0.8476871764146574]}
{"Time":[1615322156.7360423]}
{"IMU":[0.0312735104560852, -0.02093492269515991, 0.79]}
{"Kalman":[0.17881443975516673, -0.0048526117014369135, 0.7897518683485895]}
{"CMD":[0.13260633370719063, 20.0, 0, 3.1711990683638573]}
{"Distance":[0.8476871764146574]}
{"Time":[1615322156.7788932]}
{"IMU":[0.0312735104560852, -0.02093492269515991, 0.79]}
{"Kalman":[0.17881443975516673, -0.0048526117014369135, 0.7897518683485895]}
{"CMD":[0.13260633370719063, 20.0, 0, 3.1711990683638573]}
{"Distance":[0.8476871764146574]}
{"Time":[1615322156.814694]}
{"IMU":[0.0312735104560852, -0.02093492269515991, 0.79]}
{"Kalman":[0.17881443975516673, -0.0048526117014369135, 0.7897518683485895]}
{"CMD":[0.13260633370719063, 20.0, 0, 3.1711990683638573]}
{"Distance":[0.8476871764146574]}
{"Time":[1615322156.8506758]}
{"IMU":[0.0312735104560852, -0.02093492269515991, 0.79]}
{"Kalman":[0.17881443975516673, -0.0048526117014369135, 0.7897518683485895]}
{"CMD":[0.13260633370719063, 20.0, 0, 3.1711990683638573]}
{"Distance":[0.8476871764146574]}
{"Time":[1615322156.8912783]}
{"IMU":[0.0312735104560852, -0.02093492269515991, 0.79]}
{"Kalman":[0.17881443975516673, -0.0048526117014369135, 0.7897518683485895]}
{"CMD":[0.13260633370719063, 20.0, 0, 3.1711990683638573]}
{"Distance":[0.8476871764146574]}
{"Time":[1615322156.9279637]}
{"IMU":[0.0312735104560852, -0.02093492269515991, 0.79]}
{"Kalman":[0.17881443975516673, -0.0048526117014369135, 0.7897518683485895]}
{"CMD":[0.13260633370719063, 20.0, 0, 3.1711990683638573]}
{"Distance":[0.8476871764146574]}
{"Time":[1615322156.9623072]}
{"IMU":[0.0312735104560852, -0.02093492269515991, 0.79]}
{"Kalman":[0.17881443975516673, -0.0048526117014369135, 0.7897518683485895]}
{"CMD":[0.13260633370719063, 20.0, 0, 3.1711990683638573]}
{"Distance":[0.8476871764146574]}
{"Time":[1615322156.9927049]}
{"IMU":[0.0312735104560852, -0.02093492269515991, 0.79]}
{"Kalman":[0.17881443975516673, -0.0048526117014369135, 0.7897518683485895]}
{"CMD":[0.13260633370719063, 20.0, 0, 3.1711990683638573]}
{"Distance":[0.8476871764146574]}
{"Time":[1615322157.0294244]}
{"IMU":[0.0312735104560852, -0.02093492269515991, 0.79]}
{"Kalman":[0.17881443975516673, -0.0048526117014369135, 0.7897518683485895]}
{"CMD":[0.13260633370719063, 20.0, 0, 3.1711990683638573]}
{"Distance":[0.8476871764146574]}
{"Time":[1615322157.1056082]}
{"IMU":[0.0312735104560852, -0.02093492269515991, 0.79]}
{"Kalman":[0.17881443975516673, -0.0048526117014369135, 0.7897518683485895]}
{"CMD":[0.13260633370719063, 20.0, 0, 3.1711990683638573]}
{"Distance":[0.8476871764146574]}
{"Time":[1615322157.1405833]}
{"IMU":[0.08260669708251953, -0.03381683588027954, 0.8]}
{"Kalman":[0.21854343162776893, -0.007945305902903892, 0.7996230092764582]}
{"CMD":[0.2171197595831133, 20.0, 0, 3.022311405637577]}
{"Distance":[0.8067765704018781]}
{"Time":[1615322157.171261]}
{"IMU":[0.08260669708251953, -0.03381683588027954, 0.8]}
{"Kalman":[0.22687998448347432, -0.009116667586944509, 0.7997447737578337]}
{"CMD":[0.2491293222521626, 20.0, 0, 3.0204748166183797]}
{"Distance":[0.7986863136785711]}
{"Time":[1615322157.2052734]}
{"IMU":[0.08260669708251953, -0.03381683588027954, 0.8]}
{"Kalman":[0.41075009978249827, -0.060719852283630145, 0.7965848267432093]}
{"CMD":[1.5074329621700324, 16.54153031845675, 0, 3.0681292021988615]}
{"Distance":[0.6263226629132718]}
{"Time":[1615322157.2419996]}
{"IMU":[0.08260669708251953, -0.03381683588027954, 0.8]}
{"Kalman":[0.422041389628922, -0.06462347370606573, 0.7965847994383046]}
{"CMD":[1.7659525317154245, 15.793757479733452, 0, 3.068137107547837]}
{"Distance":[0.6161088316811087]}
{"Time":[1615322157.2788212]}
{"IMU":[0.08260669708251953, -0.03381683588027954, 0.8]}
{"Kalman":[0.4432620136630214, -0.07195987527232561, 0.7965847978503556]}
{"CMD":[1.9136575323975669, 15.366518967783986, 0, 3.068137131482162]}
{"Distance":[0.5970872244030541]}
{"Time":[1615322157.3161154]}
{"IMU":[0.08260669708251953, -0.03381683588027954, 0.8]}
{"Kalman":[0.44488133440041455, -0.07251970813511817, 0.7965847978503524]}
{"CMD":[1.9817313251060187, 15.169614951015259, 0, 3.0681371314991206]}
{"Distance":[0.5956455199450837]}
{"Time":[1615322157.3469598]}
{"IMU":[0.08260669708251953, -0.03381683588027954, 0.8]}
{"Kalman":[0.44488133440041455, -0.07251970813511817, 0.7965847978503524]}
{"CMD":[1.9817313251060187, 15.169614951015259, 0, 3.0681371314991206]}
{"Distance":[0.5956455199450837]}
{"Time":[1615322157.3804264]}
{"IMU":[0.08260669708251953, -0.03381683588027954, 0.8]}
{"Kalman":[0.44488133440041455, -0.07251970813511817, 0.7965847978503524]}
{"CMD":[1.9817313251060187, 15.169614951015259, 0, 3.0681371314991206]}
{"Distance":[0.5956455199450837]}
{"Time":[1615322157.416933]}
{"IMU":[0.08260669708251953, -0.03381683588027954, 0.8]}
{"Kalman":[0.44488133440041455, -0.07251970813511817, 0.7965847978503524]}
{"CMD":[1.9817313251060187, 15.169614951015259, 0, 3.0681371314991206]}
{"Distance":[0.5956455199450837]}
{"Time":[1615322157.457141]}
{"IMU":[0.08260669708251953, -0.03381683588027954, 0.8]}
{"Kalman":[0.44488133440041455, -0.07251970813511817, 0.7965847978503524]}
{"CMD":[1.9817313251060187, 15.169614951015259, 0, 3.0681371314991206]}
{"Distance":[0.5956455199450837]}
{"Time":[1615322157.5266247]}
{"IMU":[0.08260669708251953, -0.03381683588027954, 0.8]}
{"Kalman":[0.44488133440041455, -0.07251970813511817, 0.7965847978503524]}
{"CMD":[1.9817313251060187, 15.169614951015259, 0, 3.0681371314991206]}
{"Distance":[0.5956455199450837]}
