{"IMU":[]}
{"Kalman":[3.982805803562895, 2.6014733191600414, 1.2696648760712776]}
{"UWB":[2.64774997, 4.08422934, 1.43024342]}
{"Distance":[2.039597653534861]}
{"Time":[0.5]}
{"Title":['ModelBasedAgendUWB_PID']}
{"IMU":[]}
{"Kalman":[3.993226538526662, 2.5545862411297633, 1.2270284326340177]}
{"UWB":[2.62898436, 4.05254516, 1.03147772]}
{"Distance":[2.022857849639036]}
{"Time":[1.2]}
{"Title":['ModelBasedAgendUWB_PID']}
{"IMU":[]}
{"Kalman":[4.094975338424065, 2.4995099049272036, 1.2058782490403919]}
{"UWB":[2.60438135, 4.35200881, 1.24662828]}
{"Distance":[1.915443333376524]}
{"Time":[1.8]}
{"Title":['ModelBasedAgendUWB_PID']}
{"IMU":[]}
{"Kalman":[4.328052853351863, 2.4397383243776964, 1.1655448965930222]}
{"UWB":[2.50545443, 4.46373277, 1.25229986]}
{"Distance":[1.6777765228077106]}
{"Time":[2.3]}
{"Title":['ModelBasedAgendUWB_PID']}
{"IMU":[]}
{"Kalman":[4.537358262090515, 2.4191126104650804, 1.1298958349012904]}
{"UWB":[2.41973693, 4.76688151, 1.30744803]}
{"Distance":[1.4674837877968823]}
{"Time":[2.8]}
{"Title":['ModelBasedAgendUWB_PID']}
{"IMU":[]}
{"Kalman":[5.156718639825092, 2.104464084957735, 1.0495370537679463]}
{"UWB":[2.08008308, 5.09868717, 1.05618908]}
{"Distance":[0.8656545191298076]}
{"Time":[3.4]}
{"Title":['ModelBasedAgendUWB_PID']}
{"IMU":[]}
{"Kalman":[5.5232346982928755, 2.166216901361952, 1.0679187541908324]}
{"UWB":[2.22016556, 5.49083269, 0.87318397]}
{"Distance":[0.4951798364161076]}
{"Time":[4.0]}
{"Title":['ModelBasedAgendUWB_PID']}
{"IMU":[]}
{"Kalman":[6.7131413399940385, 2.45326851924692, 1.086451768091291]}
{"UWB":[2.22122188, 5.89384189, 1.01080844]}
{"Distance":[0.7294256711966177]}
{"Time":[4.7]}
{"Title":['ModelBasedAgendUWB_PID']}
{"IMU":[]}
{"Kalman":[6.13807239915887, 2.1160600233243043, 1.1079941989281166]}
{"UWB":[2.15899027, 6.15572484, 1.30348915]}
{"Distance":[0.22999544001771352]}
{"Time":[5.3]}
{"Title":['ModelBasedAgendUWB_PID']}
{"IMU":[]}
{"Kalman":[6.400144557862837, 2.0479170996396365, 1.1716160844995558]}
{"UWB":[2.15302998, 6.3999523, 1.14115466]}
{"Distance":[0.4729285948653751]}
{"Time":[5.8]}
{"Title":['ModelBasedAgendUWB_PID']}
{"IMU":[]}
{"Kalman":[6.579994001027446, 1.9950182060250414, 1.172709648725347]}
{"UWB":[2.11433565, 6.53106647, 1.31110165]}
{"Distance":[0.6552914892504013]}
{"Time":[6.4]}
{"Title":['ModelBasedAgendUWB_PID']}
{"IMU":[]}
{"Kalman":[6.601949191018157, 2.0053007633344455, 1.133683938932353]}
{"UWB":[2.10210396, 6.57513398, 1.13527384]}
{"Distance":[0.6702167326012342]}
{"Time":[6.9]}
{"Title":['ModelBasedAgendUWB_PID']}
{"IMU":[]}
{"Kalman":[6.611477639443526, 2.035477594356212, 1.1129987813525388]}
{"UWB":[2.11237451, 6.6384958, 1.09803338]}
{"Distance":[0.6662409523790953]}
{"Time":[7.4]}
{"Title":['ModelBasedAgendUWB_PID']}
{"IMU":[]}
{"Kalman":[6.603833369543302, 2.1114104682462638, 1.1592261654785627]}
{"UWB":[2.23165693, 6.61108183, 1.42061765]}
{"Distance":[0.6325984110485189]}
{"Time":[8.1]}
{"Title":['ModelBasedAgendUWB_PID']}
{"IMU":[]}
{"Kalman":[6.52241747504573, 2.2132367763499157, 1.1226108019338694]}
{"UWB":[2.35048829, 6.589118, 0.96293415]}
{"Distance":[0.5295732954099085]}
{"Time":[8.7]}
{"Title":['ModelBasedAgendUWB_PID']}
{"IMU":[]}
{"Kalman":[6.419646799202255, 2.2997710531865994, 1.146381940411192]}
{"UWB":[2.47039253, 6.48356359, 1.09488072]}
{"Distance":[0.4196468616555364]}
{"Time":[9.3]}
{"Title":['ModelBasedAgendUWB_PID']}
{"IMU":[]}
{"Kalman":[6.179568640717125, 2.6034456339171554, 0.6080166276340779]}
{"UWB":[2.63937226, 6.34420598, 1.10025036]}
{"Distance":[0.35259629815467497]}
{"Time":[9.9]}
{"Title":['ModelBasedAgendUWB_PID']}
{"IMU":[]}
{"Kalman":[6.348176379464518, 2.459744334381253, -1.423426153929972]}
{"UWB":[2.72978917, 6.201755, 0.70469045]}
{"Distance":[0.3830731569608209]}
{"Time":[10.6]}
{"Title":['ModelBasedAgendUWB_PID']}
{"IMU":[]}
{"Kalman":[5.814045946367036, 2.765292295968206, -0.25688718263850036]}
{"UWB":[2.83543861, 6.14306093, 0.64037031]}
{"Distance":[0.501074675821774]}
{"Time":[11.3]}
{"Title":['ModelBasedAgendUWB_PID']}
{"IMU":[]}
{"Kalman":[5.709161788070082, 2.8229220759149536, 0.45676618897284377]}
{"UWB":[2.87217658, 6.01126343, 0.79235018]}
{"Distance":[0.5983597270854687]}
{"Time":[11.8]}
{"Title":['ModelBasedAgendUWB_PID']}
{"IMU":[]}
{"Kalman":[7.098434148558005, 3.2083022832168133, 1.0545761365867448]}
{"UWB":[3.61914423, 8.98006765, 6.62940935]}
{"Distance":[1.4253317566150088]}
{"Time":[12.4]}
{"Title":['ModelBasedAgendUWB_PID']}
{"IMU":[]}
{"Kalman":[5.491201751299776, 2.6317603712437894, 1.1650604394533575]}
{"UWB":[2.65030704, 5.82826239, 0.67071001]}
{"Distance":[0.6074048088451652]}
{"Time":[13.1]}
{"Title":['ModelBasedAgendUWB_PID']}
{"IMU":[]}
{"Kalman":[5.367102967957741, 2.526408115386701, 1.101402519865899]}
{"UWB":[2.6408235, 5.76407709, 0.71574484]}
{"Distance":[0.6721750425899927]}
{"Time":[13.8]}
{"Title":['ModelBasedAgendUWB_PID']}
{"IMU":[]}
{"Kalman":[5.311683912002672, 2.397804435097257, 0.8601668771102485]}
{"UWB":[2.54533662, 5.7353451, 1.07463656]}
{"Distance":[0.695229993973677]}
{"Time":[14.3]}
{"Title":['ModelBasedAgendUWB_PID']}
{"IMU":[]}
{"Kalman":[5.358963457486682, 2.3428913688572637, 0.859576003333836]}
{"UWB":[2.44087753, 5.80381567, 0.66320206]}
{"Distance":[0.6424698579387825]}
{"Time":[14.8]}
{"Title":['ModelBasedAgendUWB_PID']}
{"IMU":[]}
{"Kalman":[5.355602637255326, 2.345339391466276, 0.8595779005761608]}
{"UWB":[2.43469398, 5.7924276, 0.62022469]}
{"Distance":[0.6459904190704558]}
{"Time":[15.4]}
{"Title":['ModelBasedAgendUWB_PID']}
{"IMU":[]}
{"Kalman":[5.366722219723863, 2.320314160751635, 0.8595132493400657]}
{"UWB":[2.40100585, 5.83986522, 0.4082832]}
{"Distance":[0.6336035133413593]}
{"Time":[16.1]}
{"Title":['ModelBasedAgendUWB_PID']}
{"IMU":[]}
{"Kalman":[5.3676302391768616, 2.3191644058736625, 0.8595119040474312]}
{"UWB":[2.39916724, 5.82249777, 0.53275581]}
{"Distance":[0.6326600895077892]}
{"Time":[16.7]}
{"Title":['ModelBasedAgendUWB_PID']}
{"IMU":[]}
{"Kalman":[5.3676302391768616, 2.3191644058736625, 0.8595119040474312]}
{"UWB":[2.4793622, 5.84647193, 0.33807929]}
{"Distance":[0.6326600895077892]}
{"Time":[17.2]}
{"Title":['ModelBasedAgendUWB_PID']}
{"IMU":[]}
{"Kalman":[5.3676302391768616, 2.3191644058736625, 0.8595119040474312]}
{"UWB":[2.43221026, 5.81145589, 0.49926155]}
{"Distance":[0.6326600895077892]}
{"Time":[17.7]}
{"Title":['ModelBasedAgendUWB_PID']}
{"IMU":[]}
{"Kalman":[5.3676302391768616, 2.3191644058736625, 0.8595119040474312]}
{"UWB":[2.52283768, 5.82477442, 0.37052216]}
{"Distance":[0.6326600895077892]}
{"Time":[18.2]}
{"Title":['ModelBasedAgendUWB_PID']}
{"IMU":[]}
{"Kalman":[5.3676302391768616, 2.3191644058736625, 0.8595119040474312]}
{"UWB":[2.41138708, 5.77394725, 0.4593107]}
{"Distance":[0.6326600895077892]}
{"Time":[18.7]}
{"Title":['ModelBasedAgendUWB_PID']}
{"IMU":[]}
{"Kalman":[5.3676302391768616, 2.3191644058736625, 0.8595119040474312]}
{"UWB":[2.46137045, 5.8305562, 0.44907246]}
{"Distance":[0.6326600895077892]}
{"Time":[19.3]}
{"Title":['ModelBasedAgendUWB_PID']}
{"IMU":[]}
{"Kalman":[5.3676302391768616, 2.3191644058736625, 0.8595119040474312]}
{"UWB":[2.48418895, 5.74245151, 0.63845697]}
{"Distance":[0.6326600895077892]}
{"Time":[19.8]}
{"Title":['ModelBasedAgendUWB_PID']}
{"IMU":[]}
{"Kalman":[5.3676302391768616, 2.3191644058736625, 0.8595119040474312]}
{"UWB":[2.42454983, 5.77944873, 0.88637432]}
{"Distance":[0.6326600895077892]}
{"Time":[20.3]}
{"Title":['ModelBasedAgendUWB_PID']}
{"IMU":[]}
{"Kalman":[5.381160833801449, 2.3782510151201977, 0.8593665424986888]}
{"UWB":[2.50869231, 5.86327495, 0.26320576]}
{"Distance":[0.6237668915457597]}
{"Time":[21.1]}
{"Title":['ModelBasedAgendUWB_PID']}
{"IMU":[]}
{"Kalman":[5.381160833801449, 2.3782510151201977, 0.8593665424986888]}
{"UWB":[2.46408822, 5.83314386, 0.42190756]}
{"Distance":[0.6237668915457597]}
{"Time":[21.6]}
{"Title":['ModelBasedAgendUWB_PID']}
{"IMU":[]}
{"Kalman":[5.381160833801449, 2.3782510151201977, 0.8593665424986888]}
