{"IMU":[0.010727933645248412, 0.007185362577438355, 0.63]}
{"Kalman":[4.2479992394607, 2.5256405556884474, 1.2578354353354049]}
{"UWB":[4.13221429, 2.50228449, 2.77404433]}
{"Distance":[1.7521883754397805]}
{"Time":[0.5]}
{"Title":['ModelBasedAgendUWB_LQR']}
{"Local":[False]}
{"IMU":[0.034421722888946536, 0.008981926441192627, 0.62]}
{"Kalman":[4.332196810083461, 2.5529433113352065, 1.2430982347651949]}
{"UWB":[4.24075364, 2.55808562, 3.04226898]}
{"Distance":[1.668643303558588]}
{"Time":[1.1]}
{"Title":['ModelBasedAgendUWB_LQR']}
{"Local":[False]}
{"IMU":[0.07630523204803467, 0.007671212553977966, 0.62]}
{"Kalman":[4.479600986280651, 2.5563857235482685, 1.242985817207857]}
{"UWB":[4.43022661, 2.5765751, 3.13126506]}
{"Distance":[1.52144421874048]}
{"Time":[1.6]}
{"Title":['ModelBasedAgendUWB_LQR']}
{"Local":[False]}
{"IMU":[0.1743912887573242, 0.006131354570388794, 0.64]}
{"Kalman":[4.613532854720706, 2.533514555938208, 1.2840070759912061]}
{"UWB":[4.57361872, 2.54285102, 2.97246383]}
{"Distance":[1.3868721535883004]}
{"Time":[2.2]}
{"Title":['ModelBasedAgendUWB_LQR']}
{"Local":[False]}
{"IMU":[0.25274118423461917, 0.004625982642173767, 0.62]}
{"Kalman":[4.858285900116164, 2.551132235484173, 1.2463961366467984]}
{"UWB":[4.9572491, 2.57412239, 3.14393623]}
{"Distance":[1.1428585176561297]}
{"Time":[2.7]}
{"Title":['ModelBasedAgendUWB_LQR']}
{"Local":[False]}
{"IMU":[0.3913520050048828, 0.007497581243515014, 0.56]}
{"Kalman":[5.129953117062513, 2.529494059168497, 1.1255338187297113]}
{"UWB":[5.1861253, 2.5504155, 2.9678683]}
{"Distance":[0.8705466547149969]}
{"Time":[3.3]}
{"Title":['ModelBasedAgendUWB_LQR']}
{"Local":[False]}
{"IMU":[0.65917236328125, 0.01860421657562256, 0.53]}
{"Kalman":[5.50385916043004, 2.4959048945302036, 1.060579713569016]}
{"UWB":[5.62631823, 2.4629624, 2.24907751]}
{"Distance":[0.4961577396131127]}
{"Time":[3.8]}
{"Title":['ModelBasedAgendUWB_LQR']}
{"Local":[False]}
{"IMU":[0.9689195251464844, 0.033764400482177735, 0.52]}
{"Kalman":[5.983038833145951, 2.6252259659627395, 1.0391380061630575]}
{"UWB":[6.13586097, 2.6933533, 1.77004801]}
{"Distance":[0.12636939397002775]}
{"Time":[4.4]}
{"Title":['ModelBasedAgendUWB_LQR']}
{"Local":[False]}
{"IMU":[1.631573944091797, 0.06574363231658936, 0.53]}
{"Kalman":[6.948851509729053, 2.594237924632492, 1.061717436303911]}
{"UWB":[7.58053422, 2.65302491, 2.05186338]}
{"Distance":[0.9535197816270738]}
{"Time":[5.4]}
{"Title":['ModelBasedAgendUWB_LQR']}
{"Local":[False]}
{"IMU":[2.1963322448730467, 0.0671915864944458, 0.51]}
{"Kalman":[7.734573078803832, 2.5610460749757724, 1.0238989408536598]}
{"UWB":[8.38464266, 2.56261854, 2.25481869]}
{"Distance":[1.7356469655379092]}
{"Time":[6.1]}
{"Title":['ModelBasedAgendUWB_LQR']}
{"Local":[False]}
{"IMU":[2.3489425659179686, 0.03885344743728638, 0.5]}
{"Kalman":[7.246269074846607, 2.1178439511728406, 1.002547933824792]}
{"UWB":[7.54964167, 1.76415798, -0.16290061]}
{"Distance":[1.303545109527938]}
{"Time":[6.7]}
{"Title":['ModelBasedAgendUWB_LQR']}
{"Local":[False]}
{"IMU":[2.439688415527344, -0.014045511484146117, 0.49]}
{"Kalman":[7.38662704176271, 1.8795110639594075, 0.9767474103008391]}
{"UWB":[7.78625839, 1.45703815, -0.13833931]}
{"Distance":[1.5191251010685032]}
{"Time":[7.3]}
{"Title":['ModelBasedAgendUWB_LQR']}
{"Local":[False]}
{"IMU":[2.4806008911132813, -0.08572800636291504, 0.49]}
{"Kalman":[7.42855045904513, 1.8267276215410675, 0.9727301530242151]}
{"UWB":[7.88117761, 1.37633557, -0.1486188]}
{"Distance":[1.5792568219367618]}
{"Time":[7.8]}
{"Title":['ModelBasedAgendUWB_LQR']}
{"Local":[False]}
{"IMU":[2.4890921020507815, -0.1381523036956787, 0.51]}
{"Kalman":[7.319983006737983, 1.8068830927569857, 1.0101453049317728]}
{"UWB":[7.66701405, 1.3875308, 0.32174793]}
{"Distance":[1.4908944245596896]}
{"Time":[8.4]}
{"Title":['ModelBasedAgendUWB_LQR']}
{"Local":[False]}
{"IMU":[2.4296409606933596, -0.14403420448303222, 0.55]}
{"Kalman":[7.595609855882057, 2.327719386689297, 1.0929633914175347]}
{"UWB":[8.339075, 2.24323844, 1.09173823]}
{"Distance":[1.6048836163132427]}
{"Time":[8.9]}
{"Title":['ModelBasedAgendUWB_LQR']}
{"Local":[False]}
{"IMU":[1.853465576171875, -0.11783935546875, 0.55]}
{"Kalman":[6.560825297968885, 2.12756326770627, 1.098071532426208]}
{"UWB":[7.09272785, 1.84916126, 2.27155259]}
{"Distance":[0.6732266590113019]}
{"Time":[9.5]}
{"Title":['ModelBasedAgendUWB_LQR']}
{"Local":[False]}
{"IMU":[1.6125027465820312, -0.08905790328979492, 0.52]}
{"Kalman":[6.22872087575696, 2.0732169341495807, 1.0484195831821654]}
{"UWB":[6.61330275, 1.70388457, 0.17854025]}
{"Distance":[0.48420762520195215]}
{"Time":[10.2]}
{"Title":['ModelBasedAgendUWB_LQR']}
{"Local":[False]}
{"IMU":[1.384842529296875, -0.04568858623504639, 0.48]}
{"Kalman":[5.979303362265564, 2.400293389124296, 0.9686561028528875]}
{"UWB":[6.34310834, 2.25827724, 2.3760886]}
{"Distance":[0.10183201395351833]}
{"Time":[10.9]}
{"Title":['ModelBasedAgendUWB_LQR']}
{"Local":[False]}
{"IMU":[0.8636428833007812, 0.18926773071289063, 0.5]}
{"Kalman":[5.450134394788249, 2.7124877070025164, 0.9934368365352961]}
{"UWB":[5.7292884, 2.59740817, 2.30174688]}
{"Distance":[0.5894940283175674]}
{"Time":[12.1]}
{"Title":['ModelBasedAgendUWB_LQR']}
{"Local":[False]}
{"IMU":[0.7776179504394531, 0.3634246826171875, 0.51]}
{"Kalman":[5.387874703416507, 2.9654556283782716, 1.011705222631701]}
{"UWB":[5.65167849, 2.85169415, 1.86812841]}
{"Distance":[0.7689904555366345]}
{"Time":[12.6]}
{"Title":['ModelBasedAgendUWB_LQR']}
{"Local":[False]}
{"IMU":[0.7336995697021484, 0.4913367462158203, 0.51]}
{"Kalman":[5.398101200597199, 3.1817581458877884, 1.0212213856459018]}
{"UWB":[5.64362309, 3.1315347, 2.36505954]}
{"Distance":[0.9094373723390129]}
{"Time":[13.1]}
{"Title":['ModelBasedAgendUWB_LQR']}
{"Local":[False]}
{"IMU":[0.7173002624511718, 0.5808426666259766, 0.52]}
{"Kalman":[5.39709240366911, 3.2864885627909, 1.0467366305316914]}
{"UWB":[5.62495836, 3.3443946, 2.06720736]}
{"Distance":[0.9909903274575319]}
{"Time":[13.8]}
{"Title":['ModelBasedAgendUWB_LQR']}
{"Local":[False]}
{"IMU":[0.7330777740478516, 0.6636376190185547, 0.5]}
{"Kalman":[5.5021278097797754, 3.3160698167203915, 1.0077641747360047]}
{"UWB":[5.77896613, 3.35483023, 1.31903203]}
{"Distance":[0.9559532747769302]}
{"Time":[14.3]}
{"Title":['ModelBasedAgendUWB_LQR']}
{"Local":[False]}
{"IMU":[0.7818852996826172, 0.7106262969970704, 0.48]}
{"Kalman":[5.458970209936388, 3.3580627438979525, 0.9624010174064829]}
{"UWB":[5.62546033, 3.42225768, 2.38442588]}
{"Distance":[1.0143889324129869]}
{"Time":[14.8]}
{"Title":['ModelBasedAgendUWB_LQR']}
{"Local":[False]}
{"IMU":[0.8583654022216797, 0.7289501190185547, 0.48]}
{"Kalman":[5.581178162127075, 3.3698476427225295, 0.9624982171913462]}
{"UWB":[5.79037284, 3.4524551, 2.37901464]}
{"Distance":[0.9654256332981821]}
{"Time":[15.4]}
{"Title":['ModelBasedAgendUWB_LQR']}
{"Local":[False]}
{"IMU":[0.9764981079101562, 0.7199870300292969, 0.51]}
{"Kalman":[5.778426997842407, 3.3357815256390997, 1.0161392932961377]}
{"UWB":[6.00394982, 3.41901452, 2.16921521]}
{"Distance":[0.8646533142738478]}
{"Time":[16.1]}
{"Title":['ModelBasedAgendUWB_LQR']}
{"Local":[False]}
{"IMU":[1.219288101196289, 0.656064682006836, 0.52]}
{"Kalman":[5.95931113359965, 3.2261273966710777, 1.0459228863197898]}
{"UWB":[6.18023203, 3.30047735, 1.71236073]}
{"Distance":[0.7272665123909268]}
{"Time":[16.8]}
{"Title":['ModelBasedAgendUWB_LQR']}
{"Local":[False]}
{"IMU":[1.2985243225097656, 0.6094363403320312, 0.51]}
{"Kalman":[5.946600598075001, 3.050308864582534, 1.0216680965796483]}
{"UWB":[6.26694294, 3.2597088, 1.83643068]}
{"Distance":[0.5528936087205794]}
{"Time":[17.4]}
{"Title":['ModelBasedAgendUWB_LQR']}
{"Local":[False]}
{"IMU":[1.3740667724609374, 0.5563020706176758, 0.47]}
{"Kalman":[6.123266600369112, 3.136293985676683, 0.9501895174239745]}
{"UWB":[6.39628158, 3.19550033, 1.92579131]}
{"Distance":[0.6481239780897459]}
{"Time":[18.1]}
{"Title":['ModelBasedAgendUWB_LQR']}
{"Local":[False]}
