{"IMU":[0.0077460318803787235, 0.008905614018440247, 0.71]}
{"Kalman":[-0.005187681932226839, 0.0073722580692970234, 0.7020079199273613]}
{"CMD":[-0.09485364513057946, 25.0, 0, 5.816193812842972]}
{"Distance":[2.027222550621366]}
{"Time":[1615213732.4334636]}
{"IMU":[0.0039725461602211, 0.004051487445831298, 0.73]}
{"Kalman":[0.02107539612803373, -0.002434351075464804, 0.6942491596383342]}
{"CMD":[-0.04740859094641035, 25.0, 0, 5.621562648530779]}
{"Distance":[2.0024065746638073]}
{"Time":[1615213732.805087]}
{"IMU":[0.05297972679138183, -0.0017518654465675354, 0.76]}
{"Kalman":[0.1369208287972939, -0.003930604017404072, 0.7219824278398365]}
{"CMD":[0.031071064258601993, 25.0, 0, 5.968076059817787]}
{"Distance":[1.8837126156203168]}
{"Time":[1615213733.1622975]}
{"IMU":[0.21215789794921874, -0.00978688418865204, 0.8]}
{"Kalman":[0.2911288543898988, -0.011462929805984987, 0.7569821161079291]}
{"CMD":[0.05016299457048865, 23.77953607282887, 0, 5.426744347013652]}
{"Distance":[1.7261024543606607]}
{"Time":[1615213733.5107353]}
{"IMU":[0.21215789794921874, -0.00978688418865204, 0.8]}
{"Kalman":[0.4601499189748991, -0.009740123983719463, 0.7633931782349852]}
{"CMD":[0.13059901335272808, 19.9227607310218, 0, 4.644345958075922]}
{"Distance":[1.5579524800692637]}
{"Time":[1615213733.860289]}
{"IMU":[0.5453170013427734, -0.023690593242645264, 0.83]}
{"Kalman":[0.9309578743910165, -0.02224962154355884, 0.7970023929205452]}
{"CMD":[0.1243189699444292, 19.65401839461842, 0, 4.618425600711457]}
{"Distance":[1.0883722435202903]}
{"Time":[1615213734.2642636]}
{"IMU":[0.9629451751708984, -0.04013009548187256, 0.86]}
{"Kalman":[1.3959023401671664, -0.04248613105403354, 0.831939982898745]}
{"CMD":[0.2839850947043432, 13.644817674298281, 0, 3.962393554104806]}
{"Distance":[0.6284769075276517]}
{"Time":[1615213734.595503]}
{"IMU":[0.9629451751708984, -0.04013009548187256, 0.86]}
{"Kalman":[1.3963477055575328, -0.04255028585045721, 0.8321175237824341]}
{"CMD":[0.5429307250059021, 7.7059085745161955, 0, 3.2776600106514286]}
{"Distance":[0.6280056888536538]}
{"Time":[1615213734.9327416]}
{"IMU":[1.3984918212890625, -0.05885327816009522, 0.89]}
{"Kalman":[1.8364539248383764, -0.06202727169306316, 0.8656218616271361]}
{"CMD":[0.722373560617691, 2.8401928071683025, 0, 2.983973605806471]}
{"Distance":[0.22057240354816163]}
{"Time":[1615213735.3058925]}
{"IMU":[1.8348165893554687, -0.07078453063964844, 0.92]}
{"Kalman":[2.25718318692399, -0.06851006114435723, 0.9041092787513438]}
{"CMD":[0.7916907975949806, 2.087435399850331, 0, 2.6229819994519996]}
{"Distance":[0.28289901119652405]}
{"Time":[1615213735.6511285]}
{"IMU":[2.2349095153808594, -0.07688904762268066, 0.94]}
{"Kalman":[2.6447722771365045, -0.07422823813992707, 0.9216271300678429]}
{"CMD":[0.8744344780962353, -3.2825813037758262, 0, 1.8717303186013317]}
{"Distance":[0.6537456901904241]}
{"Time":[1615213735.99621]}
{"IMU":[2.2349095153808594, -0.07688904762268066, 0.94]}
{"Kalman":[2.627517557127411, -0.07283256695124812, 0.925502649382]}
{"CMD":[0.9308521019445839, -8.016156192208157, 0, 1.4589575581936842]}
{"Distance":[0.6361074772088148]}
{"Time":[1615213736.3724463]}
{"IMU":[2.600791015625, -0.08056052207946778, 0.96]}
{"Kalman":[2.924549737620964, -0.07421441896199787, 0.9540753648107173]}
{"CMD":[0.9296051792484689, -8.009378161358233, 0, 1.454144342554295]}
{"Distance":[0.9286598243889574]}
{"Time":[1615213736.7346656]}
{"IMU":[2.8598980712890625, -0.08289042472839356, 0.97]}
{"Kalman":[3.0660894838177892, -0.08037198547802367, 0.9651440817802643]}
{"CMD":[0.9472425747148093, -11.800575766340373, 0, 0.8964217907130475]}
{"Distance":[1.0696828401874552]}
{"Time":[1615213737.112919]}
{"IMU":[3.006240234375, -0.08349212646484375, 0.98]}
{"Kalman":[3.20612296652953, -0.08106184763374191, 0.97398487938451]}
{"CMD":[1.02739183466099, -13.585651544756264, 0, 0.6786483550951824]}
{"Distance":[1.2091238232837975]}
{"Time":[1615213737.4996104]}
{"IMU":[3.006240234375, -0.08349212646484375, 0.98]}
{"Kalman":[3.091337645990338, -0.08050026734879569, 0.9836567635485965]}
{"CMD":[1.0276970816835385, -13.951575834838062, 0, 0.32935309602400376]}
{"Distance":[1.0944246214229036]}
{"Time":[1615213737.9072337]}
{"IMU":[3.0411065673828124, -0.07709367752075195, 0.98]}
{"Kalman":[3.0464211895797044, -0.0651063803841879, 0.9840378087453315]}
{"CMD":[0.9866335519622677, -14.262616555691318, 0, 0.31876010756476997]}
{"Distance":[1.04856613445113]}
{"Time":[1615213738.2848144]}
{"IMU":[3.0298165893554687, -0.062010059356689455, 0.98]}
{"Kalman":[3.0033747719129495, -0.04487295097260775, 0.9827026529469364]}
{"CMD":[0.8309912361245165, -13.356093063550384, 0, 0.31157255222366403]}
{"Distance":[1.0045266113226807]}
{"Time":[1615213738.644341]}
{"IMU":[2.980799560546875, -0.04686038017272949, 0.98]}
{"Kalman":[2.9574066017841334, -0.03161183032123316, 0.9827002034187831]}
{"CMD":[0.5727400444394736, -12.806666354652558, 0, 0.3376340118105256]}
{"Distance":[0.9580845431995301]}
{"Time":[1615213738.9872458]}
{"IMU":[2.980799560546875, -0.04686038017272949, 0.98]}
{"Kalman":[2.898722238758025, -0.03373101984742541, 0.9828178821565561]}
{"CMD":[0.42492016530394255, -11.516181642121477, 0, 0.3359563823178794]}
{"Distance":[0.8995191322655511]}
{"Time":[1615213739.368522]}
{"IMU":[2.853221130371094, -0.033181846141815186, 0.98]}
{"Kalman":[2.6866953765428203, -0.023567303389603868, 0.9830463593362272]}
{"CMD":[0.43052897987913363, -11.47092410479598, 0, 0.33538480560553324]}
{"Distance":[0.6873087980566667]}
{"Time":[1615213739.7301428]}
{"IMU":[2.665206298828125, -0.02044870376586914, 0.98]}
{"Kalman":[2.449062944742864, -0.010704107449968575, 0.9811709274187661]}
{"CMD":[0.300803448360683, -8.76469971225206, 0, 0.3309250658233075]}
{"Distance":[0.44958496441907664]}
{"Time":[1615213740.0631394]}
{"IMU":[2.665206298828125, -0.02044870376586914, 0.98]}
{"Kalman":[2.4482099503866346, -0.010687562221941225, 0.9810497914770501]}
{"CMD":[0.13643212163678017, -5.721822607866128, 0, 0.3696680699921616]}
{"Distance":[0.44873766725660613]}
{"Time":[1615213740.4104662]}
{"IMU":[2.434770355224609, -0.008858713507652282, 1.0]}
{"Kalman":[2.2488852942491397, 0.019124087903449306, 1.006289383349112]}
{"CMD":[0.13641168519718883, -5.720769000892321, 0, 0.3698968927790792]}
{"Distance":[0.2496981713479933]}
{"Time":[1615213740.7343185]}
{"IMU":[2.279856719970703, 0.012043869495391846, 1.0]}
{"Kalman":[2.1210757135463307, 0.03996052052217591, 1.012421832092718]}
{"CMD":[-0.24409205809469017, -3.1766703860327774, 0, -0.12276505324548583]}
{"Distance":[0.12810337046188933]}
{"Time":[1615213741.069368]}
