{"IMU":[0.02759169101715088, -0.01915953516960144, 0.82]}
{"Kalman":[0.028988464685271813, -0.02548494238054536, 0.8247068509208582]}
{"CMD":[0.37316641090586045, 20.0, 0, 6.405166996348415]}
{"Distance":[0.9870362567385697]}
{"Time":[1615325060.7614336]}
{"IMU":[0.02759169101715088, -0.01915953516960144, 0.82]}
{"Kalman":[0.02773237238409791, -0.024603865142927138, 0.8247142226927294]}
{"CMD":[0.6723448222044246, 20.0, 0, 2.6438574713038205]}
{"Distance":[0.9882483461236047]}
{"Time":[1615325060.8135157]}
{"IMU":[0.02759169101715088, -0.01915953516960144, 0.82]}
{"Kalman":[0.02773237238409791, -0.024603865142927138, 0.8247142226927294]}
{"CMD":[0.6723448222044246, 20.0, 0, 2.6438574713038205]}
{"Distance":[0.9882483461236047]}
{"Time":[1615325060.85422]}
{"IMU":[0.02759169101715088, -0.01915953516960144, 0.82]}
{"Kalman":[0.02773237238409791, -0.024603865142927138, 0.8247142226927294]}
{"CMD":[0.6723448222044246, 20.0, 0, 2.6438574713038205]}
{"Distance":[0.9882483461236047]}
{"Time":[1615325060.959072]}
{"IMU":[0.02759169101715088, -0.01915953516960144, 0.82]}
{"Kalman":[0.02773237238409791, -0.024603865142927138, 0.8247142226927294]}
{"CMD":[0.6723448222044246, 20.0, 0, 2.6438574713038205]}
{"Distance":[0.9882483461236047]}
{"Time":[1615325060.9922893]}
{"IMU":[0.02759169101715088, -0.01915953516960144, 0.82]}
{"Kalman":[0.02773237238409791, -0.024603865142927138, 0.8247142226927294]}
{"CMD":[0.6723448222044246, 20.0, 0, 2.6438574713038205]}
{"Distance":[0.9882483461236047]}
{"Time":[1615325061.0177984]}
{"IMU":[0.02759169101715088, -0.01915953516960144, 0.82]}
{"Kalman":[0.02773237238409791, -0.024603865142927138, 0.8247142226927294]}
{"CMD":[0.6723448222044246, 20.0, 0, 2.6438574713038205]}
{"Distance":[0.9882483461236047]}
{"Time":[1615325061.0442502]}
{"IMU":[0.02759169101715088, -0.01915953516960144, 0.82]}
{"Kalman":[0.02773237238409791, -0.024603865142927138, 0.8247142226927294]}
{"CMD":[0.6723448222044246, 20.0, 0, 2.6438574713038205]}
{"Distance":[0.9882483461236047]}
{"Time":[1615325061.0674996]}
{"IMU":[0.02759169101715088, -0.01915953516960144, 0.82]}
{"Kalman":[0.02773237238409791, -0.024603865142927138, 0.8247142226927294]}
{"CMD":[0.6723448222044246, 20.0, 0, 2.6438574713038205]}
{"Distance":[0.9882483461236047]}
{"Time":[1615325061.092086]}
{"IMU":[0.02759169101715088, -0.01915953516960144, 0.82]}
{"Kalman":[0.02773237238409791, -0.024603865142927138, 0.8247142226927294]}
{"CMD":[0.6723448222044246, 20.0, 0, 2.6438574713038205]}
{"Distance":[0.9882483461236047]}
{"Time":[1615325061.126429]}
{"IMU":[0.03711583137512207, -0.010658591985702515, 0.76]}
{"Kalman":[0.08600614073142063, 0.008208640739615487, 0.7583813337133919]}
{"CMD":[-0.22431585714504393, 20.0, 0, 3.6443647960581953]}
{"Distance":[0.945426748331981]}
{"Time":[1615325061.1699443]}
{"IMU":[0.03711583137512207, -0.010658591985702515, 0.76]}
{"Kalman":[0.08925169004494203, 0.011690290491098973, 0.7580105796861771]}
{"CMD":[-0.31421412656757175, 20.0, 0, 3.649940251154894]}
{"Distance":[0.9424213635744791]}
{"Time":[1615325061.2288337]}
{"IMU":[0.03711583137512207, -0.010658591985702515, 0.76]}
{"Kalman":[0.08925169004494203, 0.011690290491098973, 0.7580105796861771]}
{"CMD":[-0.31945819228388583, 20.0, 0, 3.6499569257787345]}
{"Distance":[0.9424213635744791]}
{"Time":[1615325061.2733006]}
{"IMU":[0.03711583137512207, -0.010658591985702515, 0.76]}
{"Kalman":[0.08925169004494203, 0.011690290491098973, 0.7580105796861771]}
{"CMD":[-0.31945819228388583, 20.0, 0, 3.6499569257787345]}
{"Distance":[0.9424213635744791]}
{"Time":[1615325061.3065383]}
{"IMU":[0.03711583137512207, -0.010658591985702515, 0.76]}
{"Kalman":[0.08925169004494203, 0.011690290491098973, 0.7580105796861771]}
{"CMD":[-0.31945819228388583, 20.0, 0, 3.6499569257787345]}
{"Distance":[0.9424213635744791]}
{"Time":[1615325061.3404155]}
{"IMU":[0.03711583137512207, -0.010658591985702515, 0.76]}
{"Kalman":[0.08925169004494203, 0.011690290491098973, 0.7580105796861771]}
{"CMD":[-0.31945819228388583, 20.0, 0, 3.6499569257787345]}
{"Distance":[0.9424213635744791]}
{"Time":[1615325061.3747852]}
{"IMU":[0.03711583137512207, -0.010658591985702515, 0.76]}
{"Kalman":[0.08925169004494203, 0.011690290491098973, 0.7580105796861771]}
{"CMD":[-0.31945819228388583, 20.0, 0, 3.6499569257787345]}
{"Distance":[0.9424213635744791]}
{"Time":[1615325061.4165113]}
{"IMU":[0.03711583137512207, -0.010658591985702515, 0.76]}
{"Kalman":[0.08925169004494203, 0.011690290491098973, 0.7580105796861771]}
{"CMD":[-0.31945819228388583, 20.0, 0, 3.6499569257787345]}
{"Distance":[0.9424213635744791]}
{"Time":[1615325061.4994762]}
{"IMU":[0.03711583137512207, -0.010658591985702515, 0.76]}
{"Kalman":[0.08925169004494203, 0.011690290491098973, 0.7580105796861771]}
{"CMD":[-0.31945819228388583, 20.0, 0, 3.6499569257787345]}
{"Distance":[0.9424213635744791]}
{"Time":[1615325061.5886989]}
{"IMU":[0.11430539131164551, 0.015971202850341797, 0.78]}
{"Kalman":[0.21278130195682743, 0.04547905855112732, 0.7742744016504257]}
{"CMD":[-1.2427969897393312, 20.0, 0, 3.4046476492778948]}
{"Distance":[0.820203431513035]}
{"Time":[1615325061.682386]}
{"IMU":[0.11430539131164551, 0.015971202850341797, 0.78]}
{"Kalman":[0.21602662751734553, 0.04661568577859953, 0.7740579439392944]}
{"CMD":[-1.2734019401633792, 20.0, 0, 3.4079119678454948]}
{"Distance":[0.8172129977058461]}
{"Time":[1615325061.7746058]}
{"IMU":[0.11430539131164551, 0.015971202850341797, 0.78]}
{"Kalman":[0.21602979832959274, 0.046616796308642246, 0.7740579438307499]}
{"CMD":[-1.2738877182020312, 20.0, 0, 3.4079125098533702]}
{"Distance":[0.8172100192430396]}
{"Time":[1615325061.8811715]}
{"IMU":[0.11430539131164551, 0.015971202850341797, 0.78]}
{"Kalman":[0.21602979832959274, 0.046616796308642246, 0.7740579438307499]}
{"CMD":[-1.2738877182020312, 20.0, 0, 3.4079125098533702]}
{"Distance":[0.8172100192430396]}
{"Time":[1615325061.9514701]}
{"IMU":[0.11430539131164551, 0.015971202850341797, 0.78]}
{"Kalman":[0.21602979832959274, 0.046616796308642246, 0.7740579438307499]}
{"CMD":[-1.2738877182020312, 20.0, 0, 3.4079125098533702]}
{"Distance":[0.8172100192430396]}
{"Time":[1615325062.0126238]}
{"IMU":[0.11430539131164551, 0.015971202850341797, 0.78]}
{"Kalman":[0.21602979832959274, 0.046616796308642246, 0.7740579438307499]}
{"CMD":[-1.2738877182020312, 20.0, 0, 3.4079125098533702]}
{"Distance":[0.8172100192430396]}
{"Time":[1615325062.0628765]}
{"IMU":[0.11430539131164551, 0.015971202850341797, 0.78]}
{"Kalman":[0.21602979832959274, 0.046616796308642246, 0.7740579438307499]}
{"CMD":[-1.2738877182020312, 20.0, 0, 3.4079125098533702]}
{"Distance":[0.8172100192430396]}
{"Time":[1615325062.1225085]}
{"IMU":[0.248201904296875, 0.04778481483459473, 0.81]}
{"Kalman":[0.41395772110519535, 0.0839033953467674, 0.8045053173190179]}
{"CMD":[-2.2928110318872643, 16.014658246534594, 0, 2.9486709380889726]}
{"Distance":[0.62346090764335]}
{"Time":[1615325062.1943955]}
{"IMU":[0.248201904296875, 0.04778481483459473, 0.81]}
{"Kalman":[0.41614103527825774, 0.08433117115957016, 0.8045114338368327]}
{"CMD":[-2.304500774581408, 15.95499526387002, 0, 2.9485786818798756]}
{"Distance":[0.6214650566328089]}
{"Time":[1615325062.2633498]}
{"IMU":[0.248201904296875, 0.04778481483459473, 0.81]}
{"Kalman":[0.41614103527825774, 0.08433117115957016, 0.8045114338368327]}
{"CMD":[-2.304500774581408, 15.95499526387002, 0, 2.9485786818798756]}
{"Distance":[0.6214650566328089]}
{"Time":[1615325062.308669]}
{"IMU":[0.248201904296875, 0.04778481483459473, 0.81]}
{"Kalman":[0.41614103527825774, 0.08433117115957016, 0.8045114338368327]}
{"CMD":[-2.304500774581408, 15.95499526387002, 0, 2.9485786818798756]}
{"Distance":[0.6214650566328089]}
{"Time":[1615325062.3722575]}
{"IMU":[0.248201904296875, 0.04778481483459473, 0.81]}
{"Kalman":[0.41614103527825774, 0.08433117115957016, 0.8045114338368327]}
{"CMD":[-2.304500774581408, 15.95499526387002, 0, 2.9485786818798756]}
{"Distance":[0.6214650566328089]}
{"Time":[1615325062.4254947]}
